{"type":"FeatureCollection","features":[{"type":"Feature","properties":{"id":"appellation-saint-veran","kind":"appellation","level":"village","name":"Saint-Véran","full":"Saint-Véran","app":"Saint-Véran","region":"maconnais","communes":["Chânes","Chasselas","Davayé","Leynes","Prissé","Saint-Vérand","Solutré-Pouilly"],"area_ha":865.3,"elev":[202.0,282.0,459.0],"slope":7.1,"slope_pct":12.6,"aspect":144,"aspect_label":"SE","aspect_hist":[0.066,0.179,0.158,0.158,0.159,0.17,0.094,0.015],"village":"saint-veran","pc_area_ha":null,"n_climats":0,"white":true},"geometry":{"type":"MultiPolygon","coordinates":[[[[4.78177,46.31918],[4.7815,46.31796],[4.78129,46.31799],[4.78127,46.31764],[4.78141,46.31759],[4.78164,46.31714],[4.78145,46.31682],[4.78161,46.31612],[4.78139,46.31521],[4.7805,46.31509],[4.77883,46.31603],[4.77876,46.31633],[4.77845,46.31629],[4.77836,46.31633],[4.77933,46.31643],[4.77937,46.31668],[4.77955,46.31669],[4.77957,46.31688],[4.77941,46.31699],[4.77789,46.31689],[4.77788,46.31697],[4.77724,46.31685],[4.77578,46.31764],[4.77638,46.31794],[4.77662,46.31767],[4.77708,46.31788],[4.77697,46.31816],[4.77707,46.31827],[4.77699,46.31846],[4.77661,46.31842],[4.77659,46.31846],[4.77623,46.31834],[4.77609,46.31845],[4.77612,46.31822],[4.77632,46.31796],[4.77574,46.31766],[4.77483,46.31815],[4.77594,46.31864],[4.77564,46.319],[4.77438,46.31839],[4.77238,46.31947],[4.7731,46.31981],[4.7729,46.32002],[4.77208,46.31963],[4.77111,46.32015],[4.77187,46.32065],[4.77154,46.32094],[4.77066,46.32039],[4.77008,46.32071],[4.77132,46.32117],[4.77408,46.32197],[4.77524,46.32239],[4.77527,46.32204],[4.77716,46.32238],[4.77711,46.32264],[4.77799,46.32269],[4.77931,46.32301],[4.7808,46.32295],[4.78079,46.32277],[4.77984,46.32237],[4.78031,46.32183],[4.78026,46.32182],[4.7804,46.32155],[4.78063,46.32126],[4.77974,46.32073],[4.77885,46.31995],[4.77875,46.31983],[4.77871,46.31949],[4.77877,46.31949],[4.77884,46.3199],[4.77984,46.32072],[4.78104,46.32149],[4.78176,46.32038],[4.78186,46.3204],[4.78188,46.31944],[4.78171,46.31926],[4.78177,46.31918]]],[[[4.77539,46.31679],[4.77465,46.31692],[4.77512,46.31739],[4.77552,46.3172],[4.77578,46.31747],[4.77678,46.31692],[4.77661,46.31676],[4.77572,46.31711],[4.77539,46.31679]]],[[[4.77388,46.31701],[4.77252,46.31721],[4.77138,46.31724],[4.77103,46.31896],[4.77243,46.3191],[4.77277,46.31892],[4.77285,46.31898],[4.77302,46.31895],[4.77431,46.31825],[4.77419,46.31814],[4.77423,46.318],[4.77403,46.31794],[4.77477,46.31759],[4.77464,46.31745],[4.77437,46.31758],[4.77388,46.31701]]],[[[4.76554,46.25101],[4.76519,46.24949],[4.76452,46.24963],[4.76407,46.25001],[4.76414,46.25017],[4.76521,46.25009],[4.76525,46.25029],[4.76427,46.25036],[4.76443,46.25085],[4.7647,46.25107],[4.76554,46.25101]]],[[[4.76465,46.24715],[4.76399,46.2473],[4.76408,46.24777],[4.76363,46.24777],[4.76359,46.24732],[4.76335,46.24737],[4.76323,46.24772],[4.76306,46.24864],[4.76312,46.24891],[4.76324,46.24911],[4.764,46.24967],[4.76524,46.24942],[4.76518,46.24925],[4.76525,46.24924],[4.76523,46.24903],[4.76475,46.24825],[4.76465,46.24715]]],[[[4.76447,46.25098],[4.76435,46.25082],[4.76425,46.25043],[4.764,46.25009],[4.76263,46.25197],[4.76264,46.25205],[4.76388,46.25189],[4.76385,46.25197],[4.76462,46.25184],[4.76456,46.25158],[4.76518,46.25147],[4.76447,46.25098]]],[[[4.76324,46.25004],[4.7625,46.25047],[4.76282,46.25028],[4.76215,46.24985],[4.76281,46.24945],[4.7626,46.24929],[4.76276,46.2492],[4.76258,46.24906],[4.76185,46.24935],[4.76109,46.25],[4.76104,46.25002],[4.76076,46.24984],[4.76073,46.24993],[4.76054,46.24983],[4.76029,46.24992],[4.7601,46.25041],[4.75988,46.25071],[4.75987,46.25149],[4.75976,46.25182],[4.75907,46.25229],[4.76031,46.2528],[4.76061,46.25275],[4.76223,46.25225],[4.76244,46.2521],[4.76399,46.24998],[4.7638,46.24982],[4.76359,46.24989],[4.7632,46.24988],[4.76324,46.25004]]],[[[4.763,46.24858],[4.76237,46.24874],[4.76224,46.24846],[4.76132,46.24907],[4.7607,46.24971],[4.76074,46.2498],[4.76106,46.24999],[4.76185,46.24933],[4.76305,46.24885],[4.763,46.24858]]],[[[4.76337,46.32645],[4.76325,46.3259],[4.76289,46.32568],[4.76252,46.32532],[4.76194,46.32504],[4.76034,46.32575],[4.76019,46.32601],[4.75839,46.32766],[4.76218,46.3273],[4.76371,46.32724],[4.76337,46.32645]]],[[[4.76009,46.24758],[4.76041,46.2482],[4.76056,46.24807],[4.76037,46.24763],[4.76057,46.24808],[4.76088,46.24783],[4.76071,46.24748],[4.76017,46.24759],[4.76019,46.24765],[4.76016,46.24757],[4.76009,46.24758]]],[[[4.76219,46.32018],[4.76163,46.31984],[4.76073,46.3209],[4.76052,46.32096],[4.76001,46.32128],[4.75942,46.32197],[4.75911,46.32242],[4.75884,46.32343],[4.75845,46.32397],[4.75835,46.32424],[4.76017,46.3243],[4.76049,46.3244],[4.76109,46.32474],[4.76177,46.32479],[4.76186,46.32354],[4.76217,46.32354],[4.7625,46.32203],[4.76262,46.32192],[4.76219,46.32018]]],[[[4.76022,46.25278],[4.75905,46.25232],[4.75858,46.25265],[4.75755,46.25317],[4.75738,46.25305],[4.75713,46.2532],[4.75707,46.25326],[4.75732,46.25362],[4.7568,46.25416],[4.75697,46.2543],[4.7573,46.25416],[4.75778,46.25374],[4.75845,46.25336],[4.76022,46.25278]]],[[[4.75958,46.24801],[4.75944,46.2477],[4.75749,46.24809],[4.75735,46.24968],[4.75762,46.24955],[4.75794,46.24989],[4.75881,46.24943],[4.7585,46.24915],[4.75831,46.24924],[4.75814,46.24907],[4.75849,46.24889],[4.75841,46.24882],[4.75861,46.249],[4.75882,46.24884],[4.75874,46.24876],[4.75894,46.24861],[4.75867,46.24822],[4.75914,46.24811],[4.75929,46.24833],[4.75977,46.24874],[4.75999,46.24855],[4.75958,46.24801]]],[[[4.75899,46.24858],[4.75953,46.24896],[4.75966,46.24881],[4.75917,46.24845],[4.75899,46.24858]]],[[[4.76097,46.31955],[4.75965,46.31924],[4.75918,46.31921],[4.75919,46.31917],[4.75863,46.31918],[4.75809,46.31928],[4.75576,46.32098],[4.7568,46.32141],[4.75663,46.32134],[4.75631,46.32176],[4.7578,46.32231],[4.75514,46.32133],[4.75374,46.32205],[4.75539,46.32265],[4.75525,46.32284],[4.75567,46.32296],[4.7584,46.32397],[4.75877,46.32345],[4.75901,46.32242],[4.75918,46.32218],[4.76004,46.32115],[4.76075,46.3208],[4.76158,46.31982],[4.76097,46.31955]]],[[[4.76166,46.32502],[4.76018,46.32434],[4.75833,46.32429],[4.75813,46.32503],[4.75812,46.32642],[4.76166,46.32502]]],[[[4.75842,46.24973],[4.75758,46.25019],[4.758,46.25043],[4.7577,46.25066],[4.75726,46.25038],[4.75675,46.25077],[4.75699,46.25092],[4.75678,46.2512],[4.75663,46.25117],[4.75692,46.25133],[4.75632,46.25179],[4.75653,46.25193],[4.75755,46.25231],[4.75785,46.25228],[4.75847,46.25205],[4.75883,46.2516],[4.75911,46.25068],[4.75926,46.25048],[4.75916,46.25043],[4.7592,46.2502],[4.75842,46.24973]]],[[[4.76093,46.3183],[4.76032,46.31786],[4.76028,46.31797],[4.75955,46.31764],[4.75832,46.319],[4.75858,46.31911],[4.7596,46.31915],[4.76088,46.31943],[4.76141,46.31856],[4.76093,46.3183]]],[[[4.75767,46.32761],[4.75796,46.32791],[4.75987,46.32618],[4.76016,46.32579],[4.75718,46.32703],[4.75718,46.32727],[4.75767,46.32761]]],[[[4.75749,46.25234],[4.75638,46.25189],[4.75556,46.25254],[4.75532,46.25262],[4.75552,46.25398],[4.75615,46.25332],[4.75749,46.25234]]],[[[4.75691,46.24883],[4.75589,46.24943],[4.75718,46.25032],[4.75733,46.25023],[4.75723,46.25019],[4.75729,46.2501],[4.75733,46.25013],[4.75733,46.24915],[4.75691,46.24883]]],[[[4.75665,46.25001],[4.75552,46.24916],[4.75502,46.24943],[4.75247,46.25028],[4.75228,46.25046],[4.75238,46.25057],[4.75301,46.25059],[4.75323,46.25079],[4.75321,46.25091],[4.75283,46.25132],[4.75294,46.25157],[4.75317,46.2514],[4.75388,46.25206],[4.7544,46.25178],[4.75462,46.25173],[4.7543,46.25147],[4.75451,46.25135],[4.7548,46.25164],[4.75517,46.25154],[4.75509,46.25148],[4.75525,46.2514],[4.75517,46.25134],[4.75542,46.25122],[4.75555,46.25132],[4.756,46.25107],[4.75619,46.25119],[4.7564,46.25095],[4.75597,46.25061],[4.75621,46.25047],[4.75567,46.25007],[4.75559,46.2501],[4.75569,46.25006],[4.75619,46.25043],[4.75629,46.25037],[4.75615,46.25026],[4.75634,46.25013],[4.75682,46.2504],[4.75645,46.25015],[4.75665,46.25001]]],[[[4.75921,46.33228],[4.75892,46.33136],[4.75785,46.33001],[4.75749,46.32913],[4.75744,46.32846],[4.75658,46.32923],[4.75583,46.32978],[4.75476,46.33099],[4.75423,46.33193],[4.75478,46.33193],[4.7548,46.33239],[4.75598,46.33234],[4.75916,46.33234],[4.75921,46.33228]]],[[[4.7572,46.29649],[4.75575,46.29644],[4.75451,46.29649],[4.75474,46.29777],[4.755,46.29853],[4.75483,46.29886],[4.75573,46.29874],[4.75672,46.29874],[4.75667,46.29848],[4.75732,46.29844],[4.75735,46.29855],[4.75757,46.29854],[4.75759,46.29864],[4.75792,46.29856],[4.7576,46.29764],[4.75721,46.29763],[4.7572,46.29649]]],[[[4.75771,46.32377],[4.75676,46.32458],[4.75567,46.32525],[4.7569,46.32543],[4.75682,46.32571],[4.75552,46.32555],[4.75599,46.32642],[4.75665,46.32695],[4.75689,46.32694],[4.758,46.32644],[4.75808,46.32594],[4.75806,46.32517],[4.75836,46.32405],[4.75771,46.32377]]],[[[4.75491,46.29602],[4.75188,46.296],[4.75212,46.29691],[4.75123,46.29695],[4.75033,46.29689],[4.74898,46.29709],[4.74881,46.29731],[4.74879,46.29752],[4.7494,46.29918],[4.74976,46.2997],[4.74983,46.30015],[4.75087,46.30006],[4.75199,46.29962],[4.75321,46.29947],[4.75372,46.29924],[4.75315,46.29829],[4.75437,46.29804],[4.75447,46.29834],[4.75487,46.29828],[4.75467,46.29779],[4.75445,46.29647],[4.75575,46.29643],[4.75721,46.29647],[4.75725,46.29629],[4.75696,46.29627],[4.75657,46.29614],[4.75494,46.29611],[4.75491,46.29602]]],[[[4.75839,46.34059],[4.75699,46.3405],[4.75702,46.34028],[4.75588,46.34017],[4.75582,46.34016],[4.75578,46.34038],[4.75413,46.34031],[4.75175,46.34002],[4.75147,46.34012],[4.75139,46.3403],[4.75132,46.34029],[4.75134,46.34018],[4.7507,46.34017],[4.75001,46.34043],[4.7506,46.34055],[4.75054,46.34073],[4.75007,46.34065],[4.75,46.34082],[4.74946,46.34071],[4.74926,46.34078],[4.74901,46.34141],[4.75314,46.34242],[4.75373,46.34206],[4.75455,46.3418],[4.75734,46.34179],[4.75734,46.34171],[4.75765,46.34161],[4.75801,46.34166],[4.75815,46.34161],[4.75831,46.34148],[4.75839,46.34059]]],[[[4.75763,46.32375],[4.75567,46.32299],[4.75506,46.32281],[4.7538,46.32266],[4.75362,46.32352],[4.75275,46.3235],[4.75325,46.32413],[4.75393,46.32455],[4.75441,46.3245],[4.75439,46.32419],[4.75504,46.3242],[4.75505,46.32442],[4.75668,46.32459],[4.75763,46.32375]]],[[[4.7567,46.3272],[4.75485,46.32794],[4.75487,46.32824],[4.75493,46.32825],[4.75505,46.3306],[4.75575,46.32977],[4.75667,46.32909],[4.75771,46.32817],[4.75769,46.32774],[4.757,46.32725],[4.7567,46.3272]]],[[[4.75378,46.32641],[4.75474,46.32781],[4.75644,46.32713],[4.75654,46.32695],[4.75592,46.32651],[4.75538,46.32649],[4.75538,46.32631],[4.75506,46.32629],[4.75581,46.32633],[4.75555,46.32575],[4.75529,46.32547],[4.75495,46.32561],[4.75378,46.32641]]],[[[4.75503,46.30274],[4.75337,46.30286],[4.75242,46.30311],[4.75229,46.30322],[4.75249,46.30374],[4.75181,46.30391],[4.75208,46.30454],[4.75243,46.30447],[4.75248,46.30464],[4.75272,46.3046],[4.75281,46.30481],[4.75298,46.30479],[4.75301,46.30489],[4.75252,46.30495],[4.75276,46.30536],[4.75326,46.30517],[4.75429,46.30501],[4.75411,46.30459],[4.75525,46.30449],[4.75545,46.30428],[4.75555,46.30392],[4.75554,46.30328],[4.75513,46.30334],[4.75503,46.30274]]],[[[4.7543,46.32477],[4.7553,46.32535],[4.75557,46.32528],[4.75621,46.32486],[4.75509,46.32476],[4.7543,46.32477]]],[[[4.75399,46.30543],[4.75352,46.30588],[4.75287,46.30671],[4.75222,46.30813],[4.75183,46.30808],[4.75176,46.30839],[4.75154,46.30873],[4.75194,46.30887],[4.75179,46.30927],[4.75235,46.30925],[4.75285,46.30914],[4.75321,46.3084],[4.75359,46.3079],[4.75417,46.30688],[4.75474,46.30576],[4.75516,46.30544],[4.75408,46.30517],[4.75399,46.30543]]],[[[4.75366,46.32524],[4.75374,46.32633],[4.75393,46.32627],[4.75483,46.32563],[4.75524,46.32545],[4.75487,46.32523],[4.75366,46.32524]]],[[[4.75173,46.25066],[4.75113,46.2509],[4.7523,46.25173],[4.75275,46.25163],[4.75255,46.25144],[4.75276,46.25128],[4.75213,46.25064],[4.75173,46.25066]]],[[[4.75361,46.32445],[4.75369,46.32499],[4.75449,46.32499],[4.75361,46.32445]]],[[[4.75237,46.30607],[4.7512,46.30634],[4.75099,46.30655],[4.75103,46.30723],[4.75243,46.3076],[4.75281,46.30669],[4.75357,46.30575],[4.75256,46.30556],[4.7525,46.30589],[4.75237,46.30607]]],[[[4.75397,46.33386],[4.75323,46.33448],[4.75284,46.33463],[4.75048,46.33523],[4.75057,46.33575],[4.75114,46.33606],[4.7523,46.33651],[4.75272,46.33681],[4.7535,46.33756],[4.75369,46.33766],[4.75385,46.33766],[4.75392,46.33762],[4.75401,46.3368],[4.75412,46.33429],[4.75407,46.33387],[4.75397,46.33386]]],[[[4.75149,46.33308],[4.75106,46.33307],[4.75112,46.33249],[4.75051,46.3324],[4.74911,46.33246],[4.74924,46.3332],[4.74907,46.33403],[4.74923,46.33496],[4.74945,46.33524],[4.74994,46.33532],[4.75293,46.33456],[4.75339,46.33432],[4.75403,46.33371],[4.75405,46.33358],[4.75291,46.33361],[4.7529,46.33347],[4.75151,46.33347],[4.75149,46.33308]]],[[[4.75384,46.3379],[4.75227,46.33655],[4.7512,46.33614],[4.74994,46.33542],[4.74941,46.33533],[4.7492,46.33643],[4.74922,46.33709],[4.74969,46.33711],[4.74963,46.33771],[4.74909,46.33763],[4.7488,46.33848],[4.74872,46.33847],[4.74841,46.33884],[4.74818,46.3394],[4.74828,46.33945],[4.74835,46.33931],[4.74856,46.33933],[4.74854,46.33942],[4.74899,46.3395],[4.74896,46.33958],[4.74943,46.33971],[4.74939,46.33986],[4.75062,46.34013],[4.75108,46.34015],[4.75171,46.33798],[4.75386,46.33821],[4.75384,46.3379]]],[[[4.75068,46.30015],[4.74981,46.30022],[4.74977,46.30038],[4.74983,46.30102],[4.75022,46.30099],[4.75035,46.30149],[4.75119,46.30091],[4.75188,46.30065],[4.75202,46.30075],[4.75234,46.30048],[4.75156,46.29985],[4.75068,46.30015]]],[[[4.75201,46.30528],[4.75093,46.30529],[4.75089,46.30496],[4.75142,46.30499],[4.75142,46.30493],[4.75152,46.30493],[4.75156,46.30475],[4.75169,46.30474],[4.75163,46.3045],[4.75174,46.30448],[4.7517,46.3044],[4.75196,46.30435],[4.75162,46.30358],[4.75126,46.30364],[4.75136,46.30393],[4.7509,46.30408],[4.75073,46.30361],[4.75044,46.30366],[4.75048,46.30385],[4.75029,46.30388],[4.75032,46.30399],[4.75006,46.30401],[4.75013,46.30434],[4.7502,46.30432],[4.75006,46.30436],[4.75013,46.30434],[4.74998,46.30361],[4.74975,46.30363],[4.74991,46.30441],[4.74938,46.30456],[4.74968,46.30469],[4.75017,46.30503],[4.75026,46.30532],[4.75028,46.30612],[4.75076,46.30636],[4.75097,46.30635],[4.75153,46.30616],[4.75227,46.30605],[4.75242,46.30588],[4.75246,46.30554],[4.75201,46.30528]]],[[[4.7524,46.30765],[4.75184,46.3075],[4.75169,46.30788],[4.75232,46.30787],[4.7524,46.30765]]],[[[4.75179,46.29595],[4.75183,46.29497],[4.75171,46.29485],[4.74971,46.29477],[4.74882,46.29461],[4.74844,46.29443],[4.74875,46.29484],[4.74934,46.29651],[4.74927,46.2968],[4.74905,46.29703],[4.75032,46.29685],[4.752,46.29685],[4.75179,46.29595]]],[[[4.75096,46.30671],[4.75075,46.30643],[4.74995,46.30612],[4.74892,46.30589],[4.74862,46.30588],[4.74752,46.30605],[4.7477,46.30667],[4.74769,46.30663],[4.74745,46.30666],[4.74746,46.3067],[4.74742,46.30653],[4.74652,46.30667],[4.74673,46.30733],[4.74618,46.30734],[4.74607,46.30697],[4.74564,46.30702],[4.74557,46.3078],[4.74568,46.30832],[4.74606,46.30851],[4.74656,46.30852],[4.74678,46.30845],[4.74747,46.30864],[4.74749,46.30848],[4.74741,46.30843],[4.74749,46.30844],[4.74755,46.30847],[4.74746,46.30882],[4.74781,46.30886],[4.74807,46.30884],[4.7481,46.30864],[4.74906,46.30874],[4.74916,46.30833],[4.74952,46.30837],[4.74953,46.30858],[4.74987,46.30863],[4.74976,46.30903],[4.75017,46.30906],[4.7506,46.30744],[4.75102,46.30746],[4.75096,46.30671]]],[[[4.74985,46.30485],[4.74908,46.30444],[4.74888,46.30416],[4.74737,46.30419],[4.74737,46.30462],[4.74723,46.30463],[4.7472,46.3047],[4.74686,46.3047],[4.74526,46.30491],[4.74515,46.30559],[4.74526,46.30635],[4.74552,46.3065],[4.74678,46.30607],[4.74665,46.30563],[4.74711,46.3056],[4.7472,46.30584],[4.7479,46.30552],[4.74809,46.3059],[4.74883,46.30581],[4.74999,46.30606],[4.75018,46.30603],[4.75016,46.30515],[4.74985,46.30485]]],[[[4.74971,46.30015],[4.74977,46.30011],[4.74975,46.29984],[4.74918,46.29979],[4.74917,46.30008],[4.74971,46.30015]]],[[[4.74958,46.30018],[4.74814,46.30003],[4.74782,46.29982],[4.74609,46.30004],[4.74614,46.30025],[4.74625,46.30024],[4.74631,46.30046],[4.74644,46.30045],[4.74648,46.30063],[4.7459,46.3007],[4.74595,46.30095],[4.74563,46.30099],[4.74591,46.30134],[4.74658,46.30127],[4.74653,46.30084],[4.74676,46.30081],[4.74672,46.30061],[4.74681,46.30095],[4.7472,46.30087],[4.7473,46.30114],[4.74741,46.30114],[4.74741,46.30125],[4.7473,46.30125],[4.7473,46.3013],[4.74787,46.30136],[4.74783,46.30117],[4.74822,46.30115],[4.7483,46.30142],[4.74861,46.30151],[4.74862,46.30132],[4.74977,46.30112],[4.74958,46.30018]]],[[[4.74865,46.29486],[4.74832,46.29443],[4.74665,46.29452],[4.74551,46.29479],[4.74481,46.29504],[4.74482,46.2951],[4.74309,46.29522],[4.74326,46.29621],[4.74306,46.29697],[4.74305,46.29716],[4.74313,46.29728],[4.74335,46.29737],[4.74494,46.29741],[4.74509,46.29746],[4.74517,46.29769],[4.74542,46.29798],[4.74582,46.29813],[4.74613,46.29865],[4.74636,46.2989],[4.747,46.2992],[4.74759,46.29957],[4.74769,46.29909],[4.74798,46.29916],[4.74786,46.29974],[4.74905,46.29958],[4.74905,46.29924],[4.74869,46.29922],[4.7486,46.29858],[4.74864,46.29835],[4.74899,46.29839],[4.74869,46.2976],[4.74868,46.29739],[4.74876,46.29719],[4.74919,46.29674],[4.74924,46.29652],[4.74865,46.29486]]],[[[4.75054,46.34018],[4.74937,46.33991],[4.74933,46.33999],[4.74919,46.33997],[4.74907,46.34035],[4.74883,46.34032],[4.7487,46.34069],[4.74928,46.34073],[4.75054,46.34018]]],[[[4.74851,46.31045],[4.7462,46.31043],[4.74511,46.31018],[4.74481,46.31021],[4.74466,46.3113],[4.74484,46.31178],[4.74519,46.31332],[4.74465,46.3142],[4.74437,46.31516],[4.74567,46.3154],[4.74586,46.31462],[4.74671,46.31473],[4.74769,46.31396],[4.74811,46.31329],[4.74868,46.3117],[4.74731,46.3115],[4.74756,46.31106],[4.74773,46.31099],[4.74782,46.31078],[4.74906,46.31093],[4.74923,46.31072],[4.74924,46.31056],[4.74851,46.31045]]],[[[4.74815,46.29997],[4.74877,46.30003],[4.7488,46.2997],[4.74792,46.29981],[4.74815,46.29997]]],[[[4.74851,46.32914],[4.74847,46.3288],[4.749,46.32877],[4.7489,46.32808],[4.74867,46.32775],[4.74705,46.32793],[4.74714,46.32823],[4.74717,46.32909],[4.74733,46.32973],[4.74912,46.32961],[4.74906,46.32911],[4.74851,46.32914]]],[[[4.74835,46.33606],[4.74798,46.3362],[4.74544,46.33603],[4.74541,46.33625],[4.7457,46.33629],[4.74569,46.33637],[4.7458,46.3364],[4.74578,46.33653],[4.74542,46.33649],[4.74543,46.33695],[4.74594,46.33711],[4.746,46.33706],[4.74647,46.33719],[4.74632,46.33748],[4.74543,46.33714],[4.74544,46.33739],[4.74599,46.3378],[4.74745,46.33816],[4.74773,46.33779],[4.74798,46.33786],[4.74771,46.3383],[4.74785,46.3384],[4.74794,46.33832],[4.74812,46.33842],[4.74829,46.33826],[4.74859,46.33839],[4.7488,46.33806],[4.74886,46.33808],[4.74907,46.33732],[4.74928,46.3354],[4.74891,46.33555],[4.74835,46.33606]]],[[[4.74898,46.33403],[4.7491,46.33316],[4.74907,46.333],[4.74875,46.33298],[4.74863,46.3324],[4.74869,46.33237],[4.74847,46.3324],[4.74847,46.33234],[4.74837,46.33234],[4.74729,46.33257],[4.74687,46.33269],[4.74658,46.33286],[4.74631,46.33311],[4.74782,46.33355],[4.74773,46.33371],[4.74739,46.33361],[4.74723,46.33392],[4.7459,46.33362],[4.74563,46.33447],[4.74622,46.33454],[4.74616,46.33482],[4.74556,46.33476],[4.74554,46.33486],[4.74649,46.33497],[4.74626,46.33603],[4.74793,46.33617],[4.74833,46.33605],[4.74889,46.33554],[4.74926,46.33532],[4.74898,46.33403]]],[[[4.74839,46.32726],[4.74721,46.32566],[4.74705,46.32568],[4.74694,46.32696],[4.74703,46.3274],[4.74839,46.32726]]],[[[4.74834,46.33881],[4.74733,46.33817],[4.74697,46.33805],[4.74589,46.33781],[4.74572,46.3377],[4.7458,46.33779],[4.74614,46.3379],[4.74732,46.33818],[4.74723,46.3385],[4.74536,46.3381],[4.7449,46.33899],[4.74582,46.33906],[4.74639,46.33923],[4.74684,46.33929],[4.74708,46.33888],[4.74822,46.3391],[4.74834,46.33881]]],[[[4.74588,46.30854],[4.74413,46.30851],[4.74401,46.30943],[4.74446,46.30958],[4.74529,46.30938],[4.74588,46.30936],[4.74693,46.30943],[4.74693,46.3091],[4.74673,46.3091],[4.74672,46.3088],[4.74588,46.30854]]],[[[4.74508,46.30946],[4.7447,46.30958],[4.74483,46.3101],[4.74606,46.31035],[4.74671,46.31038],[4.74683,46.30947],[4.74582,46.30942],[4.74508,46.30946]]],[[[4.74734,46.34035],[4.74675,46.34036],[4.74708,46.34035],[4.74709,46.34018],[4.74672,46.34018],[4.74709,46.34018],[4.74706,46.33998],[4.74669,46.33997],[4.74671,46.33986],[4.74685,46.33982],[4.74687,46.33975],[4.74591,46.33971],[4.74592,46.3394],[4.74573,46.33935],[4.74567,46.33915],[4.74537,46.33916],[4.74531,46.33908],[4.74492,46.33911],[4.74473,46.33919],[4.74518,46.3401],[4.74521,46.34078],[4.74491,46.34183],[4.74677,46.34207],[4.74682,46.34173],[4.74712,46.34176],[4.74725,46.34148],[4.74751,46.34154],[4.7477,46.34105],[4.7475,46.34102],[4.74753,46.34085],[4.7471,46.34083],[4.74712,46.34066],[4.74768,46.34065],[4.74777,46.33996],[4.74737,46.33996],[4.74734,46.34035]]],[[[4.74601,46.29869],[4.74422,46.29847],[4.74294,46.2984],[4.74291,46.29858],[4.74253,46.29929],[4.74338,46.29971],[4.7449,46.29989],[4.74502,46.29922],[4.74574,46.29934],[4.74627,46.29893],[4.74601,46.29869]]],[[[4.74575,46.29811],[4.7454,46.29802],[4.74497,46.29757],[4.74393,46.29744],[4.74296,46.29741],[4.74297,46.29832],[4.74605,46.29863],[4.74575,46.29811]]],[[[4.74541,46.30663],[4.74508,46.30684],[4.74515,46.30719],[4.74482,46.30726],[4.74479,46.30712],[4.74464,46.30717],[4.74454,46.30697],[4.74387,46.30704],[4.74206,46.30696],[4.74174,46.30859],[4.74179,46.30872],[4.7439,46.30938],[4.74404,46.30855],[4.74412,46.30844],[4.7455,46.30843],[4.74543,46.30801],[4.74555,46.30677],[4.74541,46.30663]]],[[[4.74488,46.30461],[4.74457,46.30464],[4.74433,46.30494],[4.74418,46.30534],[4.7444,46.30585],[4.74453,46.30596],[4.74508,46.30593],[4.7452,46.30487],[4.74484,46.30486],[4.74488,46.30461]]],[[[4.74395,46.30601],[4.74416,46.30619],[4.74454,46.3061],[4.74459,46.30631],[4.74357,46.30632],[4.74365,46.30566],[4.74309,46.30554],[4.74296,46.30577],[4.74173,46.30546],[4.74163,46.30582],[4.74137,46.30581],[4.74135,46.3062],[4.74118,46.30619],[4.74121,46.30679],[4.74132,46.30686],[4.74198,46.30689],[4.74199,46.30661],[4.74425,46.3066],[4.74434,46.30693],[4.74442,46.30692],[4.74429,46.30668],[4.74465,46.30668],[4.74464,46.3066],[4.74484,46.30655],[4.74479,46.30649],[4.74505,46.30651],[4.745,46.30637],[4.74512,46.30636],[4.74436,46.30593],[4.74395,46.30601]]],[[[4.74338,46.30132],[4.74369,46.30127],[4.74376,46.30143],[4.74434,46.3015],[4.7443,46.30132],[4.7445,46.30131],[4.74453,46.30121],[4.74486,46.30118],[4.74465,46.29994],[4.74351,46.29982],[4.74256,46.30009],[4.74305,46.30138],[4.7432,46.30135],[4.74338,46.30132]]],[[[4.7448,46.31191],[4.74457,46.31131],[4.74381,46.31127],[4.74233,46.31241],[4.74023,46.31336],[4.73933,46.31394],[4.73881,46.31418],[4.73791,46.31479],[4.73793,46.31488],[4.73996,46.31528],[4.74015,46.31538],[4.74015,46.31557],[4.73942,46.31704],[4.74014,46.31723],[4.74173,46.31746],[4.74266,46.3177],[4.74302,46.31743],[4.74315,46.31686],[4.74358,46.31604],[4.74427,46.31516],[4.74456,46.31419],[4.74507,46.3133],[4.7448,46.31191]]],[[[4.74436,46.30959],[4.74347,46.30927],[4.74257,46.30903],[4.74213,46.30939],[4.74087,46.3095],[4.74098,46.30944],[4.74208,46.30935],[4.74247,46.30903],[4.73996,46.30805],[4.73947,46.30773],[4.73898,46.3073],[4.73844,46.30846],[4.73782,46.30905],[4.73746,46.30972],[4.73656,46.31088],[4.73615,46.31124],[4.73597,46.31162],[4.73564,46.31208],[4.73727,46.31171],[4.73846,46.31157],[4.74008,46.31118],[4.74083,46.31107],[4.74297,46.31106],[4.74444,46.31117],[4.74458,46.31081],[4.74466,46.31003],[4.74454,46.30975],[4.74436,46.30959]]],[[[4.74422,46.30434],[4.74395,46.30431],[4.74403,46.304],[4.74357,46.30386],[4.74339,46.30415],[4.74327,46.30417],[4.7432,46.30427],[4.74285,46.30416],[4.74294,46.30403],[4.74283,46.30398],[4.74306,46.30366],[4.74286,46.30338],[4.74271,46.30347],[4.74253,46.30333],[4.74227,46.30344],[4.74306,46.30468],[4.74386,46.30507],[4.74395,46.3049],[4.74431,46.30492],[4.74448,46.3047],[4.74423,46.30465],[4.74428,46.30457],[4.74415,46.30455],[4.74422,46.30434]]],[[[4.74284,46.3046],[4.74218,46.3035],[4.74206,46.30349],[4.74191,46.30372],[4.74221,46.30388],[4.74214,46.30398],[4.74196,46.30403],[4.74243,46.30426],[4.74218,46.3045],[4.74161,46.30416],[4.74125,46.30476],[4.74169,46.30499],[4.74199,46.30506],[4.74185,46.30531],[4.74204,46.30537],[4.74218,46.30517],[4.74196,46.3055],[4.74295,46.30575],[4.74307,46.30552],[4.74364,46.30563],[4.74383,46.30515],[4.74317,46.30486],[4.74284,46.3046]]],[[[4.7421,46.31113],[4.74022,46.31124],[4.73892,46.31153],[4.73595,46.31205],[4.73492,46.31249],[4.73424,46.31297],[4.73539,46.31297],[4.73562,46.313],[4.73576,46.31377],[4.73589,46.31401],[4.73705,46.31461],[4.73767,46.31486],[4.7387,46.31411],[4.73927,46.31387],[4.74015,46.3133],[4.74226,46.31237],[4.74375,46.31122],[4.7421,46.31113]]],[[[4.74247,46.30002],[4.74269,46.29999],[4.74338,46.29979],[4.7425,46.29937],[4.74241,46.29973],[4.74247,46.30002]]],[[[4.74443,46.33926],[4.74334,46.33951],[4.74268,46.33989],[4.74276,46.34049],[4.74322,46.34042],[4.74331,46.34059],[4.74359,46.34055],[4.74361,46.34061],[4.74459,46.34051],[4.74442,46.33969],[4.74443,46.33926]]],[[[4.74348,46.3409],[4.74324,46.34097],[4.74326,46.3412],[4.74329,46.34134],[4.74344,46.34132],[4.74343,46.34115],[4.74361,46.34115],[4.74357,46.34151],[4.74295,46.34155],[4.74289,46.34188],[4.74299,46.34189],[4.74294,46.34222],[4.7426,46.3422],[4.74263,46.34278],[4.74451,46.34286],[4.74443,46.34174],[4.74454,46.3413],[4.74416,46.34131],[4.74412,46.3409],[4.74348,46.3409]]],[[[4.74257,46.30021],[4.74243,46.30007],[4.7401,46.29957],[4.74015,46.29985],[4.74006,46.3002],[4.74039,46.30062],[4.74056,46.30107],[4.74092,46.30143],[4.74078,46.30148],[4.74089,46.3017],[4.7416,46.30149],[4.74193,46.30207],[4.74262,46.30189],[4.74264,46.30196],[4.74278,46.30193],[4.74288,46.30209],[4.74315,46.30198],[4.74297,46.30123],[4.74257,46.30021]]],[[[4.74224,46.29826],[4.74144,46.29797],[4.74048,46.29755],[4.74058,46.29797],[4.74042,46.29804],[4.7406,46.29827],[4.74247,46.29925],[4.74291,46.29851],[4.7429,46.29839],[4.74224,46.29826]]],[[[4.74164,46.27182],[4.74066,46.27096],[4.74015,46.27117],[4.73964,46.27065],[4.7396,46.27027],[4.73925,46.26971],[4.73861,46.2701],[4.73845,46.27001],[4.73788,46.27042],[4.73816,46.27112],[4.73975,46.27082],[4.74022,46.27129],[4.74022,46.27137],[4.74058,46.27174],[4.74073,46.27175],[4.74103,46.27212],[4.741,46.2722],[4.74122,46.27281],[4.74172,46.27289],[4.74177,46.27278],[4.74164,46.27182]]],[[[4.74245,46.29934],[4.74053,46.29832],[4.74031,46.29806],[4.7402,46.29808],[4.74006,46.29855],[4.74039,46.2987],[4.74021,46.29931],[4.74028,46.29948],[4.74096,46.2997],[4.74237,46.3],[4.74245,46.29934]]],[[[4.74035,46.2699],[4.74042,46.2706],[4.74056,46.2708],[4.74084,46.27109],[4.74151,46.27157],[4.7413,46.27114],[4.74126,46.2707],[4.74149,46.27007],[4.74035,46.2699]]],[[[4.74204,46.33683],[4.74012,46.33696],[4.74074,46.33862],[4.74183,46.33853],[4.74285,46.33877],[4.74361,46.33722],[4.74204,46.33683]]],[[[4.74144,46.3337],[4.74133,46.33377],[4.74097,46.33586],[4.74071,46.33633],[4.74031,46.3368],[4.74048,46.33689],[4.74207,46.33678],[4.74321,46.33706],[4.74351,46.33581],[4.74325,46.33576],[4.74337,46.33475],[4.74333,46.33364],[4.74144,46.3337]]],[[[4.74313,46.33282],[4.74218,46.33201],[4.74208,46.33246],[4.74159,46.33315],[4.74136,46.33367],[4.74332,46.33361],[4.74313,46.33282]]],[[[4.74171,46.31753],[4.74011,46.3173],[4.73855,46.31691],[4.7384,46.31679],[4.73848,46.31677],[4.73858,46.31685],[4.73932,46.31702],[4.74004,46.31563],[4.74006,46.31541],[4.73992,46.31533],[4.73771,46.31496],[4.7358,46.31403],[4.73559,46.31302],[4.73412,46.31302],[4.73334,46.31367],[4.7329,46.31391],[4.73414,46.31406],[4.73415,46.31491],[4.73442,46.31545],[4.73526,46.31557],[4.7355,46.31554],[4.73624,46.31578],[4.73549,46.31556],[4.73522,46.31559],[4.7344,46.31547],[4.73463,46.31599],[4.73489,46.31629],[4.73442,46.31717],[4.73673,46.31742],[4.73679,46.31721],[4.73617,46.31684],[4.7362,46.31681],[4.73689,46.31721],[4.73679,46.31743],[4.73881,46.31796],[4.73912,46.31833],[4.73939,46.3184],[4.74087,46.31838],[4.7415,46.31847],[4.74252,46.3178],[4.74244,46.31772],[4.74171,46.31753]]],[[[4.74099,46.30748],[4.74075,46.30745],[4.74073,46.30755],[4.74047,46.30754],[4.74055,46.307],[4.73984,46.30709],[4.73967,46.30784],[4.74007,46.30806],[4.74169,46.30868],[4.74189,46.30767],[4.74103,46.30758],[4.74099,46.30748]]],[[[4.74022,46.26938],[4.74007,46.2693],[4.73997,46.2694],[4.73954,46.26917],[4.73909,46.26954],[4.73943,46.26976],[4.73952,46.27002],[4.73973,46.27026],[4.74003,46.27044],[4.74038,46.27044],[4.74022,46.26938]]],[[[4.74108,46.30391],[4.7411,46.30332],[4.74006,46.30347],[4.73956,46.30361],[4.73886,46.30392],[4.73902,46.30428],[4.73927,46.30438],[4.74005,46.3051],[4.74054,46.30486],[4.74053,46.30477],[4.74062,46.30473],[4.74126,46.30464],[4.7414,46.30422],[4.74129,46.30417],[4.7406,46.30416],[4.74059,46.30392],[4.74108,46.30391]]],[[[4.74152,46.34184],[4.74157,46.34184],[4.74157,46.34165],[4.73722,46.34204],[4.736,46.34225],[4.7364,46.34323],[4.73798,46.343],[4.73804,46.34293],[4.73972,46.34266],[4.73978,46.3429],[4.74013,46.34293],[4.74255,46.34295],[4.74253,46.3421],[4.74177,46.34213],[4.74177,46.34184],[4.74152,46.34184]]],[[[4.73873,46.33276],[4.73836,46.33281],[4.73608,46.33339],[4.73612,46.3335],[4.73603,46.33357],[4.73676,46.33405],[4.73673,46.33426],[4.73647,46.33463],[4.73642,46.33484],[4.73669,46.33659],[4.73677,46.33663],[4.73853,46.33683],[4.74007,46.33689],[4.74062,46.3364],[4.74095,46.3358],[4.74123,46.33389],[4.74155,46.33316],[4.74196,46.33257],[4.74212,46.33193],[4.73873,46.33276]]],[[[4.7393,46.26864],[4.73824,46.26818],[4.73773,46.26809],[4.73783,46.26776],[4.73694,46.26754],[4.73634,46.2681],[4.73584,46.26843],[4.73649,46.26874],[4.73706,46.26887],[4.73767,46.26916],[4.73817,46.26931],[4.73884,46.26878],[4.73952,46.26913],[4.73964,46.26902],[4.7393,46.26864]]],[[[4.74159,46.34053],[4.74092,46.34011],[4.74151,46.33984],[4.74118,46.33976],[4.74091,46.33942],[4.74061,46.33842],[4.74006,46.33719],[4.73864,46.33891],[4.73942,46.33896],[4.73976,46.3392],[4.74003,46.33923],[4.74023,46.33987],[4.74048,46.34003],[4.74112,46.3416],[4.74119,46.34162],[4.74177,46.34159],[4.74178,46.34119],[4.74185,46.34119],[4.74188,46.34098],[4.74188,46.34052],[4.74159,46.34053]]],[[[4.73931,46.31906],[4.74009,46.31892],[4.74039,46.31905],[4.74111,46.31861],[4.74085,46.31844],[4.73944,46.31846],[4.73932,46.3187],[4.73931,46.31906]]],[[[4.74082,46.32075],[4.74016,46.32124],[4.73992,46.32144],[4.7411,46.32146],[4.74118,46.32121],[4.74082,46.32075]]],[[[4.74035,46.30597],[4.74012,46.30554],[4.74025,46.30541],[4.74013,46.30521],[4.73992,46.30519],[4.73884,46.3056],[4.7392,46.30624],[4.73936,46.30621],[4.73959,46.30705],[4.74068,46.30693],[4.74058,46.30644],[4.74029,46.30646],[4.74017,46.30603],[4.74035,46.30597]]],[[[4.73774,46.30165],[4.73739,46.30133],[4.73701,46.3008],[4.73664,46.30058],[4.73644,46.30062],[4.73628,46.30081],[4.73462,46.301],[4.73478,46.30158],[4.73439,46.3017],[4.73405,46.30194],[4.73543,46.30317],[4.7355,46.30337],[4.73546,46.30357],[4.73557,46.30367],[4.73586,46.30374],[4.73581,46.30396],[4.73643,46.30393],[4.73644,46.30399],[4.73686,46.30388],[4.73789,46.30379],[4.73945,46.30296],[4.73904,46.30204],[4.73931,46.30265],[4.73967,46.30258],[4.73942,46.30194],[4.73817,46.3018],[4.73774,46.30165]]],[[[4.73942,46.30194],[4.73978,46.30284],[4.74052,46.3026],[4.74038,46.30223],[4.73992,46.30227],[4.73985,46.30201],[4.73942,46.30194]]],[[[4.7411,46.32156],[4.74,46.32149],[4.73975,46.3217],[4.73886,46.32276],[4.73866,46.3231],[4.73855,46.32309],[4.7377,46.3241],[4.73734,46.3244],[4.73703,46.3249],[4.73592,46.32623],[4.73704,46.32612],[4.73688,46.32535],[4.73867,46.32423],[4.73879,46.32407],[4.74041,46.32446],[4.74078,46.32364],[4.74113,46.32221],[4.7411,46.32156]]],[[[4.73976,46.3012],[4.73948,46.30031],[4.73756,46.3006],[4.73681,46.30057],[4.73704,46.30078],[4.73762,46.30151],[4.73787,46.30166],[4.73827,46.30178],[4.73973,46.30194],[4.73965,46.30136],[4.73991,46.30129],[4.73976,46.3012]]],[[[4.74104,46.34163],[4.74045,46.3401],[4.74017,46.33989],[4.74,46.33933],[4.73969,46.3392],[4.73942,46.33899],[4.73858,46.33897],[4.73767,46.34015],[4.73739,46.34038],[4.73712,46.34045],[4.73659,46.34118],[4.73666,46.34119],[4.73651,46.34194],[4.736,46.34202],[4.73599,46.34213],[4.7364,46.34214],[4.73747,46.34197],[4.73838,46.34189],[4.73849,46.34137],[4.73844,46.34189],[4.74104,46.34163]]],[[[4.73897,46.30428],[4.73891,46.30418],[4.7386,46.30435],[4.73876,46.30448],[4.73673,46.3051],[4.73684,46.30527],[4.73668,46.30531],[4.7368,46.3055],[4.73732,46.3054],[4.73763,46.30541],[4.73745,46.30509],[4.73755,46.30526],[4.73815,46.30512],[4.7382,46.3052],[4.73858,46.30508],[4.73885,46.30554],[4.73963,46.30524],[4.73937,46.30492],[4.73967,46.30479],[4.73922,46.30439],[4.73897,46.30428]]],[[[4.73886,46.32414],[4.73705,46.32529],[4.73695,46.32538],[4.73697,46.32556],[4.73701,46.32569],[4.73821,46.32601],[4.73867,46.32519],[4.73941,46.32426],[4.73886,46.32414]]],[[[4.73755,46.30745],[4.73739,46.3074],[4.73737,46.30729],[4.73667,46.30739],[4.73673,46.30774],[4.73678,46.3083],[4.73677,46.30817],[4.73634,46.30819],[4.73551,46.3081],[4.73543,46.30737],[4.73502,46.30734],[4.73405,46.30705],[4.73122,46.30727],[4.72903,46.307],[4.72907,46.3072],[4.72891,46.30725],[4.72915,46.30781],[4.72949,46.30793],[4.73042,46.30793],[4.73046,46.30784],[4.73132,46.30791],[4.73273,46.30778],[4.73407,46.30757],[4.73421,46.30777],[4.73423,46.3083],[4.73446,46.30861],[4.73433,46.30873],[4.73424,46.30902],[4.73393,46.30899],[4.73376,46.30931],[4.73467,46.30952],[4.73617,46.3097],[4.73651,46.30961],[4.73782,46.30893],[4.73835,46.3085],[4.73845,46.30834],[4.7388,46.30752],[4.73784,46.30742],[4.73782,46.30755],[4.73758,46.30757],[4.73755,46.30745]]],[[[4.73735,46.30543],[4.73664,46.30557],[4.73743,46.30607],[4.73665,46.30564],[4.73633,46.30591],[4.73579,46.3056],[4.73503,46.30638],[4.73422,46.30704],[4.73487,46.30725],[4.73606,46.30731],[4.73604,46.30683],[4.73756,46.30668],[4.73779,46.30639],[4.7385,46.30596],[4.73838,46.30572],[4.73858,46.30567],[4.73809,46.30549],[4.73735,46.30543]]],[[[4.73638,46.26876],[4.73573,46.26846],[4.73457,46.26836],[4.73363,46.26854],[4.73328,46.26866],[4.733,46.26865],[4.73297,46.26872],[4.73273,46.26869],[4.73269,46.26877],[4.73168,46.26867],[4.73181,46.26965],[4.73222,46.26959],[4.73271,46.26968],[4.73272,46.26963],[4.73352,46.26981],[4.73394,46.26979],[4.73456,46.26966],[4.73472,46.26988],[4.73522,46.2697],[4.73547,46.2695],[4.73557,46.26966],[4.73618,46.26949],[4.7366,46.26951],[4.73718,46.269],[4.73638,46.26876]],[[4.73362,46.26938],[4.7335,46.26954],[4.73281,46.26941],[4.73288,46.26929],[4.7337,46.26909],[4.73388,46.2691],[4.73409,46.26923],[4.73362,46.26938]]],[[[4.73684,46.31751],[4.73454,46.31722],[4.73394,46.31742],[4.73351,46.31746],[4.73307,46.31765],[4.73278,46.31801],[4.73181,46.31846],[4.73129,46.31906],[4.73132,46.31921],[4.73279,46.31923],[4.73394,46.31909],[4.73524,46.31881],[4.7378,46.31868],[4.73802,46.31856],[4.73825,46.31816],[4.73855,46.31793],[4.73684,46.31751]]],[[[4.7359,46.26729],[4.73453,46.26678],[4.73381,46.26675],[4.73367,46.26698],[4.73331,46.26697],[4.73327,46.26717],[4.73277,46.26751],[4.73262,46.26785],[4.73265,46.26805],[4.73298,46.268],[4.73324,46.26836],[4.73276,46.2685],[4.73316,46.26863],[4.73446,46.26831],[4.73578,46.26842],[4.73634,46.26804],[4.73682,46.26752],[4.7359,46.26729]]],[[[4.73778,46.30898],[4.73632,46.30974],[4.73537,46.30966],[4.73465,46.31078],[4.73389,46.31174],[4.73335,46.31156],[4.73336,46.31152],[4.73386,46.31171],[4.7346,46.31078],[4.73532,46.30963],[4.73425,46.30949],[4.73329,46.30927],[4.73325,46.30937],[4.7328,46.30936],[4.73279,46.30947],[4.73187,46.3095],[4.73134,46.31022],[4.73069,46.31091],[4.73104,46.31124],[4.73227,46.31207],[4.73258,46.31248],[4.73314,46.31272],[4.73414,46.31292],[4.73472,46.31251],[4.73555,46.31212],[4.7359,46.31167],[4.73612,46.31122],[4.73653,46.31086],[4.73689,46.31031],[4.73728,46.3099],[4.73778,46.30898]]],[[[4.73596,46.31885],[4.73526,46.31888],[4.73386,46.31916],[4.73284,46.31929],[4.73058,46.31925],[4.72978,46.31939],[4.72939,46.31921],[4.72924,46.31921],[4.7281,46.31941],[4.72665,46.31937],[4.72614,46.31955],[4.72624,46.32012],[4.72579,46.32012],[4.72574,46.31972],[4.72433,46.32015],[4.72428,46.3204],[4.72409,46.32046],[4.7239,46.32024],[4.72378,46.32026],[4.72337,46.32039],[4.72236,46.32089],[4.72208,46.32095],[4.72163,46.3209],[4.72163,46.32083],[4.71978,46.32076],[4.71813,46.32058],[4.71815,46.32109],[4.71837,46.32158],[4.71889,46.322],[4.72129,46.32245],[4.7218,46.32223],[4.72286,46.32142],[4.7225,46.32254],[4.7246,46.32268],[4.72571,46.32264],[4.72576,46.32252],[4.72561,46.32252],[4.72573,46.3222],[4.72645,46.32225],[4.72637,46.32246],[4.72657,46.32245],[4.72658,46.32261],[4.72799,46.32252],[4.7287,46.32242],[4.72879,46.32235],[4.72893,46.32187],[4.72896,46.32105],[4.72694,46.32108],[4.72692,46.32104],[4.72506,46.3209],[4.72421,46.32091],[4.72421,46.32085],[4.72691,46.32097],[4.72823,46.32096],[4.72823,46.32101],[4.73,46.32095],[4.73274,46.32115],[4.7334,46.32107],[4.73366,46.3209],[4.73395,46.32084],[4.73483,46.32081],[4.73528,46.32065],[4.73576,46.32027],[4.73591,46.32004],[4.73633,46.31974],[4.73592,46.31957],[4.73596,46.31885]]],[[[4.7344,46.30476],[4.73198,46.30473],[4.73088,46.30486],[4.72994,46.30476],[4.72994,46.30482],[4.73025,46.30509],[4.73182,46.30588],[4.73209,46.30595],[4.73229,46.3062],[4.73233,46.30644],[4.7328,46.30623],[4.73295,46.30644],[4.73324,46.30637],[4.73379,46.3061],[4.73464,46.30553],[4.7346,46.3055],[4.73492,46.30532],[4.73537,46.30475],[4.73513,46.30451],[4.7344,46.30476]]],[[[4.73383,46.30245],[4.73314,46.30192],[4.73265,46.30218],[4.73269,46.3023],[4.73198,46.30274],[4.7315,46.30295],[4.73109,46.30357],[4.73244,46.3047],[4.73452,46.3047],[4.73466,46.3046],[4.73511,46.30388],[4.73451,46.30318],[4.73375,46.30255],[4.73383,46.30245]]],[[[4.73537,46.32083],[4.73463,46.32091],[4.73385,46.32092],[4.73352,46.32107],[4.73331,46.32199],[4.73334,46.32214],[4.73358,46.32239],[4.73482,46.32237],[4.73479,46.32218],[4.73561,46.32207],[4.73564,46.32189],[4.73556,46.32159],[4.73548,46.32159],[4.73537,46.32083]]],[[[4.73551,46.32241],[4.73384,46.32244],[4.73407,46.32288],[4.7339,46.32306],[4.73395,46.32315],[4.73557,46.32345],[4.73562,46.32323],[4.73553,46.32321],[4.73549,46.32299],[4.73551,46.32241]]],[[[4.73443,46.32327],[4.73399,46.32326],[4.73401,46.32344],[4.73439,46.32477],[4.73455,46.32487],[4.73462,46.32503],[4.73555,46.32405],[4.73473,46.32406],[4.73443,46.32327]]],[[[4.73408,46.3148],[4.73406,46.31409],[4.73289,46.31395],[4.73251,46.31401],[4.73183,46.31462],[4.73082,46.31567],[4.72958,46.3167],[4.73275,46.31791],[4.73308,46.31754],[4.73329,46.31744],[4.7335,46.31738],[4.73393,46.31735],[4.73432,46.31722],[4.73481,46.31629],[4.73457,46.31602],[4.73408,46.3148]]],[[[4.73289,46.26735],[4.73322,46.26713],[4.7332,46.26667],[4.73215,46.2667],[4.73289,46.26735]]],[[[4.73126,46.27404],[4.73142,46.27451],[4.73142,46.27451],[4.73191,46.274],[4.73179,46.27387],[4.73126,46.27404]]],[[[4.73126,46.27404],[4.73228,46.27366],[4.73308,46.27323],[4.73187,46.27363],[4.73122,46.27392],[4.73126,46.27404]]],[[[4.73177,46.26733],[4.73072,46.26735],[4.73095,46.2677],[4.7311,46.26768],[4.73126,46.26796],[4.73174,46.26809],[4.73206,46.26777],[4.73261,46.26756],[4.73275,46.26739],[4.73274,46.26731],[4.73233,46.26699],[4.73177,46.26733]]],[[[4.73211,46.31206],[4.73061,46.31103],[4.72858,46.31317],[4.72843,46.31312],[4.72806,46.31383],[4.72791,46.31396],[4.72784,46.31394],[4.72388,46.31813],[4.72401,46.31809],[4.72522,46.31907],[4.72584,46.31864],[4.72687,46.31824],[4.72723,46.31805],[4.7298,46.31642],[4.73075,46.31563],[4.73172,46.31457],[4.73233,46.31406],[4.73261,46.31391],[4.73292,46.31384],[4.73329,46.31363],[4.73393,46.31304],[4.73394,46.31299],[4.73332,46.31287],[4.73266,46.31266],[4.73211,46.31206]]],[[[4.7309,46.26819],[4.73065,46.26814],[4.7308,46.26792],[4.73032,46.26792],[4.73031,46.268],[4.73011,46.26798],[4.73007,46.2681],[4.73029,46.26812],[4.7297,46.26807],[4.72981,46.26811],[4.72971,46.26837],[4.72989,46.26839],[4.7299,46.26853],[4.7298,46.26853],[4.72976,46.26866],[4.7295,46.26866],[4.72928,46.26873],[4.72999,46.26876],[4.72952,46.26874],[4.72946,46.26893],[4.72991,46.26893],[4.72901,46.26893],[4.72896,46.26898],[4.72896,46.26904],[4.72944,46.26901],[4.72944,46.26921],[4.72961,46.26922],[4.72961,46.2694],[4.72937,46.26938],[4.72932,46.26958],[4.72965,46.2696],[4.7297,46.26984],[4.73025,46.26974],[4.73041,46.26961],[4.73036,46.26948],[4.7312,46.26903],[4.73167,46.26896],[4.73163,46.26859],[4.73173,46.26827],[4.73128,46.26821],[4.73106,46.26828],[4.73087,46.26826],[4.7309,46.26819]]],[[[4.73129,46.26998],[4.73176,46.26967],[4.73167,46.26898],[4.73125,46.26903],[4.73077,46.26931],[4.73129,46.26998]]],[[[4.73218,46.30824],[4.73022,46.30822],[4.72941,46.30831],[4.72946,46.30804],[4.72915,46.3079],[4.72885,46.3075],[4.72862,46.30738],[4.72866,46.30723],[4.7289,46.30706],[4.72876,46.30699],[4.72831,46.30706],[4.72742,46.30753],[4.72654,46.3085],[4.72668,46.30862],[4.72681,46.30925],[4.72755,46.30921],[4.72944,46.30941],[4.73065,46.30943],[4.73063,46.30936],[4.73105,46.30935],[4.73113,46.30917],[4.73137,46.30906],[4.73258,46.30871],[4.73255,46.30816],[4.73218,46.30824]]],[[[4.73081,46.30381],[4.7295,46.30456],[4.7295,46.30468],[4.7309,46.30482],[4.7318,46.30471],[4.7324,46.3047],[4.73107,46.30359],[4.73081,46.30381]]],[[[4.73047,46.27435],[4.73,46.27389],[4.72906,46.27438],[4.72702,46.27596],[4.72695,46.27635],[4.72679,46.27654],[4.72693,46.27634],[4.72699,46.27597],[4.72594,46.27699],[4.72571,46.27706],[4.72569,46.27734],[4.72613,46.27938],[4.72783,46.27987],[4.72804,46.27997],[4.72849,46.28027],[4.72896,46.28003],[4.72975,46.27973],[4.72993,46.2791],[4.72997,46.27862],[4.72988,46.27837],[4.72998,46.27809],[4.72993,46.27832],[4.73003,46.27866],[4.7299,46.27953],[4.72979,46.27979],[4.73103,46.27974],[4.73052,46.27834],[4.73046,46.27798],[4.73065,46.27585],[4.73092,46.27516],[4.73134,46.27462],[4.73113,46.27395],[4.73046,46.27427],[4.73047,46.27435]]],[[[4.72952,46.31674],[4.72877,46.31712],[4.7269,46.31829],[4.72596,46.31864],[4.72527,46.31914],[4.72518,46.31984],[4.72674,46.31932],[4.72794,46.31937],[4.72926,46.31914],[4.73014,46.31924],[4.73099,46.31915],[4.73124,46.31905],[4.73173,46.31842],[4.73266,46.31801],[4.7312,46.31736],[4.72952,46.31674]]],[[[4.72929,46.30612],[4.72946,46.30613],[4.72924,46.30681],[4.73028,46.3068],[4.73177,46.30665],[4.73224,46.30652],[4.73226,46.30642],[4.73224,46.3062],[4.73208,46.30599],[4.73179,46.30591],[4.73014,46.30508],[4.72983,46.30476],[4.72933,46.30468],[4.72874,46.305],[4.72839,46.30536],[4.72758,46.30577],[4.72758,46.30593],[4.72783,46.30638],[4.72804,46.30634],[4.72806,46.30624],[4.7282,46.30621],[4.72815,46.30609],[4.72848,46.30602],[4.72845,46.30595],[4.72867,46.30588],[4.72869,46.30591],[4.7288,46.30588],[4.72888,46.30604],[4.72929,46.30612]]],[[[4.73073,46.27359],[4.7305,46.27362],[4.73007,46.2738],[4.73045,46.27424],[4.73112,46.27391],[4.73101,46.27372],[4.73073,46.27359]]],[[[4.73103,46.27975],[4.72969,46.27982],[4.72936,46.27991],[4.72887,46.28009],[4.72856,46.28028],[4.72938,46.28133],[4.72963,46.2813],[4.72989,46.28118],[4.7305,46.28117],[4.73133,46.28102],[4.73103,46.27975]]],[[[4.73039,46.2705],[4.73023,46.27068],[4.72975,46.27046],[4.7296,46.27081],[4.72945,46.27075],[4.72944,46.27092],[4.72947,46.27147],[4.72963,46.27132],[4.72975,46.27135],[4.72985,46.27153],[4.72962,46.27182],[4.73037,46.27205],[4.73041,46.27185],[4.73022,46.27178],[4.73044,46.27146],[4.73065,46.27085],[4.73073,46.27086],[4.73085,46.27054],[4.73034,46.2703],[4.73027,46.27033],[4.73039,46.2705]]],[[[4.73244,46.32118],[4.72957,46.32096],[4.72904,46.32109],[4.72903,46.32126],[4.73189,46.32143],[4.73229,46.32141],[4.73245,46.32131],[4.73244,46.32118]]],[[[4.72919,46.27249],[4.72955,46.27262],[4.72935,46.2722],[4.72943,46.27147],[4.72938,46.2705],[4.72857,46.27021],[4.72854,46.27033],[4.72808,46.27022],[4.72789,46.27095],[4.72757,46.27152],[4.72851,46.27188],[4.72849,46.27195],[4.72787,46.27302],[4.72774,46.27309],[4.72785,46.27302],[4.72807,46.27266],[4.72706,46.27238],[4.72697,46.27253],[4.72748,46.27266],[4.72738,46.27286],[4.72686,46.27272],[4.72602,46.27414],[4.72611,46.27417],[4.72599,46.27415],[4.72578,46.27455],[4.72615,46.27554],[4.72712,46.27537],[4.72995,46.27383],[4.72963,46.27347],[4.72927,46.27335],[4.72953,46.27304],[4.72958,46.27264],[4.72919,46.27249]]],[[[4.7303,46.3102],[4.73042,46.30945],[4.7292,46.30942],[4.72746,46.30925],[4.72679,46.30928],[4.7267,46.30951],[4.72735,46.30961],[4.72902,46.31006],[4.72955,46.31023],[4.73038,46.31064],[4.73054,46.31026],[4.7303,46.3102]]],[[[4.72926,46.28127],[4.72847,46.28032],[4.72735,46.2808],[4.72514,46.28205],[4.72425,46.28232],[4.72358,46.28244],[4.72313,46.28258],[4.7243,46.28275],[4.72532,46.28266],[4.72599,46.28346],[4.72722,46.28356],[4.72805,46.28381],[4.72857,46.28388],[4.72866,46.28347],[4.72897,46.28286],[4.72936,46.28155],[4.72926,46.28127]]],[[[4.72832,46.25317],[4.72707,46.25303],[4.7267,46.25327],[4.72628,46.25388],[4.72642,46.25405],[4.72626,46.2541],[4.72621,46.25422],[4.72584,46.2541],[4.72566,46.25421],[4.72652,46.25435],[4.72704,46.25429],[4.7269,46.25428],[4.72687,46.25399],[4.72708,46.25384],[4.72715,46.25394],[4.72712,46.25379],[4.72734,46.25376],[4.72745,46.25428],[4.72779,46.25428],[4.72782,46.25391],[4.72834,46.25385],[4.72844,46.25349],[4.72836,46.25346],[4.72832,46.25317]]],[[[4.72709,46.25436],[4.72704,46.25473],[4.7266,46.25492],[4.72676,46.25539],[4.72656,46.25555],[4.72685,46.25583],[4.72735,46.25555],[4.72762,46.25577],[4.72773,46.25595],[4.7285,46.25574],[4.72821,46.25462],[4.72789,46.25464],[4.72787,46.25432],[4.72709,46.25436]]],[[[4.72707,46.25612],[4.72491,46.25637],[4.72311,46.25645],[4.72321,46.25669],[4.72188,46.25696],[4.72176,46.25676],[4.71993,46.25725],[4.71989,46.2575],[4.72041,46.25741],[4.71983,46.25752],[4.72039,46.25892],[4.72082,46.25975],[4.72109,46.26083],[4.72233,46.26112],[4.72355,46.26151],[4.72394,46.26153],[4.72387,46.26139],[4.72393,46.26106],[4.72321,46.26091],[4.72328,46.26071],[4.72402,46.26086],[4.72421,46.26039],[4.72381,46.25981],[4.72365,46.2595],[4.72317,46.25797],[4.72234,46.25757],[4.72321,46.25795],[4.72378,46.25971],[4.7243,46.26048],[4.72517,46.26026],[4.72598,46.25973],[4.72695,46.25939],[4.72736,46.25918],[4.72779,46.25845],[4.72801,46.25743],[4.727,46.25739],[4.72626,46.25743],[4.72512,46.25726],[4.72417,46.2572],[4.72435,46.25717],[4.72568,46.2573],[4.72628,46.25739],[4.72699,46.25737],[4.72801,46.25741],[4.72822,46.25609],[4.72815,46.25594],[4.72707,46.25612]],[[4.72265,46.25716],[4.72266,46.2569],[4.72282,46.25688],[4.72284,46.25702],[4.72299,46.25702],[4.723,46.25717],[4.72416,46.2572],[4.72348,46.25724],[4.72342,46.25749],[4.72346,46.25725],[4.72265,46.25716]]],[[[4.72897,46.28573],[4.72862,46.28396],[4.72803,46.28384],[4.7272,46.28358],[4.72565,46.28345],[4.72331,46.28354],[4.72331,46.28349],[4.72369,46.28346],[4.72462,46.28346],[4.7251,46.28339],[4.72591,46.28344],[4.72592,46.2834],[4.72529,46.28275],[4.72494,46.28277],[4.7249,46.28272],[4.72421,46.28277],[4.72307,46.28262],[4.72283,46.28289],[4.72252,46.28353],[4.72212,46.28401],[4.72146,46.28427],[4.72057,46.28455],[4.71854,46.28484],[4.71645,46.28538],[4.71538,46.2855],[4.71502,46.28561],[4.71484,46.28572],[4.71471,46.28683],[4.71475,46.28692],[4.71607,46.28701],[4.71616,46.28726],[4.71651,46.28725],[4.71653,46.28743],[4.71705,46.28737],[4.71701,46.2872],[4.71774,46.2872],[4.71757,46.287],[4.7175,46.28651],[4.71829,46.28548],[4.71869,46.28543],[4.71883,46.28545],[4.71957,46.28627],[4.72011,46.28612],[4.72044,46.28623],[4.72093,46.28574],[4.72064,46.28557],[4.72061,46.28548],[4.72089,46.28532],[4.72119,46.28549],[4.72897,46.28573]]],[[[4.72841,46.2747],[4.72705,46.27546],[4.72701,46.27586],[4.72854,46.27468],[4.72841,46.2747]]],[[[4.72793,46.27994],[4.72613,46.27942],[4.72604,46.27971],[4.72516,46.28122],[4.72302,46.28226],[4.72307,46.28254],[4.72452,46.28222],[4.72513,46.282],[4.72702,46.28095],[4.72845,46.28029],[4.72793,46.27994]]],[[[4.72767,46.26777],[4.72695,46.2677],[4.72679,46.26764],[4.72646,46.26768],[4.72626,46.26745],[4.72596,46.26733],[4.72492,46.2678],[4.72511,46.26808],[4.72578,46.26851],[4.72618,46.26901],[4.7266,46.26922],[4.72684,46.26913],[4.72681,46.26904],[4.72722,46.26897],[4.72716,46.26875],[4.72764,46.26873],[4.72767,46.26892],[4.72787,46.26898],[4.72786,46.26865],[4.72759,46.26864],[4.72727,46.2681],[4.72799,46.26808],[4.72785,46.26783],[4.72767,46.26777]]],[[[4.72457,46.2741],[4.72464,46.27464],[4.72487,46.27495],[4.72536,46.2748],[4.72555,46.27467],[4.72588,46.2741],[4.72495,46.27371],[4.72468,46.27387],[4.72457,46.2741]]],[[[4.72495,46.27371],[4.72591,46.27409],[4.72759,46.27126],[4.72706,46.27101],[4.72723,46.27062],[4.72781,46.27077],[4.72793,46.2703],[4.72748,46.27025],[4.72769,46.26994],[4.72772,46.26971],[4.72747,46.26975],[4.72738,46.27],[4.72722,46.27016],[4.72645,46.27034],[4.72623,46.27047],[4.72619,46.27073],[4.72639,46.2711],[4.72646,46.27142],[4.7264,46.27167],[4.72589,46.27245],[4.72604,46.27279],[4.72589,46.273],[4.72495,46.27371]]],[[[4.72935,46.32238],[4.7278,46.3226],[4.72624,46.32268],[4.72622,46.32299],[4.72605,46.32298],[4.72596,46.32317],[4.72579,46.32322],[4.72566,46.32381],[4.7282,46.32375],[4.72819,46.32391],[4.72872,46.32399],[4.72918,46.32327],[4.72946,46.32245],[4.72935,46.32238]]],[[[4.7273,46.25928],[4.72591,46.2598],[4.72524,46.26027],[4.72432,46.26052],[4.72418,46.26064],[4.72401,46.26106],[4.72429,46.26113],[4.72427,46.26129],[4.72453,46.26137],[4.72449,46.26149],[4.72466,46.26151],[4.72463,46.26169],[4.72491,46.26166],[4.72493,46.26176],[4.72549,46.26174],[4.72537,46.26163],[4.72548,46.26171],[4.72621,46.26145],[4.7264,46.26154],[4.72669,46.26109],[4.72613,46.26087],[4.72626,46.26062],[4.72658,46.26078],[4.72672,46.26105],[4.72714,46.26044],[4.72737,46.25991],[4.7273,46.25928]]],[[[4.72737,46.26593],[4.72747,46.26576],[4.72735,46.26573],[4.7274,46.2656],[4.7271,46.26557],[4.72694,46.26588],[4.72645,46.26575],[4.72642,46.26586],[4.72626,46.26581],[4.72634,46.26558],[4.72594,46.26548],[4.72609,46.26532],[4.72553,46.26555],[4.72599,46.26572],[4.72556,46.26601],[4.72578,46.26615],[4.72647,46.26639],[4.72734,46.26649],[4.7275,46.26615],[4.72738,46.26613],[4.72745,46.26596],[4.72737,46.26593]]],[[[4.72578,46.25427],[4.72489,46.25442],[4.72414,46.25445],[4.72386,46.25454],[4.72239,46.25545],[4.71935,46.25654],[4.71989,46.25701],[4.72048,46.25701],[4.72088,46.25697],[4.72171,46.25672],[4.72292,46.25645],[4.72353,46.25637],[4.72341,46.25618],[4.72372,46.25609],[4.72331,46.25557],[4.72378,46.25616],[4.72451,46.25594],[4.72445,46.2558],[4.72469,46.25577],[4.72482,46.25593],[4.72535,46.25627],[4.72701,46.2561],[4.72705,46.25607],[4.72648,46.25552],[4.72615,46.25535],[4.72603,46.25539],[4.726,46.25546],[4.72593,46.25542],[4.72565,46.25551],[4.72529,46.25494],[4.72648,46.25469],[4.72661,46.25487],[4.72672,46.25484],[4.72701,46.25467],[4.727,46.25436],[4.72647,46.25439],[4.72578,46.25427]]],[[[4.72616,46.27558],[4.72584,46.27665],[4.72575,46.27696],[4.72592,46.2769],[4.72698,46.27588],[4.72699,46.27546],[4.72616,46.27558]]],[[[4.72616,46.26153],[4.72544,46.26178],[4.72452,46.26184],[4.72449,46.26204],[4.72467,46.26211],[4.72468,46.26255],[4.72463,46.26266],[4.72441,46.26265],[4.72459,46.26275],[4.72432,46.26324],[4.72401,46.2632],[4.72385,46.26361],[4.72415,46.26366],[4.72411,46.26379],[4.72402,46.26377],[4.72396,46.26389],[4.72377,46.26386],[4.72346,46.2642],[4.72449,46.26458],[4.72474,46.26391],[4.72492,46.26394],[4.72492,46.26378],[4.72637,46.26157],[4.72616,46.26153]]],[[[4.7257,46.27083],[4.7253,46.27062],[4.7252,46.27089],[4.7249,46.2708],[4.7247,46.27119],[4.7246,46.27159],[4.7244,46.27199],[4.72489,46.272],[4.7246,46.27263],[4.72466,46.27264],[4.7246,46.27291],[4.72482,46.27295],[4.72469,46.2736],[4.72291,46.27294],[4.72273,46.27409],[4.72276,46.27548],[4.72228,46.27695],[4.72366,46.27719],[4.72375,46.27702],[4.72393,46.27704],[4.72426,46.27635],[4.7245,46.27639],[4.72459,46.27599],[4.7243,46.27599],[4.72431,46.27589],[4.72416,46.27589],[4.72417,46.27581],[4.72453,46.27582],[4.72454,46.27574],[4.72472,46.27573],[4.72483,46.27533],[4.72479,46.27496],[4.7245,46.27439],[4.72454,46.27401],[4.72519,46.2734],[4.72556,46.2732],[4.7259,46.2729],[4.72596,46.27275],[4.72585,46.27241],[4.72626,46.27181],[4.72637,46.2715],[4.72638,46.27129],[4.72626,46.27098],[4.72566,46.27089],[4.7257,46.27083]]],[[[4.7255,46.26837],[4.7248,46.26785],[4.72339,46.27035],[4.72325,46.27086],[4.72417,46.27093],[4.72444,46.27089],[4.72488,46.2707],[4.72551,46.27021],[4.72544,46.27019],[4.72565,46.26991],[4.72551,46.26986],[4.72571,46.26966],[4.72587,46.2697],[4.72605,46.26954],[4.72592,46.26946],[4.72629,46.26913],[4.72603,46.26891],[4.72576,46.26855],[4.7255,46.26837]]],[[[4.72571,46.27481],[4.72511,46.27497],[4.72552,46.27503],[4.72548,46.2753],[4.72495,46.27531],[4.72485,46.27561],[4.72603,46.27555],[4.72571,46.27481]]],[[[4.72484,46.27567],[4.72448,46.27671],[4.72405,46.27726],[4.72406,46.27738],[4.7247,46.2782],[4.72487,46.27896],[4.72596,46.27932],[4.72555,46.27724],[4.72602,46.27559],[4.72484,46.27567]]],[[[4.72482,46.27899],[4.72458,46.27983],[4.72464,46.28014],[4.72416,46.28123],[4.72458,46.2802],[4.72453,46.27976],[4.72478,46.27889],[4.72463,46.2782],[4.72442,46.27793],[4.72433,46.27794],[4.72394,46.27819],[4.72358,46.2786],[4.72256,46.28007],[4.7223,46.28062],[4.72225,46.28085],[4.72236,46.28158],[4.7227,46.28203],[4.72293,46.28219],[4.72498,46.28123],[4.72539,46.28061],[4.72597,46.27962],[4.72603,46.27939],[4.72482,46.27899]]],[[[4.72417,46.27097],[4.72325,46.27089],[4.72295,46.27294],[4.72428,46.27344],[4.72442,46.27334],[4.72445,46.27319],[4.7241,46.27316],[4.72432,46.27218],[4.72465,46.27124],[4.7249,46.27074],[4.72447,46.27092],[4.72417,46.27097]]],[[[4.72413,46.2621],[4.72396,46.2616],[4.72351,46.26154],[4.72182,46.26102],[4.72114,46.2609],[4.72154,46.26165],[4.72257,46.2627],[4.72258,46.26339],[4.7228,46.26403],[4.72323,46.26421],[4.7234,46.26418],[4.72366,46.26395],[4.72406,46.26286],[4.7241,46.2627],[4.72383,46.26266],[4.7239,46.26245],[4.72379,46.26243],[4.72414,46.26249],[4.72413,46.2621]]],[[[4.72582,46.32272],[4.72455,46.32273],[4.72126,46.32249],[4.72111,46.32253],[4.72202,46.32365],[4.72218,46.32364],[4.72207,46.32401],[4.72246,46.32406],[4.72243,46.32416],[4.72353,46.32423],[4.72357,46.32418],[4.72548,46.32421],[4.72581,46.32286],[4.72582,46.32272]]],[[[4.72213,46.27698],[4.72201,46.2771],[4.72211,46.27698],[4.72109,46.27679],[4.72068,46.27681],[4.7205,46.27731],[4.72073,46.27735],[4.72093,46.27705],[4.72135,46.27718],[4.72111,46.2775],[4.72118,46.27754],[4.72093,46.27778],[4.72059,46.27773],[4.72046,46.27794],[4.72027,46.27787],[4.72005,46.27827],[4.7208,46.27854],[4.72003,46.2783],[4.7199,46.2786],[4.7194,46.27925],[4.71963,46.28068],[4.72,46.28074],[4.72003,46.28089],[4.72,46.28181],[4.71987,46.28207],[4.71981,46.28208],[4.71996,46.2818],[4.71998,46.28077],[4.71963,46.28072],[4.71963,46.28179],[4.71976,46.28236],[4.71972,46.28246],[4.71805,46.28243],[4.71801,46.28219],[4.71769,46.28211],[4.71708,46.28207],[4.71629,46.28222],[4.71557,46.28262],[4.71524,46.28283],[4.71481,46.28336],[4.71482,46.28402],[4.71497,46.28456],[4.71483,46.28536],[4.71621,46.28531],[4.71769,46.28488],[4.71807,46.28485],[4.72062,46.28421],[4.72128,46.28387],[4.72234,46.28309],[4.72289,46.28225],[4.72233,46.28164],[4.72217,46.28074],[4.72243,46.28019],[4.7236,46.27847],[4.72409,46.27801],[4.72357,46.27764],[4.72388,46.2773],[4.72213,46.27698]]],[[[4.7225,46.26538],[4.72334,46.26548],[4.72333,46.26527],[4.72248,46.26513],[4.7225,46.26538]]],[[[4.72316,46.2669],[4.72272,46.26647],[4.72172,46.26663],[4.72179,46.26717],[4.72222,46.26726],[4.72179,46.26719],[4.72179,46.26734],[4.7214,46.2674],[4.72129,46.26816],[4.72142,46.26927],[4.72132,46.27012],[4.72135,46.27123],[4.72201,46.27104],[4.72197,46.27024],[4.72227,46.27024],[4.72228,46.26881],[4.72242,46.26882],[4.72255,46.26801],[4.72324,46.268],[4.72326,46.26794],[4.72331,46.26739],[4.72316,46.2669]]],[[[4.72258,46.26367],[4.72189,46.26329],[4.72258,46.26365],[4.72253,46.26275],[4.72145,46.26157],[4.72072,46.26169],[4.72011,46.2617],[4.71872,46.26216],[4.71869,46.26228],[4.71955,46.26284],[4.71993,46.26302],[4.71994,46.26298],[4.72057,46.26314],[4.72103,46.26333],[4.72233,46.26406],[4.72261,46.26414],[4.7227,46.26391],[4.72258,46.26367]]],[[[4.72249,46.26601],[4.72169,46.26605],[4.72116,46.26617],[4.72093,46.26663],[4.72167,46.26659],[4.72265,46.26644],[4.72257,46.26641],[4.72264,46.26639],[4.72249,46.26601]]],[[[4.72199,46.26494],[4.722,46.26476],[4.72089,46.26489],[4.7197,46.26489],[4.72017,46.2656],[4.72103,46.26616],[4.72166,46.26601],[4.72249,46.26594],[4.72242,46.26493],[4.72199,46.26494]]],[[[4.72176,46.28367],[4.72079,46.28424],[4.71854,46.28483],[4.72054,46.28451],[4.72138,46.28427],[4.72202,46.28401],[4.72246,46.28356],[4.723,46.28256],[4.72297,46.28234],[4.72242,46.28315],[4.72176,46.28367]]],[[[4.72105,46.2609],[4.72017,46.26075],[4.71943,46.26043],[4.71881,46.2606],[4.71853,46.26087],[4.71803,46.2622],[4.7187,46.26214],[4.71991,46.26172],[4.72025,46.26166],[4.72076,46.26166],[4.72143,46.26154],[4.72105,46.2609]]],[[[4.72083,46.27159],[4.72158,46.27158],[4.72151,46.27131],[4.7209,46.27131],[4.72083,46.27159]]],[[[4.72139,46.26939],[4.72126,46.2682],[4.72134,46.2678],[4.7204,46.26778],[4.72008,46.2685],[4.71947,46.2693],[4.71921,46.27002],[4.71885,46.27059],[4.71881,46.27084],[4.7191,46.27081],[4.7191,46.27129],[4.7213,46.27124],[4.72128,46.27012],[4.72139,46.26939]]],[[[4.72074,46.25965],[4.72036,46.25896],[4.72003,46.25807],[4.71989,46.25807],[4.71923,46.2604],[4.71957,46.26043],[4.72017,46.26071],[4.72094,46.26085],[4.72101,46.2608],[4.72074,46.25965]]],[[[4.72118,46.27521],[4.72035,46.27523],[4.72022,46.27567],[4.72115,46.27578],[4.72124,46.27546],[4.72118,46.27521]]],[[[4.72082,46.2713],[4.71914,46.27133],[4.71909,46.27155],[4.71912,46.27171],[4.71924,46.27173],[4.71922,46.27184],[4.71914,46.27206],[4.71905,46.27204],[4.71903,46.27226],[4.71887,46.27223],[4.71906,46.2728],[4.72017,46.27285],[4.72017,46.27278],[4.72072,46.27221],[4.72082,46.2713]]],[[[4.71991,46.27311],[4.71987,46.27326],[4.71995,46.27327],[4.71984,46.27374],[4.7199,46.27388],[4.72024,46.27391],[4.72035,46.27331],[4.72025,46.27288],[4.71986,46.27286],[4.7196,46.273],[4.71965,46.27308],[4.71991,46.27311]]],[[[4.72015,46.27509],[4.72027,46.27459],[4.72015,46.27456],[4.72003,46.27475],[4.71989,46.27472],[4.71991,46.27517],[4.71947,46.27523],[4.71928,46.27513],[4.71953,46.27556],[4.72013,46.27563],[4.72034,46.27508],[4.72015,46.27509]]],[[[4.7217,46.32332],[4.72107,46.32256],[4.72064,46.32278],[4.72015,46.3231],[4.71938,46.32374],[4.72147,46.3243],[4.72147,46.3234],[4.7217,46.32332]]],[[[4.71958,46.28078],[4.7194,46.27962],[4.71825,46.27954],[4.71811,46.27991],[4.71821,46.28015],[4.7182,46.28027],[4.71793,46.28059],[4.71782,46.281],[4.71739,46.28164],[4.71731,46.28205],[4.71772,46.28209],[4.71812,46.2822],[4.71815,46.2824],[4.71965,46.28241],[4.71972,46.28236],[4.71959,46.28191],[4.71958,46.28078]]],[[[4.71852,46.27856],[4.71823,46.27882],[4.71736,46.27925],[4.71693,46.27931],[4.71687,46.27943],[4.71663,46.27966],[4.71568,46.28023],[4.71534,46.28075],[4.71463,46.28133],[4.71463,46.28175],[4.71449,46.28221],[4.71356,46.28291],[4.71304,46.28364],[4.713,46.28395],[4.71283,46.28396],[4.71305,46.28487],[4.71298,46.28487],[4.71303,46.2853],[4.71358,46.28536],[4.71478,46.28534],[4.71493,46.28459],[4.7148,46.2841],[4.71477,46.28338],[4.71505,46.28302],[4.71477,46.28304],[4.71446,46.28315],[4.7147,46.28304],[4.71508,46.28298],[4.71516,46.28282],[4.71629,46.2822],[4.71672,46.28209],[4.71726,46.28204],[4.71738,46.28161],[4.71782,46.28093],[4.71793,46.28052],[4.71818,46.28028],[4.71808,46.27993],[4.71813,46.27967],[4.71878,46.27846],[4.71852,46.27856]]]]}},{"type":"Feature","properties":{"id":"appellation-pouilly-fuisse","kind":"appellation","level":"village","name":"Pouilly-Fuissé","full":"Pouilly-Fuissé","app":"Pouilly-Fuissé","region":"maconnais","communes":["Chaintré","Fuissé","Solutré-Pouilly","Vergisson"],"area_ha":800.94,"elev":[210.9,303.3,438.3],"slope":8.5,"slope_pct":15.1,"aspect":96,"aspect_label":"E","aspect_hist":[0.12,0.118,0.275,0.204,0.119,0.055,0.047,0.06],"village":"pouilly-fuisse","pc_area_ha":193.48,"n_climats":22,"white":true},"geometry":{"type":"MultiPolygon","coordinates":[[[[4.76865,46.26141],[4.76993,46.26123],[4.76955,46.26022],[4.76931,46.25992],[4.76714,46.26029],[4.7655,46.26063],[4.76407,46.26072],[4.76201,46.26109],[4.76416,46.26244],[4.76497,46.2633],[4.76585,46.26352],[4.7668,46.26394],[4.767,46.26398],[4.76726,46.26395],[4.76742,46.26386],[4.76776,46.26344],[4.76806,46.26324],[4.768,46.26325],[4.76793,46.26297],[4.76901,46.26281],[4.76905,46.26293],[4.76974,46.26282],[4.76986,46.26308],[4.77064,46.26293],[4.77008,46.26161],[4.76874,46.2618],[4.76865,46.26141]]],[[[4.76864,46.25869],[4.76842,46.25751],[4.76628,46.25766],[4.76508,46.25782],[4.76435,46.25863],[4.7639,46.25892],[4.763,46.2591],[4.76213,46.25916],[4.76152,46.25929],[4.7617,46.25971],[4.76107,46.25979],[4.76073,46.25996],[4.76078,46.26006],[4.7609,46.26006],[4.7609,46.26058],[4.76101,46.26065],[4.76079,46.26066],[4.76079,46.26072],[4.76072,46.26072],[4.76077,46.26087],[4.76087,46.26087],[4.76084,46.2607],[4.76112,46.26072],[4.76112,46.26069],[4.76176,46.26062],[4.76171,46.2602],[4.76181,46.2604],[4.76182,46.2607],[4.76243,46.26061],[4.76243,46.26048],[4.7626,46.26035],[4.76249,46.2606],[4.763,46.26052],[4.76309,46.26081],[4.76382,46.26069],[4.76561,46.26053],[4.76929,46.25987],[4.76864,46.25869]]],[[[4.76803,46.26335],[4.76753,46.26389],[4.76785,46.26386],[4.76922,46.26353],[4.76919,46.26346],[4.76941,46.2632],[4.76823,46.26328],[4.76803,46.26335]]],[[[4.76744,46.2563],[4.76807,46.25621],[4.76797,46.25597],[4.76692,46.25619],[4.76644,46.25698],[4.76627,46.25709],[4.7664,46.2576],[4.76844,46.25744],[4.76814,46.25643],[4.7675,46.25651],[4.76744,46.2563]]],[[[4.76658,46.25547],[4.76689,46.25613],[4.76789,46.25589],[4.76687,46.25539],[4.76658,46.25547]]],[[[4.76633,46.25514],[4.76577,46.25487],[4.7655,46.25461],[4.76497,46.25307],[4.76473,46.25289],[4.76438,46.25285],[4.76213,46.25315],[4.76202,46.25322],[4.76181,46.25364],[4.76305,46.25422],[4.76338,46.25447],[4.76423,46.25614],[4.7652,46.25672],[4.76623,46.25699],[4.7664,46.25694],[4.76682,46.25619],[4.76676,46.25605],[4.766,46.25607],[4.76558,46.25534],[4.76633,46.25514]]],[[[4.7597,46.26268],[4.76061,46.26353],[4.76096,46.26351],[4.76144,46.26418],[4.76136,46.2642],[4.7613,46.26412],[4.76116,46.26416],[4.76135,46.26431],[4.76184,46.26423],[4.76193,46.2645],[4.76166,46.26455],[4.76203,46.26481],[4.76231,46.26476],[4.76228,46.26468],[4.76259,46.26462],[4.76263,46.26481],[4.76209,46.26486],[4.76218,46.26493],[4.76257,46.26486],[4.76294,46.26508],[4.76702,46.26407],[4.76674,46.26401],[4.76579,46.26358],[4.7652,46.26347],[4.76487,46.26334],[4.76468,46.2632],[4.76429,46.26265],[4.7638,46.26229],[4.76293,46.26174],[4.76176,46.26112],[4.76143,46.26118],[4.76137,46.26146],[4.76115,46.26145],[4.76091,46.26191],[4.76091,46.26206],[4.76057,46.26206],[4.7606,46.26234],[4.76091,46.2623],[4.76099,46.2627],[4.76065,46.26271],[4.76052,46.26279],[4.76009,46.26267],[4.7597,46.26268]]],[[[4.76445,46.25636],[4.76468,46.25779],[4.76441,46.25633],[4.76418,46.25616],[4.76398,46.25583],[4.76388,46.25548],[4.76332,46.25449],[4.76301,46.25426],[4.76174,46.25367],[4.76152,46.25427],[4.76196,46.25466],[4.76205,46.25481],[4.76279,46.25729],[4.76348,46.25718],[4.76357,46.25753],[4.76287,46.25763],[4.76283,46.25796],[4.76257,46.25836],[4.76294,46.25828],[4.763,46.25848],[4.76238,46.25857],[4.76191,46.25915],[4.76299,46.25905],[4.76384,46.25887],[4.76427,46.25858],[4.76452,46.25832],[4.76481,46.25781],[4.76497,46.25771],[4.7663,46.25758],[4.76616,46.25702],[4.76514,46.25678],[4.76445,46.25636]]],[[[4.76275,46.25756],[4.76194,46.25481],[4.76145,46.25438],[4.76099,46.25536],[4.76078,46.25634],[4.76101,46.25632],[4.76136,46.25645],[4.76145,46.25644],[4.76151,46.25676],[4.76116,46.25681],[4.76131,46.257],[4.76133,46.25718],[4.76098,46.25726],[4.761,46.25737],[4.76113,46.25786],[4.76129,46.25784],[4.76152,46.25814],[4.76181,46.25805],[4.76191,46.25835],[4.76144,46.25842],[4.76116,46.2582],[4.76105,46.25818],[4.76107,46.25873],[4.76137,46.2587],[4.76147,46.25897],[4.76132,46.25898],[4.76143,46.25924],[4.7617,46.25915],[4.76197,46.25894],[4.76274,46.25795],[4.76275,46.25756]]],[[[4.76105,46.25279],[4.76036,46.25286],[4.7609,46.25319],[4.76168,46.25356],[4.76183,46.25332],[4.76177,46.25315],[4.76105,46.25279]]],[[[4.75978,46.25298],[4.75827,46.25352],[4.75745,46.25414],[4.75666,46.25454],[4.75656,46.2556],[4.7566,46.25694],[4.75734,46.25846],[4.75804,46.25959],[4.7587,46.25959],[4.75872,46.25947],[4.75888,46.25946],[4.75887,46.25899],[4.75821,46.25895],[4.75823,46.2586],[4.75825,46.25855],[4.75847,46.25853],[4.759,46.25855],[4.7589,46.25792],[4.75942,46.25794],[4.75933,46.25757],[4.75907,46.25756],[4.75907,46.25736],[4.7593,46.25735],[4.75911,46.25633],[4.75882,46.2563],[4.7588,46.25594],[4.7591,46.25593],[4.75908,46.25504],[4.7597,46.25497],[4.75976,46.25492],[4.75974,46.25449],[4.75995,46.25448],[4.76052,46.2546],[4.76077,46.25393],[4.76138,46.25411],[4.76166,46.25359],[4.76089,46.25324],[4.7603,46.25287],[4.75978,46.25298]],[[4.75812,46.25536],[4.75796,46.2549],[4.75819,46.25475],[4.75812,46.25453],[4.75852,46.25441],[4.75841,46.25422],[4.75873,46.25406],[4.75863,46.25391],[4.75873,46.25371],[4.75887,46.25385],[4.75902,46.25387],[4.7591,46.25406],[4.75893,46.25463],[4.75851,46.25541],[4.75812,46.25536]]],[[[4.76176,46.26065],[4.76118,46.26071],[4.76129,46.26113],[4.76185,46.26101],[4.76176,46.26065]]],[[[4.75986,46.25452],[4.75983,46.255],[4.75915,46.25508],[4.75916,46.25563],[4.75955,46.25565],[4.75956,46.25601],[4.75917,46.25599],[4.75923,46.25667],[4.76004,46.25671],[4.75969,46.2576],[4.76015,46.25719],[4.7606,46.25645],[4.76071,46.25623],[4.76043,46.25606],[4.76051,46.25541],[4.76061,46.25541],[4.76061,46.25516],[4.76078,46.25515],[4.76081,46.25529],[4.76093,46.25528],[4.76126,46.25467],[4.76137,46.25415],[4.7608,46.25402],[4.76056,46.25465],[4.75986,46.25452]]],[[[4.76118,46.26471],[4.76108,46.26441],[4.76131,46.26436],[4.76095,46.26404],[4.76085,46.26408],[4.76093,46.26437],[4.76071,46.2644],[4.76063,46.2641],[4.76092,46.26399],[4.7602,46.26316],[4.75947,46.2636],[4.75932,46.26348],[4.75955,46.26328],[4.75922,46.26302],[4.75811,46.26492],[4.75708,46.26595],[4.75716,46.26594],[4.75719,46.26618],[4.75934,46.26596],[4.76043,46.26567],[4.76132,46.2653],[4.76154,46.26529],[4.76147,46.26501],[4.76165,46.26499],[4.76162,46.2649],[4.76144,46.26465],[4.76118,46.26471]]],[[[4.76073,46.25647],[4.76021,46.25721],[4.75979,46.2576],[4.76032,46.25762],[4.76031,46.25783],[4.75955,46.25779],[4.75952,46.25783],[4.75948,46.25802],[4.7596,46.25803],[4.75969,46.25833],[4.75989,46.25844],[4.7599,46.25858],[4.75941,46.25861],[4.75929,46.25914],[4.7593,46.2593],[4.75977,46.25927],[4.75965,46.25928],[4.75968,46.25954],[4.76069,46.25938],[4.76061,46.25894],[4.76067,46.25885],[4.76101,46.25879],[4.76094,46.25814],[4.76106,46.25779],[4.76073,46.25647]]],[[[4.75935,46.2621],[4.75944,46.26248],[4.75952,46.26253],[4.75968,46.26256],[4.76058,46.26242],[4.76044,46.26185],[4.75935,46.2621]]],[[[4.75945,46.26143],[4.75937,46.26133],[4.75916,46.26133],[4.75933,46.26204],[4.75993,46.2619],[4.76,46.26168],[4.75993,46.26139],[4.75945,46.26143]]],[[[4.75698,46.26209],[4.75679,46.2623],[4.75668,46.26274],[4.75655,46.2629],[4.75669,46.26292],[4.75636,46.26345],[4.75617,46.26409],[4.75751,46.26422],[4.75741,46.26502],[4.75631,46.26555],[4.75541,46.26393],[4.75552,46.26437],[4.75541,46.26587],[4.75633,46.26597],[4.75653,46.26607],[4.75601,46.26597],[4.7554,46.26594],[4.7554,46.26672],[4.75556,46.26736],[4.75576,46.26736],[4.75599,46.26685],[4.75643,46.26626],[4.75703,46.26587],[4.75804,46.26479],[4.75919,46.2629],[4.75858,46.2628],[4.75799,46.2628],[4.75798,46.26222],[4.75698,46.26209]]],[[[4.75827,46.26005],[4.75704,46.25997],[4.75651,46.26031],[4.7558,46.26039],[4.75578,46.26054],[4.75635,46.26101],[4.75677,46.2612],[4.75721,46.26116],[4.75802,46.26122],[4.75799,46.2611],[4.75815,46.26102],[4.75814,46.26092],[4.75836,46.26091],[4.75842,46.26081],[4.75848,46.26083],[4.75827,46.26005]]],[[[4.75806,46.26125],[4.7571,46.2612],[4.75689,46.26124],[4.75704,46.26161],[4.75704,46.26196],[4.75712,46.26205],[4.75834,46.26221],[4.75836,46.26166],[4.75817,46.26165],[4.75806,46.26125]]],[[[4.75811,46.29374],[4.75668,46.29289],[4.75624,46.29272],[4.756,46.29271],[4.75547,46.29279],[4.75517,46.29301],[4.75493,46.29345],[4.7548,46.29398],[4.75406,46.29391],[4.75347,46.29397],[4.75338,46.29404],[4.75289,46.29404],[4.75288,46.29362],[4.75228,46.29353],[4.7523,46.29343],[4.75217,46.29341],[4.75215,46.29333],[4.75167,46.29328],[4.75163,46.29335],[4.75143,46.2933],[4.75147,46.29314],[4.75119,46.29302],[4.75088,46.29296],[4.7508,46.29321],[4.74991,46.29282],[4.74866,46.2927],[4.74862,46.29292],[4.74973,46.29321],[4.7497,46.29328],[4.75253,46.29423],[4.75462,46.29452],[4.7549,46.29396],[4.75508,46.29401],[4.75506,46.29405],[4.75621,46.29438],[4.75606,46.29473],[4.75764,46.29516],[4.75784,46.29492],[4.75896,46.29541],[4.75934,46.29505],[4.75861,46.29411],[4.75811,46.29374]]],[[[4.7577,46.27854],[4.7577,46.27862],[4.75724,46.27861],[4.75724,46.27857],[4.75677,46.27863],[4.75627,46.2786],[4.75622,46.27886],[4.75427,46.27864],[4.75439,46.27947],[4.75472,46.28061],[4.75481,46.28142],[4.75492,46.2816],[4.75555,46.28153],[4.75627,46.28157],[4.75682,46.28102],[4.75721,46.27995],[4.75823,46.28003],[4.75859,46.27933],[4.75867,46.27911],[4.75863,46.27893],[4.75839,46.27868],[4.75835,46.27852],[4.7577,46.27854]]],[[[4.75792,46.25956],[4.75653,46.25695],[4.75648,46.2556],[4.75654,46.25456],[4.75618,46.25462],[4.75607,46.25517],[4.75588,46.25517],[4.7557,46.25586],[4.75568,46.25612],[4.75584,46.25655],[4.75585,46.2568],[4.7555,46.25835],[4.75576,46.26035],[4.7565,46.26027],[4.75701,46.25993],[4.75788,46.25999],[4.75783,46.25956],[4.75792,46.25956]]],[[[4.75817,46.28448],[4.75783,46.28425],[4.75753,46.28346],[4.75737,46.28327],[4.75611,46.28358],[4.75653,46.2844],[4.75659,46.28475],[4.75705,46.28545],[4.75852,46.2851],[4.75842,46.28481],[4.75824,46.28458],[4.75733,46.28483],[4.75723,46.28468],[4.75817,46.28448]]],[[[4.7569,46.28093],[4.75652,46.2814],[4.75627,46.2816],[4.75541,46.28157],[4.75492,46.28165],[4.75548,46.28255],[4.7564,46.28232],[4.75651,46.28214],[4.7571,46.28173],[4.75744,46.2814],[4.7575,46.28142],[4.75794,46.28076],[4.75812,46.28034],[4.75716,46.28018],[4.7569,46.28093]]],[[[4.75785,46.2916],[4.75734,46.29118],[4.75708,46.29135],[4.75779,46.292],[4.75817,46.29254],[4.75838,46.29242],[4.75832,46.29215],[4.75785,46.2916]]],[[[4.75723,46.29168],[4.75618,46.29227],[4.75713,46.29273],[4.75731,46.2927],[4.75775,46.29276],[4.75808,46.29259],[4.75747,46.2918],[4.75743,46.29183],[4.75723,46.29168]]],[[[4.75683,46.26135],[4.75638,46.2611],[4.75565,46.26273],[4.75548,46.26276],[4.75559,46.26298],[4.75477,46.26346],[4.75503,46.26386],[4.75538,46.26368],[4.75649,46.26287],[4.75662,46.26271],[4.75671,46.26228],[4.75696,46.26202],[4.75698,46.26172],[4.75683,46.26135]]],[[[4.75711,46.28626],[4.75687,46.28555],[4.75695,46.28554],[4.75696,46.28539],[4.75654,46.28477],[4.75587,46.28319],[4.755,46.2834],[4.7549,46.28324],[4.75455,46.28332],[4.75409,46.28211],[4.75364,46.28193],[4.75334,46.28168],[4.75371,46.28133],[4.75406,46.28115],[4.75286,46.28035],[4.75249,46.28018],[4.75211,46.27978],[4.75127,46.27909],[4.75058,46.27942],[4.74983,46.27957],[4.74875,46.27969],[4.74877,46.27994],[4.74995,46.28078],[4.75042,46.28095],[4.75065,46.28088],[4.75088,46.28095],[4.75152,46.28128],[4.75221,46.28177],[4.75288,46.28205],[4.7541,46.28388],[4.75435,46.28457],[4.75534,46.28449],[4.75539,46.28465],[4.75439,46.28473],[4.75441,46.28489],[4.75423,46.28534],[4.75393,46.2858],[4.75369,46.28595],[4.75353,46.28656],[4.75385,46.28732],[4.75372,46.28739],[4.75413,46.28769],[4.75442,46.28781],[4.7549,46.28746],[4.75549,46.28787],[4.75598,46.28764],[4.75637,46.28801],[4.7566,46.28813],[4.75742,46.28765],[4.75694,46.28719],[4.7569,46.28706],[4.75764,46.28679],[4.75733,46.28624],[4.75661,46.28643],[4.75659,46.28639],[4.75711,46.28626]]],[[[4.75737,46.28326],[4.75655,46.28234],[4.75637,46.28234],[4.75549,46.28257],[4.75612,46.28356],[4.75737,46.28326]]],[[[4.75662,46.29131],[4.75611,46.29083],[4.75603,46.29086],[4.75588,46.2906],[4.75527,46.29],[4.75417,46.28925],[4.75439,46.28911],[4.75283,46.2881],[4.75198,46.28775],[4.7528,46.28855],[4.75352,46.28911],[4.75444,46.2906],[4.755,46.29131],[4.75557,46.29187],[4.75616,46.29225],[4.7572,46.29166],[4.75662,46.29131]]],[[[4.75616,46.27689],[4.75603,46.2765],[4.75519,46.27648],[4.75372,46.27654],[4.7542,46.278],[4.75492,46.27791],[4.7542,46.27802],[4.75427,46.27861],[4.75578,46.27878],[4.75592,46.27792],[4.75625,46.27793],[4.75636,46.2776],[4.75631,46.27754],[4.7562,46.27755],[4.75616,46.27689]]],[[[4.75478,46.27591],[4.75436,46.27442],[4.75425,46.27475],[4.7539,46.27508],[4.75375,46.27544],[4.75338,46.27591],[4.75321,46.27649],[4.75591,46.27646],[4.75604,46.27629],[4.75478,46.27591]]],[[[4.75435,46.26411],[4.75438,46.26465],[4.75462,46.2648],[4.75465,46.2649],[4.75453,46.26536],[4.75406,46.26589],[4.75531,46.2659],[4.75546,46.26438],[4.75532,46.26379],[4.75435,46.26411]]],[[[4.75551,46.26773],[4.75532,46.26595],[4.75395,46.26597],[4.7538,46.26609],[4.75374,46.26631],[4.75449,46.26629],[4.75446,46.26683],[4.75398,46.26684],[4.754,46.26705],[4.7541,46.26705],[4.75411,46.26718],[4.75444,46.26732],[4.75444,46.26744],[4.75468,46.26766],[4.75479,46.26797],[4.75456,46.26797],[4.7546,46.26786],[4.75446,46.26762],[4.75401,46.26774],[4.75346,46.26671],[4.75274,46.26714],[4.75292,46.26742],[4.75281,46.26746],[4.75315,46.268],[4.75355,46.26813],[4.75397,46.26845],[4.7545,46.26835],[4.75457,46.26863],[4.75409,46.26891],[4.75411,46.26907],[4.75524,46.26955],[4.75545,46.26851],[4.75551,46.26773]]],[[[4.75396,46.26851],[4.75363,46.26821],[4.75312,46.26801],[4.75281,46.26752],[4.75255,46.26751],[4.75241,46.26736],[4.75201,46.26752],[4.75158,46.26754],[4.75137,46.26732],[4.75079,46.26758],[4.75036,46.26787],[4.75024,46.26777],[4.74991,46.26806],[4.75031,46.26834],[4.74992,46.26861],[4.7504,46.26893],[4.75083,46.2688],[4.75124,46.26857],[4.75219,46.26973],[4.75228,46.26997],[4.75224,46.27009],[4.75173,46.2706],[4.75169,46.27127],[4.75329,46.27147],[4.75361,46.27146],[4.75357,46.27152],[4.75436,46.27169],[4.75467,46.27062],[4.75491,46.27017],[4.75456,46.27022],[4.75498,46.27011],[4.75524,46.26957],[4.75405,46.26909],[4.75396,46.26851]],[[4.75224,46.26829],[4.75201,46.26825],[4.7521,46.26822],[4.75243,46.26818],[4.75266,46.26804],[4.75274,46.26804],[4.75283,46.26828],[4.75273,46.2684],[4.75235,46.26852],[4.75224,46.26829]]],[[[4.75584,46.29248],[4.75464,46.29193],[4.75339,46.29114],[4.75241,46.29062],[4.75132,46.29031],[4.75068,46.29002],[4.75056,46.29017],[4.75033,46.29006],[4.75045,46.28993],[4.74971,46.28965],[4.74891,46.28953],[4.74875,46.29023],[4.74925,46.29026],[4.75048,46.29056],[4.75041,46.29159],[4.75069,46.2918],[4.75083,46.29229],[4.75108,46.29273],[4.7534,46.29268],[4.75568,46.29271],[4.75584,46.29248]]],[[[4.75043,46.28936],[4.75064,46.28943],[4.75061,46.28951],[4.75092,46.28966],[4.75124,46.28928],[4.75142,46.28937],[4.75094,46.28992],[4.75163,46.29021],[4.75268,46.29049],[4.75497,46.29181],[4.75532,46.29191],[4.75547,46.29184],[4.75457,46.29089],[4.75339,46.28906],[4.75286,46.28868],[4.75138,46.2873],[4.75054,46.28618],[4.75023,46.28634],[4.75036,46.28673],[4.75037,46.28699],[4.75099,46.28785],[4.75058,46.28737],[4.7495,46.28791],[4.74947,46.28787],[4.75056,46.28735],[4.75034,46.28701],[4.75018,46.28632],[4.75051,46.28615],[4.7504,46.28601],[4.74983,46.28618],[4.74791,46.28707],[4.74744,46.2874],[4.74638,46.28901],[4.75002,46.28959],[4.75008,46.28949],[4.75026,46.28954],[4.75032,46.28949],[4.75043,46.28936]]],[[[4.75423,46.26412],[4.75359,46.26421],[4.75356,46.26438],[4.75389,46.2644],[4.7538,46.26448],[4.75378,46.2647],[4.7539,46.26483],[4.75376,46.26538],[4.75439,46.26545],[4.7546,46.26488],[4.75433,46.26466],[4.75423,46.26412]]],[[[4.7542,46.28174],[4.75466,46.28219],[4.75513,46.28208],[4.75474,46.28159],[4.7542,46.28174]]],[[[4.75389,46.28022],[4.7537,46.27995],[4.75444,46.27975],[4.75432,46.27931],[4.75421,46.27827],[4.75408,46.27767],[4.75371,46.27663],[4.75364,46.27655],[4.75323,46.27656],[4.75297,46.27662],[4.75296,46.27676],[4.75254,46.27766],[4.75213,46.27809],[4.75242,46.27942],[4.75255,46.27969],[4.75292,46.2801],[4.75289,46.28028],[4.75301,46.28041],[4.75451,46.28136],[4.75472,46.28137],[4.75467,46.28059],[4.75428,46.28051],[4.75389,46.28022]]],[[[4.75344,46.27152],[4.7521,46.27143],[4.75197,46.27152],[4.75199,46.27141],[4.7519,46.27138],[4.75101,46.27135],[4.75017,46.27167],[4.75014,46.27173],[4.75097,46.2723],[4.7518,46.27303],[4.75244,46.27259],[4.7526,46.27254],[4.75182,46.27305],[4.75214,46.27352],[4.75236,46.27367],[4.75409,46.27397],[4.75435,46.27179],[4.75344,46.27152]]],[[[4.75339,46.26614],[4.7536,46.2664],[4.75376,46.26607],[4.75405,46.26579],[4.75322,46.26569],[4.75339,46.26614]]],[[[4.753,46.29438],[4.75201,46.29412],[4.75195,46.29427],[4.75126,46.29411],[4.74933,46.29344],[4.74943,46.29326],[4.74898,46.29311],[4.74894,46.29319],[4.74879,46.29314],[4.74883,46.29306],[4.74869,46.29301],[4.74866,46.29306],[4.7472,46.29296],[4.74711,46.29302],[4.74703,46.29331],[4.74781,46.29385],[4.74834,46.29439],[4.74897,46.29462],[4.74985,46.29467],[4.74985,46.29471],[4.7517,46.29477],[4.75168,46.29483],[4.75216,46.29491],[4.75241,46.29488],[4.75243,46.29481],[4.75325,46.29488],[4.75328,46.2948],[4.75366,46.29479],[4.75444,46.29487],[4.75459,46.29458],[4.753,46.29438]]],[[[4.75335,46.26666],[4.75302,46.26636],[4.7528,46.2664],[4.75211,46.26697],[4.75239,46.26723],[4.75335,46.26666]]],[[[4.75233,46.27664],[4.75207,46.27778],[4.75212,46.27803],[4.75249,46.27767],[4.75292,46.27677],[4.75293,46.27661],[4.75258,46.27657],[4.75233,46.27664]]],[[[4.75263,46.27447],[4.75266,46.27413],[4.75223,46.27369],[4.7516,46.27381],[4.74972,46.27395],[4.74985,46.27447],[4.75194,46.27461],[4.75183,46.27529],[4.75156,46.27525],[4.75143,46.27556],[4.75117,46.2756],[4.75126,46.27575],[4.75046,46.27592],[4.74943,46.27628],[4.74902,46.27621],[4.74865,46.27624],[4.74794,46.27642],[4.74789,46.27727],[4.74759,46.27754],[4.74656,46.2775],[4.74646,46.27732],[4.74618,46.27727],[4.74538,46.27736],[4.74535,46.27753],[4.7448,46.2778],[4.74493,46.27833],[4.7456,46.27844],[4.74567,46.27827],[4.74581,46.27827],[4.74605,46.27836],[4.74607,46.27854],[4.74649,46.27844],[4.74651,46.27818],[4.74697,46.2782],[4.74696,46.27814],[4.74697,46.27827],[4.74693,46.27839],[4.74764,46.27828],[4.74793,46.27813],[4.74849,46.27766],[4.74811,46.2772],[4.74852,46.27764],[4.74932,46.27725],[4.75013,46.27703],[4.75133,46.2765],[4.75202,46.2763],[4.75211,46.27586],[4.75265,46.27593],[4.75283,46.27506],[4.7524,46.27507],[4.75263,46.27447]]],[[[4.75245,46.27973],[4.75202,46.27805],[4.75196,46.27808],[4.75192,46.27797],[4.75187,46.27742],[4.7517,46.27695],[4.75201,46.27636],[4.75126,46.2766],[4.75029,46.27707],[4.74933,46.27732],[4.74834,46.27782],[4.74798,46.27818],[4.74835,46.2785],[4.75,46.27802],[4.75016,46.27803],[4.75059,46.27831],[4.7512,46.27792],[4.75062,46.27835],[4.75068,46.27846],[4.75129,46.27901],[4.75143,46.27893],[4.75153,46.27901],[4.75187,46.27903],[4.75211,46.27939],[4.75205,46.27941],[4.7518,46.27906],[4.75136,46.27906],[4.7526,46.28014],[4.75277,46.28021],[4.75281,46.28013],[4.75245,46.27973]]],[[[4.75181,46.28512],[4.75149,46.28464],[4.75002,46.285],[4.75038,46.2858],[4.75146,46.2872],[4.7519,46.28758],[4.75215,46.2877],[4.7526,46.28766],[4.75293,46.28759],[4.75273,46.28695],[4.75276,46.28613],[4.75299,46.28551],[4.75256,46.28545],[4.75256,46.28527],[4.75204,46.28535],[4.75188,46.28511],[4.75181,46.28512]]],[[[4.75126,46.26864],[4.75067,46.26889],[4.75037,46.26896],[4.74953,46.26834],[4.74821,46.26934],[4.74793,46.26964],[4.74746,46.26991],[4.74788,46.27036],[4.74818,46.27056],[4.74848,46.27102],[4.74956,46.27159],[4.74987,46.27128],[4.7495,46.27104],[4.74924,46.27099],[4.7488,46.27073],[4.74935,46.271],[4.75009,46.27027],[4.74989,46.26995],[4.74943,46.26954],[4.74997,46.26998],[4.75014,46.27023],[4.75045,46.26999],[4.75049,46.27003],[4.75018,46.27023],[4.74946,46.27096],[4.74993,46.27128],[4.74971,46.27149],[4.74986,46.27166],[4.75101,46.27129],[4.75166,46.27128],[4.75172,46.27055],[4.7522,46.27009],[4.75223,46.26994],[4.75213,46.26968],[4.75126,46.26864]]],[[[4.75176,46.27309],[4.75079,46.27226],[4.75021,46.27188],[4.74976,46.27168],[4.74791,46.27254],[4.74965,46.27169],[4.74919,46.2715],[4.7474,46.27176],[4.74739,46.2717],[4.7468,46.27138],[4.74641,46.2713],[4.74562,46.27129],[4.74562,46.27147],[4.74465,46.27159],[4.7447,46.27129],[4.74495,46.27127],[4.74468,46.27083],[4.74464,46.27062],[4.74413,46.27015],[4.74421,46.26967],[4.74401,46.26964],[4.74443,46.26906],[4.74453,46.26899],[4.74466,46.26906],[4.74472,46.269],[4.7439,46.26879],[4.74238,46.26861],[4.7414,46.27006],[4.74124,46.27065],[4.74125,46.27103],[4.74152,46.27155],[4.74223,46.27144],[4.74216,46.27115],[4.74292,46.27126],[4.7429,46.2714],[4.74335,46.27149],[4.74451,46.27161],[4.7445,46.27195],[4.74403,46.27212],[4.74437,46.27262],[4.74465,46.27283],[4.74505,46.27284],[4.74552,46.27277],[4.74552,46.27288],[4.74437,46.273],[4.74312,46.27196],[4.74301,46.27201],[4.74267,46.27194],[4.74244,46.27174],[4.74194,46.27192],[4.74367,46.27333],[4.74405,46.27348],[4.74546,46.2735],[4.74567,46.27357],[4.74593,46.27352],[4.74649,46.27359],[4.74649,46.27364],[4.74908,46.2734],[4.74978,46.27346],[4.74982,46.27352],[4.75036,46.27371],[4.75149,46.27375],[4.75207,46.27363],[4.75183,46.27333],[4.75181,46.27327],[4.75187,46.27325],[4.75176,46.27309]],[[4.74216,46.27043],[4.74251,46.26993],[4.74248,46.26956],[4.74258,46.26925],[4.74342,46.26945],[4.7432,46.26964],[4.7431,46.26997],[4.74294,46.27015],[4.74359,46.27043],[4.74348,46.27054],[4.74374,46.27059],[4.74365,46.27088],[4.74216,46.27043]]],[[[4.75153,46.26656],[4.74904,46.2675],[4.74905,46.26746],[4.74782,46.26755],[4.74787,46.26774],[4.74962,46.26797],[4.75019,46.26773],[4.75076,46.26729],[4.75186,46.26691],[4.75153,46.26656]]],[[[4.7498,46.28303],[4.74888,46.2833],[4.74966,46.28421],[4.75007,46.28496],[4.75147,46.28462],[4.75131,46.2843],[4.75187,46.28414],[4.7514,46.2835],[4.75041,46.28377],[4.7498,46.28303]]],[[[4.75033,46.27822],[4.75007,46.27818],[4.74949,46.27844],[4.74846,46.27936],[4.74841,46.27946],[4.7485,46.27956],[4.74871,46.27963],[4.74981,46.27954],[4.75074,46.27932],[4.75122,46.27906],[4.75033,46.27822]]],[[[4.74853,46.28515],[4.74838,46.28528],[4.74847,46.28558],[4.74842,46.28559],[4.74834,46.28518],[4.74883,46.285],[4.7498,46.28477],[4.74971,46.28453],[4.74878,46.28329],[4.74813,46.2835],[4.7482,46.2836],[4.74798,46.28367],[4.74777,46.28338],[4.7476,46.28341],[4.74755,46.28331],[4.74851,46.28299],[4.74788,46.28229],[4.7474,46.28246],[4.74732,46.28238],[4.7478,46.2822],[4.74704,46.28136],[4.74583,46.28176],[4.74512,46.28214],[4.74493,46.28308],[4.74497,46.28405],[4.74488,46.28494],[4.74425,46.28614],[4.74386,46.28717],[4.74369,46.28747],[4.7445,46.28812],[4.74596,46.28886],[4.74632,46.28899],[4.74741,46.28739],[4.74775,46.28712],[4.74973,46.2862],[4.75038,46.28598],[4.75002,46.28538],[4.74981,46.2848],[4.74853,46.28515]]],[[[4.74841,46.27857],[4.74808,46.27878],[4.74827,46.27901],[4.74855,46.27919],[4.74948,46.27837],[4.75009,46.27809],[4.74982,46.27812],[4.74841,46.27857]]],[[[4.74944,46.29033],[4.74866,46.29026],[4.74803,46.29008],[4.74723,46.29006],[4.74679,46.28993],[4.74656,46.28992],[4.74475,46.29001],[4.74481,46.29021],[4.74468,46.29022],[4.74555,46.29181],[4.7461,46.29225],[4.74758,46.29261],[4.7501,46.29279],[4.7501,46.29214],[4.75029,46.29213],[4.75035,46.29204],[4.75043,46.2906],[4.74944,46.29033]]],[[[4.74805,46.27053],[4.74773,46.27029],[4.74728,46.27029],[4.74709,46.2702],[4.74709,46.27026],[4.74567,46.27055],[4.74558,46.26998],[4.74497,46.27009],[4.74492,46.27033],[4.74472,46.27061],[4.74473,46.27083],[4.74493,46.27114],[4.74504,46.27114],[4.74508,46.27126],[4.7454,46.27123],[4.74541,46.27126],[4.74668,46.27131],[4.74744,46.27166],[4.74777,46.27167],[4.74912,46.27145],[4.74841,46.27104],[4.74805,46.27053]]],[[[4.74817,46.27986],[4.74862,46.28017],[4.74872,46.27995],[4.74861,46.27967],[4.74856,46.27964],[4.74817,46.27986]]],[[[4.74886,46.28952],[4.74606,46.28905],[4.74463,46.28832],[4.74433,46.28952],[4.74471,46.28953],[4.74473,46.28998],[4.74671,46.28991],[4.74728,46.29005],[4.74802,46.29005],[4.74872,46.29024],[4.74886,46.28952]]],[[[4.74649,46.27852],[4.74611,46.2786],[4.74789,46.27948],[4.74833,46.27944],[4.74839,46.27935],[4.74778,46.27895],[4.74672,46.27856],[4.74649,46.27852]]],[[[4.74574,46.26783],[4.74572,46.26838],[4.7451,46.26866],[4.74523,46.26885],[4.74483,46.26897],[4.7454,46.2698],[4.74694,46.26942],[4.74727,46.26921],[4.74769,46.2686],[4.74781,46.2681],[4.74775,46.26758],[4.74626,46.26766],[4.74574,46.26783]]],[[[4.74777,46.26724],[4.74601,46.26698],[4.74576,46.26778],[4.74623,46.26763],[4.74774,46.26755],[4.74777,46.26724]]],[[[4.7478,46.29396],[4.74624,46.29284],[4.74604,46.29284],[4.74471,46.29304],[4.7428,46.29359],[4.74297,46.29416],[4.74297,46.29519],[4.74447,46.2951],[4.74622,46.29454],[4.74815,46.2944],[4.74815,46.29429],[4.7478,46.29396]]],[[[4.74596,46.28091],[4.74585,46.28083],[4.74569,46.28089],[4.74545,46.28059],[4.74564,46.28052],[4.74542,46.2803],[4.74481,46.28046],[4.74476,46.28022],[4.7446,46.28023],[4.7446,46.28095],[4.74476,46.2813],[4.74484,46.28173],[4.74508,46.28207],[4.74619,46.28161],[4.74586,46.28123],[4.74614,46.28111],[4.7462,46.28116],[4.74638,46.28109],[4.74626,46.28099],[4.74617,46.28104],[4.74602,46.28087],[4.74596,46.28091]]],[[[4.74508,46.27379],[4.74174,46.27304],[4.74113,46.27399],[4.74142,46.27408],[4.74115,46.27478],[4.74165,46.27493],[4.74171,46.27525],[4.74237,46.27537],[4.74266,46.27592],[4.74348,46.2758],[4.74503,46.27584],[4.74508,46.27379]],[[4.74297,46.27412],[4.74241,46.27398],[4.74265,46.27362],[4.74304,46.27371],[4.74287,46.27382],[4.74344,46.27391],[4.74339,46.27415],[4.74297,46.27412]]],[[[4.74477,46.28169],[4.74474,46.28137],[4.74457,46.28101],[4.74365,46.28126],[4.74257,46.28135],[4.74236,46.28137],[4.74236,46.28143],[4.74132,46.28153],[4.74119,46.28191],[4.7414,46.2819],[4.74154,46.28219],[4.74207,46.28217],[4.74211,46.28243],[4.7432,46.2824],[4.74323,46.28233],[4.74334,46.28233],[4.74334,46.2824],[4.74485,46.28242],[4.74498,46.28238],[4.74504,46.28217],[4.74477,46.28169]]],[[[4.74459,46.27772],[4.74425,46.27789],[4.74391,46.27796],[4.74398,46.27828],[4.74415,46.27827],[4.74413,46.27813],[4.74446,46.27813],[4.74449,46.27825],[4.74487,46.27821],[4.74479,46.27781],[4.74459,46.27772]]],[[[4.74494,46.2825],[4.74388,46.28244],[4.7435,46.28335],[4.7435,46.28379],[4.74367,46.28481],[4.74417,46.28611],[4.74479,46.28505],[4.74489,46.28468],[4.74486,46.28328],[4.74454,46.2833],[4.74454,46.28321],[4.74486,46.28319],[4.74494,46.2825]]],[[[4.74322,46.2804],[4.74324,46.28047],[4.74297,46.28051],[4.74301,46.28061],[4.74267,46.28067],[4.74271,46.28079],[4.74213,46.28083],[4.74213,46.28104],[4.74223,46.28106],[4.74199,46.28108],[4.74194,46.28144],[4.74234,46.28142],[4.74234,46.28136],[4.74364,46.28125],[4.74402,46.28116],[4.74417,46.28111],[4.74405,46.28087],[4.74453,46.28079],[4.74453,46.28035],[4.74388,46.28046],[4.74392,46.28056],[4.74379,46.28058],[4.74368,46.28033],[4.74322,46.2804]]],[[[4.7446,46.29238],[4.74419,46.29073],[4.74342,46.29065],[4.74366,46.29182],[4.74356,46.29229],[4.74322,46.29289],[4.74347,46.29291],[4.74361,46.29259],[4.74425,46.29267],[4.7446,46.29238]]],[[[4.74359,46.27983],[4.74376,46.27997],[4.74401,46.27987],[4.74371,46.2795],[4.74347,46.27953],[4.74359,46.27983]]],[[[4.74358,46.2876],[4.74307,46.28856],[4.7432,46.28858],[4.74301,46.28912],[4.74348,46.28916],[4.74345,46.28926],[4.74356,46.28927],[4.74372,46.28867],[4.74404,46.28872],[4.74424,46.2881],[4.7437,46.28761],[4.74358,46.2876]]],[[[4.74366,46.28487],[4.7435,46.28411],[4.74345,46.28341],[4.74381,46.28243],[4.74128,46.28245],[4.74126,46.28266],[4.74173,46.28265],[4.74177,46.28289],[4.74128,46.28291],[4.74132,46.28313],[4.74149,46.28313],[4.74152,46.28338],[4.74184,46.28342],[4.74175,46.28344],[4.74173,46.28359],[4.74184,46.28362],[4.74187,46.28371],[4.74225,46.28369],[4.74182,46.28373],[4.74173,46.2836],[4.7415,46.28362],[4.74149,46.28368],[4.74136,46.28369],[4.74154,46.28409],[4.74102,46.28421],[4.74177,46.28524],[4.74225,46.28628],[4.74241,46.28688],[4.74274,46.2871],[4.74365,46.28743],[4.74382,46.28718],[4.74416,46.2862],[4.74366,46.28487]]],[[[4.74258,46.27951],[4.74215,46.27956],[4.74232,46.28023],[4.74337,46.28004],[4.74326,46.27938],[4.74281,46.27945],[4.74278,46.2794],[4.74256,46.27944],[4.74258,46.27951]]],[[[4.74337,46.2907],[4.74275,46.29065],[4.74276,46.29056],[4.7415,46.29024],[4.74145,46.29036],[4.74115,46.2903],[4.74107,46.29047],[4.74053,46.29043],[4.7405,46.29082],[4.74037,46.291],[4.74012,46.29099],[4.73998,46.29131],[4.74014,46.29136],[4.73996,46.29159],[4.74003,46.29162],[4.73991,46.29219],[4.74,46.2922],[4.74001,46.29226],[4.73996,46.29253],[4.74062,46.2926],[4.74075,46.2922],[4.74108,46.29222],[4.7411,46.29211],[4.74185,46.29219],[4.74192,46.29194],[4.74255,46.29205],[4.74248,46.29226],[4.74208,46.29251],[4.74187,46.29282],[4.74228,46.29326],[4.7427,46.2929],[4.74304,46.29311],[4.74358,46.29203],[4.74356,46.29141],[4.74337,46.2907]]],[[[4.74325,46.28738],[4.74222,46.28696],[4.74185,46.28694],[4.7417,46.28746],[4.74099,46.28822],[4.74008,46.28824],[4.74023,46.28861],[4.74055,46.28857],[4.74055,46.28862],[4.74076,46.28862],[4.74082,46.28889],[4.74175,46.28886],[4.7428,46.28893],[4.74343,46.28777],[4.7434,46.28753],[4.74325,46.28738]]],[[[4.74241,46.27844],[4.74138,46.27831],[4.74095,46.27815],[4.73966,46.2779],[4.73891,46.27802],[4.73882,46.27812],[4.73898,46.27857],[4.74005,46.2791],[4.74054,46.27962],[4.74172,46.27961],[4.74229,46.27928],[4.74195,46.27863],[4.74264,46.27858],[4.74241,46.27844]]],[[[4.74161,46.29536],[4.74005,46.29568],[4.73984,46.29591],[4.73843,46.29642],[4.73804,46.29668],[4.73788,46.29675],[4.73765,46.2968],[4.7368,46.29684],[4.73634,46.29737],[4.7373,46.29769],[4.73779,46.29772],[4.74,46.29752],[4.74003,46.29731],[4.73764,46.29739],[4.73765,46.29731],[4.73862,46.2972],[4.74069,46.29714],[4.74146,46.29747],[4.74221,46.2982],[4.74286,46.29834],[4.74288,46.29696],[4.74296,46.29698],[4.74317,46.29622],[4.74311,46.2962],[4.74299,46.29527],[4.74161,46.29536]]],[[[4.7427,46.29361],[4.74224,46.29333],[4.74168,46.2927],[4.73962,46.29259],[4.73943,46.29289],[4.73948,46.29465],[4.73938,46.29496],[4.739,46.29548],[4.7399,46.29567],[4.74168,46.2953],[4.74288,46.29517],[4.74292,46.29418],[4.7427,46.29361]]],[[[4.74274,46.28898],[4.74101,46.28894],[4.74088,46.28929],[4.74138,46.28931],[4.74182,46.28926],[4.74182,46.2893],[4.74208,46.28931],[4.74207,46.28944],[4.74215,46.28944],[4.7422,46.28908],[4.7427,46.2891],[4.74274,46.28898]]],[[[4.74165,46.2777],[4.74082,46.2777],[4.74078,46.27737],[4.73995,46.27747],[4.73903,46.27782],[4.73901,46.27794],[4.73984,46.27789],[4.741,46.27813],[4.74153,46.27832],[4.74186,46.27835],[4.74187,46.27824],[4.74222,46.2782],[4.7422,46.27783],[4.74165,46.2777]]],[[[4.74215,46.28633],[4.7417,46.28531],[4.74105,46.28446],[4.73987,46.28468],[4.74104,46.28443],[4.74081,46.28402],[4.74025,46.28411],[4.74016,46.28382],[4.7401,46.28382],[4.74006,46.28344],[4.73976,46.28345],[4.73971,46.28283],[4.73961,46.28283],[4.73979,46.28283],[4.73978,46.28271],[4.73926,46.2828],[4.73848,46.28313],[4.73814,46.28368],[4.73797,46.28466],[4.73779,46.28485],[4.73736,46.28506],[4.73731,46.28517],[4.7378,46.28564],[4.73805,46.286],[4.73839,46.2868],[4.73922,46.28696],[4.73958,46.28721],[4.74007,46.28822],[4.74097,46.28818],[4.7417,46.28739],[4.74184,46.28689],[4.74218,46.28689],[4.74215,46.28633]]],[[[4.74145,46.27968],[4.74084,46.27963],[4.74056,46.27966],[4.74114,46.28054],[4.74198,46.28025],[4.74182,46.27964],[4.74145,46.27968]]],[[[4.74056,46.28068],[4.74039,46.28009],[4.74072,46.28002],[4.7404,46.27965],[4.73972,46.27977],[4.73933,46.27978],[4.73873,46.27967],[4.73831,46.27969],[4.73713,46.27985],[4.73613,46.27962],[4.73606,46.27948],[4.73584,46.27932],[4.735,46.27915],[4.73397,46.27909],[4.7334,46.27916],[4.73344,46.2795],[4.73357,46.2797],[4.73406,46.28006],[4.73474,46.28037],[4.73517,46.28065],[4.7355,46.28093],[4.73599,46.28163],[4.73792,46.28138],[4.73886,46.28131],[4.73916,46.2814],[4.74076,46.28121],[4.74064,46.28086],[4.74041,46.28089],[4.74038,46.28073],[4.74056,46.28068]]],[[[4.74053,46.28126],[4.73914,46.28141],[4.73889,46.28133],[4.73799,46.28139],[4.736,46.28164],[4.73696,46.28256],[4.73773,46.28272],[4.73791,46.28286],[4.73844,46.28309],[4.73917,46.28278],[4.74007,46.28267],[4.74003,46.2824],[4.74044,46.28235],[4.74041,46.28217],[4.74054,46.28216],[4.74053,46.28206],[4.74071,46.28203],[4.74066,46.28186],[4.74054,46.28186],[4.74077,46.28182],[4.74053,46.28126]]],[[[4.73899,46.27866],[4.73877,46.2788],[4.7386,46.27866],[4.73884,46.27854],[4.73867,46.27821],[4.73868,46.27798],[4.73791,46.27786],[4.73765,46.2781],[4.73706,46.279],[4.73628,46.27899],[4.73622,46.27915],[4.73597,46.27912],[4.73601,46.279],[4.7352,46.27894],[4.73522,46.27886],[4.73475,46.27886],[4.73494,46.27836],[4.73588,46.27837],[4.73583,46.27849],[4.73728,46.27862],[4.73776,46.2779],[4.73712,46.27768],[4.73663,46.27759],[4.73618,46.2777],[4.73603,46.278],[4.73508,46.27795],[4.73517,46.27768],[4.73498,46.27768],[4.73497,46.27732],[4.73419,46.27732],[4.73399,46.27746],[4.73341,46.27909],[4.73424,46.279],[4.73499,46.2791],[4.73593,46.2793],[4.73624,46.27959],[4.73699,46.27979],[4.73742,46.27977],[4.7383,46.27963],[4.73966,46.27975],[4.74037,46.2796],[4.74008,46.2792],[4.73899,46.27866]]],[[[4.73909,46.27643],[4.73906,46.27703],[4.73866,46.27708],[4.73806,46.27702],[4.73805,46.27688],[4.73777,46.27687],[4.73683,46.27697],[4.73685,46.27716],[4.7371,46.27746],[4.73742,46.27766],[4.73766,46.27775],[4.73792,46.27777],[4.73798,46.27773],[4.73827,46.27786],[4.73872,46.27793],[4.73899,46.27777],[4.73902,46.2775],[4.73937,46.27749],[4.73985,46.27712],[4.73944,46.27697],[4.73947,46.27647],[4.73909,46.27643]]],[[[4.73977,46.28937],[4.73958,46.28873],[4.73979,46.28866],[4.73975,46.28859],[4.74008,46.28853],[4.73962,46.28745],[4.7394,46.2872],[4.73911,46.28703],[4.73773,46.28687],[4.73737,46.28717],[4.73767,46.28686],[4.73621,46.28676],[4.73599,46.28687],[4.73594,46.28704],[4.73623,46.28703],[4.73608,46.28789],[4.73644,46.28791],[4.73634,46.28831],[4.7364,46.28885],[4.73632,46.28887],[4.73629,46.28899],[4.73612,46.28896],[4.7358,46.28991],[4.73549,46.2899],[4.73436,46.28966],[4.73397,46.29051],[4.73417,46.29056],[4.73398,46.29076],[4.73365,46.29146],[4.73403,46.29181],[4.73452,46.29097],[4.73481,46.29067],[4.73448,46.29108],[4.73406,46.29187],[4.73485,46.29226],[4.73499,46.29204],[4.7361,46.29246],[4.73647,46.29139],[4.73678,46.29143],[4.73684,46.29214],[4.73675,46.29248],[4.7368,46.29264],[4.73696,46.29261],[4.73695,46.29304],[4.73712,46.29335],[4.73772,46.29343],[4.7382,46.29311],[4.73816,46.29282],[4.73853,46.29281],[4.73865,46.29266],[4.7388,46.29264],[4.73946,46.29267],[4.73957,46.29253],[4.73962,46.2924],[4.73937,46.2924],[4.7393,46.2921],[4.73922,46.2921],[4.7393,46.29147],[4.73948,46.29145],[4.73938,46.29103],[4.73855,46.29103],[4.73818,46.29101],[4.73939,46.29101],[4.73937,46.29041],[4.73972,46.29042],[4.7397,46.29018],[4.73979,46.29016],[4.73973,46.28974],[4.74024,46.28972],[4.74019,46.28935],[4.73977,46.28937]]],[[[4.74014,46.29756],[4.73742,46.29775],[4.73644,46.29747],[4.7364,46.298],[4.73732,46.2981],[4.73879,46.29799],[4.73975,46.29783],[4.74014,46.29762],[4.74014,46.29756]]],[[[4.73771,46.29609],[4.73588,46.29605],[4.73476,46.29587],[4.73467,46.29614],[4.73619,46.29658],[4.73662,46.29676],[4.73752,46.29679],[4.73795,46.29671],[4.73843,46.29641],[4.7398,46.2959],[4.73993,46.29575],[4.73896,46.29552],[4.73792,46.29605],[4.73771,46.29609]]],[[[4.73931,46.29837],[4.73961,46.29791],[4.73879,46.29808],[4.73747,46.29818],[4.7364,46.29807],[4.73639,46.29833],[4.73623,46.29878],[4.73758,46.29888],[4.7362,46.29881],[4.73616,46.299],[4.73853,46.29919],[4.7393,46.29922],[4.73958,46.29916],[4.73971,46.29856],[4.73998,46.29856],[4.73992,46.29825],[4.73965,46.29812],[4.73943,46.29842],[4.73931,46.29837]]],[[[4.73933,46.29296],[4.73851,46.29299],[4.73797,46.29327],[4.73757,46.29369],[4.73791,46.29377],[4.73749,46.29398],[4.7376,46.2941],[4.73782,46.29414],[4.73761,46.29443],[4.73784,46.29451],[4.73773,46.29473],[4.73765,46.29471],[4.73761,46.29477],[4.73708,46.29462],[4.73682,46.29468],[4.7368,46.29474],[4.73696,46.2949],[4.73892,46.29544],[4.73932,46.29491],[4.73942,46.29411],[4.73933,46.29296]]],[[[4.73909,46.29926],[4.73585,46.29903],[4.73486,46.29925],[4.73469,46.29952],[4.73628,46.30043],[4.73679,46.30057],[4.73754,46.30059],[4.73945,46.3003],[4.73933,46.29952],[4.7394,46.29933],[4.73909,46.29926]]],[[[4.73159,46.29512],[4.7312,46.29529],[4.73189,46.2955],[4.73208,46.29509],[4.73159,46.29512]]],[[[4.73189,46.2955],[4.73242,46.29557],[4.73249,46.29538],[4.73198,46.29532],[4.73189,46.2955]]],[[[4.73242,46.29557],[4.73327,46.29568],[4.73408,46.29554],[4.73407,46.29561],[4.73577,46.29596],[4.73756,46.29604],[4.73789,46.29598],[4.73885,46.2955],[4.73704,46.29498],[4.73679,46.29485],[4.73667,46.29465],[4.73598,46.29508],[4.73533,46.29523],[4.73452,46.29522],[4.73383,46.29512],[4.73295,46.29514],[4.73257,46.29509],[4.7325,46.29535],[4.73242,46.29557]]],[[[4.73737,46.28328],[4.73618,46.28346],[4.73564,46.28351],[4.73571,46.28409],[4.73615,46.28455],[4.73653,46.28457],[4.73664,46.28481],[4.73719,46.28478],[4.73773,46.28482],[4.73793,46.28458],[4.73807,46.28372],[4.73835,46.28314],[4.73736,46.28322],[4.73737,46.28328]]],[[[4.73772,46.28277],[4.73688,46.28255],[4.73592,46.28159],[4.73542,46.28088],[4.7349,46.28049],[4.73374,46.27991],[4.73376,46.28035],[4.73393,46.28057],[4.73421,46.28131],[4.73464,46.28207],[4.73527,46.28261],[4.73564,46.28349],[4.73735,46.28327],[4.73734,46.2832],[4.73826,46.28309],[4.73772,46.28277]]],[[[4.73793,46.28589],[4.73732,46.28524],[4.73727,46.28503],[4.73582,46.28537],[4.73538,46.28529],[4.73446,46.28523],[4.73265,46.2853],[4.73065,46.28522],[4.73057,46.28558],[4.73013,46.28559],[4.72998,46.28617],[4.73142,46.28657],[4.73229,46.28667],[4.73444,46.28677],[4.73662,46.28665],[4.73833,46.28678],[4.73793,46.28589]],[[4.73386,46.28598],[4.7347,46.28607],[4.7347,46.28616],[4.73387,46.28618],[4.73386,46.28598]],[[4.7311,46.28593],[4.73049,46.28584],[4.73057,46.2856],[4.73119,46.28564],[4.73121,46.28558],[4.73173,46.28564],[4.73144,46.2863],[4.73102,46.28621],[4.7311,46.28593]]],[[[4.73593,46.27646],[4.73572,46.27643],[4.7356,46.27651],[4.73592,46.27671],[4.73571,46.27681],[4.73611,46.2771],[4.73585,46.27727],[4.73624,46.27753],[4.73666,46.27748],[4.73692,46.27757],[4.73704,46.27747],[4.73671,46.27704],[4.73593,46.27646]]],[[[4.73742,46.29374],[4.73683,46.29355],[4.73661,46.29354],[4.73666,46.29335],[4.73658,46.29323],[4.73668,46.29324],[4.73675,46.29307],[4.73531,46.29249],[4.73515,46.29267],[4.73486,46.29241],[4.73492,46.29235],[4.73391,46.29184],[4.73382,46.29191],[4.73378,46.29198],[4.73407,46.29215],[4.73392,46.29225],[4.73412,46.29247],[4.7352,46.29336],[4.73576,46.29374],[4.7371,46.29412],[4.73742,46.29374]]],[[[4.73672,46.29404],[4.7357,46.29377],[4.73506,46.29333],[4.73445,46.29277],[4.73428,46.29272],[4.73339,46.29401],[4.73305,46.29463],[4.73263,46.29502],[4.73388,46.2951],[4.73473,46.2952],[4.73525,46.2952],[4.7358,46.2951],[4.73628,46.29489],[4.73562,46.29432],[4.73576,46.29423],[4.73652,46.29473],[4.73692,46.29436],[4.73658,46.29421],[4.73672,46.29404]]],[[[4.73628,46.2973],[4.73673,46.29685],[4.73603,46.29655],[4.73561,46.29701],[4.73628,46.2973]]],[[[4.73438,46.29674],[4.7338,46.29671],[4.7335,46.29704],[4.73324,46.29712],[4.73274,46.29756],[4.73344,46.29791],[4.73512,46.29781],[4.73635,46.29798],[4.73639,46.29744],[4.736,46.29722],[4.73526,46.29694],[4.73438,46.29674]]],[[[4.73597,46.2848],[4.73573,46.2844],[4.73548,46.28438],[4.73556,46.28485],[4.73597,46.2848]]],[[[4.73509,46.29789],[4.73313,46.298],[4.73283,46.29791],[4.73239,46.2983],[4.73217,46.29826],[4.73116,46.2979],[4.73048,46.29784],[4.73029,46.29795],[4.72959,46.29772],[4.72931,46.298],[4.72965,46.29842],[4.73029,46.29885],[4.73071,46.29905],[4.73125,46.29919],[4.73135,46.29919],[4.73141,46.29906],[4.73151,46.29909],[4.73149,46.29916],[4.73174,46.29921],[4.73237,46.2992],[4.73234,46.2993],[4.73264,46.29935],[4.73383,46.29937],[4.73439,46.29932],[4.73477,46.29921],[4.73491,46.29874],[4.73513,46.29872],[4.73539,46.29884],[4.73548,46.29871],[4.73559,46.29875],[4.73569,46.29866],[4.73594,46.29872],[4.73621,46.2987],[4.73635,46.29806],[4.73509,46.29789]]],[[[4.7351,46.30038],[4.73496,46.30018],[4.73492,46.29974],[4.73471,46.29968],[4.73476,46.29959],[4.73446,46.29948],[4.73413,46.29998],[4.73453,46.30016],[4.73433,46.30021],[4.73448,46.30045],[4.73445,46.30067],[4.73442,46.30077],[4.73423,46.30079],[4.7342,46.30102],[4.7349,46.30099],[4.73601,46.30083],[4.73632,46.30073],[4.73629,46.3005],[4.73575,46.30017],[4.73531,46.3003],[4.73533,46.30036],[4.7351,46.30038]]],[[[4.73544,46.28307],[4.73521,46.28266],[4.73458,46.28205],[4.73431,46.28151],[4.73412,46.28135],[4.73389,46.28058],[4.73371,46.28041],[4.73373,46.27996],[4.73323,46.27923],[4.73221,46.27946],[4.73225,46.2797],[4.7325,46.27968],[4.73261,46.27979],[4.73293,46.27976],[4.73298,46.28003],[4.73311,46.28015],[4.73229,46.28025],[4.73246,46.28061],[4.73128,46.28085],[4.73136,46.28117],[4.73188,46.28111],[4.73192,46.28122],[4.73137,46.28128],[4.73151,46.28194],[4.73153,46.28199],[4.73302,46.28182],[4.7331,46.28209],[4.73248,46.28211],[4.73163,46.28232],[4.73169,46.28312],[4.73334,46.28284],[4.73305,46.28261],[4.73458,46.28251],[4.7347,46.28267],[4.73456,46.28269],[4.73463,46.28305],[4.73506,46.28382],[4.73556,46.28395],[4.73563,46.28372],[4.73544,46.28307]]],[[[4.73489,46.28426],[4.73441,46.28413],[4.7346,46.28487],[4.73502,46.28485],[4.73489,46.28426]]],[[[4.73252,46.29628],[4.73141,46.29597],[4.73124,46.29622],[4.73206,46.29644],[4.73456,46.29671],[4.73501,46.29682],[4.73503,46.29678],[4.7345,46.29651],[4.73252,46.29628]]],[[[4.7321,46.27668],[4.73307,46.27909],[4.73323,46.27913],[4.73332,46.27907],[4.73392,46.27739],[4.73353,46.27734],[4.73361,46.27679],[4.7321,46.27668]]],[[[4.7341,46.28519],[4.73396,46.28378],[4.73253,46.28359],[4.73226,46.2836],[4.73118,46.28388],[4.73096,46.28522],[4.73243,46.28528],[4.7341,46.28519]]],[[[4.73392,46.29234],[4.73295,46.29101],[4.7317,46.29135],[4.73204,46.29271],[4.73205,46.29328],[4.73216,46.29329],[4.73234,46.29388],[4.73202,46.29376],[4.73124,46.29325],[4.731,46.29318],[4.73072,46.29322],[4.73099,46.29398],[4.73098,46.29435],[4.73078,46.2948],[4.73086,46.29485],[4.73112,46.29494],[4.73171,46.29501],[4.73179,46.29481],[4.7322,46.29484],[4.73212,46.29503],[4.73249,46.29503],[4.73298,46.29467],[4.733,46.29459],[4.73238,46.29444],[4.73259,46.29394],[4.73338,46.29397],[4.73424,46.29271],[4.73422,46.29261],[4.73392,46.29234]]],[[[4.73274,46.2994],[4.73176,46.29927],[4.73117,46.29933],[4.73081,46.29931],[4.72994,46.29915],[4.72984,46.29939],[4.73025,46.30018],[4.73027,46.30045],[4.73042,46.30055],[4.73041,46.30075],[4.73067,46.30093],[4.73087,46.30139],[4.73107,46.30153],[4.73229,46.30129],[4.73226,46.30115],[4.73266,46.30111],[4.7329,46.30104],[4.7329,46.30099],[4.73353,46.30086],[4.73365,46.30049],[4.73443,46.29947],[4.73424,46.29942],[4.73274,46.2994]]],[[[4.7335,46.30107],[4.73362,46.30102],[4.7335,46.3009],[4.7321,46.30136],[4.73236,46.30158],[4.73253,46.30208],[4.73267,46.30222],[4.73327,46.30188],[4.73339,46.30199],[4.73372,46.30182],[4.73402,46.30162],[4.73383,46.30149],[4.73425,46.30133],[4.73388,46.30107],[4.73356,46.30119],[4.7335,46.30107]]],[[[4.73085,46.29616],[4.73056,46.296],[4.73038,46.2963],[4.73022,46.29627],[4.73023,46.29635],[4.72991,46.29634],[4.72988,46.29646],[4.72974,46.29645],[4.72976,46.2963],[4.72943,46.29619],[4.72913,46.29622],[4.72909,46.29642],[4.72885,46.29638],[4.72876,46.2965],[4.72886,46.29652],[4.72885,46.29667],[4.72845,46.2967],[4.72812,46.29661],[4.72789,46.29681],[4.72743,46.297],[4.72752,46.29707],[4.72735,46.2972],[4.72758,46.29736],[4.72749,46.29743],[4.72785,46.29748],[4.72827,46.29743],[4.7292,46.29704],[4.72957,46.29699],[4.73124,46.29715],[4.73271,46.29751],[4.73318,46.29714],[4.73349,46.297],[4.73372,46.29672],[4.73217,46.29651],[4.73085,46.29616]]],[[[4.73263,46.27823],[4.73205,46.27824],[4.73205,46.27818],[4.73261,46.27818],[4.7319,46.27654],[4.73175,46.27655],[4.73166,46.27634],[4.73139,46.27524],[4.73086,46.27525],[4.73054,46.27619],[4.73068,46.27654],[4.73082,46.27738],[4.73124,46.27734],[4.73127,46.27742],[4.73149,46.2781],[4.73137,46.27811],[4.73137,46.27824],[4.73118,46.27826],[4.7315,46.27932],[4.73166,46.27956],[4.73221,46.27936],[4.73308,46.2792],[4.73299,46.27911],[4.73263,46.27823]]],[[[4.73153,46.29727],[4.73014,46.29711],[4.72962,46.29771],[4.73028,46.29793],[4.73044,46.29782],[4.73122,46.29789],[4.7324,46.29828],[4.7328,46.29789],[4.7326,46.29762],[4.73153,46.29727]]],[[[4.73178,46.27983],[4.73185,46.27961],[4.73105,46.2798],[4.73125,46.28068],[4.73222,46.28046],[4.73178,46.27983]]],[[[4.7323,46.30162],[4.73202,46.30137],[4.73116,46.30156],[4.73169,46.30225],[4.73164,46.3025],[4.73143,46.30293],[4.73153,46.30298],[4.73203,46.30276],[4.73272,46.30233],[4.73252,46.30212],[4.7323,46.30162]]],[[[4.73087,46.30169],[4.73102,46.30187],[4.73083,46.30182],[4.73054,46.30213],[4.73027,46.30228],[4.72991,46.30242],[4.72854,46.30281],[4.72801,46.30307],[4.72815,46.30329],[4.72798,46.30305],[4.72852,46.30279],[4.7298,46.30243],[4.73053,46.3021],[4.7308,46.30176],[4.73081,46.30149],[4.7307,46.30145],[4.72967,46.30167],[4.72695,46.30177],[4.72702,46.30228],[4.72571,46.30326],[4.72579,46.30332],[4.72575,46.30354],[4.72636,46.30436],[4.72659,46.30416],[4.72681,46.30411],[4.72714,46.30455],[4.72723,46.30451],[4.72763,46.30485],[4.72738,46.30503],[4.72717,46.30507],[4.72753,46.30576],[4.72824,46.30542],[4.72897,46.30485],[4.73054,46.304],[4.73113,46.30352],[4.73164,46.30234],[4.73145,46.30198],[4.73092,46.30148],[4.73087,46.30169]]],[[[4.73066,46.29907],[4.72961,46.29844],[4.72974,46.29896],[4.72995,46.29911],[4.7308,46.29928],[4.73134,46.29928],[4.73135,46.29924],[4.73066,46.29907]]],[[[4.73034,46.29353],[4.73048,46.29343],[4.73005,46.29286],[4.72977,46.29295],[4.72984,46.2929],[4.72928,46.29275],[4.72907,46.29349],[4.72899,46.2936],[4.72855,46.29382],[4.72852,46.29408],[4.7301,46.29429],[4.73067,46.29471],[4.73091,46.29439],[4.73087,46.29415],[4.7307,46.29381],[4.73034,46.29353]]],[[[4.73066,46.301],[4.72995,46.30037],[4.73,46.29984],[4.72905,46.2998],[4.72964,46.29975],[4.72969,46.29958],[4.72976,46.2996],[4.72983,46.29912],[4.7292,46.29878],[4.72818,46.29845],[4.72736,46.29835],[4.72654,46.29813],[4.72648,46.29816],[4.72662,46.29848],[4.7271,46.29903],[4.72687,46.29886],[4.72679,46.29887],[4.72689,46.29915],[4.72705,46.29907],[4.72706,46.29914],[4.72683,46.29961],[4.72682,46.29986],[4.72728,46.3],[4.72747,46.30014],[4.72938,46.30065],[4.72935,46.30083],[4.7291,46.30106],[4.72926,46.30085],[4.72929,46.30067],[4.72742,46.30016],[4.72686,46.29991],[4.72663,46.30034],[4.72688,46.30047],[4.72679,46.30069],[4.72667,46.30074],[4.72658,46.30092],[4.72637,46.30081],[4.72574,46.30081],[4.72577,46.301],[4.72553,46.301],[4.72534,46.30117],[4.7253,46.30215],[4.72608,46.3019],[4.7262,46.30192],[4.72661,46.30184],[4.72667,46.30177],[4.72694,46.30171],[4.72967,46.30163],[4.7308,46.3014],[4.73066,46.301]]],[[[4.72867,46.29738],[4.728,46.29758],[4.72897,46.29774],[4.72932,46.29794],[4.73009,46.29711],[4.7295,46.29707],[4.72946,46.29714],[4.72925,46.29711],[4.72867,46.29738]]],[[[4.73005,46.29586],[4.72801,46.2954],[4.72762,46.29583],[4.72796,46.29614],[4.72821,46.29612],[4.72833,46.29623],[4.72843,46.2962],[4.72852,46.29626],[4.72952,46.2961],[4.73005,46.29586]]],[[[4.72919,46.29796],[4.72885,46.29792],[4.72849,46.29848],[4.72915,46.29872],[4.72966,46.29899],[4.72949,46.29834],[4.72919,46.29796]]],[[[4.72689,46.30972],[4.72565,46.30957],[4.72485,46.30969],[4.72489,46.31028],[4.72479,46.31064],[4.72406,46.31023],[4.72378,46.31018],[4.7227,46.31171],[4.72342,46.31214],[4.72446,46.31321],[4.7265,46.31264],[4.72686,46.31304],[4.72777,46.31217],[4.72814,46.31292],[4.72837,46.31283],[4.72924,46.31196],[4.72883,46.31145],[4.72987,46.31062],[4.72689,46.30972]]],[[[4.72791,46.29759],[4.72655,46.29752],[4.7264,46.29772],[4.72615,46.29767],[4.72628,46.29747],[4.72563,46.29735],[4.72552,46.29741],[4.72529,46.29783],[4.72615,46.29793],[4.7273,46.2983],[4.72842,46.2984],[4.72881,46.29777],[4.72791,46.29759]]],[[[4.72781,46.29362],[4.72797,46.29348],[4.72763,46.29321],[4.72786,46.29281],[4.7274,46.29258],[4.72711,46.29255],[4.7272,46.2924],[4.72708,46.29234],[4.72661,46.29364],[4.72744,46.29375],[4.72808,46.294],[4.72841,46.29406],[4.72853,46.29382],[4.72844,46.29381],[4.72855,46.29368],[4.72832,46.29358],[4.72821,46.2936],[4.72813,46.29372],[4.72781,46.29362]]],[[[4.72641,46.29365],[4.72637,46.29418],[4.7266,46.29407],[4.72784,46.29439],[4.72819,46.2941],[4.72742,46.29379],[4.72641,46.29365]]],[[[4.72752,46.29577],[4.72707,46.29562],[4.72631,46.29609],[4.72588,46.29644],[4.72603,46.29643],[4.72618,46.29653],[4.72594,46.29671],[4.72641,46.29699],[4.72676,46.29672],[4.7269,46.2968],[4.7271,46.29667],[4.72724,46.29678],[4.72715,46.29686],[4.72731,46.297],[4.72788,46.29673],[4.72819,46.2964],[4.72752,46.29577]]],[[[4.72676,46.29504],[4.72567,46.29451],[4.72451,46.2955],[4.72529,46.2961],[4.7252,46.29616],[4.72529,46.2963],[4.72547,46.29614],[4.72563,46.29621],[4.72598,46.29593],[4.72632,46.29606],[4.72704,46.2956],[4.72676,46.29504]]],[[[4.72667,46.29198],[4.72649,46.29202],[4.72645,46.2919],[4.7263,46.29194],[4.72613,46.29186],[4.72607,46.29199],[4.72582,46.29193],[4.72577,46.2918],[4.72552,46.29186],[4.72341,46.29198],[4.72262,46.29227],[4.72335,46.29299],[4.72358,46.29335],[4.72494,46.29337],[4.72653,46.29363],[4.72684,46.29247],[4.72662,46.29246],[4.72681,46.29202],[4.72667,46.29198]]],[[[4.7256,46.30684],[4.7245,46.30691],[4.72398,46.30705],[4.72395,46.30742],[4.72476,46.30753],[4.72539,46.30745],[4.72616,46.30732],[4.72717,46.30696],[4.72712,46.30688],[4.7256,46.30684]]],[[[4.72521,46.29949],[4.7256,46.29951],[4.72562,46.29942],[4.72583,46.29928],[4.72509,46.29916],[4.725,46.29948],[4.72458,46.29945],[4.72458,46.29935],[4.72402,46.2993],[4.72387,46.29958],[4.72403,46.29964],[4.72403,46.29985],[4.72421,46.29998],[4.72479,46.29993],[4.72508,46.29997],[4.72512,46.2998],[4.72518,46.29992],[4.72544,46.29992],[4.72545,46.29987],[4.72589,46.2999],[4.72597,46.29992],[4.72594,46.3],[4.72636,46.3001],[4.72655,46.30011],[4.72661,46.29995],[4.72679,46.29997],[4.72677,46.29973],[4.7269,46.29931],[4.72665,46.2993],[4.72605,46.29944],[4.72603,46.29954],[4.7253,46.29952],[4.72519,46.2996],[4.72521,46.29949]]],[[[4.72594,46.30198],[4.72527,46.30223],[4.72533,46.30258],[4.72547,46.30257],[4.72541,46.30291],[4.72573,46.30318],[4.72662,46.3025],[4.72691,46.30207],[4.72689,46.30181],[4.72624,46.30196],[4.72594,46.30198]]],[[[4.72623,46.30869],[4.72612,46.3087],[4.72605,46.3088],[4.72592,46.30883],[4.72457,46.30887],[4.72478,46.30825],[4.72411,46.30823],[4.7222,46.30852],[4.72104,46.30894],[4.7189,46.30886],[4.71864,46.30955],[4.71843,46.30949],[4.71829,46.31001],[4.71877,46.31009],[4.71882,46.31],[4.71871,46.31025],[4.71849,46.31021],[4.71849,46.31046],[4.7197,46.3101],[4.71969,46.31003],[4.72033,46.30991],[4.72038,46.31004],[4.72064,46.31009],[4.72098,46.31004],[4.72158,46.30967],[4.72233,46.30938],[4.72254,46.30922],[4.72245,46.30899],[4.72276,46.30902],[4.72277,46.30891],[4.72312,46.30882],[4.72314,46.3086],[4.72313,46.30872],[4.72393,46.30864],[4.72392,46.30907],[4.7243,46.3092],[4.72455,46.30942],[4.72478,46.30951],[4.72513,46.30956],[4.72676,46.30935],[4.72669,46.30902],[4.72651,46.30901],[4.72644,46.30864],[4.72625,46.30862],[4.72623,46.30869]]],[[[4.72674,46.30938],[4.72602,46.30948],[4.72602,46.30954],[4.72668,46.30961],[4.72674,46.30938]]],[[[4.72492,46.29126],[4.7249,46.29102],[4.72383,46.29087],[4.72388,46.29065],[4.7234,46.29056],[4.72338,46.29062],[4.72088,46.29037],[4.7208,46.29104],[4.72173,46.29168],[4.72223,46.2922],[4.72242,46.29225],[4.72279,46.29219],[4.72338,46.29196],[4.72563,46.29181],[4.72554,46.29161],[4.72532,46.29163],[4.72533,46.29131],[4.72492,46.29126]]],[[[4.72481,46.29437],[4.72321,46.29438],[4.72274,46.29432],[4.72325,46.29435],[4.72328,46.29418],[4.7239,46.29418],[4.72393,46.29341],[4.72233,46.29355],[4.72167,46.29352],[4.72145,46.29384],[4.72171,46.29399],[4.72178,46.29391],[4.72225,46.29416],[4.72226,46.29422],[4.72255,46.2942],[4.72256,46.29429],[4.72217,46.29427],[4.72198,46.29487],[4.72279,46.29523],[4.72293,46.29508],[4.72301,46.29512],[4.72308,46.29506],[4.72359,46.2953],[4.72353,46.29535],[4.72373,46.2955],[4.72384,46.29544],[4.72423,46.2957],[4.72543,46.29471],[4.72518,46.29448],[4.72477,46.29442],[4.72481,46.29437]]],[[[4.7241,46.29816],[4.72325,46.29786],[4.72312,46.29796],[4.72289,46.29793],[4.72273,46.29784],[4.72283,46.29763],[4.72278,46.29747],[4.72238,46.29737],[4.72236,46.29742],[4.72226,46.2974],[4.72117,46.29686],[4.72083,46.29699],[4.72058,46.29696],[4.72038,46.29739],[4.72051,46.2975],[4.72042,46.29761],[4.72021,46.29748],[4.72094,46.29797],[4.72111,46.29784],[4.72157,46.29806],[4.72167,46.29798],[4.72175,46.29805],[4.72134,46.29831],[4.72154,46.29844],[4.72166,46.29835],[4.72176,46.29837],[4.72182,46.29846],[4.72174,46.29851],[4.722,46.2989],[4.72225,46.29901],[4.7224,46.2989],[4.72297,46.29927],[4.72397,46.29855],[4.72413,46.29859],[4.72434,46.29851],[4.72449,46.29851],[4.72469,46.29817],[4.72495,46.29822],[4.72506,46.29786],[4.72488,46.29784],[4.7248,46.29809],[4.72454,46.29806],[4.72454,46.29793],[4.72451,46.29804],[4.72424,46.29796],[4.7241,46.29816]]],[[[4.72497,46.30657],[4.72257,46.30597],[4.7214,46.30523],[4.72037,46.30478],[4.72012,46.30459],[4.71959,46.30444],[4.71883,46.30494],[4.71851,46.30556],[4.71781,46.30628],[4.71742,46.30692],[4.71744,46.30707],[4.71769,46.30725],[4.71855,46.30716],[4.71859,46.30704],[4.71913,46.30725],[4.71908,46.30741],[4.71925,46.30738],[4.71962,46.30754],[4.72004,46.30753],[4.72121,46.30735],[4.72123,46.30731],[4.72133,46.3075],[4.72295,46.30727],[4.72452,46.30688],[4.72521,46.30676],[4.72497,46.30657]]],[[[4.72364,46.30579],[4.72346,46.30615],[4.7249,46.3065],[4.72498,46.30617],[4.7249,46.30598],[4.72364,46.30579]]],[[[4.72373,46.31938],[4.72286,46.31939],[4.72286,46.31908],[4.72268,46.31912],[4.72272,46.31922],[4.72253,46.31927],[4.72256,46.31938],[4.72214,46.31954],[4.72194,46.31942],[4.72194,46.31932],[4.72122,46.3192],[4.72122,46.3191],[4.72079,46.31903],[4.72036,46.31906],[4.72025,46.31894],[4.71999,46.31893],[4.71998,46.31889],[4.7197,46.31889],[4.71914,46.31876],[4.7185,46.31871],[4.7188,46.31831],[4.71826,46.31815],[4.71826,46.31805],[4.71791,46.31799],[4.71788,46.31828],[4.7175,46.31814],[4.71764,46.31795],[4.71751,46.31789],[4.71762,46.31767],[4.71716,46.31753],[4.71723,46.31744],[4.71696,46.3173],[4.71624,46.31708],[4.71531,46.31669],[4.71534,46.31663],[4.71475,46.31619],[4.71446,46.31581],[4.71436,46.31582],[4.71425,46.31571],[4.71405,46.31541],[4.71361,46.31532],[4.71359,46.31522],[4.7136,46.31502],[4.71388,46.31508],[4.714,46.3149],[4.71433,46.31507],[4.71428,46.3147],[4.71407,46.31463],[4.71409,46.31449],[4.71428,46.31458],[4.7144,46.31442],[4.71421,46.31433],[4.71424,46.31413],[4.71429,46.31405],[4.71444,46.31412],[4.71508,46.31373],[4.71528,46.31346],[4.71521,46.3133],[4.7138,46.3135],[4.71333,46.31376],[4.71274,46.31387],[4.7123,46.31427],[4.71177,46.3157],[4.71166,46.31648],[4.71175,46.31693],[4.71348,46.3177],[4.71467,46.31809],[4.71343,46.3177],[4.7117,46.31693],[4.71178,46.31777],[4.71225,46.31835],[4.71381,46.31899],[4.71379,46.31918],[4.7148,46.31956],[4.71498,46.31927],[4.71543,46.31939],[4.71532,46.31957],[4.71597,46.31979],[4.71541,46.3202],[4.71645,46.32044],[4.71653,46.32048],[4.71635,46.32059],[4.71684,46.32079],[4.71811,46.32052],[4.71948,46.3207],[4.72223,46.3209],[4.7229,46.32067],[4.72366,46.32027],[4.72455,46.3201],[4.72505,46.31992],[4.72521,46.31912],[4.72483,46.31881],[4.72373,46.31923],[4.72373,46.31938]]],[[[4.72326,46.31215],[4.72251,46.31171],[4.72144,46.31212],[4.72112,46.31217],[4.72088,46.31279],[4.72092,46.31353],[4.72079,46.31399],[4.72091,46.31458],[4.72099,46.31462],[4.72161,46.31445],[4.72271,46.31403],[4.72267,46.31397],[4.72282,46.31391],[4.7229,46.31415],[4.72322,46.31402],[4.72314,46.31385],[4.72435,46.31326],[4.72326,46.31215]]],[[[4.72335,46.30026],[4.72354,46.30058],[4.72377,46.30038],[4.72374,46.30026],[4.72392,46.30001],[4.72381,46.29995],[4.72335,46.30026]]],[[[4.72361,46.29643],[4.72302,46.29601],[4.72269,46.29569],[4.72284,46.29559],[4.72258,46.29541],[4.72243,46.29537],[4.7223,46.29544],[4.72219,46.29536],[4.72248,46.29516],[4.72209,46.29499],[4.72183,46.29527],[4.72148,46.29512],[4.72174,46.29484],[4.72107,46.29456],[4.72088,46.29453],[4.72078,46.29478],[4.72083,46.29483],[4.7205,46.29495],[4.72025,46.29522],[4.72025,46.2954],[4.71982,46.29553],[4.72112,46.29666],[4.72137,46.29649],[4.72155,46.29662],[4.72129,46.2968],[4.7216,46.29697],[4.72172,46.29687],[4.72206,46.29705],[4.7224,46.29672],[4.72251,46.2968],[4.72275,46.29666],[4.72296,46.2968],[4.7232,46.29671],[4.72328,46.29682],[4.72372,46.29665],[4.72376,46.29636],[4.72361,46.29643]]],[[[4.72255,46.29229],[4.72207,46.29222],[4.72178,46.2935],[4.72287,46.29349],[4.72349,46.29338],[4.72343,46.29315],[4.72289,46.29256],[4.72255,46.29229]]],[[[4.72288,46.30797],[4.72203,46.3081],[4.72203,46.30816],[4.72114,46.30817],[4.72105,46.30884],[4.72224,46.30845],[4.72394,46.30819],[4.72394,46.30806],[4.72363,46.3081],[4.72328,46.30803],[4.7233,46.30797],[4.72288,46.30797]]],[[[4.72085,46.29116],[4.72013,46.29105],[4.71971,46.29108],[4.71978,46.29134],[4.71973,46.29147],[4.71953,46.29159],[4.71928,46.29164],[4.71932,46.29188],[4.71988,46.29223],[4.7199,46.29247],[4.7206,46.29281],[4.721,46.29323],[4.7217,46.29346],[4.72202,46.29208],[4.72187,46.29187],[4.72138,46.29148],[4.72085,46.29116]]],[[[4.72138,46.29389],[4.72098,46.29413],[4.72115,46.29444],[4.7214,46.29464],[4.72186,46.29483],[4.72192,46.29459],[4.72173,46.29411],[4.72138,46.29389]]],[[[4.72099,46.31008],[4.72069,46.31013],[4.72012,46.31009],[4.71967,46.31015],[4.71878,46.31041],[4.719,46.31089],[4.7185,46.31092],[4.71836,46.31054],[4.71767,46.31061],[4.71705,46.31074],[4.71708,46.3108],[4.71679,46.31087],[4.71682,46.31097],[4.71666,46.311],[4.71671,46.31112],[4.71649,46.31118],[4.71645,46.31104],[4.71613,46.31114],[4.71616,46.31125],[4.71604,46.31127],[4.71613,46.31148],[4.71537,46.31154],[4.71539,46.3116],[4.715,46.31168],[4.7151,46.31186],[4.71493,46.31192],[4.71487,46.31182],[4.71458,46.31191],[4.71453,46.31184],[4.71409,46.31199],[4.71404,46.31194],[4.71342,46.31267],[4.71471,46.31323],[4.71584,46.31315],[4.71693,46.31285],[4.71724,46.3126],[4.71785,46.3125],[4.71922,46.31204],[4.71961,46.31199],[4.71974,46.31189],[4.71959,46.31173],[4.7199,46.31164],[4.71985,46.31152],[4.72025,46.31139],[4.72023,46.31134],[4.72103,46.31117],[4.72129,46.31061],[4.72142,46.31056],[4.72136,46.31047],[4.72201,46.30978],[4.72198,46.30969],[4.72157,46.30978],[4.72099,46.31008]]],[[[4.72098,46.30389],[4.72067,46.30377],[4.72034,46.30379],[4.72027,46.30388],[4.72004,46.30394],[4.71972,46.30427],[4.72026,46.30468],[4.72133,46.30514],[4.72177,46.3048],[4.72163,46.30462],[4.72111,46.30435],[4.72098,46.30389]]],[[[4.72008,46.2932],[4.71958,46.29318],[4.71937,46.29323],[4.71879,46.29384],[4.71943,46.29347],[4.71958,46.29345],[4.72002,46.29352],[4.72034,46.2938],[4.72077,46.29367],[4.72073,46.29347],[4.72008,46.2932]]],[[[4.71942,46.30793],[4.71889,46.30842],[4.71866,46.3088],[4.71931,46.30878],[4.72072,46.30888],[4.7209,46.30879],[4.721,46.30861],[4.72106,46.30822],[4.71942,46.30793]]],[[[4.71963,46.29553],[4.71946,46.29545],[4.7191,46.29628],[4.71858,46.29626],[4.71859,46.29675],[4.71844,46.29675],[4.71847,46.29706],[4.71976,46.29692],[4.72008,46.29683],[4.72036,46.29684],[4.72065,46.29645],[4.72053,46.29641],[4.72052,46.29626],[4.71963,46.29553]]],[[[4.71965,46.29353],[4.7193,46.29368],[4.71976,46.29381],[4.72031,46.2941],[4.72045,46.29404],[4.71994,46.29358],[4.71965,46.29353]]],[[[4.71918,46.29377],[4.71857,46.29405],[4.7184,46.29449],[4.71826,46.29452],[4.71829,46.29463],[4.71874,46.2952],[4.71974,46.29549],[4.71981,46.29479],[4.71988,46.29479],[4.71974,46.29444],[4.71988,46.29439],[4.71983,46.2943],[4.72019,46.29412],[4.71948,46.29375],[4.71918,46.29377]]],[[[4.71977,46.29694],[4.71867,46.29708],[4.71873,46.29744],[4.71861,46.29747],[4.71863,46.29756],[4.71887,46.29765],[4.71891,46.29743],[4.71922,46.2974],[4.71978,46.29725],[4.7198,46.2972],[4.72,46.29723],[4.72007,46.29686],[4.71977,46.29694]]],[[[4.71925,46.30297],[4.71897,46.30292],[4.71894,46.30262],[4.71826,46.30214],[4.71846,46.30198],[4.71843,46.30186],[4.71833,46.30181],[4.71796,46.3011],[4.71772,46.30096],[4.71789,46.3008],[4.71768,46.30069],[4.71762,46.30072],[4.71744,46.30068],[4.71713,46.30021],[4.71554,46.30068],[4.71555,46.30072],[4.71463,46.3009],[4.7145,46.30127],[4.71465,46.30127],[4.71487,46.30229],[4.71474,46.30236],[4.71477,46.30262],[4.71496,46.30309],[4.7144,46.30323],[4.7147,46.30376],[4.71493,46.3038],[4.71549,46.30365],[4.71641,46.30356],[4.71614,46.30294],[4.71648,46.30359],[4.71743,46.30357],[4.71865,46.30366],[4.71889,46.30374],[4.71944,46.30409],[4.7196,46.30394],[4.71943,46.30385],[4.71988,46.30357],[4.71984,46.3034],[4.71958,46.30329],[4.71964,46.30319],[4.71945,46.30313],[4.71925,46.30297]]],[[[4.71891,46.3038],[4.71821,46.30365],[4.71698,46.30361],[4.71696,46.30373],[4.71732,46.30406],[4.71724,46.30433],[4.7169,46.30442],[4.71634,46.30442],[4.71608,46.30458],[4.71562,46.30457],[4.71568,46.30445],[4.71563,46.30434],[4.71547,46.30434],[4.7154,46.30372],[4.71457,46.30395],[4.71467,46.3042],[4.71475,46.3042],[4.71486,46.30453],[4.71559,46.3046],[4.71556,46.30484],[4.71545,46.30492],[4.71531,46.30492],[4.71508,46.30476],[4.71493,46.30477],[4.71502,46.30498],[4.71534,46.3051],[4.71557,46.30505],[4.7157,46.30495],[4.71608,46.30498],[4.71606,46.3051],[4.71782,46.30546],[4.71825,46.3048],[4.71848,46.30476],[4.71882,46.30491],[4.71957,46.30438],[4.71955,46.30422],[4.71891,46.3038]]],[[[4.71819,46.30781],[4.7181,46.30806],[4.71756,46.30798],[4.71725,46.30802],[4.71662,46.3089],[4.71705,46.30903],[4.71769,46.30884],[4.71863,46.3088],[4.71888,46.30839],[4.71919,46.30812],[4.71884,46.308],[4.71889,46.3079],[4.71844,46.30786],[4.71846,46.3078],[4.71819,46.30781]]],[[[4.7184,46.32166],[4.71815,46.32116],[4.7181,46.3206],[4.71684,46.32082],[4.71609,46.32105],[4.71591,46.32132],[4.71562,46.32124],[4.71558,46.32131],[4.71537,46.32119],[4.71421,46.32149],[4.71356,46.32303],[4.71346,46.32323],[4.71337,46.32322],[4.71328,46.32337],[4.71333,46.32355],[4.71517,46.32375],[4.71549,46.3236],[4.71551,46.3235],[4.71565,46.32352],[4.71576,46.32317],[4.71598,46.32321],[4.71601,46.32313],[4.71625,46.32318],[4.71692,46.3219],[4.7168,46.32185],[4.717,46.32149],[4.71759,46.3212],[4.71769,46.32137],[4.71806,46.32134],[4.71802,46.3216],[4.71773,46.32199],[4.71718,46.32225],[4.71687,46.32268],[4.71732,46.32288],[4.7175,46.32305],[4.71802,46.32327],[4.7188,46.32236],[4.71903,46.32218],[4.7188,46.32196],[4.7187,46.32199],[4.7184,46.32166]]],[[[4.7162,46.29726],[4.71603,46.29737],[4.71726,46.29808],[4.71768,46.29786],[4.71806,46.29777],[4.71784,46.29712],[4.71667,46.29714],[4.7162,46.29726]]],[[[4.71666,46.3092],[4.71671,46.31017],[4.71702,46.31014],[4.71706,46.31051],[4.71767,46.31054],[4.71787,46.31027],[4.71778,46.31027],[4.71776,46.3101],[4.71738,46.31011],[4.71736,46.3098],[4.7176,46.3098],[4.71769,46.30938],[4.71815,46.30942],[4.71839,46.30887],[4.71766,46.30891],[4.71666,46.3092]]],[[[4.71725,46.29311],[4.71687,46.29308],[4.71682,46.29301],[4.71631,46.29307],[4.71659,46.29427],[4.71681,46.29445],[4.71707,46.29451],[4.71712,46.29457],[4.71754,46.29447],[4.71784,46.29431],[4.71786,46.29413],[4.71765,46.29331],[4.71747,46.29305],[4.71725,46.29311]]],[[[4.71716,46.30722],[4.71681,46.30678],[4.71662,46.30671],[4.71548,46.30653],[4.71539,46.30663],[4.71432,46.30635],[4.71415,46.30656],[4.71435,46.3066],[4.71448,46.30672],[4.71486,46.30686],[4.71462,46.30709],[4.71494,46.30735],[4.71463,46.30748],[4.71466,46.30752],[4.71446,46.30766],[4.71468,46.30789],[4.7148,46.30782],[4.71491,46.30796],[4.71481,46.30802],[4.71497,46.30824],[4.71512,46.30816],[4.71517,46.30796],[4.7153,46.30805],[4.71559,46.30789],[4.71593,46.30806],[4.71603,46.30799],[4.71635,46.30816],[4.71612,46.30828],[4.71604,46.30854],[4.71647,46.30862],[4.7164,46.30887],[4.71659,46.30887],[4.71721,46.30801],[4.71755,46.3079],[4.71754,46.30752],[4.71716,46.30722]]],[[[4.71521,46.29388],[4.71453,46.29368],[4.71402,46.29362],[4.71372,46.29419],[4.71321,46.2941],[4.71317,46.29429],[4.71328,46.29432],[4.7133,46.29442],[4.71475,46.29486],[4.71505,46.29417],[4.71519,46.29421],[4.71501,46.29463],[4.7155,46.29476],[4.7157,46.29434],[4.71588,46.2944],[4.71548,46.2952],[4.71568,46.29527],[4.71609,46.29446],[4.7169,46.29472],[4.71699,46.29461],[4.71658,46.29437],[4.71603,46.29422],[4.71521,46.29388]]],[[[4.71613,46.29361],[4.71583,46.29237],[4.71573,46.29222],[4.71534,46.29195],[4.71522,46.29202],[4.71403,46.29136],[4.71371,46.29152],[4.71375,46.29176],[4.71396,46.29208],[4.71407,46.29261],[4.71406,46.29314],[4.71403,46.29266],[4.71371,46.29273],[4.71362,46.29252],[4.71351,46.29171],[4.71317,46.29151],[4.71283,46.2914],[4.71265,46.2914],[4.7124,46.2915],[4.71281,46.29225],[4.71307,46.29348],[4.71313,46.29351],[4.71338,46.29361],[4.71414,46.29356],[4.71459,46.29366],[4.71651,46.2943],[4.71613,46.29361]]],[[[4.71645,46.30917],[4.71646,46.3089],[4.71612,46.30893],[4.71615,46.30928],[4.71645,46.30917]]],[[[4.71417,46.31109],[4.71465,46.31096],[4.71469,46.31106],[4.71479,46.31108],[4.71521,46.31102],[4.7152,46.31097],[4.71536,46.31092],[4.71543,46.31106],[4.71565,46.31096],[4.71567,46.31066],[4.71558,46.31068],[4.71554,46.31059],[4.71563,46.31057],[4.71543,46.31016],[4.71482,46.31027],[4.71457,46.31026],[4.71439,46.31016],[4.71426,46.30983],[4.71408,46.30985],[4.71395,46.31009],[4.71393,46.3105],[4.71417,46.31109]]],[[[4.7151,46.30939],[4.71488,46.30938],[4.71488,46.30928],[4.71463,46.30929],[4.71457,46.30914],[4.71432,46.30923],[4.71381,46.3093],[4.71337,46.30949],[4.71239,46.30977],[4.71257,46.31021],[4.71219,46.31027],[4.71225,46.31035],[4.71204,46.31041],[4.71195,46.31025],[4.71172,46.31033],[4.71189,46.3106],[4.71212,46.31054],[4.7126,46.31156],[4.71285,46.31156],[4.71402,46.31113],[4.71404,46.31098],[4.71385,46.31056],[4.71382,46.31022],[4.71386,46.31001],[4.71403,46.30979],[4.71417,46.30975],[4.71434,46.30979],[4.71447,46.3101],[4.7146,46.31019],[4.71483,46.3102],[4.7153,46.3101],[4.71515,46.30989],[4.71477,46.30998],[4.71475,46.30992],[4.71537,46.30977],[4.71526,46.30958],[4.71508,46.30961],[4.71502,46.30945],[4.71509,46.30944],[4.7151,46.30939]]],[[[4.71377,46.29047],[4.71402,46.29079],[4.71462,46.29039],[4.7144,46.2902],[4.71411,46.29028],[4.71377,46.29047]]],[[[4.71417,46.30798],[4.71401,46.30797],[4.71376,46.3081],[4.71313,46.30866],[4.71334,46.3088],[4.7131,46.30892],[4.71294,46.30884],[4.7127,46.30907],[4.71294,46.30936],[4.71289,46.3094],[4.71304,46.30937],[4.71311,46.30953],[4.71377,46.30928],[4.71429,46.30922],[4.71418,46.30897],[4.71474,46.30884],[4.71456,46.30843],[4.71417,46.30798]]],[[[4.71391,46.31129],[4.71262,46.31167],[4.71242,46.31146],[4.71191,46.31135],[4.71181,46.31116],[4.71153,46.31175],[4.71157,46.31232],[4.71171,46.31277],[4.71234,46.31322],[4.71253,46.31346],[4.71389,46.31202],[4.71453,46.31144],[4.71391,46.31129]]],[[[4.71336,46.31269],[4.71278,46.3133],[4.71341,46.31355],[4.71401,46.31333],[4.71448,46.31331],[4.71454,46.31323],[4.71336,46.31269]]],[[[4.71301,46.30634],[4.71278,46.30646],[4.71291,46.30657],[4.71321,46.30675],[4.71383,46.3069],[4.71429,46.30631],[4.71378,46.30625],[4.71301,46.30634]]],[[[4.71392,46.30715],[4.71287,46.30707],[4.71104,46.30673],[4.71049,46.30777],[4.7108,46.30818],[4.71043,46.30842],[4.71025,46.30873],[4.70983,46.30847],[4.71018,46.30824],[4.71011,46.30816],[4.71025,46.30807],[4.71015,46.308],[4.71044,46.30779],[4.70993,46.30781],[4.70924,46.30827],[4.70869,46.30907],[4.70857,46.3101],[4.70835,46.31071],[4.70867,46.31079],[4.70859,46.311],[4.70928,46.3111],[4.70944,46.31102],[4.70968,46.31103],[4.71018,46.31087],[4.71031,46.31105],[4.71063,46.31094],[4.71042,46.31052],[4.71013,46.3105],[4.71008,46.31042],[4.71053,46.31055],[4.71069,46.31046],[4.71087,46.31062],[4.71116,46.31044],[4.71133,46.31021],[4.71114,46.31008],[4.7112,46.31002],[4.71162,46.31022],[4.71174,46.31013],[4.71151,46.30998],[4.71183,46.30972],[4.71202,46.30995],[4.7121,46.3099],[4.71194,46.30958],[4.71233,46.30921],[4.71222,46.30915],[4.71238,46.30904],[4.71263,46.30912],[4.71305,46.30867],[4.71297,46.30858],[4.71283,46.30854],[4.71276,46.3086],[4.71268,46.30852],[4.71274,46.30845],[4.71309,46.30861],[4.71317,46.30853],[4.71305,46.30848],[4.71313,46.3084],[4.71289,46.30827],[4.71271,46.30843],[4.71263,46.30839],[4.71297,46.3081],[4.71305,46.30814],[4.71341,46.30783],[4.71376,46.30804],[4.71401,46.30791],[4.71417,46.30774],[4.71423,46.30756],[4.71407,46.30726],[4.71392,46.30715]]],[[[4.71314,46.30678],[4.71274,46.30676],[4.7127,46.30697],[4.71401,46.30705],[4.71376,46.30693],[4.71314,46.30678]]],[[[4.71384,46.30291],[4.71363,46.30249],[4.71305,46.30224],[4.71266,46.30198],[4.71236,46.30189],[4.71164,46.30185],[4.71148,46.30186],[4.71121,46.30204],[4.71116,46.30216],[4.7113,46.30231],[4.71109,46.30243],[4.71101,46.30261],[4.7107,46.30293],[4.7109,46.30306],[4.71124,46.30314],[4.71134,46.30374],[4.71206,46.3043],[4.71212,46.30449],[4.712,46.30466],[4.71221,46.30467],[4.71297,46.30453],[4.71296,46.30446],[4.71327,46.30444],[4.71371,46.30406],[4.71351,46.30409],[4.71346,46.30396],[4.71359,46.30393],[4.71352,46.30378],[4.71374,46.30373],[4.71361,46.30355],[4.71389,46.30344],[4.71384,46.30291]]],[[[4.71359,46.30168],[4.71327,46.30117],[4.71328,46.30109],[4.71346,46.30096],[4.7133,46.30074],[4.71336,46.30068],[4.71327,46.30036],[4.7131,46.30022],[4.713,46.30022],[4.71293,46.30007],[4.71305,46.29998],[4.71299,46.29946],[4.71285,46.29908],[4.71167,46.29916],[4.71195,46.30017],[4.71193,46.30024],[4.71184,46.30024],[4.71176,46.30097],[4.71162,46.30097],[4.71154,46.30084],[4.71079,46.30102],[4.71085,46.30128],[4.71098,46.30135],[4.71099,46.30145],[4.71127,46.30179],[4.71249,46.30187],[4.71357,46.3024],[4.71377,46.30236],[4.71348,46.30168],[4.71359,46.30168]]],[[[4.71223,46.29155],[4.71194,46.29172],[4.71183,46.29276],[4.71256,46.29304],[4.71295,46.29342],[4.71277,46.29241],[4.71235,46.29159],[4.71223,46.29155]]],[[[4.71243,46.31381],[4.71261,46.31388],[4.71276,46.3138],[4.71324,46.31374],[4.71345,46.31362],[4.71273,46.31335],[4.71243,46.31381]]],[[[4.71245,46.30626],[4.71153,46.30591],[4.711,46.30587],[4.71093,46.30638],[4.70986,46.30666],[4.70986,46.30675],[4.70921,46.30686],[4.70921,46.30702],[4.71021,46.30693],[4.71108,46.30667],[4.71224,46.30684],[4.71296,46.30669],[4.71245,46.30626]]],[[[4.71224,46.31325],[4.71165,46.31284],[4.71151,46.31289],[4.71123,46.31253],[4.71108,46.31256],[4.71098,46.31229],[4.71119,46.31225],[4.7111,46.31204],[4.71141,46.31201],[4.71136,46.31171],[4.71128,46.31166],[4.71096,46.31171],[4.71107,46.31196],[4.71094,46.31198],[4.71071,46.31139],[4.71076,46.31163],[4.71042,46.31171],[4.70964,46.31311],[4.70964,46.3133],[4.70986,46.31373],[4.70975,46.31395],[4.70976,46.31455],[4.70921,46.3156],[4.7117,46.31561],[4.7124,46.31353],[4.71224,46.31325]]],[[[4.71104,46.32185],[4.71055,46.32272],[4.71213,46.32286],[4.71246,46.32266],[4.71253,46.32161],[4.71104,46.32185]]],[[[4.71109,46.32177],[4.71246,46.32159],[4.71246,46.3213],[4.71132,46.3213],[4.71109,46.32177]]],[[[4.71058,46.30474],[4.71166,46.30507],[4.71173,46.30506],[4.71194,46.30474],[4.71038,46.30431],[4.71058,46.30474]]],[[[4.71161,46.3103],[4.71086,46.31123],[4.71091,46.31136],[4.71111,46.31149],[4.71164,46.31099],[4.71173,46.31107],[4.71193,46.31084],[4.71161,46.3103]]],[[[4.71006,46.31595],[4.70922,46.31588],[4.70849,46.31561],[4.70821,46.31561],[4.708,46.3157],[4.70843,46.31822],[4.70836,46.31867],[4.70804,46.31958],[4.70751,46.32022],[4.70817,46.32029],[4.70813,46.32038],[4.70948,46.32046],[4.70944,46.32084],[4.70925,46.32083],[4.70912,46.32148],[4.71042,46.32162],[4.71037,46.32179],[4.71093,46.32181],[4.71119,46.32138],[4.71134,46.32085],[4.71162,46.31925],[4.71145,46.31815],[4.71167,46.31573],[4.71052,46.3157],[4.71006,46.31595]]],[[[4.71012,46.30556],[4.70861,46.30568],[4.70866,46.30595],[4.70997,46.30587],[4.70995,46.30604],[4.71015,46.30635],[4.71089,46.30611],[4.71096,46.30594],[4.7106,46.30559],[4.71012,46.30556]]],[[[4.70832,46.30783],[4.70841,46.30787],[4.7079,46.3086],[4.70836,46.30886],[4.70828,46.30894],[4.70863,46.3091],[4.70917,46.30829],[4.70988,46.30777],[4.71046,46.30774],[4.71095,46.30676],[4.71021,46.307],[4.70914,46.30711],[4.70832,46.30783]]],[[[4.70985,46.30232],[4.70872,46.30224],[4.70894,46.30295],[4.71016,46.30274],[4.71056,46.30277],[4.71048,46.30229],[4.71029,46.30225],[4.70985,46.30232]]],[[[4.70999,46.30169],[4.70967,46.30174],[4.70971,46.30186],[4.70946,46.3019],[4.70946,46.30195],[4.70882,46.30184],[4.70877,46.30222],[4.70967,46.30229],[4.71038,46.30222],[4.71032,46.30178],[4.70999,46.30169]]],[[[4.70997,46.3115],[4.70723,46.31165],[4.70644,46.31131],[4.70651,46.31116],[4.7061,46.3112],[4.70549,46.31137],[4.70594,46.31165],[4.70622,46.31203],[4.70608,46.31216],[4.70618,46.31295],[4.70635,46.31329],[4.70641,46.31429],[4.70758,46.31421],[4.7088,46.31388],[4.70943,46.31343],[4.70958,46.31328],[4.70964,46.31304],[4.7104,46.31167],[4.71032,46.31165],[4.71029,46.31172],[4.71008,46.31167],[4.71008,46.31157],[4.70999,46.31158],[4.70997,46.3115]]],[[[4.70881,46.31393],[4.70757,46.31428],[4.7067,46.31431],[4.70659,46.31476],[4.70664,46.31518],[4.70674,46.31532],[4.70655,46.31534],[4.70662,46.31564],[4.70834,46.31552],[4.709,46.31557],[4.70916,46.31552],[4.70965,46.3146],[4.70974,46.31363],[4.70961,46.31337],[4.70881,46.31393]]],[[[4.70739,46.31043],[4.70676,46.31029],[4.70646,46.31017],[4.70606,46.30959],[4.70575,46.30968],[4.70538,46.30982],[4.70529,46.31093],[4.70534,46.31105],[4.70564,46.31117],[4.7066,46.31112],[4.70726,46.31073],[4.70673,46.31114],[4.70734,46.31157],[4.70814,46.31152],[4.70822,46.31116],[4.70817,46.31083],[4.70748,46.31054],[4.70739,46.31043]]],[[[4.70814,46.31708],[4.7078,46.31568],[4.70694,46.3159],[4.70693,46.31617],[4.70654,46.31618],[4.70654,46.3161],[4.70584,46.31626],[4.70595,46.31664],[4.70588,46.31727],[4.70581,46.31727],[4.70564,46.31791],[4.70577,46.31899],[4.70813,46.31906],[4.70831,46.31821],[4.70814,46.31708]]],[[[4.70554,46.30144],[4.70419,46.30125],[4.70404,46.30164],[4.7061,46.30206],[4.70627,46.30129],[4.70554,46.30144]]],[[[4.70506,46.31813],[4.70512,46.31813],[4.7051,46.31837],[4.70564,46.31838],[4.70561,46.3179],[4.70578,46.31727],[4.7052,46.31722],[4.70506,46.31813]]]]}},{"type":"Feature","properties":{"id":"appellation-vire-clesse","kind":"appellation","level":"village","name":"Viré-Clessé","full":"Viré-Clessé","app":"Viré-Clessé","region":"maconnais","communes":["Clessé","Laizé","Montbellet","Viré"],"area_ha":548.37,"elev":[209.4,257.6,377.3],"slope":5.2,"slope_pct":9.1,"aspect":117,"aspect_label":"ESE","aspect_hist":[0.026,0.068,0.306,0.427,0.082,0.028,0.043,0.021],"village":"vire-clesse","pc_area_ha":null,"n_climats":0,"white":true},"geometry":{"type":"MultiPolygon","coordinates":[[[[4.85663,46.45396],[4.8565,46.45292],[4.85317,46.45329],[4.85415,46.4538],[4.85542,46.45435],[4.85659,46.45478],[4.85663,46.45396]]],[[[4.85597,46.45085],[4.85391,46.45123],[4.85398,46.45144],[4.85231,46.45168],[4.85262,46.4531],[4.85321,46.45323],[4.85648,46.45287],[4.85629,46.45139],[4.8565,46.45084],[4.856,46.4509],[4.85597,46.45085]]],[[[4.85365,46.45947],[4.85573,46.45913],[4.85577,46.45932],[4.85585,46.45931],[4.85558,46.45807],[4.85417,46.45816],[4.85367,46.45814],[4.85185,46.45782],[4.85151,46.45772],[4.85035,46.4573],[4.85034,46.45785],[4.8507,46.45885],[4.85317,46.45895],[4.85329,46.45931],[4.85359,46.4593],[4.85365,46.45947]]],[[[4.8557,46.45802],[4.85556,46.45728],[4.85335,46.45751],[4.85274,46.45519],[4.85272,46.45505],[4.85314,46.45501],[4.85307,46.45464],[4.85495,46.45441],[4.85493,46.45416],[4.85393,46.45374],[4.85294,46.45322],[4.85237,46.45314],[4.85048,46.45269],[4.84999,46.45252],[4.84994,46.453],[4.85033,46.45433],[4.85058,46.45618],[4.8506,46.45651],[4.85039,46.45726],[4.85113,46.45757],[4.85196,46.45782],[4.85381,46.45812],[4.8557,46.45802]]],[[[4.85254,46.45311],[4.85219,46.45141],[4.85143,46.45149],[4.85115,46.45171],[4.85006,46.45236],[4.85015,46.45251],[4.85039,46.45264],[4.85254,46.45311]]],[[[4.85118,46.4516],[4.85183,46.45102],[4.85149,46.451],[4.85148,46.45094],[4.85164,46.45092],[4.85131,46.45019],[4.85177,46.45007],[4.85168,46.44975],[4.85176,46.44975],[4.85156,46.4493],[4.85188,46.44925],[4.8518,46.44908],[4.85143,46.44914],[4.85133,46.44891],[4.85114,46.44895],[4.85095,46.44857],[4.85078,46.44866],[4.851,46.44907],[4.85076,46.44912],[4.85088,46.44943],[4.85053,46.44879],[4.85017,46.44893],[4.84968,46.44902],[4.84982,46.44942],[4.84916,46.44946],[4.84916,46.44976],[4.84927,46.4505],[4.85004,46.45226],[4.85118,46.4516]]],[[[4.85037,46.45827],[4.85024,46.45727],[4.84851,46.4569],[4.84813,46.4569],[4.84819,46.45725],[4.84804,46.45727],[4.84809,46.45756],[4.84744,46.45764],[4.84745,46.45787],[4.84718,46.4579],[4.84728,46.45828],[4.84767,46.45865],[4.8478,46.45873],[4.84833,46.45861],[4.84839,46.45876],[4.84803,46.45887],[4.84865,46.45937],[4.84929,46.45922],[4.84947,46.45972],[4.84907,46.45977],[4.84938,46.46109],[4.85125,46.4615],[4.85119,46.46085],[4.85094,46.45983],[4.85069,46.45898],[4.85037,46.45827]]],[[[4.85104,46.46805],[4.85095,46.46777],[4.85074,46.46805],[4.85065,46.46806],[4.85045,46.46833],[4.85056,46.46829],[4.84958,46.46955],[4.85004,46.46959],[4.85009,46.46942],[4.85029,46.46925],[4.85083,46.46909],[4.8507,46.46876],[4.85097,46.46871],[4.85092,46.46859],[4.85137,46.46854],[4.85104,46.46805]]],[[[4.84926,46.45701],[4.85023,46.45722],[4.85034,46.45713],[4.85052,46.45647],[4.85038,46.45544],[4.84939,46.45551],[4.84947,46.45624],[4.84918,46.45627],[4.84926,46.45701]]],[[[4.84887,46.4598],[4.84873,46.45958],[4.8483,46.45972],[4.84774,46.45896],[4.84796,46.45891],[4.8475,46.45865],[4.84725,46.4584],[4.84712,46.45816],[4.84704,46.45738],[4.84686,46.45741],[4.84684,46.45732],[4.84672,46.45734],[4.84669,46.45725],[4.84603,46.45735],[4.84579,46.45729],[4.84553,46.45696],[4.84522,46.45677],[4.84487,46.45635],[4.84463,46.4558],[4.84461,46.45565],[4.84471,46.45542],[4.8446,46.455],[4.84338,46.4528],[4.84286,46.45296],[4.8427,46.45271],[4.8432,46.45248],[4.8431,46.45229],[4.84213,46.4526],[4.84202,46.4525],[4.8429,46.4522],[4.84271,46.45185],[4.84253,46.45187],[4.84242,46.45169],[4.84225,46.45178],[4.84203,46.45151],[4.84183,46.45159],[4.84172,46.45141],[4.84017,46.45172],[4.83962,46.45193],[4.83951,46.45216],[4.83947,46.45255],[4.84013,46.45374],[4.84057,46.45408],[4.84127,46.45382],[4.84172,46.45422],[4.84176,46.45428],[4.84124,46.45466],[4.84112,46.45495],[4.84162,46.45575],[4.84188,46.45601],[4.84197,46.45599],[4.84231,46.45664],[4.84237,46.45662],[4.84242,46.45668],[4.84253,46.45729],[4.84271,46.45758],[4.84307,46.45795],[4.84328,46.45794],[4.84411,46.45918],[4.84299,46.45942],[4.84155,46.45698],[4.8415,46.45678],[4.84083,46.45606],[4.84011,46.45452],[4.83933,46.45435],[4.8387,46.45407],[4.83805,46.454],[4.8377,46.45378],[4.83836,46.45474],[4.83862,46.45539],[4.83906,46.45613],[4.83964,46.45759],[4.84028,46.45949],[4.84033,46.46049],[4.84074,46.46],[4.84077,46.45976],[4.84185,46.45961],[4.84202,46.46113],[4.84291,46.46104],[4.84366,46.46084],[4.84382,46.4615],[4.84419,46.46144],[4.84476,46.46183],[4.84542,46.46169],[4.84479,46.46183],[4.84509,46.46254],[4.84518,46.46334],[4.84512,46.46386],[4.84499,46.46407],[4.84489,46.46405],[4.8449,46.46428],[4.84523,46.46474],[4.84561,46.46469],[4.8459,46.46552],[4.84678,46.46696],[4.84722,46.46689],[4.84725,46.46707],[4.8469,46.4672],[4.84746,46.46829],[4.84744,46.46903],[4.84853,46.46923],[4.8485,46.4693],[4.849,46.46943],[4.84905,46.46934],[4.84946,46.46945],[4.85012,46.46864],[4.84981,46.46856],[4.84978,46.46838],[4.84855,46.46844],[4.85034,46.46835],[4.85084,46.46774],[4.85085,46.4676],[4.85038,46.46676],[4.84966,46.46587],[4.84932,46.46521],[4.84929,46.46495],[4.8483,46.46511],[4.84741,46.4652],[4.84928,46.46493],[4.84957,46.46322],[4.84553,46.46356],[4.84958,46.46318],[4.84957,46.46278],[4.84917,46.46112],[4.84773,46.46131],[4.84773,46.46132],[4.84681,46.46153],[4.8468,46.46153],[4.84677,46.46147],[4.84674,46.46141],[4.8468,46.46153],[4.84772,46.46131],[4.84916,46.46111],[4.84903,46.46024],[4.84887,46.4598]]],[[[4.8488,46.44546],[4.8476,46.44572],[4.84712,46.44461],[4.8464,46.44435],[4.84611,46.44437],[4.84542,46.4448],[4.84621,46.44617],[4.84679,46.44598],[4.84677,46.4459],[4.84717,46.44581],[4.84733,46.44617],[4.84751,46.44612],[4.84782,46.44682],[4.84925,46.44642],[4.8488,46.44546]]],[[[4.84862,46.47012],[4.84816,46.47035],[4.84786,46.47065],[4.8474,46.47165],[4.8474,46.47181],[4.84829,46.47199],[4.84838,46.47187],[4.84929,46.46989],[4.84862,46.47012]]],[[[4.84927,46.4697],[4.84789,46.4693],[4.84745,46.46911],[4.84686,46.47032],[4.84637,46.47093],[4.84602,46.47193],[4.84625,46.47196],[4.84691,46.47183],[4.84728,46.47161],[4.84791,46.47046],[4.84829,46.47018],[4.84927,46.4697]]],[[[4.84834,46.45686],[4.84763,46.45437],[4.84655,46.45453],[4.84666,46.45481],[4.84645,46.45484],[4.84657,46.45521],[4.84642,46.45524],[4.84644,46.45539],[4.84656,46.45538],[4.84657,46.45543],[4.84697,46.45537],[4.84708,46.45563],[4.84652,46.45572],[4.84655,46.45582],[4.84706,46.45573],[4.84758,46.45647],[4.84773,46.45685],[4.8479,46.45681],[4.84793,46.4569],[4.84834,46.45686]]],[[[4.84778,46.4516],[4.84739,46.45019],[4.84519,46.45049],[4.84443,46.45035],[4.8441,46.45036],[4.84412,46.45084],[4.84418,46.45099],[4.84472,46.45088],[4.84483,46.45122],[4.84498,46.45118],[4.84501,46.45124],[4.84516,46.45124],[4.8452,46.45132],[4.84552,46.45129],[4.8455,46.45154],[4.84509,46.45158],[4.84524,46.45211],[4.84588,46.45205],[4.84739,46.45248],[4.84813,46.45249],[4.8481,46.45228],[4.84778,46.4516]]],[[[4.84768,46.45266],[4.8477,46.45258],[4.84735,46.45253],[4.84643,46.45225],[4.84525,46.45248],[4.84575,46.45313],[4.84768,46.45266]]],[[[4.84351,46.44219],[4.84507,46.44303],[4.84544,46.44339],[4.84604,46.44427],[4.84616,46.44428],[4.84654,46.44379],[4.84718,46.44211],[4.84713,46.44196],[4.8469,46.44184],[4.84672,46.44182],[4.84591,46.44211],[4.84442,46.44212],[4.84351,46.44219]]],[[[4.84728,46.44698],[4.84699,46.44652],[4.84642,46.44672],[4.84677,46.44716],[4.84728,46.44698]]],[[[4.84637,46.44884],[4.8459,46.44817],[4.84642,46.44798],[4.84589,46.44735],[4.84427,46.44784],[4.84446,46.44883],[4.84546,46.44893],[4.846,46.44892],[4.84637,46.44884]]],[[[4.84661,46.45654],[4.84623,46.45662],[4.8462,46.45655],[4.84657,46.45647],[4.84639,46.45618],[4.84587,46.45628],[4.84578,46.45602],[4.84621,46.45592],[4.84605,46.45571],[4.84473,46.45602],[4.84521,46.45671],[4.84544,46.45684],[4.84584,46.45729],[4.84605,46.45732],[4.84638,46.45727],[4.84634,46.45719],[4.84658,46.45716],[4.84649,46.45676],[4.84667,46.45664],[4.84661,46.45654]]],[[[4.84238,46.4427],[4.84336,46.4434],[4.84343,46.44338],[4.84378,46.44369],[4.84418,46.44425],[4.84428,46.44422],[4.84475,46.44518],[4.84603,46.44435],[4.84544,46.44344],[4.84505,46.44304],[4.84348,46.44221],[4.84153,46.44215],[4.84147,46.44269],[4.84238,46.4427]]],[[[4.84408,46.45404],[4.84463,46.45499],[4.84475,46.45542],[4.84465,46.45564],[4.84473,46.45599],[4.84565,46.45578],[4.84559,46.45559],[4.84601,46.45551],[4.84603,46.4548],[4.84589,46.45384],[4.84568,46.45388],[4.8456,46.45375],[4.84484,46.45395],[4.84478,46.45386],[4.84408,46.45404]]],[[[4.84396,46.45358],[4.84561,46.45312],[4.84524,46.45259],[4.84483,46.45271],[4.84479,46.45262],[4.84501,46.45255],[4.84498,46.45245],[4.84511,46.45241],[4.8446,46.45182],[4.84417,46.4516],[4.84417,46.45169],[4.84392,46.45178],[4.84379,46.45182],[4.84372,46.45172],[4.84352,46.45182],[4.8434,46.45161],[4.8433,46.45165],[4.8434,46.45182],[4.84313,46.45193],[4.84315,46.45201],[4.84304,46.45204],[4.84383,46.45349],[4.84396,46.45358]]],[[[4.84426,46.44698],[4.84407,46.44623],[4.84479,46.44604],[4.84422,46.44574],[4.84387,46.44537],[4.84292,46.44545],[4.8431,46.44586],[4.84206,46.44603],[4.84242,46.44677],[4.84286,46.44669],[4.84292,46.4469],[4.8425,46.44696],[4.84249,46.44736],[4.84318,46.44724],[4.8433,46.44762],[4.8428,46.44771],[4.84292,46.4478],[4.84335,46.44777],[4.84332,46.44767],[4.84371,46.44763],[4.84379,46.4479],[4.84433,46.44773],[4.84437,46.44724],[4.8446,46.44693],[4.84426,46.44698]]],[[[4.84014,46.43644],[4.83964,46.43562],[4.83996,46.43557],[4.83967,46.43508],[4.8387,46.4352],[4.83791,46.43545],[4.83713,46.43557],[4.83762,46.43627],[4.83787,46.43652],[4.83888,46.43705],[4.83989,46.43727],[4.8407,46.43774],[4.84142,46.43827],[4.84181,46.43877],[4.84231,46.43879],[4.84253,46.43832],[4.84262,46.43758],[4.84298,46.437],[4.8413,46.43718],[4.84105,46.43631],[4.84014,46.43644]]],[[[4.84295,46.44921],[4.84305,46.44899],[4.84312,46.44899],[4.84319,46.44873],[4.84303,46.4482],[4.84249,46.44833],[4.84263,46.44862],[4.84211,46.44875],[4.84216,46.44893],[4.84205,46.44899],[4.84217,46.44894],[4.84262,46.4492],[4.84295,46.44921]]],[[[4.84295,46.44501],[4.84188,46.44515],[4.84193,46.44558],[4.84306,46.44539],[4.84295,46.44501]]],[[[4.84137,46.44565],[4.84096,46.44572],[4.84087,46.44601],[4.84118,46.44664],[4.84129,46.44671],[4.84169,46.44669],[4.84187,46.44719],[4.84244,46.44751],[4.84247,46.44706],[4.84212,46.4462],[4.84175,46.44566],[4.84137,46.44565]]],[[[4.84085,46.4485],[4.83887,46.44894],[4.83887,46.44916],[4.83914,46.44998],[4.8398,46.45107],[4.84007,46.45169],[4.84159,46.45139],[4.84137,46.45123],[4.84152,46.45119],[4.84149,46.4511],[4.8413,46.45115],[4.84123,46.45103],[4.84148,46.45095],[4.84135,46.45053],[4.84175,46.45048],[4.8417,46.45011],[4.84179,46.45009],[4.84177,46.45004],[4.84212,46.45],[4.84211,46.44989],[4.84225,46.44976],[4.84196,46.44948],[4.84202,46.44945],[4.84193,46.44931],[4.84135,46.44941],[4.84118,46.44869],[4.84099,46.44874],[4.84085,46.4485]]],[[[4.8397,46.44036],[4.83854,46.44033],[4.83854,46.44037],[4.83905,46.44187],[4.83957,46.44183],[4.84144,46.442],[4.8413,46.44073],[4.84141,46.44037],[4.84093,46.44025],[4.8397,46.44036]]],[[[4.84145,46.44209],[4.83948,46.44188],[4.83881,46.44198],[4.83745,46.44203],[4.83632,46.44216],[4.83509,46.44186],[4.83561,46.4429],[4.83584,46.44283],[4.83594,46.44311],[4.83585,46.44313],[4.83589,46.44322],[4.83576,46.44324],[4.83614,46.44407],[4.83987,46.4435],[4.84135,46.44345],[4.84145,46.44209]]],[[[4.83981,46.44353],[4.83818,46.44382],[4.83833,46.44479],[4.83885,46.44473],[4.83903,46.44547],[4.83922,46.44543],[4.8392,46.44531],[4.8393,46.4453],[4.83941,46.44557],[4.83958,46.44555],[4.83954,46.44533],[4.83973,46.44532],[4.83977,46.44554],[4.84089,46.44558],[4.84105,46.44437],[4.84119,46.44402],[4.84084,46.44405],[4.84083,46.44393],[4.8407,46.44395],[4.84076,46.4435],[4.83981,46.44353]]],[[[4.84031,46.44701],[4.84018,46.44686],[4.83998,46.44687],[4.83993,46.44668],[4.84031,46.4466],[4.84037,46.44644],[4.84071,46.44617],[4.84087,46.44563],[4.84004,46.4456],[4.84008,46.44576],[4.83965,46.44581],[4.83968,46.44591],[4.83938,46.44595],[4.83941,46.44604],[4.83882,46.44613],[4.83878,46.44597],[4.8386,46.44599],[4.83862,46.44611],[4.83795,46.44624],[4.83906,46.44669],[4.84031,46.44701]]],[[[4.83993,46.43365],[4.8396,46.4333],[4.8399,46.43319],[4.83959,46.43283],[4.83986,46.43273],[4.838,46.43137],[4.83393,46.43266],[4.83419,46.43312],[4.83448,46.43343],[4.83495,46.4333],[4.8351,46.43355],[4.83524,46.43352],[4.83534,46.4337],[4.83485,46.43383],[4.83555,46.43428],[4.8371,46.43549],[4.83782,46.43544],[4.83846,46.43516],[4.8385,46.43521],[4.83954,46.43506],[4.8396,46.43501],[4.83952,46.43464],[4.84037,46.43451],[4.83983,46.43369],[4.83993,46.43365]]],[[[4.83794,46.44635],[4.83708,46.44653],[4.83736,46.44683],[4.83835,46.44741],[4.839,46.4476],[4.83945,46.44813],[4.84056,46.44797],[4.84049,46.4478],[4.8404,46.44781],[4.84033,46.44766],[4.84036,46.44759],[4.84054,46.44755],[4.84032,46.44711],[4.83883,46.44672],[4.83794,46.44635]]],[[[4.8383,46.4515],[4.83855,46.45178],[4.839,46.45198],[4.83953,46.45192],[4.84005,46.45172],[4.83977,46.45111],[4.8391,46.45],[4.83881,46.44901],[4.83873,46.44896],[4.83804,46.4491],[4.83696,46.44922],[4.83666,46.44934],[4.8373,46.44999],[4.8382,46.45053],[4.83782,46.45069],[4.83795,46.45107],[4.83816,46.45098],[4.8383,46.45114],[4.83822,46.45116],[4.83837,46.45141],[4.8383,46.4515]]],[[[4.83554,46.45708],[4.83556,46.45718],[4.83549,46.4571],[4.83452,46.45763],[4.83521,46.45857],[4.83657,46.45914],[4.83705,46.45963],[4.83987,46.45856],[4.83989,46.45863],[4.83712,46.45969],[4.83866,46.46115],[4.83998,46.46098],[4.84028,46.46056],[4.84023,46.45951],[4.83993,46.45849],[4.83897,46.4561],[4.8381,46.45441],[4.83777,46.45393],[4.83751,46.45367],[4.83677,46.4538],[4.83645,46.45403],[4.8359,46.45422],[4.83563,46.45417],[4.83538,46.4539],[4.83474,46.45359],[4.83437,46.45371],[4.83445,46.45389],[4.8325,46.45483],[4.83442,46.4576],[4.83848,46.45537],[4.83852,46.45544],[4.83554,46.45708]]],[[[4.83727,46.44692],[4.83684,46.44706],[4.83666,46.44735],[4.83671,46.44837],[4.83696,46.44902],[4.83708,46.44915],[4.83801,46.44906],[4.83981,46.4487],[4.83961,46.44825],[4.83946,46.44829],[4.83897,46.44765],[4.83813,46.44737],[4.83753,46.44697],[4.83727,46.44692]]],[[[4.83626,46.44212],[4.83899,46.44188],[4.83866,46.4409],[4.83781,46.44106],[4.83766,46.44116],[4.83687,46.44136],[4.83697,46.44168],[4.83527,46.44186],[4.83626,46.44212]]],[[[4.83622,46.43745],[4.8336,46.43799],[4.83407,46.43929],[4.8343,46.43956],[4.83476,46.4395],[4.83523,46.43952],[4.83709,46.44027],[4.83759,46.44032],[4.83824,46.44027],[4.83829,46.4402],[4.83757,46.4384],[4.83709,46.43849],[4.8371,46.43857],[4.83649,46.43867],[4.83651,46.43844],[4.83622,46.43745]]],[[[4.83817,46.44564],[4.83816,46.44557],[4.83842,46.44552],[4.83811,46.44384],[4.83616,46.4441],[4.83652,46.44489],[4.83691,46.44544],[4.83717,46.4457],[4.83745,46.44564],[4.83748,46.44572],[4.83725,46.44576],[4.83742,46.4459],[4.8376,46.44586],[4.83763,46.44596],[4.83797,46.44588],[4.83789,46.44569],[4.83817,46.44564]]],[[[4.833,46.43081],[4.83379,46.43199],[4.83396,46.43258],[4.83791,46.43133],[4.8368,46.4304],[4.83536,46.42962],[4.83443,46.42944],[4.83267,46.42895],[4.83229,46.42892],[4.83213,46.42905],[4.83212,46.4292],[4.83274,46.42989],[4.83297,46.43027],[4.833,46.43081]]],[[[4.83479,46.43384],[4.83421,46.43323],[4.83399,46.43331],[4.83382,46.43307],[4.83403,46.433],[4.83382,46.43275],[4.83296,46.43304],[4.83302,46.43313],[4.83291,46.43316],[4.83314,46.43347],[4.83306,46.4335],[4.83277,46.43313],[4.83256,46.43322],[4.83278,46.43347],[4.83243,46.43354],[4.83258,46.43377],[4.83229,46.43387],[4.83246,46.43414],[4.83226,46.4342],[4.83232,46.43427],[4.83215,46.4341],[4.83203,46.43414],[4.8318,46.4338],[4.83168,46.43384],[4.83172,46.43391],[4.83153,46.43397],[4.83157,46.43401],[4.83133,46.43409],[4.83229,46.43509],[4.8325,46.43539],[4.83313,46.43649],[4.83335,46.43716],[4.8343,46.4369],[4.83457,46.43675],[4.834,46.4359],[4.83372,46.4356],[4.83373,46.43553],[4.83468,46.43511],[4.83578,46.43586],[4.83671,46.43666],[4.83745,46.43629],[4.83744,46.43619],[4.83671,46.43521],[4.83533,46.43417],[4.83479,46.43384]]],[[[4.83397,46.44676],[4.83463,46.44707],[4.835,46.44746],[4.83543,46.44738],[4.83619,46.44735],[4.83648,46.44712],[4.83725,46.44684],[4.83653,46.44587],[4.83614,46.44599],[4.83607,46.44586],[4.83585,46.44591],[4.83571,46.44551],[4.83592,46.44547],[4.83581,46.44531],[4.8359,46.44522],[4.83574,46.44495],[4.83525,46.44498],[4.83523,46.44493],[4.83549,46.44486],[4.83601,46.44477],[4.836,46.44452],[4.83616,46.44442],[4.83611,46.4443],[4.83557,46.44436],[4.83549,46.44417],[4.83601,46.4441],[4.83566,46.44332],[4.83521,46.44341],[4.83513,46.44323],[4.83496,46.44321],[4.83492,46.44313],[4.83551,46.44297],[4.83508,46.44206],[4.83453,46.44217],[4.83444,46.44196],[4.8345,46.44195],[4.8343,46.44172],[4.83339,46.44204],[4.83331,46.44195],[4.83321,46.44199],[4.83296,46.44157],[4.83233,46.44173],[4.83215,46.44154],[4.83229,46.44147],[4.83223,46.44135],[4.83196,46.44143],[4.83068,46.44149],[4.83061,46.44199],[4.83094,46.44231],[4.83067,46.44242],[4.83069,46.44247],[4.8308,46.44243],[4.83086,46.44253],[4.83072,46.44257],[4.83087,46.44285],[4.8311,46.44278],[4.83117,46.44296],[4.83102,46.44299],[4.83103,46.44306],[4.83136,46.44349],[4.8312,46.44362],[4.83175,46.44391],[4.8315,46.44407],[4.83184,46.44458],[4.83158,46.44474],[4.83171,46.44487],[4.83224,46.44492],[4.83309,46.44529],[4.83342,46.44558],[4.83302,46.44563],[4.83293,46.4458],[4.83297,46.44589],[4.83327,46.44624],[4.83397,46.44676]]],[[[4.83673,46.44025],[4.8351,46.43954],[4.83468,46.43955],[4.83433,46.43965],[4.83403,46.4405],[4.83514,46.44039],[4.83554,46.44029],[4.83559,46.4404],[4.83673,46.44025]]],[[[4.8366,46.44767],[4.83596,46.44786],[4.83601,46.44804],[4.83661,46.44791],[4.8366,46.44767]]],[[[4.83261,46.44948],[4.83249,46.4495],[4.83264,46.45012],[4.83295,46.45066],[4.83333,46.45084],[4.83323,46.45092],[4.83329,46.45106],[4.83398,46.45093],[4.83385,46.45073],[4.83379,46.45074],[4.83368,46.45041],[4.83383,46.45039],[4.83404,46.45068],[4.83406,46.45088],[4.83416,46.45086],[4.83415,46.45119],[4.83425,46.45143],[4.83402,46.45148],[4.83405,46.45169],[4.83434,46.45214],[4.83436,46.45244],[4.83454,46.45253],[4.83459,46.45289],[4.83499,46.45365],[4.83594,46.45416],[4.83652,46.45391],[4.83659,46.45354],[4.83672,46.45342],[4.8367,46.45323],[4.83606,46.4523],[4.83595,46.452],[4.83608,46.45039],[4.83459,46.45064],[4.83421,46.44959],[4.83348,46.44872],[4.83298,46.44883],[4.83309,46.44907],[4.8326,46.44922],[4.83261,46.44948]]],[[[4.83611,46.45035],[4.8363,46.44939],[4.83608,46.44944],[4.83605,46.4492],[4.83584,46.44923],[4.83581,46.44906],[4.83593,46.44897],[4.83573,46.44844],[4.83615,46.44831],[4.83592,46.448],[4.83591,46.44785],[4.83618,46.44741],[4.83518,46.44748],[4.83487,46.44759],[4.83463,46.44787],[4.83415,46.44787],[4.83346,46.44811],[4.83319,46.44826],[4.83429,46.44964],[4.83439,46.44963],[4.83464,46.45061],[4.83611,46.45035]]],[[[4.83409,46.43969],[4.83392,46.43941],[4.83371,46.43931],[4.83249,46.43925],[4.83268,46.43976],[4.83312,46.43969],[4.83316,46.43981],[4.83354,46.43976],[4.83409,46.43969]]],[[[4.83259,46.43807],[4.83143,46.43839],[4.83109,46.43769],[4.83068,46.43735],[4.83055,46.4371],[4.83027,46.43717],[4.83007,46.43685],[4.82924,46.43708],[4.82942,46.43759],[4.82978,46.43814],[4.83025,46.43857],[4.83267,46.43916],[4.83388,46.43912],[4.83362,46.4384],[4.83327,46.43847],[4.83323,46.43835],[4.83271,46.43844],[4.83259,46.43807]]],[[[4.83321,46.42732],[4.83284,46.42704],[4.83215,46.42615],[4.83182,46.42629],[4.83156,46.42589],[4.83153,46.42564],[4.83099,46.42439],[4.83182,46.42419],[4.8315,46.4235],[4.83111,46.42297],[4.83047,46.42364],[4.82925,46.42396],[4.82796,46.42419],[4.8271,46.4244],[4.82737,46.42486],[4.82755,46.42535],[4.82764,46.42633],[4.82787,46.42685],[4.82892,46.42823],[4.82926,46.42892],[4.8302,46.42949],[4.83042,46.4295],[4.83158,46.42885],[4.83223,46.42885],[4.83251,46.42873],[4.83273,46.42828],[4.83249,46.42775],[4.83321,46.42732]]],[[[4.8328,46.43008],[4.8321,46.42924],[4.83206,46.42914],[4.8322,46.42891],[4.83188,46.42889],[4.83151,46.42898],[4.83044,46.42956],[4.83218,46.43083],[4.83307,46.43106],[4.83292,46.43064],[4.83296,46.43038],[4.8328,46.43008]]],[[[4.83166,46.43699],[4.833,46.4366],[4.83237,46.43548],[4.83157,46.43455],[4.83157,46.43445],[4.83095,46.43464],[4.83084,46.43449],[4.83144,46.43432],[4.83121,46.43408],[4.83069,46.43424],[4.83042,46.43382],[4.82977,46.43401],[4.82965,46.43386],[4.82906,46.43404],[4.82815,46.43448],[4.82777,46.43459],[4.82806,46.43474],[4.82819,46.43488],[4.82843,46.43541],[4.82863,46.43538],[4.82897,46.43588],[4.82876,46.43594],[4.82883,46.4361],[4.82896,46.43608],[4.82921,46.43647],[4.82951,46.4364],[4.82944,46.43629],[4.83001,46.4361],[4.8304,46.43668],[4.83062,46.43664],[4.83098,46.4371],[4.83166,46.43699]]],[[[4.83139,46.44019],[4.83188,46.44012],[4.83186,46.44005],[4.83204,46.44002],[4.83172,46.43931],[4.83055,46.43924],[4.83035,46.43944],[4.83066,46.4404],[4.83144,46.44027],[4.83139,46.44019]]],[[[4.83137,46.42278],[4.83068,46.42163],[4.83063,46.42164],[4.83021,46.42107],[4.82959,46.42118],[4.82839,46.42058],[4.82676,46.42013],[4.82545,46.42003],[4.82507,46.42012],[4.82567,46.42101],[4.82656,46.42268],[4.82689,46.42392],[4.82718,46.42385],[4.82741,46.42429],[4.82947,46.42387],[4.83049,46.42358],[4.83092,46.42306],[4.83137,46.42278]]],[[[4.8302,46.42102],[4.82909,46.41911],[4.8298,46.41891],[4.8297,46.41884],[4.82956,46.41889],[4.82925,46.41834],[4.82846,46.41859],[4.82776,46.41753],[4.82586,46.4181],[4.82503,46.41912],[4.82444,46.41947],[4.82467,46.41979],[4.82503,46.42006],[4.82551,46.41995],[4.82683,46.42008],[4.82835,46.42049],[4.82953,46.42106],[4.8302,46.42102]]],[[[4.82841,46.43168],[4.82811,46.43178],[4.82782,46.43143],[4.82655,46.43206],[4.82638,46.43224],[4.82618,46.43319],[4.82628,46.43359],[4.82664,46.43395],[4.82656,46.43413],[4.82724,46.43456],[4.82799,46.43448],[4.829,46.43398],[4.8288,46.43371],[4.82912,46.43357],[4.82938,46.43387],[4.83007,46.43366],[4.83002,46.43358],[4.83019,46.43352],[4.83009,46.43337],[4.83022,46.43332],[4.83018,46.43325],[4.83007,46.43329],[4.83003,46.4332],[4.83044,46.43306],[4.83021,46.43257],[4.83008,46.43247],[4.82955,46.43263],[4.82965,46.43275],[4.82927,46.43289],[4.82916,46.43276],[4.82904,46.4328],[4.82895,46.43267],[4.82881,46.43271],[4.82875,46.43263],[4.82903,46.43254],[4.82841,46.43168]]],[[[4.82884,46.42894],[4.8285,46.42902],[4.82823,46.42932],[4.82867,46.42981],[4.82898,46.42965],[4.82892,46.42959],[4.82913,46.42944],[4.82917,46.42947],[4.82936,46.42934],[4.82942,46.42938],[4.82965,46.42922],[4.82925,46.42899],[4.82884,46.42894]]],[[[4.82626,46.42636],[4.82634,46.42699],[4.82682,46.42702],[4.82749,46.42783],[4.82736,46.4279],[4.82782,46.4284],[4.8275,46.4285],[4.8282,46.42929],[4.82848,46.42896],[4.82864,46.42892],[4.82878,46.4288],[4.82897,46.42845],[4.82771,46.42671],[4.82751,46.42594],[4.82751,46.42537],[4.82725,46.42472],[4.82702,46.42448],[4.82663,46.42455],[4.82681,46.42478],[4.8266,46.42483],[4.82663,46.4249],[4.82648,46.42494],[4.82632,46.4249],[4.82638,46.42508],[4.8262,46.42512],[4.82631,46.42542],[4.82593,46.42555],[4.82633,46.42629],[4.82626,46.42636]]],[[[4.82899,46.4303],[4.8286,46.42987],[4.82818,46.4294],[4.82789,46.42977],[4.82801,46.43009],[4.8283,46.42998],[4.82842,46.43014],[4.82814,46.43026],[4.8283,46.43046],[4.82849,46.43038],[4.8286,46.43048],[4.82899,46.4303]]],[[[4.82422,46.4189],[4.82441,46.41943],[4.82447,46.41941],[4.82498,46.4191],[4.82585,46.41806],[4.82846,46.41724],[4.82817,46.41682],[4.82781,46.41674],[4.82671,46.41541],[4.82405,46.41647],[4.82272,46.41684],[4.82308,46.41728],[4.8237,46.41706],[4.82393,46.41743],[4.82454,46.41722],[4.8246,46.4174],[4.82348,46.4178],[4.82422,46.4189]]],[[[4.82855,46.43654],[4.82789,46.4352],[4.82762,46.43495],[4.82711,46.43464],[4.82634,46.43476],[4.82636,46.43486],[4.82677,46.43512],[4.82816,46.43665],[4.82855,46.43654]]],[[[4.82795,46.43131],[4.82767,46.43096],[4.82776,46.43086],[4.82757,46.43063],[4.82788,46.43052],[4.82771,46.43031],[4.82801,46.43021],[4.82779,46.42972],[4.82751,46.42869],[4.82659,46.42758],[4.82624,46.42725],[4.82484,46.42686],[4.8242,46.42649],[4.82374,46.42674],[4.82359,46.42661],[4.82403,46.42636],[4.82321,46.4255],[4.82249,46.4259],[4.82099,46.42661],[4.8211,46.42683],[4.82153,46.42729],[4.82154,46.42771],[4.8214,46.42768],[4.8213,46.42775],[4.82145,46.4279],[4.82275,46.42744],[4.82345,46.4281],[4.82368,46.42802],[4.82434,46.42872],[4.82482,46.42855],[4.82565,46.4296],[4.82575,46.42976],[4.82568,46.42982],[4.82364,46.43058],[4.82434,46.43161],[4.82437,46.4319],[4.82452,46.43225],[4.82529,46.43343],[4.82585,46.43411],[4.82627,46.43397],[4.8261,46.43303],[4.82634,46.43214],[4.82689,46.4318],[4.82795,46.43131]]],[[[4.82525,46.41329],[4.82384,46.41192],[4.8235,46.41111],[4.82331,46.41088],[4.82121,46.4118],[4.82123,46.41206],[4.82191,46.41327],[4.82208,46.41383],[4.82212,46.41435],[4.82195,46.41508],[4.82198,46.41523],[4.82271,46.41676],[4.82327,46.41666],[4.82403,46.41643],[4.8261,46.41562],[4.82665,46.41535],[4.82666,46.41523],[4.82566,46.4138],[4.82525,46.41329]]],[[[4.82666,46.4378],[4.82556,46.4365],[4.8246,46.43759],[4.82401,46.43799],[4.82381,46.43804],[4.82398,46.43856],[4.82428,46.43835],[4.82449,46.43847],[4.82516,46.43833],[4.82536,46.43861],[4.82517,46.43873],[4.82532,46.43899],[4.82566,46.43896],[4.82596,46.43947],[4.82701,46.43902],[4.82677,46.43885],[4.82654,46.43852],[4.82731,46.43818],[4.82729,46.4381],[4.82666,46.4378]]],[[[4.82636,46.43465],[4.82705,46.43457],[4.8264,46.43419],[4.82636,46.43465]]],[[[4.82439,46.42155],[4.82477,46.42142],[4.82487,46.42155],[4.82388,46.4219],[4.82474,46.42304],[4.82492,46.42339],[4.82575,46.42319],[4.82566,46.42301],[4.82656,46.42282],[4.82566,46.42111],[4.8251,46.4213],[4.82493,46.42106],[4.82551,46.42086],[4.825,46.42012],[4.82446,46.41966],[4.82417,46.4196],[4.82338,46.41989],[4.82219,46.42057],[4.8223,46.42066],[4.82254,46.42054],[4.82278,46.42074],[4.82287,46.42071],[4.82326,46.42125],[4.82363,46.42159],[4.82425,46.42137],[4.82439,46.42155]]],[[[4.82348,46.4198],[4.82434,46.41948],[4.82425,46.41907],[4.82327,46.41757],[4.82266,46.4169],[4.82245,46.41622],[4.82216,46.41573],[4.81987,46.41644],[4.81802,46.41716],[4.81828,46.41739],[4.81879,46.41719],[4.81891,46.41733],[4.81842,46.41753],[4.81872,46.4178],[4.81911,46.41771],[4.8192,46.41779],[4.81944,46.4177],[4.81952,46.41779],[4.81993,46.41761],[4.82,46.41764],[4.82023,46.41802],[4.81993,46.41816],[4.81997,46.41821],[4.81931,46.41844],[4.82044,46.41957],[4.82093,46.41938],[4.82134,46.41994],[4.82142,46.41991],[4.822,46.42059],[4.82348,46.4198]]],[[[4.82246,46.41115],[4.82084,46.40897],[4.81967,46.40936],[4.82019,46.41057],[4.82091,46.41134],[4.82113,46.4117],[4.82246,46.41115]]],[[[4.81801,46.42957],[4.81878,46.429],[4.82025,46.42846],[4.82141,46.42793],[4.82107,46.42755],[4.8211,46.42712],[4.82057,46.42734],[4.82008,46.4268],[4.81924,46.42728],[4.81902,46.4271],[4.81818,46.42725],[4.81758,46.42655],[4.81762,46.42646],[4.81747,46.42613],[4.81777,46.42605],[4.81788,46.42625],[4.81816,46.42622],[4.81811,46.42642],[4.8179,46.42645],[4.81794,46.42652],[4.81774,46.42656],[4.81823,46.42718],[4.81914,46.42707],[4.81928,46.4272],[4.82008,46.42676],[4.82053,46.42648],[4.82005,46.42611],[4.82058,46.42572],[4.82075,46.42589],[4.82088,46.42584],[4.82123,46.42618],[4.82091,46.42635],[4.82097,46.42642],[4.82114,46.42645],[4.82166,46.42625],[4.82294,46.42561],[4.82263,46.42529],[4.82285,46.4252],[4.82268,46.42492],[4.82243,46.42409],[4.82198,46.42336],[4.82119,46.42357],[4.821,46.42319],[4.82032,46.42304],[4.81934,46.4227],[4.81926,46.42313],[4.81945,46.42321],[4.81873,46.42344],[4.81868,46.42333],[4.81786,46.42361],[4.81756,46.42304],[4.81688,46.42336],[4.81663,46.42302],[4.81517,46.42235],[4.81474,46.42199],[4.81395,46.42225],[4.81426,46.42266],[4.81368,46.42283],[4.81425,46.42377],[4.8144,46.42417],[4.8147,46.42452],[4.81575,46.42703],[4.81592,46.42755],[4.81616,46.42919],[4.81676,46.42897],[4.81717,46.43001],[4.81801,46.42957]]],[[[4.81708,46.41487],[4.81719,46.41505],[4.81758,46.41498],[4.81762,46.41506],[4.81743,46.41512],[4.81751,46.41526],[4.81714,46.41536],[4.81708,46.41544],[4.81713,46.41554],[4.81729,46.4155],[4.81734,46.41559],[4.81725,46.41562],[4.81729,46.41572],[4.81722,46.41573],[4.81751,46.41615],[4.81768,46.41609],[4.81778,46.41623],[4.8177,46.41626],[4.81782,46.4164],[4.81768,46.41645],[4.81788,46.41673],[4.81783,46.41675],[4.81793,46.41693],[4.81809,46.41707],[4.81992,46.41637],[4.8221,46.41568],[4.8219,46.41509],[4.82207,46.41434],[4.82202,46.4138],[4.82188,46.41333],[4.82115,46.41205],[4.82112,46.41179],[4.82016,46.41222],[4.82022,46.41236],[4.8193,46.41263],[4.81611,46.41415],[4.8162,46.41432],[4.81636,46.41427],[4.81641,46.41438],[4.81618,46.41444],[4.81628,46.41456],[4.81681,46.41441],[4.81697,46.41461],[4.81728,46.41451],[4.81733,46.41473],[4.81708,46.41487]]],[[[4.82085,46.41136],[4.81997,46.4104],[4.81915,46.41211],[4.82,46.41192],[4.82013,46.41215],[4.82108,46.41172],[4.82085,46.41136]]],[[[4.82012,46.42035],[4.81983,46.42004],[4.81971,46.41983],[4.8183,46.42068],[4.81881,46.42097],[4.81983,46.42141],[4.82025,46.4215],[4.82056,46.42149],[4.82123,46.42117],[4.82039,46.4205],[4.82063,46.42034],[4.82049,46.42022],[4.82032,46.42036],[4.82021,46.42029],[4.82012,46.42035]]],[[[4.81829,46.41169],[4.81849,46.41231],[4.81874,46.41271],[4.81984,46.41043],[4.81824,46.41077],[4.81829,46.41169]]],[[[4.81958,46.4214],[4.81861,46.42093],[4.81792,46.42145],[4.8181,46.42155],[4.81817,46.4215],[4.81868,46.42178],[4.81854,46.42189],[4.81882,46.42197],[4.81958,46.4214]]],[[[4.81762,46.4185],[4.81625,46.41926],[4.81711,46.41971],[4.81845,46.41897],[4.81835,46.41887],[4.8181,46.41901],[4.81762,46.4185]]],[[[4.81642,46.41138],[4.81581,46.41158],[4.81565,46.41179],[4.81564,46.41234],[4.81583,46.41333],[4.81636,46.41322],[4.81643,46.41341],[4.81696,46.4133],[4.81709,46.41357],[4.81759,46.41334],[4.8167,46.41151],[4.81658,46.41153],[4.81642,46.41138]]],[[[4.81745,46.4183],[4.81719,46.41794],[4.81608,46.41845],[4.81617,46.41854],[4.81626,46.41852],[4.81552,46.41892],[4.81595,46.41912],[4.81745,46.4183]]],[[[4.81328,46.4107],[4.81308,46.41003],[4.81259,46.40895],[4.81124,46.40623],[4.80956,46.40508],[4.80899,46.40396],[4.80899,46.40407],[4.80792,46.40421],[4.80862,46.40575],[4.80965,46.40686],[4.81003,46.40776],[4.81058,46.40831],[4.8107,46.40849],[4.8109,46.40924],[4.8114,46.41004],[4.81149,46.41039],[4.81188,46.4111],[4.81265,46.41218],[4.81305,46.41336],[4.81349,46.41328],[4.8136,46.41353],[4.81319,46.4136],[4.81334,46.41406],[4.81367,46.414],[4.81375,46.41418],[4.8134,46.41426],[4.81348,46.41439],[4.81389,46.41427],[4.81397,46.41441],[4.81356,46.41453],[4.81388,46.41499],[4.81395,46.41497],[4.81399,46.41504],[4.81421,46.41496],[4.81433,46.41512],[4.81472,46.415],[4.81507,46.41479],[4.81521,46.41498],[4.81536,46.41477],[4.81476,46.41374],[4.81583,46.41357],[4.81571,46.4131],[4.81529,46.41316],[4.81524,46.413],[4.81567,46.41293],[4.81563,46.41273],[4.81518,46.41281],[4.81506,46.41245],[4.81558,46.41236],[4.81558,46.41217],[4.81507,46.41231],[4.81502,46.4122],[4.81558,46.41198],[4.81557,46.4119],[4.8147,46.41206],[4.81467,46.41195],[4.81553,46.41178],[4.81548,46.41164],[4.81523,46.41142],[4.81396,46.41176],[4.81328,46.4107]]],[[[4.81367,46.41749],[4.81345,46.41712],[4.81333,46.41716],[4.81324,46.41701],[4.81216,46.41739],[4.81258,46.41789],[4.81367,46.41749]]],[[[4.80639,46.40617],[4.80709,46.40606],[4.80728,46.40597],[4.80761,46.4063],[4.80838,46.40668],[4.80834,46.40674],[4.80854,46.40697],[4.80908,46.40796],[4.80924,46.40853],[4.80976,46.40955],[4.80888,46.40977],[4.80702,46.41012],[4.80712,46.41032],[4.80706,46.41033],[4.80726,46.41065],[4.80764,46.41056],[4.80818,46.41116],[4.80813,46.41138],[4.80833,46.4119],[4.80798,46.41202],[4.80815,46.41228],[4.80824,46.41226],[4.80861,46.41287],[4.80848,46.41293],[4.80857,46.41306],[4.80922,46.41381],[4.80946,46.41458],[4.80999,46.41542],[4.81027,46.41623],[4.81038,46.41633],[4.81066,46.41641],[4.81114,46.41646],[4.81185,46.41694],[4.81309,46.41651],[4.81293,46.4163],[4.81308,46.41625],[4.81305,46.41621],[4.81265,46.41575],[4.81246,46.41581],[4.81222,46.41541],[4.81342,46.41504],[4.81318,46.41476],[4.81354,46.41463],[4.81331,46.41431],[4.81315,46.41367],[4.81281,46.41301],[4.81253,46.41207],[4.81183,46.41113],[4.81147,46.41045],[4.81133,46.40999],[4.81094,46.40947],[4.81066,46.40847],[4.81002,46.40782],[4.80962,46.40685],[4.80866,46.40588],[4.80774,46.40388],[4.80765,46.40388],[4.80773,46.40384],[4.80715,46.40327],[4.80621,46.40337],[4.80558,46.4035],[4.80469,46.40349],[4.80439,46.40355],[4.80434,46.40361],[4.8032,46.4037],[4.8032,46.40516],[4.80416,46.40509],[4.8041,46.40608],[4.80493,46.407],[4.80558,46.40647],[4.80639,46.40617]]],[[[4.80515,46.40347],[4.80697,46.40325],[4.80655,46.40283],[4.80597,46.40197],[4.80271,46.40295],[4.80308,46.40364],[4.80458,46.40347],[4.80515,46.40347]]]]}},{"type":"Feature","properties":{"id":"appellation-pouilly-vinzelles","kind":"appellation","level":"village","name":"Pouilly-Vinzelles","full":"Pouilly-Vinzelles","app":"Pouilly-Vinzelles","region":"maconnais","communes":["Vinzelles"],"area_ha":72.66,"elev":[212.4,251.8,286.8],"slope":5.3,"slope_pct":9.3,"aspect":89,"aspect_label":"E","aspect_hist":[0.017,0.219,0.518,0.141,0.1,0.002,0.002,0.002],"village":null,"pc_area_ha":22.7,"n_climats":3,"white":true},"geometry":{"type":"MultiPolygon","coordinates":[[[[4.76411,46.26577],[4.76418,46.26591],[4.76326,46.26602],[4.76352,46.26661],[4.7644,46.26652],[4.76439,46.26683],[4.7641,46.26686],[4.76403,46.26657],[4.76353,46.26665],[4.76374,46.2672],[4.7651,46.26702],[4.76825,46.26687],[4.76984,46.26685],[4.76952,46.26562],[4.77069,46.26551],[4.7684,46.26386],[4.76743,46.26396],[4.76294,46.26507],[4.76313,46.26519],[4.7627,46.26526],[4.76299,46.2655],[4.76326,46.26601],[4.76415,46.2659],[4.76411,46.26577]]],[[[4.77019,46.27513],[4.76955,46.27426],[4.76961,46.27425],[4.76955,46.27399],[4.7696,46.27366],[4.76941,46.27342],[4.76826,46.27356],[4.76831,46.27394],[4.76818,46.27415],[4.76689,46.2753],[4.76831,46.2753],[4.76916,46.27539],[4.7691,46.27505],[4.77067,46.2752],[4.77064,46.27513],[4.77019,46.27513]]],[[[4.76838,46.26693],[4.76841,46.26861],[4.76955,46.26864],[4.76963,46.26691],[4.76838,46.26693]]],[[[4.76921,46.26993],[4.76895,46.26868],[4.76704,46.26864],[4.76693,46.26915],[4.76702,46.26989],[4.76696,46.26988],[4.76687,46.26914],[4.76699,46.26861],[4.76693,46.26701],[4.76511,46.26708],[4.76379,46.26725],[4.7642,46.26792],[4.76479,46.26914],[4.7647,46.27008],[4.76497,46.27009],[4.76587,46.27038],[4.76584,46.27082],[4.76596,46.27095],[4.76625,46.27094],[4.76623,46.27064],[4.76681,46.27072],[4.7668,46.27118],[4.76688,46.27076],[4.76733,46.27079],[4.76739,46.27088],[4.7684,46.27078],[4.76876,46.27081],[4.76879,46.27022],[4.76871,46.27022],[4.76871,46.26992],[4.7689,46.2699],[4.76913,46.26977],[4.76921,46.26993]]],[[[4.76829,46.26696],[4.76699,46.26701],[4.76704,46.26858],[4.76835,46.26861],[4.76829,46.26696]]],[[[4.76825,46.27379],[4.76797,46.27316],[4.76741,46.27335],[4.76741,46.27376],[4.76723,46.2738],[4.7672,46.2736],[4.76712,46.27361],[4.76714,46.27371],[4.76666,46.27377],[4.76658,46.27333],[4.76633,46.2734],[4.76617,46.27311],[4.7656,46.27333],[4.76411,46.27407],[4.76433,46.27467],[4.76382,46.27474],[4.764,46.27523],[4.76684,46.27527],[4.76758,46.27465],[4.76821,46.27399],[4.76825,46.27379]]],[[[4.76561,46.27139],[4.76502,46.2714],[4.76501,46.27118],[4.76357,46.27107],[4.76363,46.27193],[4.76708,46.27186],[4.76709,46.27135],[4.7656,46.27125],[4.76561,46.27139]]],[[[4.76617,46.27245],[4.76311,46.27316],[4.76337,46.27385],[4.76377,46.27382],[4.76391,46.27409],[4.76517,46.27345],[4.76599,46.27311],[4.76594,46.27296],[4.76627,46.2729],[4.76617,46.27245]]],[[[4.76471,46.27046],[4.76463,46.27018],[4.76443,46.27018],[4.76444,46.27013],[4.76426,46.27009],[4.76441,46.26976],[4.76391,46.26975],[4.76359,46.27041],[4.76354,46.27096],[4.76361,46.27101],[4.76502,46.27114],[4.76503,46.27091],[4.76538,46.27097],[4.76551,46.27077],[4.76471,46.27046]]],[[[4.76435,46.26857],[4.76413,46.26795],[4.76365,46.26727],[4.76354,46.26694],[4.76293,46.26901],[4.76321,46.26909],[4.76362,46.26892],[4.76457,46.26887],[4.76435,46.26857]]],[[[4.7635,46.26938],[4.76303,46.26908],[4.76278,46.26977],[4.76287,46.26979],[4.76273,46.27021],[4.76263,46.2702],[4.76239,46.27089],[4.76202,46.27085],[4.76197,46.27101],[4.76249,46.27107],[4.7624,46.27132],[4.76135,46.27141],[4.76095,46.27128],[4.76112,46.27095],[4.76098,46.27091],[4.7611,46.27064],[4.76103,46.27063],[4.76106,46.27056],[4.76116,46.27058],[4.76142,46.26998],[4.7602,46.26977],[4.76026,46.2696],[4.75842,46.26927],[4.75851,46.2693],[4.7583,46.2699],[4.75984,46.27043],[4.75915,46.27082],[4.75924,46.27082],[4.76046,46.27314],[4.76153,46.27318],[4.76228,46.27293],[4.76308,46.27279],[4.76353,46.2721],[4.76347,46.27065],[4.7638,46.26976],[4.7635,46.26938]]],[[[4.76291,46.27477],[4.7626,46.27504],[4.76266,46.27533],[4.76394,46.27523],[4.76362,46.27432],[4.76291,46.27477]]],[[[4.7615,46.26888],[4.76217,46.2688],[4.76212,46.26893],[4.76236,46.26891],[4.76325,46.26663],[4.76293,46.26659],[4.76298,46.26654],[4.76291,46.26633],[4.76327,46.26627],[4.76319,46.26609],[4.76233,46.26621],[4.76199,46.26548],[4.76176,46.26551],[4.76168,46.26528],[4.76132,46.2653],[4.76053,46.26563],[4.75934,46.26596],[4.75719,46.26618],[4.75769,46.26664],[4.75789,46.26883],[4.75821,46.26887],[4.75842,46.26916],[4.76025,46.26943],[4.7603,46.26951],[4.76039,46.26877],[4.7615,46.26888]]],[[[4.76307,46.27333],[4.76139,46.27375],[4.76146,46.27395],[4.76056,46.27412],[4.76083,46.2748],[4.7599,46.2749],[4.7595,46.27515],[4.75992,46.27564],[4.76032,46.27547],[4.76022,46.27525],[4.76035,46.27553],[4.76041,46.27576],[4.7606,46.2759],[4.76166,46.27557],[4.76232,46.27546],[4.76249,46.27535],[4.76251,46.27505],[4.76272,46.27484],[4.76248,46.27445],[4.76294,46.27431],[4.76291,46.27425],[4.76302,46.2742],[4.76343,46.27412],[4.76344,46.27405],[4.76307,46.27333]]]]}},{"type":"Feature","properties":{"id":"appellation-pouilly-loche","kind":"appellation","level":"village","name":"Pouilly-Loché","full":"Pouilly-Loché","app":"Pouilly-Loché","region":"maconnais","communes":["Mâcon"],"area_ha":35.24,"elev":[217.4,243.6,277.2],"slope":5.6,"slope_pct":9.8,"aspect":64,"aspect_label":"ENE","aspect_hist":[0.069,0.455,0.389,0.079,0.004,0.0,0.001,0.003],"village":null,"pc_area_ha":7.08,"n_climats":1,"white":true},"geometry":{"type":"MultiPolygon","coordinates":[[[[4.76942,46.27547],[4.76829,46.27534],[4.7668,46.27537],[4.76641,46.27595],[4.76622,46.27654],[4.76597,46.27683],[4.76592,46.27706],[4.76604,46.27732],[4.76633,46.27729],[4.76637,46.27739],[4.76692,46.27744],[4.76694,46.27724],[4.76718,46.27727],[4.7672,46.27718],[4.76744,46.27718],[4.76743,46.27733],[4.76784,46.27733],[4.76794,46.27757],[4.76874,46.27762],[4.76887,46.27725],[4.76903,46.27724],[4.76942,46.27547]]],[[[4.76632,46.27532],[4.76383,46.27528],[4.76281,46.27536],[4.76228,46.27552],[4.76167,46.27562],[4.76061,46.27595],[4.75983,46.27641],[4.75891,46.27652],[4.75897,46.27702],[4.75871,46.27704],[4.75871,46.27742],[4.75893,46.27758],[4.75964,46.27767],[4.75984,46.27765],[4.75979,46.27712],[4.76256,46.27724],[4.76244,46.27666],[4.76249,46.27664],[4.7625,46.27669],[4.76322,46.2767],[4.76313,46.27705],[4.76321,46.27725],[4.76397,46.2773],[4.76479,46.27745],[4.76486,46.2772],[4.76531,46.27732],[4.76542,46.27711],[4.76585,46.27713],[4.76587,46.27691],[4.76614,46.27653],[4.76633,46.27598],[4.76668,46.27538],[4.76632,46.27532]]],[[[4.76591,46.27856],[4.76595,46.27838],[4.76584,46.27836],[4.76594,46.27809],[4.7659,46.27795],[4.76544,46.27784],[4.76503,46.27811],[4.76462,46.27859],[4.76536,46.27893],[4.7658,46.27903],[4.76598,46.27858],[4.76591,46.27856]]],[[[4.76589,46.27956],[4.76378,46.2796],[4.76375,46.27998],[4.76388,46.28036],[4.76483,46.2803],[4.76519,46.28015],[4.76581,46.28007],[4.76585,46.27977],[4.76535,46.27978],[4.76539,46.27964],[4.76587,46.27964],[4.76589,46.27956]]],[[[4.76464,46.27748],[4.76341,46.27732],[4.76291,46.27733],[4.76291,46.27753],[4.76277,46.27754],[4.76277,46.2777],[4.76248,46.27771],[4.76249,46.2773],[4.7617,46.27729],[4.76118,46.2782],[4.76256,46.27808],[4.76258,46.27859],[4.76262,46.2785],[4.76286,46.27843],[4.76315,46.27847],[4.76385,46.27843],[4.76456,46.27853],[4.76507,46.27801],[4.7655,46.27775],[4.76464,46.27748]]],[[[4.76548,46.28103],[4.76424,46.28118],[4.76429,46.28145],[4.76555,46.28129],[4.76548,46.28103]]],[[[4.76538,46.27896],[4.76459,46.2786],[4.76366,46.27848],[4.76375,46.27952],[4.76535,46.2795],[4.76538,46.27896]]],[[[4.76487,46.28042],[4.76413,46.28052],[4.76424,46.28116],[4.76498,46.28107],[4.76493,46.28062],[4.76519,46.2806],[4.76515,46.28046],[4.76528,46.28045],[4.76519,46.28022],[4.76487,46.28042]]],[[[4.7649,46.28254],[4.7641,46.28147],[4.76423,46.28145],[4.76407,46.28052],[4.76251,46.2806],[4.76275,46.28158],[4.76245,46.28059],[4.76153,46.28071],[4.76117,46.28101],[4.76084,46.2821],[4.76042,46.28248],[4.76031,46.28299],[4.76101,46.28296],[4.76172,46.283],[4.76168,46.2824],[4.76282,46.28252],[4.76278,46.28262],[4.76488,46.28277],[4.7649,46.28254]]],[[[4.7637,46.27988],[4.76359,46.27848],[4.76275,46.27847],[4.76257,46.27861],[4.76205,46.27871],[4.76234,46.2805],[4.76383,46.28036],[4.7637,46.27988]]],[[[4.76227,46.2805],[4.76196,46.27855],[4.76104,46.27858],[4.7609,46.27895],[4.76095,46.28009],[4.76179,46.28052],[4.76227,46.2805]]],[[[4.76096,46.27726],[4.76065,46.27733],[4.76014,46.27762],[4.76145,46.2776],[4.76153,46.27729],[4.76096,46.27726]]],[[[4.76002,46.27908],[4.75998,46.27978],[4.75844,46.27957],[4.75806,46.28035],[4.75992,46.28059],[4.75994,46.27996],[4.76087,46.27997],[4.76081,46.27895],[4.76095,46.27858],[4.7597,46.27854],[4.75989,46.27907],[4.76002,46.27908]]]]}},{"type":"Feature","properties":{"id":"climat-pouilly-fuisse-premier-cru-vers-cras","kind":"climat","level":"premier-cru","name":"Vers Cras","full":"Pouilly-Fuissé premier cru Vers Cras","app":"Pouilly-Fuissé","region":"maconnais","communes":["Fuissé","Solutré-Pouilly"],"area_ha":23.19,"elev":[238.1,251.6,261.6],"slope":3.0,"slope_pct":5.3,"aspect":106,"aspect_label":"ESE","aspect_hist":[0.082,0.147,0.297,0.34,0.099,0.005,0.005,0.026],"village":"pouilly-fuisse","white":true},"geometry":{"type":"MultiPolygon","coordinates":[[[[4.75466,46.29191],[4.75341,46.29111],[4.75242,46.2906],[4.7521,46.29049],[4.75133,46.2903],[4.75069,46.29001],[4.75056,46.29017],[4.75033,46.29006],[4.75047,46.28991],[4.7502,46.2898],[4.74951,46.28958],[4.74891,46.28951],[4.74875,46.29022],[4.74925,46.29025],[4.75048,46.29054],[4.75042,46.29157],[4.75044,46.29162],[4.75063,46.29174],[4.75102,46.29187],[4.75145,46.29198],[4.75168,46.29149],[4.7527,46.29181],[4.75287,46.29186],[4.7529,46.29182],[4.7537,46.29218],[4.75384,46.29199],[4.75457,46.29234],[4.75486,46.29198],[4.75466,46.29191]]],[[[4.75365,46.28966],[4.75327,46.28912],[4.7531,46.28896],[4.75274,46.28873],[4.75231,46.28831],[4.75199,46.28804],[4.75172,46.28775],[4.75129,46.28735],[4.75093,46.28688],[4.75049,46.28622],[4.75018,46.28636],[4.75017,46.28639],[4.75029,46.28678],[4.7503,46.28704],[4.75089,46.28789],[4.75085,46.28791],[4.75049,46.28742],[4.74942,46.28795],[4.74939,46.28792],[4.75047,46.28739],[4.75026,46.28706],[4.75024,46.28671],[4.75012,46.28636],[4.75045,46.2862],[4.75035,46.28606],[4.74978,46.28623],[4.74938,46.28643],[4.74883,46.28667],[4.74876,46.28673],[4.74812,46.287],[4.74774,46.28719],[4.74739,46.28745],[4.74706,46.28798],[4.74695,46.2881],[4.74655,46.2887],[4.74631,46.28898],[4.74629,46.28905],[4.74738,46.28922],[4.74786,46.28933],[4.74938,46.28952],[4.7497,46.28958],[4.74993,46.28965],[4.75004,46.2895],[4.75023,46.28955],[4.75108,46.28858],[4.75039,46.28937],[4.75058,46.28943],[4.75054,46.28954],[4.75089,46.28965],[4.75114,46.28934],[4.75133,46.28943],[4.75084,46.28998],[4.75144,46.29024],[4.75223,46.29043],[4.75247,46.29052],[4.75273,46.2904],[4.75258,46.29011],[4.75365,46.28966]]],[[[4.75046,46.29071],[4.75041,46.29056],[4.74977,46.29039],[4.74923,46.29026],[4.74866,46.29025],[4.74803,46.29006],[4.74776,46.29004],[4.74732,46.29006],[4.74723,46.29005],[4.74715,46.29002],[4.74705,46.29051],[4.74754,46.29049],[4.74764,46.29125],[4.74785,46.29124],[4.74795,46.29168],[4.74816,46.29166],[4.74818,46.29169],[4.74911,46.29169],[4.75039,46.29177],[4.75046,46.29071]]],[[[4.74883,46.2895],[4.74776,46.28937],[4.74743,46.28928],[4.74701,46.28922],[4.74688,46.28992],[4.74729,46.29004],[4.74758,46.29002],[4.74802,46.29004],[4.74819,46.29007],[4.74858,46.29021],[4.74872,46.29022],[4.74886,46.28964],[4.74887,46.28952],[4.74883,46.2895]]]]}},{"type":"Feature","properties":{"id":"climat-pouilly-fuisse-premier-cru-pouilly","kind":"climat","level":"premier-cru","name":"Pouilly","full":"Pouilly-Fuissé premier cru Pouilly","app":"Pouilly-Fuissé","region":"maconnais","communes":["Solutré-Pouilly"],"area_ha":19.37,"elev":[253.3,290.7,348.4],"slope":10.5,"slope_pct":18.7,"aspect":94,"aspect_label":"E","aspect_hist":[0.004,0.075,0.708,0.201,0.011,0.001,0.0,0.0],"village":"pouilly-fuisse","white":true},"geometry":{"type":"MultiPolygon","coordinates":[[[[4.74356,46.2914],[4.74337,46.29069],[4.74275,46.29064],[4.74275,46.29055],[4.74181,46.29029],[4.74149,46.29023],[4.74144,46.29035],[4.74114,46.29029],[4.74106,46.29046],[4.74085,46.29043],[4.74084,46.29046],[4.74052,46.29043],[4.74046,46.29062],[4.74054,46.29063],[4.7405,46.29081],[4.74014,46.29136],[4.74008,46.29149],[4.74,46.29148],[4.73996,46.29158],[4.74003,46.29161],[4.74001,46.29181],[4.73991,46.29218],[4.74001,46.2922],[4.74,46.29223],[4.74073,46.29229],[4.74076,46.2922],[4.74109,46.29222],[4.74111,46.29211],[4.7413,46.29212],[4.74129,46.29214],[4.74186,46.29219],[4.74193,46.29194],[4.74256,46.29204],[4.74249,46.29226],[4.74343,46.29245],[4.74359,46.29202],[4.7436,46.29185],[4.74356,46.2914]]],[[[4.74023,46.28971],[4.74019,46.28933],[4.73977,46.28935],[4.73976,46.28917],[4.7398,46.28916],[4.73969,46.28893],[4.73964,46.28894],[4.7396,46.28886],[4.73963,46.28885],[4.73959,46.2887],[4.73944,46.2885],[4.73938,46.2883],[4.73809,46.2885],[4.73801,46.28828],[4.73813,46.28825],[4.7381,46.28815],[4.7372,46.28834],[4.7372,46.28842],[4.73642,46.2884],[4.73646,46.2886],[4.73643,46.28883],[4.73635,46.28884],[4.73632,46.28896],[4.73615,46.28893],[4.73604,46.28935],[4.73589,46.28964],[4.73582,46.28989],[4.73551,46.28988],[4.73509,46.29051],[4.73488,46.29071],[4.73484,46.29066],[4.73453,46.29099],[4.73537,46.2912],[4.73544,46.2911],[4.73569,46.29115],[4.73567,46.29122],[4.73646,46.29135],[4.73646,46.29137],[4.73677,46.29143],[4.73681,46.2918],[4.73708,46.29172],[4.73723,46.29221],[4.73724,46.29253],[4.73722,46.29258],[4.73695,46.29261],[4.73694,46.29304],[4.73708,46.29321],[4.73712,46.29335],[4.73772,46.29343],[4.73795,46.29323],[4.73784,46.29317],[4.73795,46.2928],[4.73853,46.29281],[4.73854,46.29274],[4.73862,46.29271],[4.73865,46.29265],[4.7388,46.29265],[4.7388,46.29264],[4.73894,46.29264],[4.73895,46.29266],[4.73947,46.29266],[4.73957,46.29253],[4.73963,46.2924],[4.73937,46.29239],[4.73932,46.29226],[4.7393,46.29226],[4.7393,46.29209],[4.73921,46.2921],[4.73926,46.29189],[4.73926,46.29155],[4.73929,46.29147],[4.73948,46.29144],[4.73943,46.29114],[4.73938,46.29102],[4.73854,46.29102],[4.73817,46.29101],[4.73938,46.291],[4.73935,46.29065],[4.73938,46.29066],[4.73936,46.2904],[4.73971,46.29041],[4.73974,46.29025],[4.73969,46.29024],[4.73969,46.29017],[4.73975,46.29017],[4.73979,46.29002],[4.73972,46.28973],[4.74023,46.28971]]],[[[4.73933,46.29295],[4.73872,46.29296],[4.73851,46.29299],[4.73841,46.29303],[4.73791,46.29331],[4.73776,46.29344],[4.73757,46.29368],[4.73792,46.29377],[4.73942,46.29381],[4.73933,46.29295]]]]}},{"type":"Feature","properties":{"id":"climat-pouilly-fuisse-premier-cru-les-vignes-blanches","kind":"climat","level":"premier-cru","name":"Les Vignes Blanches","full":"Pouilly-Fuissé premier cru Les Vignes Blanches","app":"Pouilly-Fuissé","region":"maconnais","communes":["Fuissé"],"area_ha":19.13,"elev":[264.9,306.9,351.5],"slope":12.0,"slope_pct":21.3,"aspect":95,"aspect_label":"E","aspect_hist":[0.004,0.078,0.782,0.133,0.003,0.0,0.0,0.0],"village":"pouilly-fuisse","white":true},"geometry":{"type":"MultiPolygon","coordinates":[[[[4.74007,46.28267],[4.73993,46.28192],[4.73978,46.28192],[4.73973,46.28169],[4.73927,46.28174],[4.73915,46.28141],[4.73889,46.28132],[4.73799,46.28138],[4.736,46.28163],[4.73683,46.28246],[4.73696,46.28255],[4.73708,46.28259],[4.73763,46.28268],[4.73773,46.28271],[4.73791,46.28286],[4.73829,46.28305],[4.73843,46.28309],[4.73886,46.28295],[4.73917,46.28278],[4.73951,46.2827],[4.74007,46.28267]]],[[[4.73946,46.28284],[4.73945,46.28275],[4.73925,46.2828],[4.7389,46.28298],[4.73847,46.28313],[4.73835,46.28325],[4.73821,46.28351],[4.73974,46.28345],[4.73971,46.28283],[4.73946,46.28284]]],[[[4.73941,46.28065],[4.73934,46.27977],[4.73874,46.27967],[4.73833,46.27968],[4.73773,46.27978],[4.73715,46.27984],[4.73675,46.27978],[4.73615,46.27961],[4.73614,46.27955],[4.73608,46.27947],[4.73586,46.27931],[4.73502,46.27913],[4.73399,46.27907],[4.73352,46.2791],[4.73342,46.27914],[4.73346,46.27947],[4.73359,46.27968],[4.73408,46.28004],[4.73475,46.28035],[4.73518,46.28064],[4.73551,46.28092],[4.73562,46.28106],[4.73589,46.2815],[4.73599,46.28162],[4.73741,46.28144],[4.73737,46.28127],[4.73926,46.28119],[4.73923,46.28066],[4.73941,46.28065]]],[[[4.73807,46.28316],[4.73735,46.28321],[4.73737,46.28328],[4.73661,46.28337],[4.73617,46.28345],[4.73564,46.2835],[4.73569,46.28373],[4.7357,46.28409],[4.73591,46.28427],[4.73614,46.28455],[4.73635,46.28458],[4.73651,46.28457],[4.73662,46.28481],[4.73717,46.28478],[4.73771,46.28482],[4.73776,46.28479],[4.73791,46.28458],[4.73795,46.28417],[4.73806,46.28371],[4.73827,46.28324],[4.73835,46.28314],[4.73827,46.28311],[4.73807,46.28316]]],[[[4.73804,46.28298],[4.73775,46.28278],[4.73758,46.2827],[4.73698,46.28261],[4.73688,46.28255],[4.73664,46.28233],[4.73593,46.28158],[4.73543,46.28086],[4.73491,46.28048],[4.73456,46.28029],[4.734,46.28002],[4.73378,46.27987],[4.73376,46.27989],[4.7338,46.27996],[4.73375,46.28013],[4.73378,46.28034],[4.73395,46.28056],[4.73401,46.2808],[4.73422,46.28129],[4.73437,46.2815],[4.73456,46.28194],[4.73465,46.28206],[4.73523,46.28261],[4.73527,46.2826],[4.73549,46.28305],[4.73563,46.28349],[4.73618,46.28344],[4.7364,46.28339],[4.73734,46.28327],[4.73734,46.2832],[4.73804,46.28315],[4.73826,46.28309],[4.73804,46.28298]]]]}},{"type":"Feature","properties":{"id":"climat-pouilly-fuisse-premier-cru-au-vignerais","kind":"climat","level":"premier-cru","name":"Au Vignerais","full":"Pouilly-Fuissé premier cru Au Vignerais","app":"Pouilly-Fuissé","region":"maconnais","communes":["Solutré-Pouilly"],"area_ha":18.67,"elev":[255.8,308.8,348.4],"slope":8.9,"slope_pct":15.7,"aspect":147,"aspect_label":"SSE","aspect_hist":[0.0,0.001,0.136,0.497,0.366,0.0,0.0,0.0],"village":"pouilly-fuisse","white":true},"geometry":{"type":"MultiPolygon","coordinates":[[[[4.73602,46.29723],[4.73528,46.29695],[4.73486,46.29683],[4.7344,46.29675],[4.73382,46.29671],[4.7337,46.29686],[4.73351,46.29704],[4.73325,46.29713],[4.73274,46.29756],[4.73309,46.29778],[4.73322,46.29783],[4.73351,46.2979],[4.73513,46.29782],[4.73637,46.29799],[4.73641,46.29745],[4.73602,46.29723]]],[[[4.73525,46.29795],[4.73509,46.29789],[4.73425,46.29793],[4.73331,46.29799],[4.73327,46.29804],[4.73283,46.29791],[4.73243,46.29829],[4.73238,46.2983],[4.73216,46.29826],[4.73167,46.29806],[4.73115,46.2979],[4.73046,46.29784],[4.73027,46.29795],[4.72958,46.29772],[4.72929,46.298],[4.72963,46.29841],[4.73027,46.29885],[4.73079,46.29908],[4.73142,46.29849],[4.73082,46.29909],[4.73096,46.29913],[4.73133,46.29919],[4.73139,46.29906],[4.73149,46.29909],[4.73147,46.29916],[4.73172,46.29921],[4.73236,46.2992],[4.73233,46.2993],[4.73263,46.29936],[4.73293,46.29938],[4.73383,46.29938],[4.7344,46.29933],[4.73469,46.29927],[4.73477,46.29922],[4.73484,46.29902],[4.73484,46.29883],[4.73491,46.29883],[4.73491,46.29874],[4.73513,46.29873],[4.7354,46.29885],[4.73544,46.29882],[4.73549,46.29871],[4.7356,46.29876],[4.7357,46.29867],[4.73595,46.29873],[4.73622,46.29871],[4.73633,46.29842],[4.73636,46.29807],[4.73527,46.29791],[4.73525,46.29795]]],[[[4.73424,46.29943],[4.73273,46.29941],[4.73174,46.29927],[4.73102,46.29933],[4.73039,46.29925],[4.7299,46.29915],[4.72981,46.29938],[4.72983,46.29942],[4.7301,46.29949],[4.73005,46.29955],[4.72998,46.29978],[4.73008,46.29989],[4.73023,46.30019],[4.73024,46.30028],[4.73087,46.30035],[4.73079,46.30066],[4.73111,46.30075],[4.73111,46.30079],[4.73118,46.30081],[4.73127,46.30066],[4.7314,46.30067],[4.73143,46.30043],[4.73172,46.30047],[4.73173,46.30101],[4.73225,46.30096],[4.73226,46.30117],[4.73233,46.30116],[4.73233,46.30044],[4.73252,46.30046],[4.73299,46.30045],[4.73365,46.30051],[4.73379,46.30038],[4.73426,46.29976],[4.73443,46.29948],[4.73424,46.29943]]],[[[4.73133,46.29924],[4.73083,46.29915],[4.73031,46.29893],[4.72978,46.29859],[4.72959,46.29844],[4.72956,46.29845],[4.72968,46.2989],[4.72977,46.29904],[4.72991,46.29911],[4.73056,46.29925],[4.73111,46.2993],[4.73132,46.29928],[4.73133,46.29924]]],[[[4.72998,46.29984],[4.72961,46.2998],[4.72913,46.29982],[4.72903,46.2998],[4.72928,46.29976],[4.72961,46.29975],[4.72966,46.29958],[4.72973,46.2996],[4.72977,46.2994],[4.7298,46.29912],[4.72917,46.29878],[4.72816,46.29844],[4.72774,46.29838],[4.72734,46.29835],[4.72708,46.29829],[4.72653,46.29812],[4.72646,46.29816],[4.72664,46.29845],[4.7266,46.29848],[4.72672,46.29864],[4.72684,46.29873],[4.72698,46.29894],[4.72709,46.29902],[4.72704,46.29906],[4.72703,46.29925],[4.72715,46.29934],[4.72706,46.29932],[4.72695,46.29932],[4.7268,46.2997],[4.72682,46.29986],[4.72696,46.29989],[4.72721,46.29999],[4.72727,46.29999],[4.72747,46.30009],[4.72747,46.30013],[4.72944,46.30067],[4.72961,46.30068],[4.72981,46.30063],[4.72989,46.30051],[4.72993,46.30038],[4.73001,46.2999],[4.72998,46.29984]]],[[[4.72951,46.29845],[4.72944,46.29828],[4.72916,46.29796],[4.72883,46.29792],[4.72846,46.29848],[4.72912,46.29872],[4.72963,46.29898],[4.72967,46.29896],[4.72958,46.29876],[4.72951,46.29845]]]]}},{"type":"Feature","properties":{"id":"climat-pouilly-fuisse-premier-cru-sur-la-roche","kind":"climat","level":"premier-cru","name":"Sur la Roche","full":"Pouilly-Fuissé premier cru Sur la Roche","app":"Pouilly-Fuissé","region":"maconnais","communes":["Vergisson"],"area_ha":14.76,"elev":[300.3,358.3,395.0],"slope":9.7,"slope_pct":17.2,"aspect":143,"aspect_label":"SE","aspect_hist":[0.0,0.0,0.16,0.624,0.202,0.012,0.002,0.0],"village":"pouilly-fuisse","white":true},"geometry":{"type":"MultiPolygon","coordinates":[[[[4.72987,46.31062],[4.72681,46.30966],[4.72678,46.3097],[4.72626,46.3096],[4.72566,46.30951],[4.72486,46.30964],[4.72488,46.30984],[4.72485,46.30996],[4.72491,46.31018],[4.7248,46.31059],[4.72408,46.31019],[4.72405,46.3102],[4.7238,46.31013],[4.7233,46.31087],[4.72331,46.31088],[4.72273,46.31168],[4.72318,46.31192],[4.72345,46.31211],[4.72404,46.31269],[4.72448,46.31316],[4.72651,46.31262],[4.72686,46.31304],[4.72777,46.31217],[4.72788,46.31232],[4.72814,46.31292],[4.72837,46.31283],[4.72924,46.31196],[4.72883,46.31145],[4.72987,46.31062]],[[4.72829,46.31113],[4.72643,46.31028],[4.72643,46.31027],[4.72806,46.31101],[4.72829,46.31113]]],[[[4.72676,46.3093],[4.7267,46.30897],[4.72651,46.30895],[4.72644,46.30859],[4.72625,46.30857],[4.72623,46.30864],[4.72617,46.30863],[4.72616,46.30865],[4.72612,46.30864],[4.72607,46.30869],[4.72605,46.30875],[4.72592,46.30878],[4.72572,46.30876],[4.72541,46.30879],[4.72532,46.30903],[4.72529,46.30948],[4.72676,46.3093]]],[[[4.72675,46.30933],[4.72603,46.30942],[4.72602,46.30948],[4.72668,46.30957],[4.72675,46.30933]]]]}},{"type":"Feature","properties":{"id":"climat-pouilly-vinzelles-premier-cru-les-quarts","kind":"climat","level":"premier-cru","name":"Les Quarts","full":"Pouilly-Vinzelles premier cru Les Quarts","app":"Pouilly-Vinzelles","region":"maconnais","communes":["Vinzelles"],"area_ha":12.56,"elev":[220.1,240.1,271.8],"slope":6.8,"slope_pct":11.9,"aspect":78,"aspect_label":"ENE","aspect_hist":[0.0,0.186,0.803,0.01,0.0,0.0,0.0,0.0],"village":null,"white":true},"geometry":{"type":"MultiPolygon","coordinates":[[[[4.7687,46.26992],[4.7689,46.2699],[4.76913,46.26977],[4.76921,46.26993],[4.76913,46.26973],[4.76901,46.26921],[4.76895,46.26868],[4.76704,46.26864],[4.76696,46.2689],[4.76693,46.26915],[4.76702,46.26989],[4.76696,46.26988],[4.76687,46.26914],[4.76699,46.26861],[4.76693,46.26701],[4.76511,46.26708],[4.76379,46.26725],[4.76377,46.26728],[4.7642,46.26792],[4.76436,46.26834],[4.76459,46.26872],[4.76479,46.26914],[4.7647,46.26963],[4.76603,46.26977],[4.76582,46.27036],[4.76587,46.27038],[4.76585,46.27062],[4.76623,46.27064],[4.76681,46.27072],[4.76678,46.27083],[4.76684,46.27084],[4.76676,46.27118],[4.7668,46.27118],[4.76682,46.27111],[4.76684,46.27112],[4.76689,46.27076],[4.76733,46.27079],[4.76732,46.27085],[4.7674,46.27086],[4.76739,46.27088],[4.76787,46.27086],[4.7684,46.27078],[4.76876,46.27081],[4.76879,46.27022],[4.76871,46.27022],[4.7687,46.26992]]],[[[4.76879,46.26862],[4.7687,46.26693],[4.76838,46.26693],[4.76834,46.26696],[4.76841,46.26861],[4.76879,46.26862]]],[[[4.76699,46.26701],[4.76704,46.26858],[4.76835,46.26861],[4.76829,46.26696],[4.76825,46.26693],[4.76699,46.26701]]]]}},{"type":"Feature","properties":{"id":"climat-pouilly-fuisse-premier-cru-les-chevrieres","kind":"climat","level":"premier-cru","name":"Les Chevrières","full":"Pouilly-Fuissé premier cru Les Chevrières","app":"Pouilly-Fuissé","region":"maconnais","communes":["Chaintré"],"area_ha":11.35,"elev":[229.5,259.4,284.0],"slope":6.9,"slope_pct":12.3,"aspect":207,"aspect_label":"SSW","aspect_hist":[0.001,0.001,0.032,0.17,0.318,0.366,0.111,0.001],"village":"pouilly-fuisse","white":true},"geometry":{"type":"MultiPolygon","coordinates":[[[[4.7608,46.25402],[4.76056,46.25465],[4.75995,46.25451],[4.75986,46.25452],[4.75981,46.25455],[4.75983,46.255],[4.75916,46.25508],[4.75916,46.25563],[4.75955,46.25565],[4.75956,46.25601],[4.76043,46.25606],[4.76055,46.25549],[4.76051,46.25549],[4.76051,46.25541],[4.76061,46.25541],[4.76061,46.25516],[4.76078,46.25515],[4.76081,46.25529],[4.76093,46.25528],[4.76094,46.2552],[4.76126,46.25467],[4.76137,46.25415],[4.76085,46.254],[4.7608,46.25402]]],[[[4.76077,46.25393],[4.76007,46.25376],[4.76025,46.25364],[4.75978,46.25298],[4.75855,46.2534],[4.75827,46.25352],[4.75805,46.25364],[4.75745,46.25414],[4.75666,46.25454],[4.75656,46.2556],[4.75754,46.25566],[4.75754,46.25565],[4.75819,46.25567],[4.75829,46.25653],[4.75819,46.25687],[4.75816,46.2583],[4.75822,46.2584],[4.759,46.25833],[4.75898,46.25811],[4.75893,46.2581],[4.7589,46.25792],[4.75942,46.25794],[4.75933,46.25757],[4.75907,46.25756],[4.75904,46.25739],[4.75907,46.25736],[4.75915,46.25734],[4.7593,46.25735],[4.7593,46.25732],[4.75911,46.25633],[4.75882,46.2563],[4.7588,46.25594],[4.7591,46.25593],[4.75908,46.25504],[4.7597,46.25497],[4.75976,46.25492],[4.75974,46.25449],[4.75995,46.25448],[4.76052,46.2546],[4.76077,46.25393]],[[4.75893,46.25463],[4.75851,46.25541],[4.75812,46.25536],[4.75796,46.2549],[4.75803,46.25484],[4.75802,46.25482],[4.75819,46.25475],[4.75812,46.25453],[4.75852,46.25441],[4.75841,46.25422],[4.75852,46.25417],[4.75857,46.25411],[4.75862,46.25415],[4.75873,46.25406],[4.75863,46.25391],[4.75873,46.25371],[4.75887,46.25385],[4.75902,46.25387],[4.7591,46.25406],[4.75893,46.25463]]],[[[4.76073,46.25647],[4.76068,46.25649],[4.76038,46.25691],[4.76081,46.25685],[4.76082,46.2568],[4.76073,46.25647]]],[[[4.76044,46.2561],[4.75917,46.25602],[4.75918,46.25644],[4.75923,46.25667],[4.76004,46.25671],[4.75969,46.2576],[4.76015,46.25719],[4.76049,46.25664],[4.76069,46.25625],[4.76044,46.2561]]],[[[4.76062,46.25854],[4.76063,46.25834],[4.76051,46.25783],[4.75955,46.25779],[4.75952,46.25783],[4.75948,46.25802],[4.7596,46.25803],[4.75969,46.25833],[4.75989,46.25844],[4.7599,46.25858],[4.75941,46.25861],[4.75936,46.25887],[4.75929,46.25908],[4.7593,46.2593],[4.75977,46.25927],[4.75979,46.25937],[4.76022,46.25934],[4.76063,46.25903],[4.76061,46.25894],[4.76069,46.25881],[4.76062,46.25854]]],[[[4.76021,46.25721],[4.75979,46.2576],[4.76032,46.25762],[4.76021,46.25721]]]]}},{"type":"Feature","properties":{"id":"climat-pouilly-fuisse-premier-cru-aux-quarts","kind":"climat","level":"premier-cru","name":"Aux Quarts","full":"Pouilly-Fuissé premier cru Aux Quarts","app":"Pouilly-Fuissé","region":"maconnais","communes":["Chaintré"],"area_ha":11.22,"elev":[236.9,267.7,279.3],"slope":4.8,"slope_pct":8.4,"aspect":94,"aspect_label":"E","aspect_hist":[0.017,0.059,0.765,0.106,0.004,0.002,0.01,0.036],"village":"pouilly-fuisse","white":true},"geometry":{"type":"MultiPolygon","coordinates":[[[[4.76674,46.26401],[4.76612,46.26373],[4.7661,46.26375],[4.76636,46.26423],[4.76702,46.26407],[4.76674,46.26401]]],[[[4.76579,46.26358],[4.76559,46.26353],[4.76511,46.26347],[4.76325,46.26371],[4.76322,46.26374],[4.76361,46.26472],[4.76257,46.26486],[4.76294,46.26508],[4.76632,46.26424],[4.76603,46.26372],[4.76579,46.26358]]],[[[4.76478,46.26329],[4.76468,46.2632],[4.76446,46.26288],[4.76359,46.26298],[4.76319,46.26297],[4.76316,46.26299],[4.76318,46.26365],[4.76322,46.26367],[4.76505,46.26345],[4.76505,46.26342],[4.76478,46.26329]]],[[[4.76009,46.26267],[4.7597,46.26268],[4.76023,46.2631],[4.76061,46.26353],[4.76096,46.26351],[4.76107,46.26373],[4.76113,46.26372],[4.76117,46.26383],[4.76121,46.26383],[4.76144,46.26418],[4.76136,46.2642],[4.7613,46.26412],[4.76116,46.26416],[4.76135,46.26431],[4.76184,46.26423],[4.76193,46.2645],[4.76166,46.26455],[4.76203,46.26481],[4.76231,46.26476],[4.76228,46.26468],[4.76259,46.26462],[4.76263,46.26481],[4.76351,46.26469],[4.76353,46.26466],[4.76313,46.26366],[4.7631,46.26292],[4.76365,46.26294],[4.7643,46.26286],[4.76442,46.26282],[4.76425,46.26262],[4.76351,46.2621],[4.76302,46.26179],[4.76189,46.26115],[4.76176,46.26112],[4.76143,46.26118],[4.76137,46.26146],[4.76115,46.26145],[4.76098,46.26184],[4.76091,46.26191],[4.76091,46.26206],[4.76057,46.26206],[4.7606,46.26234],[4.76091,46.2623],[4.76099,46.2627],[4.76065,46.26271],[4.76052,46.26279],[4.76009,46.26267]],[[4.76057,46.26338],[4.76071,46.26337],[4.76072,46.26347],[4.76059,46.26349],[4.76057,46.26338]]],[[[4.76052,46.26207],[4.76045,46.26207],[4.76044,46.26185],[4.76026,46.26187],[4.75935,46.2621],[4.75944,46.26248],[4.75952,46.26253],[4.75968,46.26256],[4.76058,46.26242],[4.76054,46.26242],[4.76052,46.26207]]]]}},{"type":"Feature","properties":{"id":"climat-pouilly-fuisse-premier-cru-les-crays","kind":"climat","level":"premier-cru","name":"Les Crays","full":"Pouilly-Fuissé premier cru Les Crays","app":"Pouilly-Fuissé","region":"maconnais","communes":["Vergisson"],"area_ha":10.75,"elev":[308.3,351.4,394.4],"slope":15.4,"slope_pct":27.9,"aspect":190,"aspect_label":"S","aspect_hist":[0.0,0.0,0.016,0.015,0.835,0.133,0.0,0.0],"village":"pouilly-fuisse","white":true},"geometry":{"type":"MultiPolygon","coordinates":[[[[4.72199,46.30965],[4.72158,46.30974],[4.72101,46.31005],[4.72085,46.31009],[4.72071,46.3101],[4.72035,46.31006],[4.72014,46.31007],[4.71969,46.31013],[4.71929,46.31027],[4.7188,46.3104],[4.71903,46.31088],[4.71853,46.31091],[4.71838,46.31053],[4.71807,46.31059],[4.7177,46.3106],[4.71731,46.31067],[4.71708,46.31074],[4.71711,46.31079],[4.71682,46.31087],[4.71685,46.31097],[4.71669,46.311],[4.71674,46.31112],[4.71651,46.31118],[4.71648,46.31104],[4.71633,46.31108],[4.71633,46.31112],[4.71616,46.31114],[4.71614,46.31116],[4.71627,46.31145],[4.71586,46.31154],[4.71586,46.31151],[4.71552,46.31154],[4.7155,46.31151],[4.7154,46.31154],[4.71542,46.3116],[4.71533,46.31162],[4.71532,46.31161],[4.71502,46.31169],[4.71512,46.31186],[4.71495,46.31192],[4.71489,46.31183],[4.7146,46.31192],[4.71455,46.31185],[4.71411,46.312],[4.71406,46.31195],[4.71343,46.31265],[4.71345,46.3127],[4.71435,46.31308],[4.71461,46.31321],[4.71481,46.31325],[4.71586,46.31315],[4.71631,46.313],[4.71633,46.31305],[4.71673,46.31293],[4.71702,46.31282],[4.71712,46.31272],[4.71726,46.31263],[4.71726,46.3126],[4.71754,46.31254],[4.71765,46.31254],[4.71811,46.31242],[4.71805,46.31226],[4.71945,46.31182],[4.71943,46.31175],[4.71993,46.31162],[4.71988,46.3115],[4.72028,46.31137],[4.72026,46.31133],[4.72056,46.31124],[4.72092,46.31121],[4.72091,46.31117],[4.72106,46.31115],[4.72117,46.31097],[4.72124,46.31079],[4.72131,46.31069],[4.72131,46.31059],[4.72144,46.31054],[4.72138,46.31044],[4.72165,46.31021],[4.72189,46.30986],[4.72204,46.30972],[4.72199,46.30965]]],[[[4.71521,46.31086],[4.715,46.31026],[4.71477,46.31028],[4.7146,46.31027],[4.71445,46.3102],[4.71435,46.31003],[4.71398,46.31005],[4.71395,46.31024],[4.71395,46.31051],[4.71401,46.3107],[4.71417,46.31099],[4.71419,46.31098],[4.7142,46.3111],[4.71461,46.31101],[4.7146,46.31098],[4.71521,46.31086]]]]}},{"type":"Feature","properties":{"id":"climat-pouilly-fuisse-premier-cru-la-marechaude","kind":"climat","level":"premier-cru","name":"La Maréchaude","full":"Pouilly-Fuissé premier cru La Maréchaude","app":"Pouilly-Fuissé","region":"maconnais","communes":["Vergisson"],"area_ha":9.34,"elev":[262.3,291.6,322.3],"slope":11.6,"slope_pct":20.8,"aspect":173,"aspect_label":"S","aspect_hist":[0.0,0.0,0.009,0.296,0.645,0.049,0.001,0.0],"village":"pouilly-fuisse","white":true},"geometry":{"type":"MultiPolygon","coordinates":[[[[4.72247,46.309],[4.72261,46.30902],[4.72277,46.30901],[4.72278,46.3089],[4.72313,46.30881],[4.72315,46.30855],[4.72314,46.30872],[4.72347,46.30866],[4.7237,46.30865],[4.72393,46.30864],[4.72393,46.30902],[4.72431,46.30914],[4.72456,46.30936],[4.72472,46.30943],[4.72503,46.30949],[4.72493,46.30887],[4.72457,46.30886],[4.72478,46.3082],[4.72458,46.30821],[4.72411,46.30818],[4.72238,46.30845],[4.72206,46.30853],[4.72105,46.30887],[4.72105,46.3089],[4.71891,46.30884],[4.71865,46.30954],[4.71844,46.30948],[4.71835,46.30972],[4.71831,46.30999],[4.71878,46.31011],[4.71873,46.31024],[4.71851,46.3102],[4.71851,46.31044],[4.71924,46.31025],[4.71972,46.31008],[4.71971,46.31001],[4.72034,46.30988],[4.72039,46.31002],[4.72065,46.31007],[4.721,46.31001],[4.72119,46.30989],[4.72142,46.30979],[4.72141,46.30976],[4.7216,46.30966],[4.72212,46.30945],[4.72233,46.30931],[4.72251,46.30917],[4.72247,46.309]]],[[[4.72364,46.30803],[4.72354,46.30803],[4.72329,46.30798],[4.7233,46.30792],[4.72289,46.30792],[4.72289,46.30794],[4.72262,46.30795],[4.72262,46.30799],[4.72204,46.30805],[4.72204,46.30811],[4.72115,46.30813],[4.72106,46.3088],[4.72225,46.30841],[4.72264,46.30833],[4.72365,46.30819],[4.72364,46.30803]]],[[[4.72107,46.30818],[4.72024,46.30804],[4.71994,46.30882],[4.72073,46.30884],[4.72075,46.30881],[4.72091,46.30876],[4.72095,46.30872],[4.72101,46.30857],[4.72107,46.30818]]],[[[4.71858,46.30796],[4.71814,46.30797],[4.71811,46.30805],[4.71779,46.30801],[4.7178,46.30799],[4.71757,46.30797],[4.71733,46.30799],[4.71726,46.30802],[4.71708,46.30831],[4.71681,46.30859],[4.71664,46.3089],[4.71707,46.30903],[4.7177,46.30883],[4.71864,46.30879],[4.71878,46.30858],[4.71889,46.30837],[4.71918,46.30812],[4.71885,46.308],[4.71858,46.30796]]],[[[4.71767,46.3089],[4.71668,46.3092],[4.71672,46.30952],[4.71669,46.30952],[4.71676,46.31013],[4.71673,46.31017],[4.71705,46.31013],[4.71702,46.31014],[4.71707,46.3105],[4.71753,46.3105],[4.71769,46.31053],[4.7178,46.31042],[4.71789,46.31026],[4.7178,46.31026],[4.71778,46.31009],[4.7174,46.3101],[4.71738,46.30979],[4.71762,46.30979],[4.7177,46.30937],[4.71816,46.3094],[4.7184,46.30886],[4.71767,46.3089]]]]}},{"type":"Feature","properties":{"id":"climat-pouilly-fuisse-premier-cru-le-clos-reyssier","kind":"climat","level":"premier-cru","name":"Le Clos Reyssier","full":"Pouilly-Fuissé premier cru Le Clos Reyssier","app":"Pouilly-Fuissé","region":"maconnais","communes":["Chaintré"],"area_ha":8.68,"elev":[227.2,245.6,273.3],"slope":7.1,"slope_pct":12.4,"aspect":101,"aspect_label":"E","aspect_hist":[0.001,0.031,0.864,0.101,0.002,0.0,0.0,0.0],"village":"pouilly-fuisse","white":true},"geometry":{"type":"MultiPolygon","coordinates":[[[[4.76735,46.26326],[4.76694,46.26322],[4.76727,46.26325],[4.76696,46.26162],[4.76571,46.26176],[4.76569,46.2618],[4.7658,46.26226],[4.76587,46.26283],[4.76579,46.26309],[4.766,46.26358],[4.7668,46.26394],[4.767,46.26398],[4.76726,46.26395],[4.76742,46.26386],[4.76776,46.26344],[4.76797,46.26329],[4.76794,46.26325],[4.76735,46.26326]]],[[[4.76613,46.26052],[4.7655,46.26063],[4.76526,46.26065],[4.76565,46.26171],[4.76571,46.26173],[4.76696,46.26158],[4.76669,46.26039],[4.76613,46.26052]]],[[[4.76574,46.26309],[4.76581,46.26283],[4.76575,46.26226],[4.76564,46.2618],[4.7652,46.26066],[4.76407,46.26072],[4.76333,46.26082],[4.76201,46.26107],[4.76201,46.26109],[4.76265,46.2615],[4.76358,46.26204],[4.76416,46.26244],[4.76441,46.26266],[4.76473,46.26311],[4.76497,46.2633],[4.76525,46.2634],[4.76557,46.26345],[4.76593,46.26355],[4.76574,46.26309]]]]}},{"type":"Feature","properties":{"id":"climat-pouilly-vinzelles-premier-cru-les-longeays","kind":"climat","level":"premier-cru","name":"Les Longeays","full":"Pouilly-Vinzelles premier cru Les Longeays","app":"Pouilly-Vinzelles","region":"maconnais","communes":["Vinzelles"],"area_ha":7.36,"elev":[237.2,255.3,273.0],"slope":6.9,"slope_pct":12.1,"aspect":102,"aspect_label":"ESE","aspect_hist":[0.0,0.015,0.734,0.251,0.0,0.0,0.0,0.0],"village":null,"white":true},"geometry":{"type":"Polygon","coordinates":[[[4.76411,46.26577],[4.76418,46.26591],[4.76326,46.26602],[4.76352,46.26661],[4.76418,46.26651],[4.7644,46.26652],[4.76439,46.26683],[4.7641,46.26686],[4.76403,46.26657],[4.76353,46.26665],[4.76374,46.2672],[4.7651,46.26702],[4.76699,46.26695],[4.76703,46.26691],[4.76693,46.26565],[4.76683,46.26548],[4.76652,46.26462],[4.76631,46.26425],[4.76294,46.26507],[4.76313,46.26519],[4.7627,46.26526],[4.763,46.2655],[4.76317,46.2658],[4.76326,46.26601],[4.76415,46.2659],[4.76411,46.26577]],[[4.76411,46.26577],[4.76401,46.26557],[4.76406,46.26556],[4.76411,46.26577]]]}},{"type":"Feature","properties":{"id":"climat-pouilly-loche-premier-cru-les-mures","kind":"climat","level":"premier-cru","name":"les Mûres","full":"Pouilly-Loché premier cru les Mûres","app":"Pouilly-Loché","region":"maconnais","communes":["Mâcon"],"area_ha":7.08,"elev":[237.5,252.0,265.3],"slope":5.3,"slope_pct":9.3,"aspect":47,"aspect_label":"NE","aspect_hist":[0.11,0.504,0.311,0.059,0.001,0.001,0.004,0.011],"village":null,"white":true},"geometry":{"type":"Polygon","coordinates":[[[4.7611,46.27582],[4.76129,46.27679],[4.76137,46.2772],[4.76188,46.27722],[4.76186,46.27701],[4.76188,46.27722],[4.76256,46.27724],[4.76245,46.27666],[4.76182,46.27673],[4.76245,46.27666],[4.76249,46.27664],[4.76246,46.27642],[4.76249,46.27634],[4.76275,46.27624],[4.76285,46.27618],[4.763,46.27615],[4.76316,46.27617],[4.76325,46.27624],[4.76324,46.27632],[4.76328,46.27643],[4.76313,46.27705],[4.76321,46.27725],[4.76397,46.2773],[4.76451,46.27737],[4.76479,46.27745],[4.76486,46.2772],[4.76531,46.27732],[4.76542,46.27711],[4.76585,46.27712],[4.76587,46.27691],[4.76614,46.27653],[4.76623,46.2762],[4.76633,46.27598],[4.76668,46.27538],[4.76665,46.27534],[4.76629,46.27532],[4.76536,46.27533],[4.76384,46.27528],[4.76281,46.27536],[4.76261,46.2754],[4.76308,46.27605],[4.76254,46.27603],[4.76236,46.2755],[4.76167,46.27562],[4.76097,46.27582],[4.7611,46.27582]]]}},{"type":"Feature","properties":{"id":"climat-pouilly-fuisse-premier-cru-aux-chailloux","kind":"climat","level":"premier-cru","name":"Aux Chailloux","full":"Pouilly-Fuissé premier cru Aux Chailloux","app":"Pouilly-Fuissé","region":"maconnais","communes":["Solutré-Pouilly"],"area_ha":6.74,"elev":[243.0,256.3,268.9],"slope":5.3,"slope_pct":9.3,"aspect":165,"aspect_label":"SSE","aspect_hist":[0.002,0.022,0.032,0.344,0.599,0.002,0.0,0.0],"village":"pouilly-fuisse","white":true},"geometry":{"type":"Polygon","coordinates":[[[4.74819,46.29432],[4.74799,46.29411],[4.74769,46.29385],[4.74625,46.29283],[4.74604,46.29283],[4.74565,46.29287],[4.74454,46.29307],[4.74334,46.29346],[4.74282,46.29359],[4.74281,46.29362],[4.74299,46.29416],[4.74298,46.29486],[4.74301,46.2952],[4.7445,46.2951],[4.7445,46.29508],[4.74509,46.29488],[4.74624,46.29454],[4.74673,46.29448],[4.74812,46.2944],[4.74816,46.29439],[4.74819,46.29432]]]}},{"type":"Feature","properties":{"id":"climat-pouilly-fuisse-premier-cru-les-perrieres","kind":"climat","level":"premier-cru","name":"Les Perrières","full":"Pouilly-Fuissé premier cru Les Perrières","app":"Pouilly-Fuissé","region":"maconnais","communes":["Fuissé"],"area_ha":5.79,"elev":[253.2,283.5,326.8],"slope":9.7,"slope_pct":17.1,"aspect":97,"aspect_label":"E","aspect_hist":[0.002,0.149,0.539,0.305,0.006,0.0,0.0,0.0],"village":"pouilly-fuisse","white":true},"geometry":{"type":"MultiPolygon","coordinates":[[[[4.74196,46.28017],[4.74182,46.27964],[4.74145,46.27968],[4.74084,46.27963],[4.74056,46.27966],[4.74104,46.28043],[4.74196,46.28017]]],[[[4.74055,46.27976],[4.74042,46.27965],[4.74033,46.27965],[4.73974,46.27977],[4.73934,46.27977],[4.73938,46.28019],[4.74015,46.28013],[4.74014,46.2801],[4.7404,46.28009],[4.74073,46.28002],[4.74055,46.27976]]],[[[4.73836,46.27966],[4.73877,46.27964],[4.73921,46.27971],[4.73922,46.27973],[4.73931,46.27974],[4.73966,46.27975],[4.74038,46.27958],[4.74019,46.27931],[4.74008,46.2792],[4.73899,46.27866],[4.73877,46.2788],[4.73884,46.27885],[4.73808,46.27908],[4.7379,46.27883],[4.73719,46.279],[4.7363,46.27897],[4.73622,46.2792],[4.73698,46.27939],[4.7362,46.27922],[4.73622,46.27915],[4.73597,46.27912],[4.73601,46.279],[4.73569,46.27898],[4.73568,46.27904],[4.73521,46.27898],[4.73524,46.27884],[4.73478,46.27885],[4.73471,46.27906],[4.73501,46.27909],[4.73563,46.27924],[4.73563,46.27925],[4.73593,46.2793],[4.73594,46.27934],[4.73624,46.27959],[4.73699,46.27979],[4.73725,46.27979],[4.738,46.27969],[4.73818,46.27964],[4.7383,46.27963],[4.73836,46.27966]]],[[[4.73826,46.27847],[4.7388,46.27849],[4.73867,46.27821],[4.73865,46.27805],[4.73868,46.27798],[4.73787,46.27787],[4.73778,46.27795],[4.73765,46.2781],[4.73736,46.27855],[4.73787,46.27865],[4.73793,46.27856],[4.73822,46.27859],[4.73826,46.27847]]],[[[4.73776,46.27789],[4.73684,46.27762],[4.73663,46.27759],[4.7363,46.27763],[4.73618,46.2777],[4.73583,46.27849],[4.73728,46.27862],[4.73776,46.2779],[4.73776,46.27789]]]]}},{"type":"Feature","properties":{"id":"climat-pouilly-fuisse-premier-cru-les-menetrieres","kind":"climat","level":"premier-cru","name":"Les Ménétrières","full":"Pouilly-Fuissé premier cru Les Ménétrières","app":"Pouilly-Fuissé","region":"maconnais","communes":["Fuissé"],"area_ha":5.22,"elev":[267.9,285.5,308.7],"slope":8.5,"slope_pct":14.9,"aspect":128,"aspect_label":"SE","aspect_hist":[0.001,0.03,0.221,0.713,0.035,0.0,0.0,0.0],"village":"pouilly-fuisse","white":true},"geometry":{"type":"MultiPolygon","coordinates":[[[[4.73833,46.28513],[4.73779,46.28513],[4.73782,46.28494],[4.73769,46.28495],[4.73754,46.28502],[4.73742,46.28505],[4.73732,46.28515],[4.73741,46.28527],[4.7376,46.2853],[4.73838,46.28531],[4.73833,46.28513]]],[[[4.73838,46.28531],[4.73905,46.28535],[4.73901,46.28494],[4.73832,46.2851],[4.73838,46.28531]]],[[[4.73905,46.28535],[4.73908,46.28535],[4.73896,46.28583],[4.73909,46.28584],[4.73916,46.286],[4.7381,46.28615],[4.73837,46.28683],[4.73891,46.28682],[4.73923,46.2868],[4.73964,46.28673],[4.73993,46.28673],[4.74077,46.28678],[4.74193,46.28693],[4.74214,46.28692],[4.74215,46.28654],[4.7421,46.28631],[4.74166,46.28533],[4.74147,46.28505],[4.74026,46.28521],[4.74017,46.28494],[4.74012,46.28493],[4.74012,46.2849],[4.73952,46.28494],[4.73902,46.285],[4.73905,46.28535]]]]}},{"type":"Feature","properties":{"id":"climat-pouilly-fuisse-premier-cru-aux-bouthieres","kind":"climat","level":"premier-cru","name":"Aux Bouthières","full":"Pouilly-Fuissé premier cru Aux Bouthières","app":"Pouilly-Fuissé","region":"maconnais","communes":["Solutré-Pouilly"],"area_ha":4.86,"elev":[255.1,277.8,304.5],"slope":7.3,"slope_pct":12.8,"aspect":110,"aspect_label":"ESE","aspect_hist":[0.001,0.084,0.521,0.219,0.175,0.0,0.0,0.0],"village":"pouilly-fuisse","white":true},"geometry":{"type":"MultiPolygon","coordinates":[[[[4.74295,46.29418],[4.74285,46.29386],[4.74275,46.29363],[4.74179,46.29379],[4.74154,46.29385],[4.74154,46.29386],[4.74031,46.29413],[4.74006,46.29341],[4.74029,46.29339],[4.7402,46.29262],[4.73974,46.29257],[4.73963,46.29259],[4.73944,46.29289],[4.73953,46.2942],[4.73953,46.2945],[4.73948,46.29479],[4.74003,46.29484],[4.74059,46.29485],[4.74063,46.29493],[4.74081,46.2949],[4.74134,46.29489],[4.74164,46.29483],[4.74163,46.29477],[4.74295,46.29468],[4.74295,46.29418]]],[[[4.73942,46.29381],[4.73792,46.29377],[4.73749,46.29398],[4.73756,46.294],[4.7376,46.2941],[4.73786,46.29415],[4.73766,46.29445],[4.73785,46.29451],[4.73811,46.29456],[4.73809,46.2946],[4.73937,46.29486],[4.73944,46.29436],[4.73942,46.29381]]]]}},{"type":"Feature","properties":{"id":"climat-pouilly-fuisse-premier-cru-le-clos-de-solutre","kind":"climat","level":"premier-cru","name":"Le Clos de Solutré","full":"Pouilly-Fuissé premier cru Le Clos de Solutré","app":"Pouilly-Fuissé","region":"maconnais","communes":["Solutré-Pouilly"],"area_ha":4.4,"elev":[289.0,307.6,330.9],"slope":9.6,"slope_pct":17.0,"aspect":128,"aspect_label":"SE","aspect_hist":[0.005,0.009,0.156,0.808,0.022,0.0,0.0,0.0],"village":"pouilly-fuisse","white":true},"geometry":{"type":"MultiPolygon","coordinates":[[[[4.72704,46.29559],[4.72676,46.29504],[4.72567,46.2945],[4.7245,46.2955],[4.72503,46.29588],[4.72533,46.29615],[4.7254,46.29616],[4.72546,46.29614],[4.72563,46.29621],[4.72598,46.29593],[4.72615,46.29603],[4.72627,46.29606],[4.72656,46.29592],[4.7266,46.29587],[4.72704,46.29559]]],[[[4.72536,46.29461],[4.72517,46.29447],[4.72477,46.29441],[4.72481,46.29436],[4.7247,46.29434],[4.7246,46.29437],[4.72422,46.29435],[4.72384,46.29438],[4.72344,46.29434],[4.72326,46.29453],[4.72248,46.29435],[4.72214,46.29436],[4.72201,46.29482],[4.72218,46.29485],[4.72229,46.29498],[4.72246,46.29504],[4.72249,46.29501],[4.7226,46.29506],[4.72271,46.29512],[4.72267,46.29515],[4.7228,46.29522],[4.72294,46.29508],[4.72302,46.29511],[4.72309,46.29505],[4.7235,46.29523],[4.72354,46.29519],[4.72364,46.29524],[4.72414,46.29568],[4.72418,46.29566],[4.72422,46.29569],[4.72452,46.29542],[4.72455,46.29543],[4.72542,46.2947],[4.72536,46.29461]]]]}},{"type":"Feature","properties":{"id":"climat-pouilly-fuisse-premier-cru-les-reisses","kind":"climat","level":"premier-cru","name":"Les Reisses","full":"Pouilly-Fuissé premier cru Les Reisses","app":"Pouilly-Fuissé","region":"maconnais","communes":["Fuissé"],"area_ha":4.13,"elev":[261.7,279.9,307.0],"slope":7.1,"slope_pct":12.5,"aspect":61,"aspect_label":"ENE","aspect_hist":[0.053,0.55,0.356,0.038,0.001,0.0,0.0,0.002],"village":"pouilly-fuisse","white":true},"geometry":{"type":"MultiPolygon","coordinates":[[[[4.74338,46.28762],[4.74328,46.28746],[4.74303,46.28734],[4.74219,46.28699],[4.74182,46.28697],[4.74174,46.28719],[4.7417,46.28739],[4.74165,46.28749],[4.74131,46.28781],[4.74096,46.28821],[4.74107,46.28822],[4.74212,46.2882],[4.74216,46.28829],[4.74303,46.2884],[4.74337,46.2878],[4.74338,46.28762]]],[[[4.74181,46.28692],[4.74077,46.28678],[4.73993,46.28673],[4.73964,46.28673],[4.73923,46.2868],[4.73891,46.28682],[4.73837,46.28683],[4.73842,46.28686],[4.73917,46.28697],[4.7395,46.2872],[4.73962,46.28735],[4.74002,46.28825],[4.74091,46.28821],[4.74156,46.28754],[4.74167,46.2874],[4.74169,46.28723],[4.74181,46.28692]]]]}},{"type":"Feature","properties":{"id":"climat-pouilly-fuisse-premier-cru-la-frerie","kind":"climat","level":"premier-cru","name":"La Frérie","full":"Pouilly-Fuissé premier cru La Frérie","app":"Pouilly-Fuissé","region":"maconnais","communes":["Solutré-Pouilly"],"area_ha":4.08,"elev":[272.6,291.9,309.4],"slope":8.6,"slope_pct":15.3,"aspect":143,"aspect_label":"SE","aspect_hist":[0.0,0.001,0.172,0.681,0.144,0.001,0.0,0.0],"village":"pouilly-fuisse","white":true},"geometry":{"type":"MultiPolygon","coordinates":[[[[4.73373,46.29672],[4.73276,46.29657],[4.73218,46.29651],[4.73165,46.2964],[4.73086,46.29617],[4.73057,46.296],[4.73038,46.2963],[4.73022,46.29627],[4.73025,46.29664],[4.73015,46.29704],[4.73092,46.2971],[4.73142,46.29718],[4.73272,46.29751],[4.73278,46.29748],[4.73319,46.29714],[4.7335,46.29701],[4.73363,46.29689],[4.73373,46.29672]]],[[[4.7326,46.29762],[4.73251,46.29756],[4.7322,46.29746],[4.73135,46.29723],[4.73088,46.29717],[4.73013,46.29711],[4.72978,46.29748],[4.7296,46.29771],[4.73026,46.29793],[4.73043,46.29782],[4.73121,46.29789],[4.73211,46.29822],[4.73239,46.29828],[4.7328,46.29789],[4.7326,46.29762]]]]}},{"type":"Feature","properties":{"id":"climat-pouilly-fuisse-premier-cru-en-servy","kind":"climat","level":"premier-cru","name":"En Servy","full":"Pouilly-Fuissé premier cru En Servy","app":"Pouilly-Fuissé","region":"maconnais","communes":["Solutré-Pouilly"],"area_ha":3.99,"elev":[283.3,308.4,336.2],"slope":11.1,"slope_pct":19.8,"aspect":165,"aspect_label":"SSE","aspect_hist":[0.0,0.0,0.001,0.361,0.624,0.015,0.0,0.0],"village":"pouilly-fuisse","white":true},"geometry":{"type":"MultiPolygon","coordinates":[[[[4.73023,46.29635],[4.72992,46.29634],[4.72989,46.29646],[4.72974,46.29645],[4.72977,46.2963],[4.72943,46.29622],[4.72943,46.29619],[4.72914,46.29622],[4.72909,46.29642],[4.72885,46.29638],[4.72876,46.2965],[4.72886,46.29652],[4.72884,46.29667],[4.72844,46.29668],[4.72844,46.2967],[4.72812,46.29661],[4.72788,46.29681],[4.72742,46.297],[4.72751,46.29707],[4.72733,46.2972],[4.72745,46.29724],[4.72744,46.29727],[4.72756,46.29736],[4.72747,46.29743],[4.72758,46.29746],[4.72783,46.29748],[4.72826,46.29743],[4.72848,46.29735],[4.72919,46.29704],[4.7294,46.297],[4.72972,46.297],[4.73015,46.29704],[4.73025,46.29664],[4.73023,46.29635]]],[[[4.73009,46.29711],[4.72949,46.29707],[4.72945,46.29713],[4.72924,46.29711],[4.72847,46.29745],[4.72836,46.29749],[4.728,46.29754],[4.72798,46.29758],[4.72852,46.29769],[4.72895,46.29774],[4.72914,46.29782],[4.72921,46.2979],[4.7293,46.29794],[4.72958,46.29766],[4.73009,46.29711]]],[[[4.72879,46.29777],[4.72827,46.29769],[4.72789,46.29759],[4.72653,46.29752],[4.72638,46.29771],[4.72615,46.29765],[4.72613,46.29767],[4.72626,46.29747],[4.72561,46.29735],[4.72555,46.29742],[4.72551,46.2974],[4.72528,46.29783],[4.72568,46.29786],[4.72613,46.29793],[4.72657,46.29809],[4.72673,46.29811],[4.72729,46.2983],[4.72758,46.29831],[4.72829,46.29842],[4.72839,46.2984],[4.72859,46.29805],[4.72867,46.29798],[4.72879,46.2978],[4.72879,46.29777]]]]}},{"type":"Feature","properties":{"id":"climat-pouilly-vinzelles-premier-cru-les-petaux","kind":"climat","level":"premier-cru","name":"Les Pétaux","full":"Pouilly-Vinzelles premier cru Les Pétaux","app":"Pouilly-Vinzelles","region":"maconnais","communes":["Vinzelles"],"area_ha":2.78,"elev":[240.2,253.0,264.8],"slope":5.4,"slope_pct":9.5,"aspect":169,"aspect_label":"SSE","aspect_hist":[0.0,0.0,0.001,0.23,0.77,0.0,0.0,0.0],"village":null,"white":true},"geometry":{"type":"Polygon","coordinates":[[[4.76172,46.27469],[4.76294,46.27431],[4.76291,46.27425],[4.76302,46.27422],[4.76301,46.2742],[4.76305,46.27419],[4.76305,46.27421],[4.76343,46.27412],[4.7634,46.27406],[4.76344,46.27405],[4.76328,46.27382],[4.76307,46.27333],[4.76139,46.27375],[4.76146,46.27395],[4.76056,46.27412],[4.76063,46.27424],[4.76083,46.2748],[4.76083,46.27483],[4.76072,46.27488],[4.76089,46.27535],[4.76086,46.27536],[4.76111,46.27573],[4.76166,46.27557],[4.76215,46.27551],[4.76205,46.27517],[4.76187,46.2752],[4.76172,46.27469]]]}},{"type":"Feature","properties":{"id":"climat-pouilly-fuisse-premier-cru-le-clos-de-monsieur-noly","kind":"climat","level":"premier-cru","name":"Le Clos de Monsieur Noly","full":"Pouilly-Fuissé premier cru Le Clos de Monsieur Noly","app":"Pouilly-Fuissé","region":"maconnais","communes":["Chaintré"],"area_ha":2.74,"elev":[262.1,274.0,280.7],"slope":5.5,"slope_pct":9.6,"aspect":204,"aspect_label":"SSW","aspect_hist":[0.0,0.0,0.016,0.043,0.375,0.544,0.022,0.0],"village":"pouilly-fuisse","white":true},"geometry":{"type":"Polygon","coordinates":[[[4.75891,46.26335],[4.75787,46.26317],[4.75668,46.26294],[4.75636,46.26345],[4.75617,46.26409],[4.75751,46.26422],[4.75752,46.26458],[4.75747,46.26503],[4.7569,46.26535],[4.75733,46.26555],[4.75804,46.26479],[4.75891,46.26335]]]}},{"type":"Feature","properties":{"id":"climat-pouilly-fuisse-premier-cru-le-clos","kind":"climat","level":"premier-cru","name":"Le Clos","full":"Pouilly-Fuissé premier cru Le Clos","app":"Pouilly-Fuissé","region":"maconnais","communes":["Fuissé"],"area_ha":2.68,"elev":[266.3,275.1,293.5],"slope":7.8,"slope_pct":13.8,"aspect":100,"aspect_label":"E","aspect_hist":[0.001,0.052,0.49,0.45,0.007,0.0,0.0,0.0],"village":"pouilly-fuisse","white":true},"geometry":{"type":"Polygon","coordinates":[[[4.741,46.28445],[4.74082,46.2841],[4.74069,46.28412],[4.74067,46.28404],[4.74026,46.2841],[4.74016,46.28382],[4.74008,46.28383],[4.74004,46.28344],[4.73821,46.28351],[4.73813,46.28368],[4.73801,46.28415],[4.73799,46.28448],[4.73786,46.28501],[4.741,46.28445]]]}},{"type":"Feature","properties":{"id":"climat-pouilly-fuisse-premier-cru-en-france","kind":"climat","level":"premier-cru","name":"En France","full":"Pouilly-Fuissé premier cru En France","app":"Pouilly-Fuissé","region":"maconnais","communes":["Vergisson"],"area_ha":1.87,"elev":[303.5,322.0,338.4],"slope":9.6,"slope_pct":17.0,"aspect":145,"aspect_label":"SE","aspect_hist":[0.0,0.016,0.398,0.189,0.27,0.127,0.0,0.0],"village":"pouilly-fuisse","white":true},"geometry":{"type":"MultiPolygon","coordinates":[[[[4.71463,46.30854],[4.71453,46.30838],[4.71419,46.30799],[4.71402,46.30798],[4.71377,46.30812],[4.71362,46.30824],[4.7135,46.30839],[4.71318,46.30865],[4.71324,46.3087],[4.71322,46.30871],[4.71336,46.30881],[4.71363,46.30913],[4.71476,46.30885],[4.71463,46.30854]]],[[[4.71416,46.30746],[4.71409,46.30727],[4.71403,46.30721],[4.71394,46.30717],[4.71366,46.30711],[4.71301,46.3071],[4.71258,46.30703],[4.71287,46.30743],[4.71316,46.30768],[4.71378,46.30805],[4.71403,46.30793],[4.71419,46.30776],[4.71424,46.30757],[4.71416,46.30746]]],[[[4.71352,46.30688],[4.71295,46.30675],[4.71285,46.30675],[4.71275,46.30677],[4.71272,46.30698],[4.71307,46.30703],[4.7135,46.30703],[4.71352,46.30688]]]]}},{"type":"Feature","properties":{"id":"climat-pouilly-fuisse-premier-cru-les-brules","kind":"climat","level":"premier-cru","name":"Les Brulés","full":"Pouilly-Fuissé premier cru Les Brulés","app":"Pouilly-Fuissé","region":"maconnais","communes":["Fuissé"],"area_ha":0.83,"elev":[284.3,297.3,307.3],"slope":12.9,"slope_pct":23.0,"aspect":149,"aspect_label":"SSE","aspect_hist":[0.0,0.0,0.0,0.774,0.226,0.0,0.0,0.0],"village":"pouilly-fuisse","white":true},"geometry":{"type":"Polygon","coordinates":[[[4.73916,46.286],[4.73909,46.28584],[4.73896,46.28583],[4.73908,46.28535],[4.73783,46.28529],[4.73739,46.2853],[4.73778,46.28565],[4.7381,46.28615],[4.73916,46.286]]]}}]}