{"type":"FeatureCollection","features":[{"type":"Feature","properties":{"id":"appellation-mercurey","kind":"appellation","level":"village","name":"Mercurey","full":"Mercurey","app":"Mercurey","region":"cote-chalonnaise","communes":["Mercurey","Saint-Martin-sous-Montaigu"],"area_ha":790.49,"elev":[216.5,273.2,393.0],"slope":6.2,"slope_pct":11.0,"aspect":127,"aspect_label":"SE","aspect_hist":[0.082,0.122,0.192,0.272,0.168,0.081,0.036,0.047],"village":null,"pc_area_ha":178.02,"n_climats":30,"white":true},"geometry":{"type":"MultiPolygon","coordinates":[[[[4.7473,46.83675],[4.74672,46.83537],[4.74655,46.83519],[4.74545,46.83524],[4.74388,46.83493],[4.74305,46.83506],[4.74222,46.83489],[4.74164,46.83457],[4.74089,46.83387],[4.74037,46.83388],[4.7399,46.83335],[4.73948,46.83344],[4.73938,46.83359],[4.73975,46.83425],[4.74002,46.83461],[4.74033,46.83487],[4.74041,46.83505],[4.74114,46.83552],[4.74174,46.83615],[4.74336,46.83745],[4.74337,46.83751],[4.7433,46.83752],[4.74263,46.83691],[4.74256,46.83691],[4.74204,46.83723],[4.74202,46.83757],[4.74183,46.83807],[4.74207,46.83943],[4.74215,46.83942],[4.74219,46.83959],[4.74232,46.83971],[4.74233,46.83989],[4.74287,46.8402],[4.74312,46.8402],[4.74361,46.84],[4.74428,46.83956],[4.74474,46.83971],[4.74541,46.83933],[4.74609,46.83906],[4.74736,46.83898],[4.74721,46.83723],[4.7473,46.83675]]],[[[4.74226,46.83074],[4.74093,46.8312],[4.7394,46.83155],[4.7387,46.83178],[4.73918,46.83241],[4.73848,46.83264],[4.739,46.83325],[4.73941,46.83337],[4.73987,46.83329],[4.7424,46.83225],[4.74327,46.8318],[4.74462,46.83105],[4.74505,46.83071],[4.74539,46.83025],[4.74553,46.82991],[4.74548,46.82963],[4.74353,46.83042],[4.74226,46.83074]]],[[[4.74298,46.82936],[4.74136,46.82969],[4.73933,46.82975],[4.7394,46.82992],[4.73954,46.8299],[4.7398,46.83045],[4.73922,46.83067],[4.73916,46.83058],[4.73863,46.8307],[4.73878,46.83095],[4.73825,46.83107],[4.73817,46.83117],[4.73869,46.83172],[4.73916,46.83154],[4.7409,46.83113],[4.74211,46.83071],[4.74373,46.83028],[4.74535,46.82961],[4.74541,46.82934],[4.74379,46.82925],[4.74298,46.82936]]],[[[4.74137,46.82806],[4.74117,46.82793],[4.74061,46.82776],[4.73992,46.82781],[4.73896,46.82811],[4.73711,46.82883],[4.73752,46.82948],[4.73764,46.82992],[4.73784,46.82988],[4.73797,46.83],[4.73908,46.8297],[4.73888,46.82946],[4.7391,46.82937],[4.73932,46.82969],[4.74004,46.82968],[4.74129,46.82963],[4.74292,46.82929],[4.74252,46.82885],[4.7419,46.82863],[4.74137,46.82806]]],[[[4.74091,46.8356],[4.7408,46.83537],[4.74036,46.83508],[4.73988,46.83457],[4.73924,46.83363],[4.73807,46.83429],[4.73715,46.83468],[4.73644,46.83478],[4.73647,46.83508],[4.7356,46.8354],[4.73569,46.83549],[4.73547,46.83596],[4.73545,46.8375],[4.73552,46.83805],[4.73619,46.83879],[4.73626,46.83972],[4.73615,46.84021],[4.73723,46.84002],[4.73755,46.84048],[4.73668,46.84079],[4.73762,46.84101],[4.73778,46.84109],[4.73825,46.84158],[4.73835,46.84159],[4.73993,46.841],[4.74095,46.84002],[4.74179,46.83966],[4.74197,46.83943],[4.74174,46.83824],[4.74195,46.83756],[4.74192,46.83732],[4.74204,46.83714],[4.74251,46.83681],[4.74167,46.83619],[4.74104,46.83556],[4.74091,46.8356]]],[[[4.7396,46.85672],[4.73924,46.85344],[4.73877,46.8512],[4.73833,46.84977],[4.73807,46.84941],[4.7381,46.84867],[4.73823,46.84835],[4.7392,46.84692],[4.73923,46.84669],[4.73888,46.84581],[4.73805,46.84519],[4.73688,46.84477],[4.73619,46.8429],[4.73605,46.84222],[4.73593,46.84242],[4.73451,46.84294],[4.73389,46.84334],[4.73315,46.84352],[4.73242,46.84384],[4.73269,46.84415],[4.73265,46.84427],[4.73128,46.84471],[4.73119,46.84414],[4.73032,46.84437],[4.73042,46.84492],[4.73016,46.84521],[4.73017,46.84543],[4.73048,46.84537],[4.73066,46.84561],[4.73079,46.84558],[4.73088,46.84569],[4.73085,46.8459],[4.7306,46.84581],[4.72909,46.84489],[4.72877,46.84505],[4.72873,46.8454],[4.72896,46.84587],[4.72828,46.84617],[4.72855,46.84685],[4.72907,46.84754],[4.73116,46.84673],[4.73111,46.84646],[4.73062,46.84588],[4.73087,46.84595],[4.73178,46.84704],[4.73155,46.84712],[4.73177,46.84755],[4.7319,46.84754],[4.73214,46.84774],[4.73226,46.8477],[4.73291,46.84842],[4.73352,46.84952],[4.73353,46.85003],[4.73346,46.8501],[4.73331,46.85011],[4.73302,46.85004],[4.73272,46.85014],[4.73195,46.85028],[4.73188,46.85042],[4.73189,46.85084],[4.73199,46.85098],[4.73243,46.85092],[4.73256,46.85079],[4.7328,46.8507],[4.73388,46.8506],[4.73509,46.85198],[4.73523,46.8527],[4.73448,46.85483],[4.73358,46.85431],[4.73309,46.85395],[4.73269,46.85343],[4.7327,46.85315],[4.73288,46.85301],[4.73219,46.85252],[4.73205,46.85255],[4.73166,46.85209],[4.73154,46.85144],[4.7309,46.85112],[4.73021,46.85057],[4.7297,46.84986],[4.72958,46.84936],[4.72941,46.84905],[4.7292,46.84877],[4.72904,46.84873],[4.72845,46.84815],[4.72799,46.84761],[4.72474,46.8487],[4.72445,46.84874],[4.72352,46.84869],[4.72276,46.84873],[4.72558,46.8509],[4.72683,46.85168],[4.72848,46.85285],[4.72917,46.85344],[4.73109,46.85529],[4.73566,46.8578],[4.7401,46.85924],[4.74007,46.8583],[4.7396,46.85672]],[[4.73659,46.84773],[4.73651,46.84814],[4.73573,46.84806],[4.73529,46.84771],[4.73502,46.84769],[4.73466,46.84782],[4.73462,46.84771],[4.73445,46.84777],[4.73436,46.84768],[4.73451,46.84759],[4.73389,46.84715],[4.73376,46.84723],[4.73357,46.84712],[4.73344,46.84721],[4.73279,46.84679],[4.73283,46.84672],[4.73222,46.84587],[4.73254,46.84568],[4.7331,46.84552],[4.73365,46.84614],[4.73449,46.84614],[4.73677,46.84715],[4.73662,46.84762],[4.73648,46.84765],[4.73648,46.84772],[4.73659,46.84773]]],[[[4.73809,46.83268],[4.73772,46.83214],[4.73744,46.8322],[4.73656,46.83223],[4.73456,46.83257],[4.73477,46.83413],[4.73491,46.83453],[4.73522,46.83484],[4.73658,46.83472],[4.73714,46.83461],[4.73847,46.83403],[4.73917,46.83361],[4.73832,46.8326],[4.73809,46.83268]]],[[[4.73617,46.84136],[4.7361,46.84191],[4.73628,46.84288],[4.73702,46.84463],[4.73779,46.84439],[4.73861,46.84449],[4.73882,46.84361],[4.73883,46.84231],[4.7376,46.8411],[4.73681,46.84093],[4.73617,46.84136]]],[[[4.73701,46.83023],[4.73678,46.82992],[4.73714,46.82983],[4.73677,46.82933],[4.73644,46.82909],[4.7363,46.82911],[4.7361,46.82936],[4.73619,46.82944],[4.73628,46.82981],[4.73574,46.82995],[4.73548,46.82969],[4.73547,46.82996],[4.73514,46.82997],[4.73514,46.82989],[4.73489,46.82988],[4.73485,46.82992],[4.73416,46.82994],[4.7342,46.83034],[4.73548,46.83043],[4.73547,46.83017],[4.73582,46.83016],[4.73588,46.83046],[4.73576,46.83051],[4.73619,46.83104],[4.73741,46.83072],[4.73713,46.83021],[4.73701,46.83023]]],[[[4.73621,46.82819],[4.73426,46.82651],[4.73229,46.82764],[4.73229,46.82799],[4.73279,46.82863],[4.73293,46.8287],[4.73334,46.82881],[4.73435,46.82892],[4.735,46.82886],[4.73641,46.82849],[4.73621,46.82819]]],[[[4.73574,46.83134],[4.73511,46.83152],[4.7348,46.83178],[4.73468,46.83213],[4.73507,46.83241],[4.73635,46.8322],[4.73648,46.83211],[4.7364,46.83188],[4.73616,46.83191],[4.736,46.83148],[4.73586,46.83151],[4.73574,46.83134]]],[[[4.7356,46.83099],[4.73549,46.8307],[4.73538,46.83072],[4.73535,46.83063],[4.73467,46.83067],[4.73414,46.83078],[4.73416,46.83084],[4.73397,46.83087],[4.73423,46.83165],[4.73459,46.83161],[4.7345,46.83128],[4.73457,46.83128],[4.73464,46.83112],[4.73487,46.83116],[4.7349,46.83124],[4.73505,46.83127],[4.7351,46.83144],[4.73568,46.83131],[4.73568,46.83115],[4.73611,46.83107],[4.73597,46.83088],[4.7356,46.83099]]],[[[4.73613,46.83982],[4.73605,46.83877],[4.73582,46.83852],[4.73552,46.83863],[4.73535,46.83846],[4.73546,46.83818],[4.73486,46.83757],[4.73426,46.83664],[4.73395,46.83631],[4.73381,46.83591],[4.73374,46.83494],[4.73169,46.83561],[4.73183,46.83593],[4.73165,46.83598],[4.73154,46.83612],[4.73081,46.83625],[4.73072,46.83603],[4.73091,46.83599],[4.73086,46.83588],[4.72923,46.83628],[4.72617,46.83741],[4.72673,46.83838],[4.72616,46.83742],[4.72351,46.83835],[4.72397,46.8391],[4.72406,46.83907],[4.7241,46.83911],[4.72295,46.83938],[4.72218,46.83934],[4.72244,46.83982],[4.72222,46.83989],[4.722,46.84009],[4.72148,46.83973],[4.7212,46.83968],[4.72105,46.83971],[4.72087,46.8399],[4.7208,46.84039],[4.71973,46.84066],[4.71973,46.84055],[4.71955,46.84059],[4.71967,46.84108],[4.7195,46.84109],[4.71947,46.84126],[4.71936,46.84127],[4.71938,46.8414],[4.72026,46.84124],[4.72096,46.84119],[4.72087,46.84204],[4.72094,46.84253],[4.72073,46.84359],[4.71995,46.84476],[4.71991,46.84493],[4.71998,46.84576],[4.72015,46.8463],[4.72071,46.84763],[4.72096,46.84786],[4.72262,46.84864],[4.72445,46.8487],[4.72508,46.84858],[4.7277,46.84766],[4.72787,46.84752],[4.72793,46.84734],[4.72778,46.84662],[4.72719,46.84671],[4.72667,46.84616],[4.72567,46.84658],[4.72592,46.8468],[4.72495,46.84718],[4.72413,46.84723],[4.72419,46.84753],[4.72392,46.84766],[4.72302,46.84764],[4.72213,46.84753],[4.72153,46.8473],[4.72113,46.84684],[4.72112,46.8464],[4.72145,46.84578],[4.72137,46.84576],[4.72226,46.8444],[4.72254,46.84381],[4.72243,46.84377],[4.72285,46.84319],[4.72343,46.84276],[4.72353,46.84279],[4.72372,46.84252],[4.72442,46.84239],[4.72468,46.84223],[4.72458,46.84157],[4.72412,46.84121],[4.72385,46.84063],[4.72395,46.84053],[4.72457,46.84029],[4.72556,46.84005],[4.72594,46.84005],[4.72586,46.83977],[4.72721,46.83966],[4.72837,46.83944],[4.72957,46.83896],[4.72976,46.83895],[4.73044,46.8387],[4.73049,46.83887],[4.73085,46.83917],[4.731,46.83912],[4.73132,46.83943],[4.7313,46.83952],[4.73109,46.83962],[4.73108,46.83969],[4.73178,46.84027],[4.73206,46.84056],[4.73196,46.84061],[4.73371,46.84205],[4.73385,46.84228],[4.73416,46.84247],[4.73448,46.84247],[4.73601,46.84181],[4.73606,46.84089],[4.73552,46.84065],[4.73556,46.8406],[4.735,46.84032],[4.73504,46.84004],[4.73549,46.8399],[4.73562,46.84003],[4.73613,46.83982]]],[[[4.73441,46.83533],[4.7344,46.83548],[4.7339,46.83549],[4.73402,46.83617],[4.73478,46.83598],[4.7347,46.83581],[4.7349,46.83623],[4.7353,46.83615],[4.73551,46.83563],[4.73507,46.83573],[4.73502,46.83543],[4.73441,46.83533]]],[[[4.7349,46.83632],[4.73504,46.83661],[4.73535,46.83658],[4.73537,46.83625],[4.73507,46.83623],[4.7349,46.83632]]],[[[4.73513,46.83489],[4.73477,46.83445],[4.73461,46.83447],[4.73441,46.83434],[4.73445,46.83422],[4.73468,46.83414],[4.73462,46.83403],[4.73451,46.83402],[4.73406,46.83458],[4.73395,46.83488],[4.73451,46.83501],[4.7351,46.83495],[4.73513,46.83489]]],[[[4.73433,46.83272],[4.73431,46.83264],[4.734,46.83272],[4.73389,46.83251],[4.73437,46.83238],[4.73418,46.83178],[4.73408,46.83174],[4.73346,46.83181],[4.73224,46.83154],[4.73292,46.83277],[4.7333,46.83268],[4.73343,46.83296],[4.73307,46.83304],[4.73317,46.83322],[4.73332,46.83317],[4.73371,46.83359],[4.73342,46.83368],[4.73393,46.83423],[4.73422,46.83415],[4.73397,46.83389],[4.73458,46.83365],[4.73448,46.83295],[4.73435,46.83297],[4.73424,46.83276],[4.73433,46.83272]]],[[[4.7326,46.82733],[4.73415,46.82642],[4.73317,46.82571],[4.7323,46.82638],[4.73211,46.82646],[4.7326,46.82733]]],[[[4.73389,46.8309],[4.73214,46.8312],[4.73228,46.83145],[4.73343,46.83173],[4.73402,46.83167],[4.7341,46.83161],[4.73389,46.8309]]],[[[4.73041,46.83156],[4.73038,46.83153],[4.73018,46.83163],[4.72978,46.83216],[4.72969,46.83215],[4.72956,46.83258],[4.73002,46.83327],[4.72877,46.83371],[4.72711,46.83394],[4.72686,46.83371],[4.72603,46.83334],[4.72575,46.83314],[4.72564,46.8331],[4.72525,46.83315],[4.72521,46.83307],[4.72528,46.83297],[4.72517,46.83293],[4.72473,46.83296],[4.72478,46.83335],[4.72529,46.83447],[4.72566,46.83558],[4.72675,46.83706],[4.72916,46.83622],[4.73061,46.83587],[4.73054,46.83567],[4.73087,46.83559],[4.73062,46.83515],[4.73079,46.8351],[4.73098,46.83541],[4.7312,46.83533],[4.73115,46.83523],[4.7312,46.83521],[4.73147,46.83512],[4.73151,46.83525],[4.73264,46.83484],[4.73288,46.83514],[4.73377,46.83483],[4.73375,46.83422],[4.73352,46.83395],[4.73306,46.83401],[4.7329,46.83377],[4.73274,46.83345],[4.73311,46.83335],[4.7323,46.83185],[4.73214,46.83189],[4.7321,46.83181],[4.73185,46.83188],[4.73163,46.83156],[4.73208,46.83146],[4.73171,46.83138],[4.73089,46.83156],[4.7306,46.83148],[4.73041,46.83156]],[[4.73041,46.83156],[4.73069,46.83194],[4.73046,46.83202],[4.73022,46.83169],[4.73041,46.83156]]],[[[4.73209,46.82776],[4.73086,46.82848],[4.73086,46.82848],[4.73216,46.82848],[4.7327,46.82862],[4.73223,46.82803],[4.73209,46.82776]]],[[[4.73166,46.82597],[4.7304,46.82652],[4.72987,46.82687],[4.7298,46.82685],[4.73036,46.82649],[4.73163,46.82592],[4.73106,46.82539],[4.73029,46.82453],[4.72852,46.82532],[4.72793,46.82547],[4.72741,46.82594],[4.72684,46.8263],[4.72647,46.82677],[4.72683,46.8269],[4.72674,46.82702],[4.72712,46.82711],[4.72743,46.82709],[4.7276,46.82673],[4.72778,46.82672],[4.72796,46.8268],[4.72792,46.82688],[4.72844,46.82706],[4.7284,46.8271],[4.72863,46.8272],[4.72851,46.82735],[4.73069,46.8284],[4.73085,46.82837],[4.73246,46.82741],[4.73243,46.82716],[4.73166,46.82597]]],[[[4.73037,46.82446],[4.73113,46.82537],[4.73155,46.82571],[4.73222,46.82508],[4.73157,46.82459],[4.73128,46.82447],[4.73037,46.82446]]],[[[4.72984,46.82395],[4.73031,46.8244],[4.73113,46.8244],[4.72988,46.82392],[4.72984,46.82395]]],[[[4.72883,46.82355],[4.7266,46.825],[4.72567,46.82523],[4.72493,46.82553],[4.72496,46.82596],[4.7252,46.82592],[4.72539,46.82627],[4.72549,46.82625],[4.72573,46.82654],[4.72567,46.82659],[4.72601,46.82674],[4.72613,46.82663],[4.72607,46.8266],[4.72626,46.82647],[4.72639,46.82655],[4.72659,46.82647],[4.72689,46.82616],[4.72741,46.82586],[4.72789,46.82542],[4.72849,46.82527],[4.73024,46.82448],[4.7295,46.82377],[4.72883,46.82355]]],[[[4.72908,46.82774],[4.7289,46.82792],[4.7285,46.82773],[4.72858,46.82766],[4.72834,46.82759],[4.72802,46.82793],[4.72783,46.82791],[4.72725,46.82865],[4.72738,46.82902],[4.72854,46.82971],[4.73008,46.82881],[4.72989,46.82866],[4.73006,46.82853],[4.72994,46.82846],[4.7302,46.82825],[4.72917,46.82774],[4.72908,46.82774]]],[[[4.72571,46.85106],[4.72271,46.84877],[4.72217,46.84846],[4.72144,46.84817],[4.7209,46.84788],[4.72082,46.84791],[4.72141,46.84899],[4.72157,46.84958],[4.72182,46.85004],[4.72215,46.85118],[4.72229,46.85215],[4.7225,46.85255],[4.72288,46.85287],[4.72309,46.85288],[4.73082,46.85514],[4.7291,46.85347],[4.72842,46.85289],[4.72571,46.85106]]],[[[4.72395,46.82145],[4.72295,46.82111],[4.72175,46.82092],[4.72139,46.82119],[4.72014,46.82174],[4.7201,46.82184],[4.72164,46.82315],[4.72193,46.82372],[4.72241,46.82427],[4.72251,46.82421],[4.72271,46.82435],[4.72292,46.82439],[4.72296,46.82434],[4.72317,46.82446],[4.7237,46.82411],[4.72376,46.82417],[4.72363,46.82421],[4.72371,46.82446],[4.72357,46.82448],[4.72394,46.82488],[4.72451,46.82525],[4.72509,46.82532],[4.72657,46.8249],[4.72669,46.82481],[4.72647,46.82463],[4.72614,46.82468],[4.72673,46.82448],[4.7269,46.82465],[4.72855,46.82355],[4.72856,46.82344],[4.72503,46.82173],[4.72395,46.82145]]],[[[4.7277,46.82714],[4.72718,46.82716],[4.72709,46.82764],[4.7277,46.82799],[4.72778,46.82789],[4.72803,46.82789],[4.72848,46.8274],[4.72801,46.8272],[4.7277,46.82714]]],[[[4.72683,46.82979],[4.72592,46.83058],[4.7262,46.83079],[4.7265,46.83063],[4.72672,46.83076],[4.72736,46.83038],[4.72733,46.83028],[4.72748,46.83015],[4.72762,46.83026],[4.72775,46.83018],[4.72757,46.83008],[4.72778,46.82992],[4.72762,46.8298],[4.72782,46.82963],[4.72793,46.8297],[4.72815,46.82954],[4.72739,46.82908],[4.72683,46.82979]]],[[[4.72704,46.82718],[4.72666,46.82706],[4.72649,46.82733],[4.72613,46.82722],[4.72601,46.82724],[4.72604,46.82714],[4.72509,46.82682],[4.7254,46.82656],[4.72437,46.82609],[4.72384,46.82596],[4.72342,46.826],[4.7205,46.82701],[4.71775,46.82778],[4.71812,46.82848],[4.71855,46.82872],[4.72047,46.82924],[4.72136,46.82908],[4.72179,46.82972],[4.72193,46.83012],[4.72239,46.83067],[4.72278,46.83093],[4.72295,46.83122],[4.72379,46.83142],[4.72429,46.83133],[4.72486,46.83113],[4.72467,46.83096],[4.72505,46.83066],[4.72538,46.83087],[4.72572,46.83065],[4.72676,46.82977],[4.72717,46.82927],[4.72729,46.82911],[4.72717,46.82868],[4.72761,46.82806],[4.72756,46.82796],[4.72703,46.8277],[4.72704,46.82718]]],[[[4.72557,46.83555],[4.72523,46.83452],[4.72477,46.83349],[4.72464,46.8334],[4.7247,46.83335],[4.72461,46.833],[4.72447,46.83316],[4.72361,46.83334],[4.72252,46.83397],[4.72161,46.83465],[4.72135,46.83508],[4.72071,46.83538],[4.71978,46.83573],[4.7195,46.83594],[4.71945,46.83591],[4.71884,46.83621],[4.7187,46.83605],[4.71821,46.83631],[4.71819,46.83638],[4.71865,46.837],[4.71777,46.83731],[4.71819,46.83787],[4.7188,46.83766],[4.71886,46.83772],[4.71863,46.8378],[4.71879,46.83798],[4.71931,46.83771],[4.71932,46.83778],[4.7187,46.83805],[4.71891,46.83837],[4.71922,46.83837],[4.71944,46.8383],[4.71973,46.83866],[4.71937,46.83878],[4.7195,46.83908],[4.71993,46.83903],[4.71998,46.83917],[4.72016,46.83914],[4.72003,46.83882],[4.72026,46.83875],[4.7204,46.83914],[4.72106,46.83903],[4.7217,46.83904],[4.72182,46.83887],[4.7224,46.83871],[4.72375,46.83817],[4.72546,46.8376],[4.72664,46.83713],[4.72669,46.83707],[4.72557,46.83555]]],[[[4.72516,46.83122],[4.72504,46.83115],[4.72486,46.83118],[4.72381,46.8315],[4.72428,46.83174],[4.72518,46.83141],[4.72503,46.83129],[4.72516,46.83122]]],[[[4.7228,46.83126],[4.72165,46.83132],[4.72073,46.83179],[4.72106,46.83285],[4.72151,46.83266],[4.72223,46.83339],[4.72228,46.83336],[4.72192,46.83296],[4.72327,46.83231],[4.7236,46.83259],[4.72395,46.83239],[4.72342,46.83197],[4.72367,46.83184],[4.72389,46.83201],[4.7241,46.8319],[4.7236,46.83147],[4.7228,46.83126]]],[[[4.72291,46.82498],[4.72267,46.82483],[4.72208,46.82536],[4.72156,46.82558],[4.7216,46.82565],[4.72149,46.82569],[4.72144,46.82561],[4.72087,46.82577],[4.72034,46.82631],[4.72065,46.82673],[4.72057,46.82675],[4.72066,46.82688],[4.72206,46.82642],[4.72338,46.82591],[4.72301,46.82539],[4.72291,46.82498]]],[[[4.72214,46.83884],[4.72232,46.83929],[4.72287,46.83933],[4.72364,46.83919],[4.72319,46.83849],[4.72214,46.83884]]],[[[4.72262,46.83331],[4.72149,46.83395],[4.72199,46.83431],[4.72248,46.83395],[4.72331,46.83347],[4.7227,46.83337],[4.72262,46.83331]]],[[[4.72232,46.83077],[4.72184,46.83012],[4.72167,46.82963],[4.72136,46.82921],[4.72118,46.82913],[4.72053,46.8293],[4.71839,46.82871],[4.71805,46.82853],[4.71768,46.8278],[4.71689,46.82796],[4.71694,46.82864],[4.71566,46.8288],[4.71565,46.8289],[4.71589,46.82891],[4.7159,46.82911],[4.71602,46.82903],[4.71612,46.82925],[4.7158,46.82933],[4.71587,46.82958],[4.71616,46.82954],[4.71612,46.82928],[4.71631,46.82923],[4.71638,46.82938],[4.71662,46.82932],[4.71666,46.82953],[4.71674,46.82951],[4.71677,46.82961],[4.71642,46.82966],[4.71646,46.82983],[4.71655,46.82981],[4.71654,46.82985],[4.71622,46.82995],[4.71598,46.83018],[4.71628,46.8305],[4.71653,46.8307],[4.71754,46.8312],[4.71831,46.83143],[4.71873,46.83151],[4.71921,46.83146],[4.71992,46.83151],[4.72029,46.83167],[4.72061,46.83171],[4.72159,46.83128],[4.72279,46.83116],[4.72265,46.83096],[4.72232,46.83077]]],[[[4.72186,46.82371],[4.72162,46.82321],[4.72121,46.82283],[4.71997,46.82185],[4.71932,46.82221],[4.71951,46.82259],[4.71936,46.82344],[4.7197,46.82422],[4.7196,46.82436],[4.7201,46.82485],[4.72051,46.82546],[4.72098,46.82527],[4.72106,46.82535],[4.72148,46.82512],[4.72156,46.8252],[4.72182,46.82506],[4.72207,46.82489],[4.72182,46.82472],[4.72224,46.82442],[4.72235,46.82443],[4.72235,46.82434],[4.72186,46.82371]]],[[[4.72059,46.82059],[4.7203,46.82044],[4.7198,46.82],[4.71908,46.81921],[4.71858,46.81889],[4.71807,46.81962],[4.71804,46.8198],[4.71861,46.82053],[4.71877,46.82048],[4.71874,46.82081],[4.7192,46.82133],[4.71901,46.82138],[4.71916,46.82159],[4.71963,46.82196],[4.72123,46.82122],[4.72164,46.82094],[4.72059,46.82059]]],[[[4.72175,46.85006],[4.72151,46.84959],[4.72134,46.849],[4.72063,46.84767],[4.71941,46.84675],[4.71875,46.84584],[4.71847,46.8448],[4.71805,46.84431],[4.71792,46.84393],[4.71779,46.8417],[4.71754,46.84171],[4.71749,46.84151],[4.71713,46.84178],[4.71712,46.84205],[4.71607,46.84215],[4.7158,46.84225],[4.7155,46.84248],[4.71537,46.84281],[4.71561,46.84346],[4.71552,46.84396],[4.7156,46.84418],[4.71535,46.84506],[4.71535,46.84544],[4.71538,46.8455],[4.71634,46.84549],[4.71634,46.84539],[4.71651,46.84533],[4.71652,46.84526],[4.71688,46.84531],[4.71687,46.84559],[4.71766,46.84631],[4.71784,46.84654],[4.71824,46.8475],[4.71832,46.84749],[4.71843,46.84763],[4.71905,46.84846],[4.71889,46.84852],[4.71908,46.84897],[4.71896,46.84907],[4.71874,46.84919],[4.71823,46.8487],[4.71836,46.84862],[4.71839,46.84847],[4.71831,46.84836],[4.718,46.84818],[4.7173,46.84755],[4.71711,46.84731],[4.71722,46.84728],[4.71701,46.84721],[4.71685,46.8468],[4.71667,46.8466],[4.71659,46.8462],[4.71645,46.84616],[4.71643,46.84608],[4.71631,46.84608],[4.71626,46.8455],[4.71526,46.84551],[4.71534,46.84681],[4.71614,46.84803],[4.7168,46.84859],[4.71758,46.84908],[4.71811,46.84962],[4.71822,46.84949],[4.71908,46.84999],[4.71936,46.85029],[4.71867,46.85071],[4.71981,46.85161],[4.72051,46.85144],[4.72049,46.85148],[4.72067,46.85153],[4.72201,46.85097],[4.72175,46.85006]]],[[[4.71998,46.83285],[4.71853,46.83358],[4.71755,46.83419],[4.71754,46.83464],[4.71804,46.83498],[4.71866,46.83457],[4.71897,46.8348],[4.71995,46.83424],[4.71982,46.83412],[4.72046,46.83374],[4.7207,46.83396],[4.72084,46.83388],[4.72061,46.83364],[4.72068,46.8336],[4.72074,46.83366],[4.72086,46.8336],[4.72101,46.83373],[4.72129,46.83361],[4.72087,46.8326],[4.71998,46.83285]]],[[[4.72046,46.83374],[4.72018,46.83391],[4.72049,46.83412],[4.72071,46.83398],[4.72046,46.83374]]],[[[4.71343,46.82535],[4.71284,46.82606],[4.71401,46.82695],[4.71585,46.82759],[4.7163,46.82781],[4.71666,46.82787],[4.71737,46.82779],[4.72003,46.82707],[4.71986,46.82667],[4.72078,46.82581],[4.72068,46.82565],[4.72042,46.8255],[4.72014,46.82505],[4.71941,46.82426],[4.71959,46.82418],[4.71926,46.8235],[4.71939,46.82311],[4.71939,46.82246],[4.7192,46.82219],[4.7188,46.82217],[4.71843,46.82221],[4.71739,46.82254],[4.71699,46.82271],[4.71678,46.82289],[4.71606,46.82326],[4.71595,46.82329],[4.71591,46.82325],[4.71459,46.82365],[4.71457,46.82363],[4.71409,46.82373],[4.71341,46.82381],[4.71316,46.82389],[4.71344,46.82404],[4.71369,46.82453],[4.71369,46.82479],[4.71348,46.8251],[4.71343,46.82535]]],[[[4.71343,46.82535],[4.71344,46.82513],[4.71362,46.82483],[4.71363,46.82453],[4.71342,46.82414],[4.71309,46.82393],[4.71282,46.82386],[4.71206,46.82396],[4.71184,46.82404],[4.71188,46.82408],[4.71277,46.82414],[4.71288,46.8242],[4.71311,46.82476],[4.71318,46.82541],[4.71343,46.82535]]],[[[4.71985,46.8316],[4.71879,46.8316],[4.71791,46.83143],[4.71718,46.83117],[4.71641,46.83073],[4.71579,46.83013],[4.71534,46.82991],[4.71519,46.83005],[4.71521,46.83027],[4.71586,46.83084],[4.71595,46.83137],[4.71658,46.83266],[4.71673,46.83292],[4.71725,46.83342],[4.71753,46.8341],[4.71964,46.83295],[4.72083,46.83257],[4.7206,46.83191],[4.71985,46.8316]]],[[[4.71975,46.8357],[4.72084,46.83527],[4.72041,46.83486],[4.71947,46.83538],[4.71975,46.8357]]],[[[4.72003,46.84131],[4.71932,46.84144],[4.71926,46.84109],[4.71893,46.84115],[4.71888,46.841],[4.71853,46.84106],[4.7186,46.84127],[4.71784,46.84148],[4.71794,46.84258],[4.71793,46.84359],[4.71809,46.84424],[4.71855,46.8448],[4.71887,46.84593],[4.71952,46.84677],[4.72045,46.84741],[4.72057,46.84735],[4.71993,46.84577],[4.71986,46.84494],[4.7199,46.84475],[4.72068,46.84358],[4.72089,46.84253],[4.72082,46.84204],[4.72091,46.84126],[4.72003,46.84131]]],[[[4.71928,46.84049],[4.71898,46.83946],[4.71672,46.83984],[4.7163,46.83986],[4.71642,46.84036],[4.71703,46.84076],[4.71779,46.84095],[4.71805,46.84111],[4.71913,46.8409],[4.71928,46.84049]]],[[[4.71779,46.81865],[4.71724,46.81828],[4.71636,46.81792],[4.71529,46.81731],[4.71446,46.81762],[4.71406,46.81787],[4.71396,46.81802],[4.71397,46.81816],[4.71417,46.81833],[4.71416,46.81842],[4.71485,46.81881],[4.71458,46.819],[4.71478,46.81914],[4.71443,46.8193],[4.71449,46.81945],[4.71472,46.81959],[4.71426,46.81974],[4.71394,46.81936],[4.71396,46.8193],[4.71423,46.81923],[4.71422,46.81903],[4.71445,46.81884],[4.71432,46.81862],[4.71424,46.81868],[4.71399,46.81851],[4.71333,46.81895],[4.71325,46.81966],[4.71185,46.82004],[4.71197,46.82023],[4.71197,46.82049],[4.7121,46.82087],[4.71279,46.82077],[4.71281,46.82081],[4.71212,46.82092],[4.71231,46.82195],[4.71277,46.82287],[4.71303,46.82382],[4.71319,46.82386],[4.71343,46.82378],[4.71455,46.82362],[4.71602,46.8232],[4.71664,46.82291],[4.71706,46.82261],[4.71805,46.82226],[4.71778,46.82164],[4.71793,46.8216],[4.71779,46.82149],[4.71791,46.82144],[4.71783,46.8212],[4.71755,46.82097],[4.71745,46.82102],[4.71711,46.82093],[4.71703,46.82084],[4.71692,46.82085],[4.71657,46.82042],[4.71622,46.8205],[4.71594,46.81977],[4.71543,46.81948],[4.7155,46.81951],[4.71576,46.8193],[4.71678,46.81993],[4.71686,46.81985],[4.71716,46.82003],[4.71738,46.8202],[4.71731,46.82024],[4.71769,46.82045],[4.71748,46.8206],[4.71774,46.82077],[4.71808,46.82085],[4.71858,46.82084],[4.71854,46.82049],[4.71799,46.81977],[4.71802,46.81963],[4.71851,46.81884],[4.71779,46.81865]]],[[[4.71893,46.83941],[4.71847,46.83843],[4.71711,46.83863],[4.71712,46.83886],[4.71701,46.83885],[4.71695,46.83863],[4.7161,46.83879],[4.71599,46.83898],[4.71627,46.8398],[4.71664,46.83979],[4.71805,46.83954],[4.71805,46.83947],[4.71813,46.83953],[4.71893,46.83941]]],[[[4.71755,46.83467],[4.71729,46.83518],[4.71783,46.83568],[4.71796,46.8356],[4.71783,46.83548],[4.71858,46.83511],[4.71828,46.83484],[4.71804,46.835],[4.71755,46.83467]]],[[[4.71776,46.83743],[4.71698,46.83762],[4.7169,46.83752],[4.71643,46.83771],[4.71623,46.83766],[4.71546,46.83797],[4.71477,46.83807],[4.71461,46.83816],[4.71441,46.83843],[4.71451,46.8388],[4.71434,46.8388],[4.71427,46.83992],[4.7148,46.84],[4.71524,46.83999],[4.71617,46.83977],[4.71602,46.83935],[4.71573,46.83938],[4.71571,46.8393],[4.71581,46.83929],[4.71578,46.83921],[4.71595,46.83918],[4.7159,46.83893],[4.71597,46.83876],[4.71834,46.83838],[4.7184,46.8383],[4.71831,46.83814],[4.71776,46.83743]]],[[[4.71788,46.84102],[4.71697,46.8408],[4.71651,46.8405],[4.71635,46.84034],[4.71626,46.83985],[4.71492,46.84013],[4.71536,46.8405],[4.71498,46.84053],[4.7149,46.84089],[4.71434,46.84085],[4.7143,46.84104],[4.71463,46.84272],[4.71483,46.84291],[4.71526,46.84271],[4.71544,46.84242],[4.71583,46.84218],[4.717,46.842],[4.71702,46.84176],[4.71799,46.84115],[4.71788,46.84102]]],[[[4.71713,46.8334],[4.71667,46.83296],[4.71593,46.83147],[4.71579,46.8309],[4.71519,46.83043],[4.71502,46.83014],[4.71469,46.83019],[4.714,46.8305],[4.7146,46.83127],[4.71402,46.83142],[4.71371,46.83115],[4.71351,46.83132],[4.71391,46.83094],[4.71373,46.83058],[4.71518,46.8299],[4.71487,46.82939],[4.71491,46.82954],[4.71428,46.8297],[4.71425,46.82964],[4.71434,46.82962],[4.71417,46.82947],[4.71312,46.82983],[4.71299,46.83002],[4.71326,46.83007],[4.71289,46.83007],[4.7128,46.83043],[4.71273,46.8304],[4.71284,46.82995],[4.71382,46.82949],[4.71463,46.82933],[4.7146,46.82903],[4.71131,46.82903],[4.70989,46.82909],[4.70942,46.82901],[4.70843,46.82922],[4.70723,46.82917],[4.70697,46.82937],[4.70693,46.83061],[4.70725,46.83155],[4.7075,46.83187],[4.70767,46.83206],[4.70794,46.832],[4.70798,46.83212],[4.70813,46.83207],[4.70809,46.83192],[4.70837,46.83162],[4.7086,46.83155],[4.70856,46.83148],[4.70872,46.83141],[4.70872,46.83134],[4.7089,46.8314],[4.70897,46.83137],[4.70899,46.83064],[4.70916,46.83067],[4.7091,46.8312],[4.70921,46.83162],[4.70927,46.83261],[4.70956,46.83294],[4.70974,46.8329],[4.70987,46.83308],[4.71018,46.83298],[4.71036,46.83306],[4.71074,46.83377],[4.71109,46.83381],[4.71114,46.83392],[4.71145,46.83414],[4.71125,46.83485],[4.71146,46.83506],[4.71174,46.83513],[4.71178,46.83536],[4.71148,46.83542],[4.71134,46.83554],[4.71146,46.83579],[4.71056,46.836],[4.71051,46.83585],[4.71009,46.83585],[4.71009,46.83589],[4.70984,46.83582],[4.70979,46.83571],[4.70952,46.83562],[4.70831,46.83658],[4.70837,46.83667],[4.71296,46.83719],[4.71288,46.8371],[4.71349,46.83697],[4.71301,46.83643],[4.71307,46.8362],[4.71337,46.83622],[4.71362,46.83604],[4.71393,46.83615],[4.7142,46.83607],[4.7143,46.8361],[4.71519,46.83658],[4.7167,46.83621],[4.71642,46.83593],[4.71668,46.83586],[4.71652,46.83561],[4.71718,46.83545],[4.71721,46.8352],[4.71745,46.83465],[4.71744,46.83408],[4.71713,46.8334]]],[[[4.71613,46.82788],[4.71577,46.82793],[4.71464,46.82783],[4.71415,46.82793],[4.7141,46.82815],[4.71467,46.82884],[4.71686,46.82862],[4.71684,46.82797],[4.71663,46.82799],[4.71613,46.82788]]],[[[4.71633,46.82986],[4.71583,46.82984],[4.71581,46.82998],[4.7156,46.82993],[4.71594,46.83014],[4.71633,46.82986]]],[[[4.71401,46.82701],[4.71385,46.82725],[4.71401,46.8278],[4.71474,46.82774],[4.71602,46.82778],[4.71604,46.82772],[4.71583,46.82762],[4.71401,46.82701]]],[[[4.71422,46.81718],[4.714,46.81731],[4.71312,46.81669],[4.71217,46.81625],[4.71165,46.81678],[4.71125,46.81705],[4.71103,46.81716],[4.71076,46.81715],[4.71037,46.8176],[4.71088,46.81865],[4.71087,46.81884],[4.71096,46.81903],[4.71179,46.82],[4.71318,46.81964],[4.71326,46.81898],[4.71405,46.8184],[4.71394,46.81815],[4.71391,46.81797],[4.71445,46.8176],[4.71505,46.81738],[4.7149,46.81728],[4.71483,46.81734],[4.71475,46.81729],[4.71457,46.81741],[4.71422,46.81718]]],[[[4.71374,46.83987],[4.71006,46.83996],[4.70961,46.84007],[4.70842,46.8401],[4.70862,46.84071],[4.70991,46.84058],[4.70997,46.84047],[4.71037,46.8404],[4.71038,46.8405],[4.71015,46.84052],[4.71039,46.84131],[4.71046,46.8413],[4.71061,46.84157],[4.71009,46.84161],[4.71013,46.84203],[4.71,46.84204],[4.70996,46.84182],[4.70873,46.84193],[4.70872,46.84178],[4.70787,46.84186],[4.70753,46.84203],[4.70713,46.84241],[4.70708,46.84283],[4.70726,46.84357],[4.70742,46.8438],[4.70786,46.84413],[4.70856,46.84483],[4.70898,46.84508],[4.70942,46.84562],[4.70967,46.84616],[4.71068,46.84614],[4.71153,46.84621],[4.71202,46.84616],[4.71235,46.84603],[4.71276,46.8455],[4.71343,46.84363],[4.71363,46.84278],[4.7141,46.84156],[4.71422,46.8408],[4.71448,46.84035],[4.7149,46.84006],[4.71374,46.83987]]],[[[4.71385,46.84232],[4.71298,46.84521],[4.71241,46.84609],[4.71165,46.84626],[4.71011,46.84621],[4.71003,46.84643],[4.71102,46.84686],[4.71156,46.84688],[4.71145,46.84706],[4.71132,46.8478],[4.71201,46.8479],[4.71243,46.84785],[4.71318,46.84768],[4.71347,46.84748],[4.71389,46.84551],[4.71392,46.84515],[4.71376,46.8449],[4.71381,46.84436],[4.71375,46.84434],[4.71391,46.84394],[4.71379,46.84393],[4.71406,46.8433],[4.71431,46.84178],[4.71419,46.84176],[4.71416,46.84164],[4.71385,46.84232]]],[[[4.71406,46.83741],[4.71313,46.83743],[4.71082,46.83829],[4.70999,46.83845],[4.70953,46.83845],[4.70949,46.83855],[4.71046,46.83922],[4.71079,46.83924],[4.71091,46.83885],[4.711,46.83877],[4.71281,46.83808],[4.71406,46.83741]]],[[[4.71312,46.82645],[4.7122,46.82562],[4.71165,46.82527],[4.71151,46.82534],[4.71113,46.82573],[4.71134,46.82633],[4.71076,46.82641],[4.71135,46.82756],[4.71145,46.82803],[4.71035,46.82808],[4.71036,46.82816],[4.71009,46.82827],[4.70992,46.82843],[4.70981,46.8284],[4.70957,46.82895],[4.70986,46.82902],[4.71149,46.829],[4.71151,46.82889],[4.71185,46.82887],[4.71194,46.82852],[4.71292,46.82787],[4.71279,46.82786],[4.71281,46.8278],[4.71326,46.82783],[4.71288,46.8269],[4.71312,46.82645]]],[[[4.71278,46.82313],[4.71223,46.82184],[4.71203,46.82089],[4.71123,46.82111],[4.71129,46.82126],[4.71142,46.82122],[4.7115,46.82148],[4.71141,46.8215],[4.71128,46.82176],[4.71124,46.82213],[4.71138,46.82209],[4.71151,46.82237],[4.71173,46.8224],[4.71221,46.823],[4.71233,46.82296],[4.71258,46.82316],[4.71278,46.82313]]],[[[4.71224,46.82361],[4.71196,46.82351],[4.71172,46.82361],[4.71166,46.82372],[4.71184,46.82395],[4.71251,46.82384],[4.71224,46.82361]]],[[[4.71267,46.8373],[4.70742,46.83667],[4.70232,46.83553],[4.70322,46.83641],[4.70375,46.83673],[4.7088,46.83824],[4.70918,46.8383],[4.70978,46.83833],[4.71064,46.83822],[4.71278,46.83744],[4.71267,46.8373]]],[[[4.71147,46.81616],[4.71061,46.81599],[4.71045,46.81616],[4.71037,46.81648],[4.71043,46.81648],[4.71049,46.81698],[4.71073,46.8171],[4.71099,46.81713],[4.71122,46.81702],[4.712,46.81637],[4.71147,46.81616]]],[[[4.71168,46.81999],[4.71089,46.819],[4.71083,46.81902],[4.71064,46.81951],[4.71062,46.81982],[4.71115,46.8211],[4.712,46.82086],[4.71168,46.81999]]],[[[4.71026,46.84998],[4.70969,46.84862],[4.70953,46.84758],[4.70921,46.84648],[4.70855,46.84712],[4.7079,46.84792],[4.70716,46.84844],[4.70687,46.84923],[4.70712,46.84945],[4.70915,46.85055],[4.71123,46.8519],[4.71225,46.85232],[4.71268,46.85189],[4.71211,46.85155],[4.71142,46.85088],[4.71026,46.84998]]],[[[4.71041,46.81493],[4.7101,46.81496],[4.70975,46.81519],[4.70976,46.81529],[4.71066,46.81584],[4.71115,46.81574],[4.71102,46.81562],[4.7114,46.81542],[4.71041,46.81493]]],[[[4.71073,46.81841],[4.71024,46.81747],[4.71009,46.81729],[4.70982,46.81716],[4.70966,46.81734],[4.7098,46.81756],[4.70962,46.81799],[4.7094,46.81817],[4.70934,46.81836],[4.70904,46.81822],[4.7088,46.81846],[4.70874,46.81835],[4.70859,46.81828],[4.70818,46.81854],[4.70806,46.8187],[4.70756,46.8186],[4.70714,46.81863],[4.70668,46.81898],[4.70546,46.81935],[4.70521,46.81951],[4.70556,46.81972],[4.70591,46.8198],[4.70602,46.81973],[4.7075,46.82054],[4.70814,46.82055],[4.7084,46.82046],[4.70833,46.82021],[4.70843,46.81986],[4.70839,46.81955],[4.70849,46.81953],[4.70862,46.81957],[4.70857,46.81962],[4.70885,46.81966],[4.7091,46.81943],[4.70966,46.8197],[4.71028,46.81959],[4.71059,46.81937],[4.71064,46.81922],[4.71055,46.81904],[4.71088,46.81895],[4.71073,46.81841]]],[[[4.71046,46.81582],[4.70952,46.81516],[4.70897,46.81517],[4.70847,46.81502],[4.70799,46.81463],[4.70724,46.81446],[4.70663,46.81407],[4.70614,46.8139],[4.70585,46.8137],[4.70554,46.81381],[4.70448,46.81301],[4.70314,46.81233],[4.7027,46.81204],[4.70189,46.81285],[4.70162,46.81333],[4.7015,46.8133],[4.70083,46.81401],[4.70062,46.81438],[4.70036,46.81435],[4.70009,46.81488],[4.70163,46.81528],[4.70237,46.81601],[4.70275,46.81625],[4.70327,46.81646],[4.70396,46.8166],[4.70469,46.81651],[4.70474,46.81645],[4.70587,46.8166],[4.70679,46.8166],[4.70739,46.81653],[4.70796,46.81661],[4.70837,46.81677],[4.70925,46.81629],[4.7102,46.81612],[4.71034,46.81605],[4.71046,46.81582]]],[[[4.71014,46.81624],[4.70922,46.81638],[4.70859,46.81674],[4.7085,46.81686],[4.70939,46.81712],[4.70971,46.81715],[4.71006,46.81711],[4.71025,46.81665],[4.71002,46.81652],[4.71014,46.81624]]],[[[4.70306,46.83746],[4.70175,46.83655],[4.7005,46.83616],[4.69955,46.83548],[4.69823,46.83485],[4.69776,46.83579],[4.6974,46.83623],[4.69692,46.83649],[4.6964,46.83695],[4.69532,46.8373],[4.69477,46.83764],[4.69387,46.83844],[4.6954,46.8398],[4.69543,46.84011],[4.6956,46.84034],[4.69672,46.83967],[4.69646,46.83943],[4.69666,46.8393],[4.69597,46.83885],[4.69641,46.83853],[4.69638,46.83821],[4.69662,46.83791],[4.69721,46.83769],[4.69758,46.83739],[4.69762,46.83723],[4.69792,46.8374],[4.69829,46.83703],[4.69922,46.8376],[4.69934,46.83752],[4.70063,46.83846],[4.70016,46.83869],[4.70073,46.83902],[4.70108,46.83876],[4.70159,46.83901],[4.70193,46.83867],[4.70229,46.83869],[4.70243,46.83878],[4.70257,46.83866],[4.70311,46.83877],[4.70402,46.83809],[4.7045,46.83839],[4.70453,46.83836],[4.70306,46.83746]]],[[[4.7045,46.83839],[4.70417,46.83911],[4.70411,46.83957],[4.70514,46.83978],[4.70461,46.8402],[4.70454,46.84023],[4.70448,46.84018],[4.70353,46.84051],[4.70322,46.8402],[4.70307,46.83968],[4.70123,46.84013],[4.70115,46.84045],[4.70037,46.84081],[4.69713,46.84284],[4.69718,46.84297],[4.69766,46.84337],[4.69783,46.84363],[4.6988,46.84438],[4.70013,46.84529],[4.70029,46.84549],[4.70053,46.84564],[4.70075,46.84551],[4.7018,46.84517],[4.70474,46.84467],[4.70498,46.84509],[4.70521,46.84572],[4.70581,46.84652],[4.70683,46.8462],[4.70831,46.84601],[4.70808,46.84572],[4.7069,46.84502],[4.70625,46.84426],[4.7064,46.8442],[4.7063,46.84412],[4.70653,46.84399],[4.70653,46.84379],[4.70684,46.84354],[4.70672,46.84311],[4.70646,46.84306],[4.70607,46.84315],[4.70554,46.84253],[4.70547,46.84255],[4.70552,46.84261],[4.70529,46.84269],[4.70505,46.84171],[4.70477,46.84178],[4.70511,46.84105],[4.70529,46.84128],[4.70582,46.84099],[4.70635,46.8408],[4.70626,46.8407],[4.70606,46.84052],[4.70594,46.84053],[4.70394,46.84095],[4.7038,46.84095],[4.70369,46.84074],[4.70415,46.84081],[4.70817,46.84007],[4.70942,46.84002],[4.71007,46.83991],[4.71069,46.83987],[4.71069,46.83967],[4.71052,46.83933],[4.71016,46.83903],[4.70914,46.83843],[4.70755,46.83801],[4.70618,46.83853],[4.70593,46.83883],[4.7049,46.83858],[4.7045,46.83839]]],[[[4.70453,46.83836],[4.70492,46.83855],[4.70586,46.83877],[4.70614,46.83851],[4.70736,46.83801],[4.70734,46.83795],[4.70544,46.83741],[4.70365,46.83682],[4.70311,46.83653],[4.7022,46.83568],[4.70192,46.83552],[4.70095,46.83522],[4.6984,46.83464],[4.69824,46.83483],[4.69956,46.83546],[4.70051,46.83614],[4.70178,46.83654],[4.70308,46.83746],[4.70453,46.83836]]],[[[4.70913,46.8171],[4.70839,46.81683],[4.70731,46.81702],[4.70677,46.81699],[4.70574,46.81663],[4.70377,46.81687],[4.70298,46.81666],[4.70258,46.81647],[4.70214,46.81618],[4.70173,46.81566],[4.70122,46.81534],[4.69966,46.81475],[4.69875,46.8145],[4.69844,46.81449],[4.69797,46.81459],[4.69719,46.81458],[4.69581,46.81485],[4.69403,46.81552],[4.69354,46.81577],[4.69332,46.81614],[4.6932,46.81753],[4.69296,46.81832],[4.69319,46.81907],[4.69405,46.81912],[4.69573,46.8195],[4.6961,46.81913],[4.69625,46.81886],[4.69628,46.8177],[4.69653,46.81693],[4.6972,46.81645],[4.6975,46.81635],[4.69844,46.81623],[4.69926,46.81628],[4.70054,46.81654],[4.7012,46.81684],[4.70156,46.81691],[4.70181,46.81706],[4.7019,46.8172],[4.70204,46.81773],[4.70243,46.81794],[4.70297,46.81839],[4.70326,46.81851],[4.70321,46.81854],[4.70294,46.81842],[4.70235,46.81794],[4.70199,46.81777],[4.7019,46.81749],[4.70098,46.81725],[4.70075,46.81711],[4.70048,46.81729],[4.70028,46.81756],[4.70023,46.81753],[4.70015,46.81761],[4.70003,46.81749],[4.69985,46.8176],[4.69956,46.81739],[4.69914,46.81768],[4.69934,46.81781],[4.6991,46.81794],[4.699,46.8179],[4.69848,46.81804],[4.6975,46.81861],[4.69729,46.81882],[4.69712,46.81914],[4.69712,46.81954],[4.69786,46.8194],[4.69843,46.81919],[4.69945,46.82005],[4.69975,46.81993],[4.69984,46.81982],[4.70066,46.81964],[4.70111,46.81963],[4.7013,46.8197],[4.7016,46.81966],[4.70165,46.81949],[4.70214,46.81954],[4.70206,46.81967],[4.70256,46.81983],[4.70321,46.81983],[4.70324,46.81977],[4.70375,46.8198],[4.70405,46.81973],[4.70426,46.8195],[4.70429,46.81931],[4.70482,46.81931],[4.70529,46.81941],[4.70534,46.81932],[4.70626,46.81909],[4.70641,46.81894],[4.70632,46.81864],[4.70593,46.81856],[4.70577,46.81855],[4.7057,46.81867],[4.70536,46.81859],[4.70498,46.81862],[4.70493,46.81871],[4.70462,46.81869],[4.70427,46.81884],[4.70397,46.81879],[4.70398,46.81875],[4.70454,46.81869],[4.70458,46.81852],[4.7048,46.81846],[4.70481,46.81834],[4.70505,46.81835],[4.7051,46.81843],[4.70562,46.81839],[4.70567,46.81818],[4.70588,46.81822],[4.70589,46.8181],[4.70625,46.81813],[4.70623,46.81818],[4.70637,46.81819],[4.70658,46.81819],[4.70664,46.81808],[4.70686,46.81811],[4.70721,46.81818],[4.70718,46.81827],[4.70739,46.81827],[4.70744,46.81816],[4.70771,46.8182],[4.70769,46.81824],[4.70778,46.81826],[4.7078,46.8182],[4.70805,46.81822],[4.70815,46.8178],[4.70834,46.81769],[4.70854,46.81745],[4.70884,46.81756],[4.709,46.81737],[4.70952,46.81737],[4.70966,46.81719],[4.70913,46.8171]]],[[[4.70782,46.81662],[4.70734,46.81657],[4.70693,46.81662],[4.70603,46.81663],[4.70667,46.81689],[4.70715,46.81695],[4.70805,46.81682],[4.70809,46.81672],[4.70782,46.81662]]],[[[4.70847,46.84606],[4.70688,46.84624],[4.70562,46.84662],[4.70706,46.84843],[4.70788,46.84785],[4.70902,46.84657],[4.70899,46.84633],[4.70889,46.84619],[4.70847,46.84606]]],[[[4.70487,46.81655],[4.70396,46.81666],[4.70315,46.81649],[4.70304,46.81662],[4.70368,46.81682],[4.70397,46.81684],[4.7045,46.81673],[4.70564,46.81662],[4.70487,46.81655]]],[[[4.69832,46.83463],[4.69474,46.8338],[4.69363,46.8337],[4.69246,46.83374],[4.69178,46.83395],[4.69122,46.83429],[4.69078,46.83472],[4.68981,46.83589],[4.69012,46.83614],[4.69061,46.83633],[4.69113,46.83641],[4.69112,46.83646],[4.69153,46.83592],[4.6915,46.83564],[4.69161,46.83541],[4.69188,46.83518],[4.69268,46.83506],[4.69279,46.83534],[4.69309,46.83524],[4.69342,46.83536],[4.69377,46.83539],[4.69433,46.8352],[4.69491,46.83526],[4.6958,46.83556],[4.69548,46.83658],[4.69592,46.83678],[4.69593,46.83706],[4.69615,46.83703],[4.69636,46.83693],[4.69689,46.83647],[4.69735,46.83621],[4.69771,46.83579],[4.69832,46.83463]]],[[[4.69386,46.837],[4.6936,46.8377],[4.69369,46.83775],[4.69338,46.83813],[4.69381,46.83842],[4.69456,46.83774],[4.69505,46.83741],[4.69488,46.8373],[4.69386,46.837]]],[[[4.69194,46.8362],[4.69182,46.83644],[4.69189,46.8366],[4.69174,46.83679],[4.69165,46.83715],[4.69199,46.83725],[4.69229,46.83675],[4.69258,46.83665],[4.69279,46.83681],[4.69309,46.83661],[4.69349,46.83652],[4.69371,46.83621],[4.69415,46.83608],[4.69415,46.83589],[4.69487,46.83573],[4.69475,46.83553],[4.69366,46.83564],[4.69267,46.83606],[4.69237,46.83587],[4.69194,46.8362]]]]}},{"type":"Feature","properties":{"id":"appellation-rully","kind":"appellation","level":"village","name":"Rully","full":"Rully","app":"Rully","region":"cote-chalonnaise","communes":["Chagny","Rully"],"area_ha":457.63,"elev":[222.1,275.8,397.8],"slope":5.8,"slope_pct":10.3,"aspect":113,"aspect_label":"ESE","aspect_hist":[0.046,0.068,0.366,0.324,0.083,0.035,0.025,0.053],"village":"rully","pc_area_ha":109.44,"n_climats":23,"white":true},"geometry":{"type":"MultiPolygon","coordinates":[[[[4.74298,46.88303],[4.74306,46.88313],[4.74329,46.88305],[4.74334,46.88312],[4.74324,46.88317],[4.74374,46.88363],[4.744,46.88352],[4.74413,46.88364],[4.74443,46.88346],[4.74467,46.88339],[4.74484,46.88326],[4.74477,46.88321],[4.74487,46.88311],[4.74507,46.88353],[4.74499,46.88429],[4.74506,46.88427],[4.74505,46.88452],[4.74512,46.88455],[4.74499,46.88466],[4.74503,46.88472],[4.74509,46.88471],[4.74521,46.88494],[4.74519,46.88501],[4.74499,46.88506],[4.74518,46.88533],[4.7456,46.88519],[4.74568,46.88533],[4.74562,46.88535],[4.74579,46.88555],[4.74562,46.88562],[4.74575,46.88577],[4.74617,46.8856],[4.74644,46.88587],[4.74579,46.8861],[4.74586,46.88617],[4.74598,46.88614],[4.74618,46.88631],[4.74652,46.8868],[4.74676,46.88675],[4.74688,46.88687],[4.74703,46.88735],[4.74734,46.88726],[4.74751,46.88781],[4.7474,46.88785],[4.74747,46.88806],[4.7468,46.88817],[4.74687,46.88922],[4.74679,46.88941],[4.74655,46.88937],[4.74649,46.88951],[4.74664,46.88962],[4.74674,46.89],[4.74704,46.88997],[4.74706,46.89013],[4.74718,46.89013],[4.7472,46.89024],[4.74725,46.89023],[4.74733,46.89054],[4.74709,46.89067],[4.74712,46.89074],[4.74691,46.89073],[4.74696,46.89084],[4.7469,46.89086],[4.74695,46.89094],[4.7472,46.8909],[4.74715,46.89118],[4.74724,46.89117],[4.74727,46.89132],[4.74746,46.89128],[4.74756,46.89161],[4.74751,46.89162],[4.74765,46.89183],[4.74717,46.89189],[4.74728,46.89214],[4.74666,46.89229],[4.74671,46.89259],[4.74682,46.89273],[4.74705,46.89277],[4.7473,46.89295],[4.74801,46.89372],[4.74899,46.89366],[4.74925,46.89379],[4.7494,46.89402],[4.74891,46.89405],[4.74901,46.8945],[4.74889,46.89462],[4.74889,46.89484],[4.74845,46.89482],[4.74778,46.8949],[4.74764,46.89498],[4.74765,46.89518],[4.74681,46.89513],[4.74701,46.89599],[4.74581,46.896],[4.74587,46.89659],[4.74634,46.89731],[4.7464,46.89783],[4.74706,46.89865],[4.7474,46.89848],[4.74852,46.89832],[4.75014,46.8976],[4.75055,46.89756],[4.75062,46.89738],[4.75052,46.89695],[4.75072,46.89686],[4.75069,46.89669],[4.7505,46.89673],[4.75046,46.89666],[4.75032,46.89667],[4.75026,46.89654],[4.75038,46.89621],[4.75062,46.89619],[4.75048,46.89591],[4.75054,46.89579],[4.75041,46.89578],[4.75005,46.8952],[4.74975,46.8944],[4.74981,46.89355],[4.75015,46.89272],[4.74993,46.89153],[4.75003,46.89086],[4.74994,46.89017],[4.74948,46.89022],[4.74919,46.88968],[4.74986,46.88955],[4.7498,46.88882],[4.74961,46.88855],[4.7495,46.88857],[4.74903,46.88773],[4.74973,46.88756],[4.7479,46.88531],[4.74747,46.88453],[4.74698,46.88391],[4.74706,46.88388],[4.74685,46.88361],[4.74678,46.88363],[4.74656,46.88301],[4.74644,46.88283],[4.74637,46.88286],[4.74507,46.88118],[4.74387,46.88166],[4.74443,46.88246],[4.74298,46.88303]]],[[[4.74298,46.88303],[4.74435,46.88247],[4.74323,46.88103],[4.74296,46.88055],[4.74246,46.88009],[4.74251,46.88007],[4.742,46.87951],[4.74178,46.87898],[4.74155,46.87882],[4.74093,46.87866],[4.74039,46.87825],[4.73968,46.87756],[4.73924,46.87774],[4.73906,46.87747],[4.73884,46.87733],[4.7379,46.87773],[4.73773,46.87743],[4.73859,46.87709],[4.73826,46.87675],[4.73741,46.87718],[4.73759,46.8773],[4.73694,46.87763],[4.73675,46.87869],[4.73677,46.87901],[4.73692,46.87917],[4.73715,46.87927],[4.73721,46.8792],[4.73769,46.87926],[4.73751,46.87886],[4.73819,46.87936],[4.73779,46.87957],[4.73854,46.88016],[4.7387,46.88008],[4.7387,46.88],[4.73851,46.87982],[4.73865,46.87977],[4.73886,46.87994],[4.73884,46.88042],[4.7391,46.88075],[4.73967,46.88111],[4.74038,46.88136],[4.74074,46.88171],[4.74086,46.88162],[4.74096,46.88167],[4.74185,46.88125],[4.74173,46.88116],[4.74181,46.88111],[4.74177,46.88115],[4.7419,46.88125],[4.74101,46.8817],[4.7418,46.88192],[4.74196,46.88204],[4.74206,46.88199],[4.74247,46.88246],[4.74252,46.88244],[4.74269,46.88258],[4.74264,46.88274],[4.74298,46.88303]]],[[[4.74885,46.87255],[4.74765,46.86812],[4.74726,46.86659],[4.74579,46.86762],[4.74453,46.86792],[4.74447,46.868],[4.74451,46.86829],[4.74421,46.86836],[4.74417,46.86841],[4.74435,46.86884],[4.74483,46.86956],[4.7461,46.87066],[4.74659,46.87149],[4.74678,46.87142],[4.74746,46.87295],[4.74885,46.87255]]],[[[4.74671,46.86658],[4.74583,46.86475],[4.74488,46.86497],[4.74496,46.8641],[4.74486,46.86369],[4.74478,46.86363],[4.74454,46.86375],[4.74446,46.86366],[4.74421,46.86376],[4.74403,46.86364],[4.7438,46.8634],[4.74401,46.8633],[4.74397,46.86325],[4.74189,46.8613],[4.74324,46.86112],[4.74299,46.86065],[4.74257,46.86044],[4.74251,46.86025],[4.74224,46.86028],[4.74022,46.85927],[4.74037,46.86128],[4.74005,46.86327],[4.74019,46.86368],[4.74054,46.86417],[4.7406,46.8644],[4.74137,46.86537],[4.74148,46.86535],[4.74223,46.86602],[4.74249,46.86647],[4.7424,46.86642],[4.74218,46.86651],[4.74231,46.86684],[4.74259,46.86718],[4.74214,46.86726],[4.74222,46.86742],[4.74398,46.86708],[4.74405,46.86714],[4.74412,46.86671],[4.74366,46.86597],[4.74411,46.86661],[4.74415,46.86681],[4.74405,46.86715],[4.74439,46.86789],[4.74574,46.86756],[4.74715,46.86657],[4.74752,46.86638],[4.74671,46.86658]]],[[[4.74427,46.88931],[4.74438,46.88949],[4.74339,46.88961],[4.74346,46.89031],[4.74266,46.89037],[4.74281,46.89119],[4.74368,46.89123],[4.74371,46.89154],[4.7441,46.89154],[4.74408,46.89173],[4.74419,46.89173],[4.74426,46.89199],[4.74419,46.892],[4.74422,46.8926],[4.7465,46.8923],[4.74647,46.89215],[4.74685,46.89206],[4.74682,46.8919],[4.74651,46.8919],[4.74646,46.8916],[4.74646,46.8896],[4.74631,46.88827],[4.74415,46.88872],[4.74427,46.88931]]],[[[4.7448,46.86962],[4.74426,46.86982],[4.74418,46.86993],[4.74368,46.87004],[4.74376,46.87029],[4.74383,46.87028],[4.74378,46.87057],[4.74395,46.87098],[4.74408,46.87096],[4.74411,46.87104],[4.74606,46.87075],[4.7448,46.86962]]],[[[4.74591,46.87326],[4.74505,46.87165],[4.74389,46.87178],[4.74427,46.87303],[4.7445,46.87297],[4.7447,46.87347],[4.74591,46.87326]]],[[[4.74475,46.89943],[4.74582,46.89915],[4.74645,46.8989],[4.7455,46.89695],[4.74596,46.89685],[4.7458,46.89656],[4.74563,46.89595],[4.74519,46.89567],[4.74508,46.89547],[4.74389,46.89538],[4.74392,46.89482],[4.74532,46.89476],[4.74524,46.89439],[4.74498,46.89392],[4.745,46.89364],[4.74191,46.89391],[4.74026,46.89417],[4.74062,46.89485],[4.74151,46.89601],[4.74231,46.89675],[4.74236,46.89672],[4.74272,46.89689],[4.74305,46.89726],[4.74339,46.89714],[4.74392,46.89817],[4.74475,46.89943]]],[[[4.74432,46.86889],[4.74409,46.86839],[4.74315,46.86862],[4.74349,46.86999],[4.74367,46.86995],[4.7437,46.87003],[4.74419,46.8699],[4.74428,46.86979],[4.74482,46.8696],[4.74432,46.86889]]],[[[4.7449,46.88085],[4.74364,46.87965],[4.74358,46.87924],[4.74295,46.87858],[4.74174,46.87781],[4.74087,46.87703],[4.73979,46.87758],[4.74079,46.87849],[4.74163,46.8788],[4.74184,46.87895],[4.74201,46.8794],[4.74313,46.88058],[4.74377,46.8816],[4.74501,46.88111],[4.74483,46.88086],[4.7449,46.88085]]],[[[4.74508,46.88552],[4.7443,46.88436],[4.74455,46.88425],[4.74414,46.88373],[4.74265,46.8845],[4.74208,46.88513],[4.74217,46.88526],[4.74261,46.88544],[4.74298,46.88518],[4.74366,46.88561],[4.74386,46.88561],[4.7438,46.88565],[4.74444,46.88607],[4.74461,46.88599],[4.74508,46.88552]]],[[[4.74346,46.88764],[4.74406,46.88854],[4.74445,46.8884],[4.74387,46.88753],[4.74346,46.88764]]],[[[4.74026,46.86127],[4.7401,46.85924],[4.73566,46.8578],[4.73464,46.85722],[4.73474,46.8574],[4.73464,46.85745],[4.73483,46.85814],[4.7348,46.85826],[4.73458,46.85751],[4.7346,46.85727],[4.73447,46.85713],[4.73424,46.85701],[4.73408,46.85709],[4.73376,46.8568],[4.73249,46.85625],[4.73327,46.85722],[4.73472,46.85879],[4.73518,46.85902],[4.73586,46.85896],[4.73643,46.86025],[4.73742,46.8614],[4.74026,46.86127]]],[[[4.7393,46.87083],[4.73875,46.87103],[4.73847,46.87065],[4.73918,46.87041],[4.73906,46.86993],[4.73874,46.86911],[4.7385,46.86888],[4.73786,46.86851],[4.73754,46.86837],[4.73725,46.86834],[4.73567,46.86882],[4.73634,46.8699],[4.73628,46.8702],[4.73644,46.87057],[4.7368,46.87048],[4.73695,46.87061],[4.73683,46.87064],[4.73699,46.87088],[4.73689,46.8709],[4.73684,46.87083],[4.73656,46.87087],[4.73672,46.87127],[4.73713,46.87112],[4.73731,46.87119],[4.73746,46.87158],[4.73715,46.8717],[4.73812,46.87237],[4.73893,46.87206],[4.73881,46.87221],[4.7392,46.87244],[4.7402,46.87202],[4.7393,46.87083]]],[[[4.73437,46.85858],[4.73247,46.85636],[4.73123,46.85553],[4.73081,46.85511],[4.72448,46.85327],[4.72345,46.85301],[4.72338,46.8531],[4.72404,46.85343],[4.7256,46.85465],[4.72695,46.85539],[4.73476,46.85888],[4.73437,46.85858]]],[[[4.73518,46.85906],[4.73522,46.85916],[4.73483,46.85908],[4.73445,46.85915],[4.73471,46.85974],[4.7345,46.85972],[4.73459,46.85958],[4.73443,46.85949],[4.73427,46.85964],[4.73367,46.8593],[4.73373,46.85915],[4.73282,46.85882],[4.73174,46.85829],[4.7318,46.85822],[4.73155,46.8581],[4.73055,46.8578],[4.72959,46.85732],[4.72935,46.85708],[4.7291,46.85695],[4.72903,46.85694],[4.72894,46.85704],[4.72823,46.85648],[4.72698,46.8572],[4.72698,46.85727],[4.72726,46.85754],[4.72794,46.85785],[4.72882,46.8588],[4.729,46.85904],[4.72908,46.85948],[4.72936,46.86003],[4.73041,46.86189],[4.73164,46.86308],[4.73237,46.86361],[4.73249,46.86358],[4.73268,46.86399],[4.73281,46.86392],[4.73282,46.86432],[4.73357,46.86534],[4.73383,46.86627],[4.73408,46.86655],[4.73412,46.86675],[4.7346,46.86668],[4.73461,46.86678],[4.73483,46.86676],[4.73483,46.86671],[4.73497,46.86675],[4.73497,46.8667],[4.73571,46.86662],[4.73576,46.86603],[4.73738,46.86579],[4.73807,46.86563],[4.73818,46.86549],[4.73799,46.86446],[4.73815,46.86403],[4.73807,46.86382],[4.73752,46.86369],[4.73686,46.86277],[4.7359,46.86192],[4.73597,46.86189],[4.73694,46.86273],[4.73757,46.86364],[4.73808,46.86374],[4.73896,46.86353],[4.7393,46.86308],[4.73868,46.86281],[4.73677,46.86083],[4.73623,46.86006],[4.73582,46.85906],[4.73572,46.85902],[4.73518,46.85906]]],[[[4.73917,46.86801],[4.73867,46.86599],[4.73856,46.86582],[4.73826,46.86565],[4.73729,46.86588],[4.73581,46.86609],[4.73581,46.86666],[4.73624,46.86661],[4.73611,46.86665],[4.73625,46.86692],[4.73559,46.86703],[4.73545,46.86723],[4.73579,46.86718],[4.73582,46.86732],[4.73568,46.86732],[4.73549,46.8674],[4.7356,46.86799],[4.7351,46.86812],[4.73523,46.86827],[4.73502,46.86836],[4.73547,46.86869],[4.73575,46.8687],[4.73689,46.86837],[4.73679,46.86816],[4.7373,46.86803],[4.73744,46.86828],[4.73782,46.8684],[4.73878,46.86892],[4.73893,46.86873],[4.73917,46.86801]]],[[[4.73888,46.87305],[4.73746,46.87198],[4.73716,46.87216],[4.737,46.87197],[4.7359,46.87263],[4.73668,46.87315],[4.73675,46.87336],[4.73739,46.87389],[4.7377,46.8737],[4.73763,46.87357],[4.73786,46.87343],[4.73815,46.87349],[4.73842,46.8734],[4.73863,46.87351],[4.73901,46.87339],[4.73888,46.87305]]],[[[4.73745,46.87942],[4.73739,46.87965],[4.73794,46.88012],[4.73787,46.88017],[4.73795,46.88025],[4.73836,46.88015],[4.73818,46.87993],[4.73745,46.87942]]],[[[4.7381,46.88784],[4.7379,46.88742],[4.73696,46.88758],[4.73679,46.88773],[4.73689,46.88799],[4.73705,46.88806],[4.73752,46.88801],[4.7376,46.88799],[4.73758,46.88792],[4.7381,46.88784]]],[[[4.73753,46.87527],[4.73714,46.87514],[4.73641,46.87467],[4.73604,46.87452],[4.73498,46.87391],[4.73473,46.87349],[4.73435,46.87262],[4.73135,46.87358],[4.73129,46.87364],[4.73159,46.87408],[4.732,46.87448],[4.73295,46.87508],[4.73328,46.8754],[4.73366,46.8756],[4.73476,46.87589],[4.7356,46.87658],[4.73623,46.87689],[4.73648,46.8772],[4.7366,46.87725],[4.73684,46.87721],[4.73723,46.87696],[4.73676,46.87657],[4.73699,46.87645],[4.73696,46.8764],[4.73742,46.87625],[4.73717,46.87593],[4.73766,46.87575],[4.73753,46.87527]]],[[[4.73688,46.87929],[4.73643,46.87931],[4.73628,46.87993],[4.7371,46.88002],[4.7371,46.87996],[4.73736,46.87994],[4.73728,46.87937],[4.73688,46.87929]]],[[[4.73669,46.87132],[4.73624,46.87031],[4.73612,46.8697],[4.73584,46.86973],[4.73576,46.86959],[4.73541,46.86973],[4.73516,46.86937],[4.735,46.86933],[4.73478,46.86941],[4.73458,46.86909],[4.73464,46.86908],[4.73456,46.86891],[4.73459,46.86834],[4.73431,46.86835],[4.73429,46.86818],[4.73372,46.86825],[4.73376,46.8684],[4.73357,46.86856],[4.73327,46.86922],[4.73423,46.86917],[4.73427,46.86921],[4.73377,46.86928],[4.73366,46.86941],[4.73373,46.86958],[4.73418,46.87016],[4.73475,46.87036],[4.73468,46.87071],[4.7351,46.87138],[4.73525,46.8719],[4.73588,46.8726],[4.73699,46.87195],[4.73667,46.87157],[4.73669,46.87132]]],[[[4.73528,46.878],[4.73516,46.87817],[4.73516,46.87854],[4.73411,46.87869],[4.73405,46.87858],[4.73506,46.87851],[4.73518,46.87803],[4.73566,46.87771],[4.7352,46.87732],[4.73513,46.87736],[4.73501,46.87726],[4.7359,46.87679],[4.73557,46.87663],[4.73482,46.87602],[4.73455,46.87589],[4.73417,46.87615],[4.73387,46.87584],[4.73294,46.87616],[4.73256,46.87578],[4.73338,46.87553],[4.73283,46.87506],[4.73194,46.87452],[4.73163,46.87421],[4.73116,46.87433],[4.73108,46.87416],[4.73148,46.87407],[4.73099,46.87336],[4.73088,46.87338],[4.73085,46.87333],[4.73094,46.87329],[4.73027,46.87342],[4.73002,46.87311],[4.72965,46.87319],[4.72952,46.87296],[4.72918,46.87297],[4.72895,46.87274],[4.72872,46.87282],[4.72852,46.87281],[4.72875,46.87315],[4.72873,46.87346],[4.72907,46.8735],[4.72914,46.87397],[4.72884,46.87387],[4.72904,46.8744],[4.7284,46.87455],[4.72839,46.87477],[4.72795,46.87483],[4.72805,46.87535],[4.72793,46.87533],[4.72814,46.87568],[4.72838,46.87579],[4.72855,46.87601],[4.72908,46.87594],[4.72911,46.87601],[4.72933,46.87597],[4.72939,46.87616],[4.72914,46.87619],[4.7292,46.87655],[4.7294,46.87689],[4.72924,46.87704],[4.72986,46.87789],[4.73009,46.8778],[4.73022,46.87795],[4.73008,46.87801],[4.73012,46.87806],[4.73029,46.87803],[4.73023,46.87805],[4.73051,46.87835],[4.73035,46.87842],[4.7305,46.87869],[4.73092,46.87913],[4.73126,46.87904],[4.73104,46.87859],[4.73062,46.87834],[4.7309,46.8782],[4.73101,46.87838],[4.73141,46.87872],[4.73146,46.8787],[4.73156,46.87883],[4.73145,46.87887],[4.73147,46.87896],[4.73153,46.87902],[4.73167,46.87899],[4.73172,46.87906],[4.73159,46.87908],[4.73133,46.87934],[4.73183,46.87993],[4.73176,46.87998],[4.73253,46.88037],[4.73282,46.88014],[4.73305,46.88022],[4.73323,46.8803],[4.73305,46.88046],[4.73334,46.88062],[4.73341,46.88056],[4.73352,46.88061],[4.73342,46.88073],[4.73374,46.88079],[4.73377,46.88073],[4.73394,46.88076],[4.73399,46.88067],[4.73473,46.88074],[4.73469,46.8804],[4.73476,46.88023],[4.73453,46.88021],[4.73477,46.87978],[4.73511,46.87973],[4.73621,46.87992],[4.73637,46.87927],[4.7362,46.87869],[4.73662,46.87863],[4.73668,46.87867],[4.73669,46.87838],[4.73613,46.87847],[4.73597,46.878],[4.73684,46.87772],[4.73687,46.87759],[4.7359,46.87793],[4.73569,46.87773],[4.73528,46.878]]],[[[4.73515,46.87339],[4.73459,46.8726],[4.73438,46.87261],[4.73496,46.87386],[4.73539,46.8741],[4.73581,46.87381],[4.73515,46.87339]]],[[[4.7354,46.86695],[4.73427,46.86708],[4.7343,46.86731],[4.73468,46.86723],[4.73471,46.86733],[4.73486,46.8673],[4.73488,46.86738],[4.73526,46.8673],[4.73537,46.86723],[4.73548,46.86701],[4.7354,46.86695]]],[[[4.7341,46.87176],[4.7339,46.87184],[4.73408,46.87174],[4.73399,46.87151],[4.73391,46.87154],[4.73371,46.87103],[4.73272,46.87032],[4.73244,46.87037],[4.73102,46.87102],[4.73054,46.87116],[4.73032,46.87155],[4.73033,46.87183],[4.73071,46.87215],[4.73073,46.87214],[4.73122,46.87206],[4.73088,46.87212],[4.73093,46.87223],[4.731,46.87222],[4.73051,46.87233],[4.73055,46.87249],[4.73062,46.87253],[4.73084,46.87248],[4.73103,46.87275],[4.73109,46.87295],[4.73084,46.873],[4.73121,46.87353],[4.73184,46.8734],[4.73455,46.8725],[4.7341,46.87176]]],[[[4.73396,46.86756],[4.73336,46.86764],[4.73356,46.86825],[4.73437,46.86815],[4.73419,46.86762],[4.73399,46.86765],[4.73396,46.86756]]],[[[4.73282,46.86744],[4.73184,46.86651],[4.73135,46.8662],[4.73092,46.86562],[4.73051,46.86529],[4.72834,46.86424],[4.72803,46.86454],[4.72813,46.86484],[4.72791,46.86531],[4.72842,46.86754],[4.72868,46.86814],[4.72936,46.8704],[4.72939,46.87086],[4.72922,46.87117],[4.7304,46.87099],[4.73028,46.86965],[4.72938,46.86638],[4.72945,46.86636],[4.73036,46.86964],[4.7305,46.87106],[4.7315,46.87071],[4.73272,46.87008],[4.7326,46.86829],[4.73282,46.86744]]],[[[4.73045,46.87099],[4.72922,46.87119],[4.72915,46.87153],[4.72983,46.87203],[4.73022,46.87211],[4.7303,46.87196],[4.73027,46.87152],[4.73049,46.87112],[4.73045,46.87099]]],[[[4.72891,46.85906],[4.72843,46.85849],[4.72791,46.85836],[4.72704,46.858],[4.72391,46.85731],[4.72357,46.85735],[4.72355,46.85739],[4.72548,46.85852],[4.72653,46.85932],[4.72774,46.86055],[4.72813,46.86081],[4.73009,46.86177],[4.72901,46.8595],[4.72891,46.85906]]],[[[4.72909,46.87157],[4.72821,46.87176],[4.72823,46.87199],[4.72847,46.87201],[4.72895,46.87231],[4.72934,46.87232],[4.7293,46.87216],[4.72943,46.87212],[4.72935,46.87203],[4.72959,46.87194],[4.72909,46.87157]]],[[[4.7293,46.87048],[4.72872,46.86853],[4.72834,46.86769],[4.72795,46.86629],[4.7279,46.86565],[4.72778,46.86533],[4.72765,46.86529],[4.72791,46.86516],[4.72801,46.86503],[4.72804,46.86481],[4.72795,46.8645],[4.72827,46.86421],[4.72826,46.86414],[4.72754,46.86366],[4.72712,46.8635],[4.72551,46.86307],[4.72484,46.86296],[4.72481,46.863],[4.72455,46.86289],[4.72269,46.86108],[4.72159,46.85984],[4.72146,46.85972],[4.7213,46.8597],[4.72078,46.86012],[4.72065,46.86031],[4.72065,46.86048],[4.72071,46.86066],[4.72089,46.86074],[4.72107,46.86102],[4.72137,46.86208],[4.72176,46.86267],[4.722,46.8629],[4.72381,46.86392],[4.72506,46.86478],[4.72664,46.86613],[4.72701,46.8667],[4.7273,46.86758],[4.72721,46.87044],[4.72737,46.87067],[4.72839,46.87063],[4.72842,46.87101],[4.72924,46.87098],[4.72931,46.87086],[4.7293,46.87048]]],[[[4.72853,46.87211],[4.72811,46.87211],[4.72769,46.87233],[4.72752,46.8725],[4.7283,46.87284],[4.72888,46.87273],[4.72895,46.87266],[4.72895,46.87242],[4.72853,46.87211]]],[[[4.72789,46.85789],[4.72531,46.85648],[4.72543,46.85633],[4.7246,46.85589],[4.72342,46.85732],[4.72391,46.85726],[4.72582,46.85764],[4.72708,46.85796],[4.72834,46.85841],[4.72789,46.85789]]],[[[4.72738,46.85609],[4.72669,46.85531],[4.72551,46.85469],[4.72401,46.85349],[4.72273,46.85287],[4.71895,46.85262],[4.71872,46.85287],[4.72188,46.85427],[4.72274,46.85484],[4.72375,46.85538],[4.72395,46.85518],[4.72598,46.85635],[4.72602,46.8563],[4.7269,46.85719],[4.72803,46.85656],[4.72803,46.85649],[4.72738,46.85609]]],[[[4.72696,46.86266],[4.72384,46.86043],[4.72309,46.85952],[4.72306,46.85933],[4.72238,46.85851],[4.7214,46.85897],[4.72167,46.85985],[4.72263,46.86091],[4.72433,46.86256],[4.725,46.86285],[4.72616,46.86319],[4.72696,46.86266]]],[[[4.72604,46.87516],[4.72569,46.87431],[4.72533,46.8738],[4.72509,46.87355],[4.72495,46.87358],[4.72486,46.87352],[4.72482,46.87332],[4.72429,46.87252],[4.72429,46.87209],[4.72378,46.8722],[4.72312,46.87214],[4.72188,46.87244],[4.7217,46.87303],[4.72143,46.87339],[4.71958,46.87426],[4.71857,46.8748],[4.71761,46.87507],[4.7182,46.87585],[4.71855,46.87673],[4.72085,46.87695],[4.72089,46.87667],[4.72109,46.87634],[4.72146,46.87614],[4.72281,46.87571],[4.72346,46.87555],[4.72371,46.87559],[4.72616,46.87537],[4.72616,46.87521],[4.72604,46.87516]]],[[[4.7233,46.87124],[4.72279,46.87064],[4.72293,46.8705],[4.72281,46.87024],[4.7224,46.86999],[4.72249,46.8699],[4.72238,46.86982],[4.72227,46.86982],[4.7223,46.86977],[4.72212,46.86957],[4.722,46.86961],[4.72189,46.86944],[4.72195,46.86941],[4.72176,46.8692],[4.72167,46.86923],[4.72146,46.86889],[4.72129,46.86829],[4.72086,46.86751],[4.72075,46.86583],[4.72053,46.86537],[4.72018,46.86494],[4.71982,46.86428],[4.71885,46.8632],[4.71883,46.86276],[4.71814,46.86101],[4.71815,46.86083],[4.71781,46.86007],[4.7175,46.86005],[4.71726,46.85986],[4.7169,46.85984],[4.71638,46.85967],[4.71567,46.85962],[4.71541,46.85945],[4.71474,46.85928],[4.71406,46.85933],[4.71379,46.86001],[4.71359,46.86093],[4.71374,46.86085],[4.71495,46.86212],[4.71569,46.86265],[4.71587,46.8629],[4.71564,46.86295],[4.71508,46.86334],[4.71432,46.86373],[4.71456,46.86386],[4.71447,46.86398],[4.71476,46.86414],[4.71505,46.8646],[4.71446,46.86542],[4.715,46.86815],[4.71471,46.86827],[4.7139,46.86768],[4.71369,46.86738],[4.71223,46.86799],[4.71124,46.86855],[4.71165,46.86891],[4.71147,46.869],[4.71175,46.86946],[4.71219,46.86969],[4.71347,46.87007],[4.71469,46.87005],[4.71609,46.87013],[4.71737,46.87027],[4.71942,46.87084],[4.71999,46.87108],[4.72164,46.87234],[4.72201,46.87232],[4.7231,46.87205],[4.7233,46.87124]]],[[[4.72157,46.85973],[4.72093,46.85788],[4.72011,46.85694],[4.71903,46.85785],[4.71957,46.85812],[4.72157,46.85973]]],[[[4.71936,46.87091],[4.71734,46.87035],[4.71608,46.8702],[4.71468,46.87013],[4.71361,46.87015],[4.71362,46.87028],[4.71433,46.87105],[4.71561,46.87226],[4.71608,46.87283],[4.71759,46.87499],[4.71853,46.87473],[4.71956,46.87418],[4.72134,46.87335],[4.72161,46.87301],[4.7217,46.87248],[4.71992,46.87113],[4.71936,46.87091]]],[[[4.72129,46.85961],[4.71934,46.85805],[4.71855,46.85772],[4.71724,46.85867],[4.71739,46.85878],[4.71732,46.85882],[4.71743,46.85889],[4.71738,46.85893],[4.71764,46.85928],[4.71743,46.85942],[4.71743,46.8596],[4.71765,46.85989],[4.71756,46.85998],[4.71847,46.86001],[4.71871,46.85978],[4.71926,46.85992],[4.71902,46.8601],[4.71976,46.8603],[4.72053,46.86062],[4.72064,46.86013],[4.72129,46.85961]]],[[[4.7167,46.85678],[4.71628,46.85664],[4.71577,46.857],[4.71659,46.85767],[4.7164,46.85778],[4.71718,46.85869],[4.7185,46.85771],[4.71728,46.85722],[4.7167,46.85678]]],[[[4.71662,46.85961],[4.71561,46.85767],[4.71531,46.85735],[4.71524,46.85742],[4.71496,46.85722],[4.71485,46.8569],[4.71515,46.85675],[4.71515,46.85665],[4.7157,46.85649],[4.71517,46.85615],[4.71491,46.85616],[4.71475,46.85623],[4.7142,46.85659],[4.71338,46.85732],[4.71335,46.85729],[4.71416,46.85659],[4.71484,46.8561],[4.71444,46.85583],[4.71463,46.85567],[4.71422,46.85539],[4.71397,46.85501],[4.71374,46.85491],[4.71287,46.85465],[4.71237,46.85458],[4.71112,46.85425],[4.71027,46.85393],[4.70715,46.85582],[4.70767,46.85624],[4.7076,46.8564],[4.70792,46.85719],[4.709,46.85805],[4.70986,46.85858],[4.71055,46.85856],[4.71219,46.85813],[4.71246,46.85832],[4.71223,46.85859],[4.71225,46.85872],[4.71244,46.85884],[4.71247,46.85902],[4.71272,46.85911],[4.71315,46.85897],[4.71351,46.85874],[4.71406,46.8582],[4.7144,46.85857],[4.71502,46.85896],[4.71463,46.85908],[4.71449,46.85924],[4.71478,46.85926],[4.71544,46.85942],[4.71571,46.85957],[4.71658,46.85967],[4.71662,46.85961]]],[[[4.71082,46.85954],[4.71116,46.85967],[4.71209,46.85867],[4.71169,46.85848],[4.71054,46.85922],[4.71082,46.85954]]]]}},{"type":"Feature","properties":{"id":"appellation-montagny","kind":"appellation","level":"village","name":"Montagny","full":"Montagny","app":"Montagny","region":"cote-chalonnaise","communes":["Buxy","Jully-lès-Buxy","Montagny-lès-Buxy","Saint-Vallerin"],"area_ha":412.34,"elev":[243.6,301.2,393.6],"slope":7.5,"slope_pct":13.2,"aspect":108,"aspect_label":"ESE","aspect_hist":[0.043,0.168,0.309,0.256,0.151,0.059,0.007,0.007],"village":"montagny","pc_area_ha":215.69,"n_climats":49,"white":true},"geometry":{"type":"MultiPolygon","coordinates":[[[[4.69205,46.72034],[4.69223,46.72087],[4.69255,46.72128],[4.69404,46.72071],[4.69389,46.72054],[4.69422,46.7203],[4.69498,46.72075],[4.69539,46.72087],[4.69662,46.72109],[4.69722,46.72107],[4.69604,46.71898],[4.6959,46.71903],[4.69586,46.71898],[4.69562,46.71831],[4.69541,46.71798],[4.69534,46.71764],[4.69423,46.71609],[4.69361,46.71625],[4.69265,46.71672],[4.69065,46.71739],[4.69002,46.71778],[4.69,46.71792],[4.6901,46.7181],[4.69134,46.7197],[4.69205,46.72034]]],[[[4.68916,46.71747],[4.68962,46.71727],[4.69002,46.71767],[4.69063,46.71735],[4.69242,46.71673],[4.69337,46.7162],[4.69311,46.71603],[4.69234,46.7158],[4.69123,46.71559],[4.6906,46.71557],[4.69019,46.71567],[4.68939,46.7157],[4.68931,46.71574],[4.68933,46.71594],[4.68887,46.71603],[4.68706,46.71617],[4.68704,46.71592],[4.68636,46.71598],[4.6856,46.71592],[4.68492,46.71539],[4.6841,46.71566],[4.68308,46.71578],[4.68275,46.71474],[4.68347,46.7144],[4.68304,46.71375],[4.68259,46.71335],[4.6811,46.71413],[4.68129,46.71479],[4.68056,46.71489],[4.68056,46.71516],[4.68024,46.71521],[4.68016,46.71512],[4.67977,46.71521],[4.67975,46.71516],[4.67961,46.71519],[4.67945,46.71496],[4.67874,46.71516],[4.67804,46.71517],[4.67711,46.71483],[4.67708,46.71509],[4.67728,46.71544],[4.67719,46.71546],[4.67723,46.7157],[4.67741,46.71572],[4.67729,46.71582],[4.67758,46.71608],[4.67761,46.71622],[4.67791,46.71655],[4.67793,46.71662],[4.67784,46.71665],[4.6779,46.71674],[4.67813,46.7168],[4.67804,46.71689],[4.6783,46.71725],[4.67808,46.71738],[4.67819,46.71772],[4.67844,46.71767],[4.67846,46.71772],[4.67835,46.71777],[4.67852,46.71806],[4.67888,46.71789],[4.67901,46.7181],[4.67923,46.71822],[4.68042,46.71827],[4.68152,46.71891],[4.68269,46.7194],[4.6831,46.71949],[4.68399,46.71957],[4.68496,46.72021],[4.68519,46.7203],[4.68575,46.72031],[4.68633,46.72017],[4.68728,46.72004],[4.68756,46.72039],[4.68794,46.72054],[4.68877,46.72],[4.69005,46.71972],[4.68984,46.71938],[4.69033,46.71923],[4.69043,46.71939],[4.6909,46.71925],[4.69012,46.71825],[4.68948,46.71843],[4.68927,46.71837],[4.68897,46.71812],[4.68884,46.71791],[4.68881,46.71753],[4.68916,46.71747]]],[[[4.68651,46.70711],[4.6887,46.70817],[4.689,46.7084],[4.68928,46.7089],[4.68928,46.70942],[4.68981,46.70956],[4.69072,46.70952],[4.69083,46.70965],[4.69245,46.70911],[4.69083,46.70629],[4.69073,46.70632],[4.69049,46.70558],[4.68988,46.70575],[4.68969,46.70504],[4.68912,46.70425],[4.68761,46.70485],[4.68771,46.70505],[4.68761,46.70551],[4.68765,46.70611],[4.68676,46.70615],[4.68622,46.70624],[4.68615,46.7066],[4.68632,46.7068],[4.68615,46.70661],[4.68612,46.70656],[4.68616,46.70612],[4.68577,46.70581],[4.68552,46.70554],[4.6849,46.70467],[4.68453,46.70443],[4.68414,46.70391],[4.68348,46.70355],[4.68193,46.70387],[4.68017,46.70444],[4.68029,46.70466],[4.6806,46.70471],[4.68087,46.70486],[4.68133,46.70474],[4.68153,46.7049],[4.68176,46.70496],[4.68197,46.70519],[4.68218,46.70515],[4.68237,46.70537],[4.68248,46.70535],[4.68263,46.70557],[4.68288,46.70572],[4.68361,46.70557],[4.68448,46.70576],[4.68507,46.70608],[4.68648,46.70707],[4.68636,46.70686],[4.68651,46.70711]]],[[[4.69014,46.6988],[4.68999,46.69841],[4.68962,46.69804],[4.68845,46.69854],[4.68703,46.69925],[4.68631,46.69966],[4.6856,46.70016],[4.6849,46.70044],[4.68357,46.70124],[4.68303,46.70141],[4.68257,46.70146],[4.68303,46.70225],[4.68338,46.70221],[4.68331,46.70199],[4.68378,46.70195],[4.68387,46.70251],[4.6848,46.70236],[4.6858,46.70182],[4.68563,46.7016],[4.68845,46.70029],[4.6878,46.69981],[4.68874,46.69953],[4.68896,46.69981],[4.68953,46.69973],[4.68969,46.69974],[4.68972,46.6998],[4.69047,46.69954],[4.69037,46.699],[4.69014,46.6988]]],[[[4.69008,46.70127],[4.68925,46.70127],[4.68928,46.70131],[4.68795,46.70179],[4.68623,46.70253],[4.68679,46.70356],[4.68882,46.70395],[4.68957,46.704],[4.68953,46.70381],[4.6894,46.70379],[4.68937,46.70372],[4.68948,46.70369],[4.68917,46.70307],[4.68921,46.70297],[4.68908,46.70253],[4.68927,46.70233],[4.69004,46.70204],[4.69006,46.70193],[4.6899,46.70169],[4.69013,46.70133],[4.69008,46.70127]]],[[[4.69016,46.71118],[4.68932,46.70977],[4.68964,46.70968],[4.6897,46.7096],[4.68922,46.70947],[4.6891,46.70992],[4.68914,46.71033],[4.68964,46.71106],[4.69025,46.71155],[4.69016,46.71118]]],[[[4.68674,46.70796],[4.687,46.70847],[4.68702,46.70855],[4.68697,46.70859],[4.68681,46.70859],[4.68589,46.70883],[4.68538,46.70916],[4.68532,46.70934],[4.68452,46.70955],[4.68473,46.71001],[4.68484,46.71001],[4.68478,46.7101],[4.68494,46.7105],[4.685,46.71101],[4.6853,46.71153],[4.6853,46.7118],[4.6858,46.71195],[4.68595,46.71214],[4.68601,46.71238],[4.68634,46.71239],[4.6867,46.71282],[4.69017,46.71242],[4.69025,46.71198],[4.69019,46.71166],[4.68944,46.71103],[4.68893,46.71018],[4.68891,46.70995],[4.68911,46.70938],[4.68913,46.70892],[4.68902,46.70863],[4.6888,46.70838],[4.6866,46.70728],[4.68664,46.70739],[4.68657,46.70726],[4.68459,46.70594],[4.68402,46.70574],[4.68366,46.70569],[4.68334,46.70571],[4.68299,46.70582],[4.68334,46.70604],[4.68383,46.70618],[4.68412,46.70637],[4.68448,46.70632],[4.68413,46.7065],[4.68434,46.70679],[4.68425,46.70682],[4.68453,46.70724],[4.68392,46.70748],[4.68399,46.70759],[4.68416,46.70753],[4.68427,46.70771],[4.68419,46.70773],[4.68458,46.70855],[4.68522,46.70902],[4.68539,46.70903],[4.68585,46.70873],[4.68676,46.70849],[4.687,46.70851],[4.68674,46.70796]]],[[[4.68164,46.69294],[4.68034,46.6935],[4.6801,46.69368],[4.68042,46.69399],[4.68068,46.6945],[4.6811,46.69481],[4.68137,46.69522],[4.68327,46.69475],[4.68139,46.69523],[4.68153,46.69568],[4.68196,46.69618],[4.68221,46.69673],[4.6826,46.69713],[4.68393,46.69726],[4.68472,46.69763],[4.6839,46.6973],[4.68324,46.69723],[4.68337,46.69785],[4.68341,46.69821],[4.6834,46.69896],[4.68339,46.69906],[4.68335,46.69912],[4.68348,46.69949],[4.68372,46.69991],[4.68446,46.70064],[4.6849,46.70038],[4.68564,46.70005],[4.68691,46.69925],[4.68695,46.69927],[4.68785,46.69884],[4.68875,46.69834],[4.68862,46.69827],[4.68753,46.69806],[4.68662,46.69795],[4.68572,46.69795],[4.68509,46.69784],[4.68498,46.69776],[4.68578,46.69791],[4.68658,46.69793],[4.68751,46.69804],[4.68881,46.69828],[4.68904,46.69825],[4.68959,46.698],[4.68913,46.69751],[4.68905,46.69751],[4.68889,46.69733],[4.68896,46.69733],[4.68641,46.69464],[4.68611,46.69412],[4.68593,46.69352],[4.68574,46.69326],[4.68483,46.69229],[4.68434,46.69199],[4.68356,46.69123],[4.68347,46.69122],[4.68164,46.69294]]],[[[4.68888,46.70404],[4.68684,46.70364],[4.68759,46.70484],[4.68953,46.70406],[4.68888,46.70404]]],[[[4.68784,46.69365],[4.68781,46.69328],[4.68792,46.69298],[4.68814,46.69297],[4.68815,46.69273],[4.68735,46.69279],[4.68626,46.693],[4.68557,46.69057],[4.68413,46.69092],[4.68368,46.6911],[4.68368,46.69122],[4.68438,46.6919],[4.68497,46.69228],[4.6859,46.69327],[4.68625,46.69374],[4.68618,46.69388],[4.68622,46.6941],[4.68645,46.69451],[4.68721,46.69532],[4.68834,46.69521],[4.68814,46.69427],[4.68784,46.69365]]],[[[4.68685,46.68444],[4.68469,46.68422],[4.68489,46.68471],[4.68482,46.68512],[4.68757,46.68532],[4.68767,46.68422],[4.68688,46.68418],[4.68685,46.68444]]],[[[4.68765,46.70501],[4.68677,46.70362],[4.68544,46.70363],[4.68422,46.70393],[4.68455,46.70441],[4.68483,46.70456],[4.68508,46.70484],[4.68569,46.7057],[4.68626,46.70615],[4.68757,46.70606],[4.68756,46.7054],[4.68765,46.70501]]],[[[4.68616,46.70256],[4.68486,46.70277],[4.68496,46.70297],[4.68339,46.70338],[4.68343,46.70349],[4.68419,46.70385],[4.68552,46.70357],[4.68672,46.70356],[4.68624,46.70262],[4.68616,46.70256]]],[[[4.68461,46.68975],[4.68429,46.68977],[4.68424,46.68944],[4.68398,46.68948],[4.68381,46.68803],[4.68305,46.68805],[4.68132,46.68821],[4.68163,46.68869],[4.68354,46.69107],[4.68484,46.6907],[4.68474,46.68966],[4.6846,46.68966],[4.68461,46.68975]]],[[[4.68354,46.68729],[4.68325,46.6871],[4.68248,46.6871],[4.68249,46.68697],[4.68243,46.68696],[4.68138,46.68709],[4.6812,46.68767],[4.68131,46.68817],[4.68307,46.68801],[4.68405,46.68799],[4.68397,46.68773],[4.68354,46.68729]]],[[[4.68372,46.69994],[4.68347,46.69953],[4.68333,46.6991],[4.6834,46.69825],[4.6832,46.69723],[4.68064,46.69712],[4.67975,46.69722],[4.6791,46.69741],[4.67877,46.69747],[4.67783,46.69751],[4.67744,46.69747],[4.67721,46.6974],[4.67663,46.69723],[4.67621,46.69703],[4.67568,46.69692],[4.67575,46.69769],[4.67598,46.69858],[4.67608,46.69866],[4.67601,46.69867],[4.67569,46.69765],[4.67561,46.69691],[4.67526,46.69711],[4.67451,46.69782],[4.67458,46.6982],[4.67463,46.69819],[4.6746,46.69903],[4.67473,46.69965],[4.67455,46.70046],[4.67453,46.70118],[4.67413,46.70203],[4.67348,46.70288],[4.67309,46.7032],[4.67271,46.70339],[4.67142,46.70374],[4.67182,46.70407],[4.67132,46.70433],[4.67147,46.70447],[4.67117,46.70457],[4.67135,46.70473],[4.67213,46.70444],[4.67243,46.70418],[4.67259,46.70409],[4.67233,46.70434],[4.67202,46.7045],[4.67225,46.70481],[4.67426,46.7046],[4.67516,46.70444],[4.67549,46.70431],[4.67627,46.7038],[4.67741,46.70338],[4.67737,46.70325],[4.6771,46.70298],[4.6758,46.70214],[4.67457,46.70285],[4.67465,46.70292],[4.67463,46.70301],[4.67406,46.70331],[4.67387,46.70339],[4.67462,46.70301],[4.67455,46.70285],[4.6756,46.70225],[4.67585,46.70211],[4.67625,46.70196],[4.67644,46.70186],[4.67662,46.7018],[4.67624,46.70197],[4.67585,46.70212],[4.67713,46.70295],[4.6775,46.70335],[4.67796,46.70333],[4.68047,46.70269],[4.68086,46.70249],[4.68129,46.70214],[4.68142,46.70195],[4.68081,46.7015],[4.67966,46.70104],[4.67925,46.70096],[4.67898,46.70083],[4.67887,46.70087],[4.67852,46.70059],[4.67808,46.69986],[4.6779,46.69993],[4.67719,46.69949],[4.67675,46.69967],[4.67647,46.69946],[4.67631,46.69867],[4.67675,46.69865],[4.67716,46.69856],[4.67721,46.69875],[4.67832,46.69859],[4.67838,46.6988],[4.67815,46.69894],[4.67847,46.69975],[4.67896,46.70036],[4.68,46.7008],[4.68075,46.70105],[4.68114,46.70112],[4.68116,46.70099],[4.68169,46.70109],[4.6818,46.70156],[4.68206,46.70147],[4.68284,46.7014],[4.68339,46.70125],[4.68443,46.70066],[4.68372,46.69994]]],[[[4.68394,46.70907],[4.68331,46.70804],[4.68356,46.7079],[4.68336,46.7078],[4.68193,46.70859],[4.68119,46.70918],[4.68106,46.70908],[4.68085,46.70924],[4.68051,46.70892],[4.68161,46.70852],[4.68132,46.70815],[4.68123,46.70817],[4.68119,46.7079],[4.68129,46.7079],[4.68135,46.70777],[4.68156,46.70776],[4.68159,46.7078],[4.68182,46.70779],[4.68188,46.7079],[4.68202,46.70795],[4.68224,46.70789],[4.6822,46.70782],[4.68234,46.70781],[4.68259,46.70759],[4.68083,46.7074],[4.67998,46.70716],[4.67903,46.70738],[4.67741,46.70752],[4.67672,46.70769],[4.67608,46.70803],[4.67545,46.70873],[4.67398,46.70969],[4.67286,46.71066],[4.67339,46.71106],[4.67354,46.71099],[4.6737,46.711],[4.67398,46.71123],[4.67484,46.7109],[4.6752,46.7106],[4.67582,46.71106],[4.67646,46.71073],[4.67661,46.71083],[4.67685,46.71089],[4.67693,46.71087],[4.67709,46.71076],[4.67727,46.71046],[4.67676,46.71016],[4.67694,46.71001],[4.67705,46.71002],[4.67783,46.70974],[4.67755,46.70938],[4.67699,46.70942],[4.67694,46.70936],[4.67734,46.70917],[4.67745,46.7093],[4.6777,46.70934],[4.6778,46.70926],[4.67798,46.70923],[4.67801,46.70928],[4.67844,46.70912],[4.67822,46.7087],[4.67839,46.70876],[4.67881,46.70961],[4.67893,46.70971],[4.67946,46.70969],[4.67948,46.70976],[4.67973,46.70974],[4.67968,46.70935],[4.67978,46.70935],[4.67986,46.70945],[4.68016,46.70949],[4.6802,46.70976],[4.68038,46.70991],[4.68055,46.71034],[4.68216,46.71013],[4.68331,46.70978],[4.68446,46.70951],[4.68424,46.70902],[4.68394,46.70907]]],[[[4.684,46.70764],[4.6836,46.70701],[4.68323,46.70699],[4.68355,46.70694],[4.68349,46.70664],[4.68323,46.7061],[4.68287,46.70586],[4.68021,46.70707],[4.68032,46.7072],[4.68072,46.7073],[4.68166,46.70738],[4.68309,46.7076],[4.68358,46.70736],[4.68382,46.70773],[4.684,46.70764]]],[[[4.68109,46.68822],[4.68012,46.68829],[4.68057,46.68946],[4.67892,46.69055],[4.67786,46.68968],[4.67738,46.68953],[4.67715,46.68926],[4.67654,46.68886],[4.67515,46.68915],[4.67512,46.69008],[4.67552,46.69119],[4.6759,46.69206],[4.67623,46.69247],[4.67648,46.69261],[4.67742,46.69286],[4.67792,46.69309],[4.67867,46.69321],[4.67972,46.69352],[4.68002,46.69355],[4.68123,46.69308],[4.68167,46.69283],[4.68321,46.6914],[4.68342,46.69116],[4.68176,46.68911],[4.68159,46.68919],[4.68181,46.68908],[4.68109,46.68822]]],[[[4.68248,46.68027],[4.68244,46.6799],[4.682,46.67989],[4.68201,46.67997],[4.68146,46.68005],[4.67983,46.68017],[4.68085,46.68103],[4.68206,46.68141],[4.68198,46.68094],[4.68253,46.68089],[4.68238,46.68031],[4.68248,46.68027]]],[[[4.68316,46.70313],[4.68283,46.70245],[4.68191,46.70252],[4.68136,46.70215],[4.68093,46.7025],[4.68049,46.70273],[4.67809,46.70333],[4.67902,46.70463],[4.67924,46.70476],[4.67942,46.70475],[4.67997,46.70444],[4.68062,46.7042],[4.68302,46.70356],[4.6828,46.70325],[4.68316,46.70313]]],[[[4.68188,46.70156],[4.68137,46.70213],[4.68154,46.70227],[4.68196,46.70251],[4.68285,46.70242],[4.68237,46.70183],[4.68188,46.70156]]],[[[4.68223,46.69686],[4.68185,46.69614],[4.68161,46.69587],[4.68139,46.6958],[4.68088,46.69577],[4.68067,46.69574],[4.67991,46.69549],[4.67919,46.69536],[4.67881,46.69521],[4.67873,46.69539],[4.67848,46.69562],[4.67798,46.69596],[4.67723,46.69635],[4.67664,46.69687],[4.67632,46.69699],[4.67632,46.69706],[4.67695,46.69732],[4.67783,46.6975],[4.67876,46.69745],[4.67991,46.69716],[4.68053,46.69711],[4.68237,46.69716],[4.68242,46.69708],[4.68223,46.69686]]],[[[4.68196,46.68461],[4.68041,46.68507],[4.67959,46.68514],[4.67922,46.68523],[4.67906,46.68536],[4.67897,46.68567],[4.67692,46.68661],[4.67694,46.68669],[4.67935,46.68709],[4.6802,46.68707],[4.6807,46.68621],[4.68138,46.68559],[4.68203,46.68465],[4.68196,46.68461]]],[[[4.68194,46.70522],[4.68175,46.70498],[4.68153,46.70493],[4.68134,46.70477],[4.68083,46.70487],[4.68058,46.70473],[4.6802,46.70465],[4.68006,46.70473],[4.68025,46.70502],[4.67997,46.70508],[4.67984,46.70481],[4.67906,46.70498],[4.67915,46.70532],[4.67932,46.70556],[4.67843,46.70559],[4.67605,46.70605],[4.67624,46.70623],[4.67588,46.70635],[4.67562,46.70678],[4.67565,46.70703],[4.67783,46.70698],[4.67996,46.70704],[4.68113,46.70655],[4.68269,46.70579],[4.68194,46.70522]]],[[[4.68168,46.68398],[4.6799,46.68403],[4.68013,46.68503],[4.68057,46.68497],[4.68175,46.6846],[4.68168,46.68398]]],[[[4.68148,46.69578],[4.68104,46.69487],[4.6806,46.69451],[4.6804,46.6941],[4.68009,46.69375],[4.67985,46.69402],[4.67985,46.69447],[4.67975,46.69463],[4.67884,46.69509],[4.67885,46.69518],[4.67925,46.69535],[4.67973,46.69539],[4.68044,46.69566],[4.68086,46.69576],[4.68148,46.69578]]],[[[4.67963,46.68011],[4.67847,46.68031],[4.67795,46.68032],[4.67819,46.68098],[4.67812,46.68109],[4.67842,46.68162],[4.67938,46.68142],[4.67942,46.6815],[4.6795,46.68149],[4.681,46.68119],[4.67963,46.68011]]],[[[4.67987,46.68404],[4.67923,46.68402],[4.67923,46.68407],[4.67869,46.6841],[4.67867,46.68402],[4.67851,46.68404],[4.67857,46.6844],[4.67653,46.68461],[4.67452,46.68444],[4.67441,46.68496],[4.67416,46.68546],[4.67475,46.68547],[4.67475,46.68568],[4.67512,46.68565],[4.67513,46.68613],[4.67581,46.68612],[4.67641,46.6864],[4.67645,46.68662],[4.67685,46.68655],[4.67781,46.68618],[4.67836,46.68584],[4.67884,46.68564],[4.67912,46.68519],[4.68009,46.68503],[4.67987,46.68404]]],[[[4.67998,46.69367],[4.67862,46.69326],[4.6778,46.69319],[4.67773,46.69309],[4.67721,46.69289],[4.67719,46.69317],[4.67657,46.69316],[4.67657,46.69323],[4.67609,46.69326],[4.67615,46.69387],[4.67534,46.69393],[4.67556,46.69452],[4.67552,46.69527],[4.67612,46.69511],[4.67611,46.69494],[4.67625,46.69492],[4.67621,46.69474],[4.67692,46.69467],[4.67703,46.69519],[4.67743,46.69513],[4.67732,46.69468],[4.67756,46.69464],[4.67766,46.69507],[4.67817,46.69504],[4.67873,46.69509],[4.6794,46.6948],[4.67972,46.69456],[4.67971,46.69402],[4.67998,46.69367]]],[[[4.67793,46.70704],[4.67419,46.70713],[4.67407,46.70768],[4.67438,46.70793],[4.6737,46.70837],[4.6736,46.70865],[4.67299,46.7088],[4.67274,46.70908],[4.672,46.70964],[4.67182,46.70995],[4.67264,46.71052],[4.67342,46.70991],[4.67525,46.70873],[4.67586,46.70804],[4.6764,46.70768],[4.67672,46.70755],[4.67737,46.70741],[4.67889,46.70729],[4.67968,46.70712],[4.67793,46.70704]]],[[[4.67814,46.68094],[4.67803,46.68063],[4.67634,46.68087],[4.67528,46.68094],[4.6749,46.68214],[4.67651,46.68203],[4.67649,46.68191],[4.67787,46.68175],[4.67834,46.6816],[4.67808,46.68108],[4.67814,46.68094]]],[[[4.67804,46.70342],[4.67751,46.7034],[4.67638,46.70381],[4.67538,46.70446],[4.67445,46.70467],[4.67348,46.70537],[4.67409,46.70558],[4.67434,46.70577],[4.67479,46.7056],[4.67457,46.70545],[4.6751,46.70487],[4.6761,46.70474],[4.67719,46.70424],[4.6774,46.70408],[4.67769,46.70397],[4.67835,46.70388],[4.67804,46.70342]]],[[[4.67578,46.69204],[4.67559,46.69169],[4.67457,46.69202],[4.67467,46.69221],[4.67374,46.6925],[4.67387,46.69269],[4.67234,46.69335],[4.6732,46.69396],[4.67369,46.69458],[4.67449,46.69501],[4.67494,46.69515],[4.67526,46.69518],[4.67536,46.69474],[4.67551,46.69475],[4.67553,46.69454],[4.67535,46.69398],[4.67491,46.69351],[4.67485,46.69327],[4.67489,46.69304],[4.67562,46.69272],[4.67603,46.69246],[4.67605,46.69238],[4.67578,46.69204]]],[[[4.67488,46.68097],[4.67495,46.6806],[4.67404,46.68055],[4.67405,46.67985],[4.67274,46.67968],[4.67191,46.68095],[4.6712,46.68293],[4.67131,46.68328],[4.67229,46.68515],[4.67251,46.6853],[4.67316,46.68539],[4.6732,46.68515],[4.67392,46.68515],[4.67388,46.68498],[4.67415,46.68501],[4.67418,46.68482],[4.67434,46.68484],[4.67447,46.68409],[4.67447,46.68298],[4.6749,46.68195],[4.67518,46.681],[4.67488,46.68097]]],[[[4.67435,46.69704],[4.67356,46.69751],[4.67198,46.69825],[4.67131,46.69848],[4.671,46.69869],[4.67092,46.69882],[4.67111,46.69949],[4.67097,46.69998],[4.67115,46.69998],[4.67104,46.70091],[4.6708,46.7009],[4.67055,46.7015],[4.6701,46.70193],[4.67081,46.70235],[4.67053,46.70248],[4.67129,46.7033],[4.6712,46.70334],[4.67141,46.70367],[4.67257,46.70333],[4.67321,46.703],[4.674,46.70208],[4.67427,46.70159],[4.67437,46.70125],[4.67439,46.70054],[4.67453,46.69969],[4.6746,46.69968],[4.67449,46.69909],[4.67453,46.69854],[4.67438,46.69778],[4.67527,46.69693],[4.67478,46.69693],[4.67435,46.69704]]],[[[4.67444,46.68777],[4.67428,46.68759],[4.67434,46.68757],[4.67413,46.68702],[4.67323,46.68713],[4.67339,46.68856],[4.6739,46.68855],[4.67476,46.68843],[4.67479,46.68808],[4.67471,46.68775],[4.67444,46.68777]]],[[[4.67371,46.68548],[4.67369,46.6856],[4.67347,46.68559],[4.6735,46.68546],[4.67259,46.68533],[4.67248,46.68587],[4.67266,46.68589],[4.67254,46.68632],[4.67342,46.6864],[4.67343,46.68622],[4.67396,46.68623],[4.67407,46.68552],[4.67371,46.68548]]],[[[4.67415,46.70466],[4.67301,46.7048],[4.67178,46.7049],[4.67201,46.70531],[4.67231,46.70523],[4.67254,46.70564],[4.67341,46.70526],[4.67421,46.70471],[4.67415,46.70466]]],[[[4.67378,46.70695],[4.67335,46.70645],[4.6729,46.70609],[4.67263,46.70622],[4.67247,46.70609],[4.67224,46.70618],[4.67202,46.70597],[4.67191,46.70602],[4.67177,46.70587],[4.67118,46.70617],[4.6715,46.70639],[4.6725,46.70724],[4.67259,46.7077],[4.67251,46.70821],[4.67242,46.70837],[4.67263,46.70845],[4.67292,46.70876],[4.67331,46.70823],[4.67399,46.70775],[4.67414,46.70712],[4.67378,46.70695]]],[[[4.67358,46.69178],[4.67289,46.69009],[4.67283,46.68951],[4.67262,46.68888],[4.67123,46.68919],[4.66929,46.68915],[4.66872,46.68921],[4.66882,46.68939],[4.6691,46.68963],[4.66926,46.6897],[4.66946,46.68969],[4.66973,46.68981],[4.6707,46.69049],[4.67097,46.69085],[4.6713,46.69173],[4.67173,46.69164],[4.67178,46.69174],[4.67208,46.69167],[4.67237,46.6921],[4.67322,46.69181],[4.67358,46.69178]]],[[[4.67273,46.6883],[4.67255,46.68797],[4.67247,46.68798],[4.67237,46.68773],[4.67245,46.68771],[4.67233,46.68751],[4.67268,46.68748],[4.67252,46.68688],[4.6721,46.68691],[4.67207,46.68682],[4.67163,46.68679],[4.6716,46.68668],[4.67138,46.68669],[4.67137,46.68633],[4.67151,46.68632],[4.67149,46.68617],[4.67161,46.68617],[4.67152,46.68583],[4.67165,46.68577],[4.67129,46.6855],[4.67119,46.68534],[4.67102,46.68478],[4.67076,46.68434],[4.67054,46.68413],[4.67036,46.68421],[4.67006,46.68416],[4.66999,46.68395],[4.6695,46.68396],[4.66952,46.68382],[4.66976,46.68382],[4.66979,46.6837],[4.67015,46.68365],[4.66957,46.68327],[4.66933,46.68303],[4.6685,46.68274],[4.66798,46.68199],[4.66736,46.68194],[4.66752,46.68289],[4.66739,46.68289],[4.66757,46.68353],[4.66792,46.68351],[4.66796,46.68378],[4.6683,46.68375],[4.66843,46.68527],[4.66836,46.68649],[4.66822,46.68734],[4.66765,46.68728],[4.66741,46.68895],[4.66859,46.68917],[4.67002,46.68911],[4.67009,46.68827],[4.67001,46.68826],[4.6701,46.68826],[4.67035,46.68874],[4.67111,46.68862],[4.67137,46.68913],[4.67227,46.68894],[4.67328,46.68858],[4.67325,46.68819],[4.67273,46.6883]]],[[[4.67359,46.71127],[4.67284,46.71068],[4.6725,46.71101],[4.67214,46.71161],[4.67226,46.71166],[4.67254,46.71162],[4.67275,46.71171],[4.67308,46.71162],[4.67359,46.71127]]],[[[4.67209,46.68537],[4.67134,46.68543],[4.67229,46.68621],[4.67223,46.68545],[4.67209,46.68537]]],[[[4.67261,46.70845],[4.67156,46.70805],[4.67115,46.70798],[4.67133,46.70855],[4.67188,46.70967],[4.67273,46.70904],[4.6729,46.70882],[4.67261,46.70845]]],[[[4.67201,46.68483],[4.67114,46.68492],[4.67121,46.68521],[4.67216,46.68512],[4.67201,46.68483]]],[[[4.67134,46.68392],[4.6713,46.68403],[4.67053,46.68402],[4.67087,46.68437],[4.67113,46.68489],[4.67199,46.68481],[4.67154,46.68394],[4.67134,46.68392]]],[[[4.66813,46.68115],[4.66801,46.68193],[4.6684,46.68257],[4.66865,46.68274],[4.66947,46.68301],[4.66991,46.68307],[4.66993,46.68301],[4.67039,46.68309],[4.67056,46.68291],[4.67058,46.68277],[4.67081,46.6828],[4.67092,46.68257],[4.67116,46.68261],[4.67179,46.68097],[4.67149,46.68093],[4.67138,46.6812],[4.6681,46.68078],[4.66813,46.68115]]],[[[4.67245,46.70722],[4.67118,46.70618],[4.67081,46.70644],[4.67108,46.70668],[4.67092,46.70675],[4.67079,46.70666],[4.67073,46.70671],[4.67062,46.70666],[4.67037,46.70707],[4.67112,46.70795],[4.67161,46.70805],[4.67241,46.70836],[4.67258,46.70773],[4.67245,46.70722]]],[[[4.67194,46.69301],[4.67167,46.69305],[4.67156,46.69287],[4.67123,46.69292],[4.67104,46.69268],[4.67082,46.69221],[4.6714,46.69209],[4.67104,46.69112],[4.67076,46.69062],[4.6697,46.68984],[4.66915,46.68975],[4.66867,46.68934],[4.66845,46.68924],[4.66772,46.68973],[4.66815,46.69005],[4.66881,46.69032],[4.66944,46.69082],[4.66935,46.69086],[4.66941,46.69109],[4.66917,46.6912],[4.66921,46.69129],[4.66975,46.6912],[4.66977,46.69124],[4.66943,46.69136],[4.66935,46.69156],[4.669,46.69162],[4.66909,46.69209],[4.66884,46.69214],[4.6689,46.69238],[4.66957,46.69372],[4.66987,46.69404],[4.67037,46.69371],[4.67193,46.69334],[4.67208,46.69317],[4.67194,46.69301]]],[[[4.6718,46.70986],[4.67183,46.70973],[4.67132,46.70869],[4.67093,46.71094],[4.67103,46.71116],[4.67134,46.71129],[4.6717,46.71123],[4.67261,46.71053],[4.67171,46.7099],[4.6718,46.70986]]],[[[4.67164,46.71136],[4.67116,46.71135],[4.67089,46.71119],[4.67078,46.71174],[4.67082,46.71197],[4.67141,46.71289],[4.67161,46.71229],[4.67241,46.71094],[4.67233,46.71091],[4.67189,46.71126],[4.67164,46.71136]]],[[[4.67137,46.70365],[4.67117,46.70332],[4.6712,46.7033],[4.67087,46.70288],[4.67039,46.70244],[4.67017,46.70258],[4.67042,46.70271],[4.67032,46.70297],[4.67042,46.70305],[4.67039,46.70315],[4.67046,46.7032],[4.66994,46.70397],[4.67041,46.70429],[4.671,46.7038],[4.67137,46.70365]]],[[[4.67093,46.70805],[4.67101,46.70826],[4.67028,46.70836],[4.67076,46.7103],[4.67095,46.71031],[4.67122,46.70866],[4.67107,46.70803],[4.67093,46.70805]]],[[[4.67005,46.70516],[4.66995,46.70521],[4.66975,46.70509],[4.6691,46.70552],[4.66966,46.70571],[4.67021,46.70622],[4.67067,46.70597],[4.67063,46.70592],[4.67085,46.70562],[4.67068,46.70566],[4.67031,46.70528],[4.67025,46.7053],[4.67005,46.70516]]],[[[4.67077,46.71085],[4.67006,46.70819],[4.67001,46.70819],[4.66993,46.71032],[4.67017,46.71104],[4.6703,46.71114],[4.67045,46.71156],[4.67074,46.71146],[4.67076,46.71135],[4.67077,46.71085]]]]}},{"type":"Feature","properties":{"id":"appellation-givry","kind":"appellation","level":"village","name":"Givry","full":"Givry","app":"Givry","region":"cote-chalonnaise","communes":["Dracy-le-Fort","Givry","Jambles"],"area_ha":368.02,"elev":[218.7,262.4,412.5],"slope":6.2,"slope_pct":10.9,"aspect":141,"aspect_label":"SE","aspect_hist":[0.016,0.098,0.221,0.393,0.196,0.061,0.01,0.005],"village":null,"pc_area_ha":163.52,"n_climats":37,"white":true},"geometry":{"type":"MultiPolygon","coordinates":[[[[4.75192,46.79051],[4.75138,46.78945],[4.75038,46.7882],[4.75002,46.78792],[4.74943,46.78723],[4.74815,46.78625],[4.74787,46.78585],[4.74738,46.7858],[4.74663,46.7856],[4.74526,46.78611],[4.74538,46.78624],[4.74508,46.7864],[4.74617,46.7882],[4.74707,46.78931],[4.74709,46.78945],[4.74718,46.78947],[4.74743,46.78977],[4.74764,46.79033],[4.74765,46.79069],[4.74805,46.79143],[4.74811,46.79141],[4.74822,46.79153],[4.74877,46.79242],[4.74946,46.79226],[4.74963,46.7925],[4.75094,46.79199],[4.74959,46.79253],[4.74943,46.79234],[4.74879,46.7925],[4.74959,46.7937],[4.74978,46.79432],[4.7499,46.79438],[4.75035,46.79579],[4.75066,46.79614],[4.75086,46.79607],[4.75099,46.79592],[4.75141,46.79588],[4.75271,46.79595],[4.75322,46.79606],[4.75327,46.79598],[4.7531,46.79572],[4.75311,46.79557],[4.75336,46.79603],[4.75362,46.7961],[4.75486,46.79576],[4.75394,46.79426],[4.75364,46.79393],[4.75359,46.79365],[4.75332,46.79319],[4.75328,46.79315],[4.75313,46.79266],[4.75265,46.79208],[4.75207,46.79107],[4.75147,46.79127],[4.7521,46.79105],[4.75192,46.79051]]],[[[4.75463,46.79675],[4.75414,46.79631],[4.75376,46.79617],[4.75274,46.79599],[4.75138,46.79591],[4.75109,46.79595],[4.75072,46.79621],[4.75126,46.79704],[4.75177,46.79805],[4.75364,46.79803],[4.75425,46.79795],[4.754,46.79747],[4.75367,46.79754],[4.75477,46.79728],[4.75463,46.79675]]],[[[4.75169,46.79832],[4.75059,46.79628],[4.75013,46.79583],[4.74919,46.79561],[4.74809,46.79525],[4.74733,46.7952],[4.74845,46.79669],[4.74976,46.79624],[4.75078,46.7978],[4.75078,46.79839],[4.75136,46.79842],[4.75169,46.79832]]],[[[4.7501,46.79577],[4.74938,46.79355],[4.74821,46.79188],[4.74674,46.79237],[4.74715,46.79463],[4.74717,46.79492],[4.74705,46.7951],[4.74814,46.79523],[4.74921,46.79558],[4.7501,46.79577]]],[[[4.7466,46.78906],[4.74513,46.7867],[4.74453,46.78593],[4.74306,46.78632],[4.74321,46.78731],[4.74344,46.7874],[4.74413,46.78797],[4.74426,46.78836],[4.74437,46.78845],[4.74504,46.78875],[4.74531,46.78893],[4.74598,46.78886],[4.74648,46.7891],[4.7466,46.78906]]],[[[4.74544,46.78376],[4.74488,46.78394],[4.74516,46.78435],[4.74552,46.78424],[4.74565,46.78431],[4.74574,46.78429],[4.74568,46.78419],[4.74586,46.78413],[4.74588,46.78407],[4.74544,46.78376]]],[[[4.74389,46.78557],[4.74227,46.78602],[4.74217,46.78584],[4.74207,46.78588],[4.74198,46.78575],[4.74059,46.7862],[4.74158,46.78683],[4.74276,46.78637],[4.74418,46.78599],[4.74389,46.78557]]],[[[4.74398,46.78799],[4.74338,46.78747],[4.74285,46.7872],[4.74163,46.7869],[4.74044,46.7874],[4.73985,46.78777],[4.73896,46.78808],[4.73821,46.78865],[4.73718,46.78915],[4.73732,46.78994],[4.73724,46.79026],[4.73673,46.79128],[4.73682,46.79141],[4.73712,46.79157],[4.73736,46.792],[4.73758,46.79265],[4.73791,46.79321],[4.73913,46.79297],[4.73907,46.79285],[4.73988,46.79238],[4.74016,46.79263],[4.74098,46.7921],[4.74023,46.79156],[4.73976,46.79167],[4.73963,46.79162],[4.73964,46.79154],[4.74049,46.79089],[4.74144,46.79032],[4.7414,46.79027],[4.74148,46.79021],[4.74255,46.78974],[4.7425,46.78965],[4.74268,46.78954],[4.7436,46.78904],[4.74383,46.78899],[4.74385,46.78917],[4.74408,46.78907],[4.74403,46.78866],[4.74409,46.78836],[4.74398,46.78799]]],[[[4.74264,46.78645],[4.74223,46.78659],[4.74226,46.787],[4.74266,46.78707],[4.74264,46.78645]]],[[[4.74061,46.79085],[4.7397,46.79155],[4.73971,46.79162],[4.73997,46.7916],[4.74018,46.79151],[4.74084,46.79105],[4.741,46.79117],[4.74176,46.79071],[4.74146,46.79035],[4.74061,46.79085]]],[[[4.74153,46.7869],[4.74053,46.78626],[4.7391,46.78608],[4.73824,46.78576],[4.73798,46.78556],[4.73788,46.7856],[4.73767,46.78655],[4.73801,46.7871],[4.73886,46.78806],[4.73965,46.78781],[4.74045,46.78734],[4.74153,46.7869]]],[[[4.74037,46.77415],[4.73991,46.77408],[4.73977,46.77371],[4.74001,46.77365],[4.73957,46.77298],[4.73841,46.77321],[4.73883,46.77394],[4.738,46.77413],[4.73803,46.77431],[4.73845,46.77427],[4.73849,46.77436],[4.73853,46.77448],[4.7381,46.7746],[4.73842,46.77523],[4.73969,46.77498],[4.74073,46.77451],[4.74037,46.77415]]],[[[4.74069,46.78267],[4.74044,46.78241],[4.73903,46.78307],[4.73762,46.78167],[4.73712,46.78197],[4.73578,46.78248],[4.73464,46.78275],[4.73523,46.78322],[4.73577,46.78303],[4.73524,46.78323],[4.7355,46.78355],[4.73585,46.78381],[4.73668,46.78419],[4.73716,46.78423],[4.73726,46.7843],[4.7377,46.78414],[4.73772,46.78436],[4.73741,46.78443],[4.73769,46.78466],[4.73786,46.78471],[4.73849,46.78456],[4.73844,46.78451],[4.73871,46.78439],[4.73877,46.78395],[4.73891,46.78404],[4.73955,46.78374],[4.73948,46.78368],[4.73996,46.78337],[4.74002,46.78341],[4.74021,46.78316],[4.74002,46.78296],[4.74069,46.78267]]],[[[4.73904,46.78092],[4.73872,46.78052],[4.73815,46.78073],[4.73798,46.78046],[4.73672,46.78084],[4.73637,46.78035],[4.73649,46.78032],[4.73626,46.77996],[4.73536,46.78004],[4.7343,46.77997],[4.73273,46.78003],[4.73126,46.77979],[4.73098,46.7799],[4.73292,46.78145],[4.73316,46.78158],[4.73369,46.78171],[4.73461,46.78269],[4.73558,46.7825],[4.73703,46.78197],[4.7375,46.78166],[4.73904,46.78092]]],[[[4.7308,46.79058],[4.7321,46.79143],[4.73204,46.79148],[4.73288,46.79205],[4.73337,46.79179],[4.73384,46.79222],[4.73377,46.79239],[4.73405,46.79291],[4.73443,46.79303],[4.7347,46.79339],[4.73463,46.79349],[4.73468,46.79361],[4.73515,46.79383],[4.73502,46.79388],[4.73527,46.79395],[4.73533,46.79404],[4.73558,46.79397],[4.73579,46.79437],[4.73616,46.79424],[4.73619,46.79476],[4.73698,46.79464],[4.73777,46.79431],[4.73756,46.79324],[4.73779,46.79313],[4.73748,46.79254],[4.7373,46.79198],[4.73707,46.79162],[4.73675,46.79139],[4.7367,46.79129],[4.73594,46.79123],[4.73597,46.79112],[4.73681,46.79104],[4.73693,46.79064],[4.73702,46.7906],[4.73709,46.79042],[4.73707,46.79029],[4.73693,46.7904],[4.7365,46.79003],[4.73611,46.79052],[4.73604,46.7905],[4.73592,46.7906],[4.73655,46.78981],[4.7368,46.78974],[4.73672,46.78927],[4.73704,46.78916],[4.73682,46.78891],[4.73709,46.78914],[4.73806,46.78867],[4.73882,46.78815],[4.73779,46.78687],[4.73735,46.78702],[4.73717,46.78739],[4.73685,46.78767],[4.73596,46.78813],[4.73503,46.78847],[4.73383,46.7888],[4.73326,46.78911],[4.73307,46.78914],[4.7331,46.78932],[4.732,46.78948],[4.73056,46.79042],[4.7308,46.79058]]],[[[4.73818,46.7751],[4.73794,46.77462],[4.7374,46.77468],[4.73668,46.77496],[4.73664,46.77504],[4.73736,46.77573],[4.73801,46.77549],[4.73784,46.77518],[4.73818,46.7751]]],[[[4.73768,46.76412],[4.73422,46.76169],[4.73413,46.76179],[4.73258,46.76252],[4.73078,46.76326],[4.73043,46.76332],[4.72876,46.76336],[4.72788,46.76361],[4.72645,46.76385],[4.72554,46.7639],[4.72529,46.76397],[4.72586,46.76481],[4.72592,46.76512],[4.72586,46.76567],[4.72639,46.76628],[4.72641,46.76645],[4.72717,46.76722],[4.72872,46.76639],[4.73041,46.76574],[4.73119,46.76659],[4.7322,46.76616],[4.7336,46.76581],[4.73732,46.76462],[4.73775,46.76428],[4.73768,46.76412]]],[[[4.73003,46.78464],[4.73131,46.78671],[4.73122,46.78675],[4.73133,46.78693],[4.73142,46.7869],[4.73157,46.78711],[4.7315,46.78714],[4.7316,46.78738],[4.73237,46.78747],[4.73343,46.78698],[4.7336,46.78698],[4.73429,46.78675],[4.73484,46.78682],[4.73628,46.78641],[4.7377,46.78592],[4.73779,46.78587],[4.73779,46.78559],[4.73793,46.78552],[4.73718,46.78487],[4.73664,46.78422],[4.7357,46.78381],[4.7342,46.78232],[4.73286,46.78267],[4.73178,46.78278],[4.73132,46.7829],[4.7312,46.78279],[4.7308,46.78269],[4.73035,46.78278],[4.72975,46.78272],[4.72978,46.7829],[4.72847,46.78332],[4.7287,46.78356],[4.72944,46.78365],[4.72916,46.78392],[4.73003,46.78464]]],[[[4.73786,46.78481],[4.73717,46.7843],[4.73676,46.78426],[4.73717,46.7848],[4.73744,46.78503],[4.73786,46.78481]]],[[[4.733,46.78841],[4.73353,46.78891],[4.7342,46.78866],[4.73511,46.78841],[4.73596,46.7881],[4.73679,46.78766],[4.73709,46.78739],[4.73729,46.78702],[4.73772,46.78684],[4.73758,46.78651],[4.73778,46.78598],[4.7377,46.78594],[4.73561,46.78665],[4.73578,46.78686],[4.73559,46.78691],[4.73461,46.7872],[4.73449,46.78699],[4.73186,46.78773],[4.73197,46.78788],[4.73181,46.78787],[4.73173,46.78807],[4.7321,46.78827],[4.73216,46.78861],[4.73278,46.78854],[4.733,46.78841]]],[[[4.73484,46.77822],[4.73377,46.77744],[4.73334,46.77742],[4.7328,46.77785],[4.73083,46.7786],[4.73103,46.77893],[4.73082,46.77898],[4.73136,46.7797],[4.73131,46.77973],[4.73143,46.77975],[4.73285,46.77904],[4.73484,46.77822]]],[[[4.73442,46.77408],[4.73466,46.77399],[4.73456,46.77384],[4.7344,46.77389],[4.73427,46.77375],[4.73401,46.77386],[4.73413,46.77421],[4.7339,46.77439],[4.73387,46.77453],[4.73397,46.77466],[4.73468,46.77446],[4.73442,46.77408]]],[[[4.7344,46.77339],[4.73442,46.77294],[4.73425,46.77274],[4.73404,46.77274],[4.73031,46.77405],[4.72952,46.77449],[4.7297,46.77517],[4.73162,46.77467],[4.73294,46.774],[4.73356,46.77382],[4.73393,46.77381],[4.73451,46.77363],[4.7344,46.77339]]],[[[4.73455,46.77576],[4.73389,46.77512],[4.73363,46.775],[4.7335,46.77536],[4.73324,46.7756],[4.73334,46.77587],[4.73272,46.77614],[4.7328,46.77626],[4.7337,46.77591],[4.73384,46.77606],[4.73455,46.77576]]],[[[4.73419,46.7726],[4.73375,46.77192],[4.7334,46.77177],[4.73307,46.7715],[4.73234,46.77035],[4.73158,46.76938],[4.72996,46.77011],[4.73018,46.77038],[4.72992,46.77048],[4.73038,46.77104],[4.73243,46.77202],[4.73308,46.77302],[4.73411,46.77268],[4.73419,46.7726]]],[[[4.73392,46.77384],[4.73347,46.77389],[4.73292,46.77405],[4.73175,46.77469],[4.73229,46.77492],[4.73362,46.77496],[4.73389,46.7747],[4.7338,46.77457],[4.73387,46.77431],[4.73408,46.7742],[4.73392,46.77384]]],[[[4.73412,46.78226],[4.73358,46.78171],[4.73316,46.78164],[4.73291,46.78151],[4.73094,46.77996],[4.73051,46.78025],[4.73064,46.78037],[4.73034,46.78053],[4.72993,46.78018],[4.72945,46.78048],[4.72964,46.78062],[4.72954,46.78069],[4.72958,46.78072],[4.72898,46.78106],[4.72965,46.7819],[4.72967,46.78256],[4.72988,46.78267],[4.73034,46.78271],[4.73079,46.78264],[4.73149,46.78277],[4.73292,46.78261],[4.73412,46.78226]]],[[[4.73231,46.77495],[4.73202,46.77488],[4.73167,46.77472],[4.73058,46.775],[4.73066,46.77512],[4.73049,46.77518],[4.73058,46.77524],[4.72988,46.77546],[4.73202,46.77668],[4.7323,46.77669],[4.73287,46.77645],[4.73264,46.77614],[4.73328,46.77587],[4.73317,46.77562],[4.73349,46.77531],[4.73359,46.77498],[4.73231,46.77495]]],[[[4.73244,46.77212],[4.73222,46.77195],[4.73155,46.77168],[4.73128,46.7715],[4.73041,46.77184],[4.72871,46.7724],[4.72899,46.77319],[4.72922,46.77356],[4.72972,46.77407],[4.7299,46.77411],[4.73305,46.77304],[4.73244,46.77212]]],[[[4.73307,46.77729],[4.73273,46.77704],[4.73218,46.77745],[4.73186,46.77717],[4.73164,46.77728],[4.73142,46.77703],[4.73199,46.77676],[4.73097,46.77614],[4.73059,46.77599],[4.73055,46.77642],[4.73073,46.77712],[4.73095,46.77748],[4.73154,46.77807],[4.73156,46.77823],[4.73279,46.77777],[4.73256,46.77759],[4.73307,46.77729]]],[[[4.73044,46.76583],[4.73019,46.76586],[4.72883,46.7664],[4.72722,46.76725],[4.72809,46.7682],[4.72973,46.76749],[4.73119,46.76664],[4.73044,46.76583]]],[[[4.73146,46.77807],[4.73076,46.77731],[4.73068,46.77713],[4.73048,46.7762],[4.7304,46.77618],[4.73051,46.77611],[4.73053,46.77593],[4.72981,46.77553],[4.72915,46.77589],[4.7292,46.77643],[4.72913,46.77653],[4.72837,46.77682],[4.72714,46.77755],[4.72776,46.77787],[4.72817,46.77761],[4.72866,46.77801],[4.72839,46.77815],[4.72874,46.77835],[4.72909,46.77871],[4.72994,46.77833],[4.73019,46.77859],[4.73041,46.7785],[4.73053,46.77865],[4.73149,46.77825],[4.73146,46.77807]]],[[[4.73126,46.77149],[4.73036,46.7711],[4.73026,46.77099],[4.72981,46.77115],[4.72964,46.77093],[4.73007,46.77076],[4.72985,46.77049],[4.72893,46.77088],[4.72926,46.77134],[4.72892,46.77147],[4.72883,46.77138],[4.72892,46.77134],[4.72852,46.77093],[4.72798,46.77124],[4.72863,46.77198],[4.72822,46.77213],[4.72781,46.77168],[4.72765,46.77174],[4.72742,46.77149],[4.72711,46.77161],[4.72752,46.77198],[4.72745,46.77201],[4.72761,46.77221],[4.72754,46.77223],[4.72758,46.7723],[4.72743,46.77235],[4.72749,46.77242],[4.72741,46.77245],[4.72761,46.77276],[4.73126,46.77149]]],[[[4.7293,46.77371],[4.72882,46.77294],[4.72865,46.77243],[4.72703,46.77299],[4.72755,46.77398],[4.72784,46.77388],[4.7278,46.77383],[4.72789,46.7738],[4.72812,46.77413],[4.7293,46.77371]]],[[[4.72909,46.7792],[4.72871,46.77933],[4.7285,46.77893],[4.72835,46.7788],[4.72887,46.7786],[4.72865,46.77838],[4.72747,46.77784],[4.72691,46.77817],[4.7265,46.77797],[4.72588,46.77786],[4.72521,46.77765],[4.7247,46.7777],[4.72374,46.77796],[4.72264,46.77803],[4.72358,46.77793],[4.72436,46.77769],[4.72523,46.77759],[4.72594,46.77783],[4.72627,46.77786],[4.7268,46.77747],[4.72541,46.77694],[4.72413,46.77631],[4.72331,46.77574],[4.72308,46.77571],[4.72324,46.77622],[4.72286,46.77628],[4.72269,46.77572],[4.72244,46.77573],[4.72277,46.77645],[4.72252,46.776],[4.72222,46.77607],[4.72228,46.77617],[4.72106,46.77658],[4.72137,46.7769],[4.72068,46.77722],[4.72114,46.77784],[4.72124,46.7781],[4.72111,46.7782],[4.72128,46.77866],[4.72154,46.77875],[4.72157,46.77887],[4.72196,46.77896],[4.72231,46.77925],[4.72273,46.77942],[4.72314,46.7798],[4.72324,46.78013],[4.72377,46.78029],[4.7238,46.78044],[4.72441,46.78027],[4.7242,46.77994],[4.72452,46.77974],[4.72441,46.77958],[4.72445,46.7795],[4.72494,46.77932],[4.72563,46.77932],[4.72594,46.77946],[4.72581,46.77964],[4.7263,46.77988],[4.72669,46.77967],[4.72756,46.78036],[4.72838,46.78009],[4.72836,46.77995],[4.72838,46.78],[4.72852,46.77998],[4.72928,46.77961],[4.72909,46.7792]]],[[[4.72914,46.77581],[4.7284,46.77508],[4.72875,46.77491],[4.72809,46.77455],[4.72787,46.7748],[4.72774,46.77477],[4.72742,46.77449],[4.72732,46.77452],[4.72702,46.77421],[4.72751,46.7741],[4.727,46.77311],[4.72689,46.7731],[4.72467,46.77375],[4.72453,46.77405],[4.72513,46.77502],[4.72591,46.77478],[4.72609,46.77506],[4.7253,46.77528],[4.72548,46.77547],[4.72606,46.77536],[4.72617,46.77561],[4.72601,46.77563],[4.72612,46.77588],[4.72581,46.77595],[4.72666,46.77707],[4.72711,46.77752],[4.72801,46.77695],[4.7291,46.77648],[4.72904,46.77599],[4.72914,46.77581]]],[[[4.72801,46.7682],[4.72716,46.76728],[4.72595,46.76774],[4.72495,46.76793],[4.72376,46.76797],[4.7222,46.76791],[4.72211,46.76838],[4.72225,46.76857],[4.72306,46.76922],[4.7242,46.76877],[4.7254,46.76882],[4.72741,46.76838],[4.72801,46.7682]]],[[[4.728,46.78565],[4.7273,46.78481],[4.72713,46.78418],[4.7265,46.78453],[4.72573,46.78508],[4.72487,46.78534],[4.72459,46.78536],[4.72438,46.7855],[4.72483,46.7858],[4.72513,46.78577],[4.72586,46.78591],[4.72686,46.78588],[4.72722,46.78585],[4.728,46.78565]]],[[[4.7263,46.76639],[4.72619,46.76641],[4.72632,46.76633],[4.72632,46.76624],[4.72576,46.76561],[4.72585,46.7651],[4.72573,46.76466],[4.72528,46.76407],[4.72516,46.76403],[4.72506,46.76407],[4.72515,46.76451],[4.72501,46.76472],[4.72437,46.76498],[4.72364,46.76517],[4.72221,46.76585],[4.72185,46.76611],[4.72156,46.76661],[4.72199,46.7673],[4.72219,46.76786],[4.72345,46.76793],[4.72495,46.76789],[4.72593,46.7677],[4.72712,46.76724],[4.7263,46.76639]]],[[[4.72351,46.77383],[4.72318,46.77325],[4.72337,46.7732],[4.72322,46.77303],[4.72337,46.77296],[4.72317,46.77276],[4.72277,46.7729],[4.7227,46.77285],[4.72195,46.77303],[4.72168,46.77299],[4.72172,46.77397],[4.72185,46.7741],[4.72226,46.7742],[4.72251,46.77445],[4.72386,46.77419],[4.72376,46.77399],[4.72352,46.77405],[4.7234,46.77386],[4.72351,46.77383]]],[[[4.72297,46.76923],[4.72203,46.76837],[4.72211,46.76799],[4.72205,46.76759],[4.72146,46.76657],[4.72062,46.76685],[4.72008,46.76713],[4.71919,46.7669],[4.7183,46.76701],[4.71859,46.76744],[4.71912,46.76787],[4.72021,46.76857],[4.7214,46.77033],[4.72297,46.76923]]],[[[4.72264,46.77217],[4.72168,46.77153],[4.72133,46.77103],[4.72096,46.77117],[4.72083,46.77101],[4.72125,46.77091],[4.72109,46.77081],[4.72068,46.77074],[4.71998,46.77084],[4.72074,46.77155],[4.72129,46.77247],[4.72169,46.77296],[4.72194,46.77299],[4.72264,46.77283],[4.72236,46.77243],[4.72246,46.77226],[4.72264,46.77217]]],[[[4.7224,46.77448],[4.72227,46.77431],[4.72205,46.77419],[4.72101,46.77425],[4.71915,46.7741],[4.71818,46.77427],[4.71809,46.77432],[4.71821,46.77482],[4.71814,46.77525],[4.7178,46.77571],[4.71789,46.7758],[4.71891,46.77551],[4.71987,46.77536],[4.72004,46.77524],[4.72028,46.7756],[4.7206,46.77549],[4.72064,46.77552],[4.72114,46.77525],[4.72139,46.77541],[4.72185,46.77529],[4.72233,46.77533],[4.72245,46.77509],[4.7224,46.77448]]],[[[4.72167,46.774],[4.72155,46.77289],[4.72066,46.77155],[4.71978,46.77075],[4.71877,46.7705],[4.71655,46.76946],[4.71581,46.7694],[4.7158,46.76977],[4.71619,46.77084],[4.71714,46.77252],[4.7173,46.77294],[4.7177,46.77347],[4.718,46.77343],[4.71812,46.77356],[4.71855,46.7735],[4.71844,46.77394],[4.71897,46.77402],[4.72126,46.77421],[4.72176,46.77418],[4.72167,46.774]]],[[[4.72122,46.77019],[4.72017,46.76861],[4.71922,46.76798],[4.71852,46.76745],[4.71824,46.76701],[4.71713,46.76691],[4.71647,46.76738],[4.71643,46.76747],[4.71672,46.7678],[4.71892,46.76975],[4.71938,46.77057],[4.72013,46.77071],[4.72052,46.77069],[4.72044,46.77056],[4.72065,46.77049],[4.72061,46.77043],[4.72122,46.77019]]],[[[4.71753,46.78142],[4.717,46.78141],[4.71657,46.78121],[4.71567,46.78101],[4.71497,46.78078],[4.71475,46.78065],[4.71354,46.7805],[4.71312,46.7804],[4.71186,46.78027],[4.71076,46.78036],[4.70912,46.78071],[4.7086,46.78071],[4.7086,46.78081],[4.70832,46.78081],[4.70834,46.78104],[4.70795,46.78102],[4.70811,46.78131],[4.70959,46.78169],[4.70999,46.78166],[4.71088,46.78125],[4.71132,46.78143],[4.71214,46.78141],[4.71262,46.78151],[4.71342,46.78195],[4.71422,46.78228],[4.7152,46.78348],[4.71555,46.7837],[4.71608,46.78332],[4.71628,46.78338],[4.71652,46.78334],[4.71631,46.7837],[4.71731,46.78381],[4.71748,46.7829],[4.71749,46.78168],[4.71762,46.78165],[4.71753,46.78142]]],[[[4.71753,46.78142],[4.71763,46.78125],[4.71742,46.78088],[4.7171,46.7809],[4.71711,46.78047],[4.71749,46.78045],[4.7177,46.78066],[4.71781,46.78061],[4.7182,46.78132],[4.71845,46.78132],[4.7188,46.78239],[4.71972,46.78242],[4.71975,46.78185],[4.72004,46.78113],[4.71985,46.78105],[4.71914,46.78109],[4.71896,46.78065],[4.71838,46.77989],[4.71809,46.77963],[4.71837,46.77945],[4.71859,46.77974],[4.71892,46.77964],[4.71882,46.77944],[4.71941,46.77921],[4.71874,46.7787],[4.71829,46.7779],[4.71819,46.77749],[4.71775,46.77674],[4.71744,46.77644],[4.71731,46.77614],[4.71701,46.77625],[4.71627,46.77675],[4.71661,46.77724],[4.71689,46.77772],[4.71625,46.77675],[4.7151,46.77737],[4.71293,46.77827],[4.71224,46.77897],[4.7106,46.77936],[4.70957,46.78027],[4.70901,46.78055],[4.70901,46.78069],[4.70914,46.78069],[4.71065,46.78035],[4.71162,46.78024],[4.71312,46.78037],[4.71355,46.78047],[4.71443,46.78057],[4.71443,46.77989],[4.71445,46.78057],[4.71478,46.78064],[4.71558,46.78095],[4.71631,46.78113],[4.71654,46.78117],[4.71656,46.78112],[4.71703,46.78136],[4.71753,46.78142]]],[[[4.71913,46.77014],[4.71852,46.76941],[4.71765,46.76875],[4.71658,46.76775],[4.71627,46.7676],[4.71607,46.7678],[4.71604,46.76801],[4.71642,46.76847],[4.71649,46.76878],[4.71628,46.76928],[4.718,46.77],[4.71874,46.77041],[4.71925,46.77055],[4.71913,46.77014]]],[[[4.71562,46.76692],[4.71548,46.76691],[4.71406,46.76742],[4.71283,46.76772],[4.71228,46.76799],[4.71216,46.76814],[4.71286,46.76836],[4.71323,46.76864],[4.71377,46.76888],[4.71428,46.76884],[4.7148,46.76835],[4.71531,46.76812],[4.71592,46.76802],[4.71594,46.76784],[4.71626,46.76741],[4.71562,46.76692]]],[[[4.71475,46.76851],[4.71433,46.76884],[4.71486,46.76887],[4.7152,46.76897],[4.71478,46.76861],[4.71475,46.76851]]],[[[4.71525,46.78361],[4.71401,46.78225],[4.71332,46.78195],[4.71259,46.78155],[4.7121,46.78144],[4.7114,46.78148],[4.71091,46.7813],[4.71058,46.78152],[4.71069,46.78165],[4.71123,46.78168],[4.71137,46.78209],[4.71128,46.78227],[4.71116,46.78226],[4.71116,46.78273],[4.71169,46.78289],[4.71183,46.783],[4.71245,46.7825],[4.71254,46.78262],[4.7134,46.78309],[4.71268,46.78374],[4.71353,46.78458],[4.71435,46.78425],[4.71525,46.78361]]],[[[4.71403,46.77064],[4.71382,46.77039],[4.71344,46.77052],[4.71365,46.77093],[4.71403,46.77064]]],[[[4.71157,46.77456],[4.71141,46.77353],[4.71152,46.77349],[4.71165,46.77304],[4.71163,46.77298],[4.71141,46.77294],[4.71055,46.77314],[4.70937,46.77326],[4.70862,46.77362],[4.70865,46.77366],[4.70821,46.77378],[4.70879,46.775],[4.70851,46.77505],[4.70875,46.77545],[4.71023,46.77524],[4.71031,46.77538],[4.71077,46.77517],[4.71065,46.7751],[4.71171,46.77473],[4.71157,46.77456]]],[[[4.70995,46.7706],[4.70947,46.77085],[4.70922,46.77115],[4.70894,46.77163],[4.70892,46.7718],[4.70868,46.77212],[4.70816,46.77238],[4.70793,46.77256],[4.708,46.77283],[4.70813,46.77281],[4.70833,46.77341],[4.70895,46.77332],[4.70923,46.77285],[4.70913,46.77271],[4.70963,46.77218],[4.70964,46.77222],[4.71029,46.77183],[4.71071,46.77136],[4.70995,46.7706]]],[[[4.71058,46.77936],[4.70977,46.77935],[4.70976,46.7793],[4.70927,46.77934],[4.70924,46.77954],[4.70787,46.77996],[4.70799,46.78009],[4.70832,46.77997],[4.70832,46.78016],[4.70841,46.78026],[4.7086,46.78021],[4.70853,46.78045],[4.70863,46.78045],[4.70862,46.78059],[4.70871,46.78059],[4.70875,46.78067],[4.70898,46.78069],[4.70899,46.78054],[4.70956,46.78026],[4.71058,46.77936]]],[[[4.7101,46.7817],[4.70944,46.78174],[4.70844,46.78145],[4.7084,46.78168],[4.70816,46.78167],[4.70821,46.78232],[4.70796,46.78233],[4.70826,46.78271],[4.70824,46.78282],[4.7084,46.78301],[4.7085,46.78299],[4.70851,46.78314],[4.70868,46.78334],[4.70896,46.78329],[4.70952,46.78296],[4.70947,46.78285],[4.70958,46.78283],[4.70969,46.78227],[4.71023,46.78191],[4.7101,46.7817]]]]}},{"type":"Feature","properties":{"id":"appellation-bouzeron","kind":"appellation","level":"village","name":"Bouzeron","full":"Bouzeron","app":"Bouzeron","region":"cote-chalonnaise","communes":["Bouzeron","Chassey-le-Camp"],"area_ha":155.89,"elev":[223.3,282.5,408.7],"slope":9.0,"slope_pct":16.1,"aspect":343,"aspect_label":"NNW","aspect_hist":[0.105,0.015,0.106,0.248,0.021,0.003,0.035,0.467],"village":"bouzeron","pc_area_ha":null,"n_climats":0,"white":true},"geometry":{"type":"MultiPolygon","coordinates":[[[[4.74175,46.89952],[4.74085,46.89856],[4.73937,46.89662],[4.73837,46.89549],[4.73807,46.89499],[4.73566,46.8927],[4.73394,46.892],[4.73278,46.89142],[4.73106,46.89001],[4.7304,46.88966],[4.73009,46.88962],[4.72881,46.88988],[4.72859,46.89005],[4.72866,46.89025],[4.72858,46.89032],[4.72812,46.89009],[4.72771,46.89042],[4.72818,46.89081],[4.72845,46.89064],[4.72903,46.89109],[4.72893,46.89114],[4.72934,46.89159],[4.72994,46.89208],[4.72974,46.89221],[4.73008,46.89249],[4.7298,46.89256],[4.72996,46.89271],[4.73153,46.89383],[4.7326,46.89476],[4.73277,46.89483],[4.73426,46.89602],[4.73504,46.89557],[4.73568,46.89608],[4.73497,46.89644],[4.73676,46.89749],[4.7369,46.89761],[4.73687,46.8977],[4.73718,46.898],[4.73783,46.89842],[4.73857,46.89881],[4.73843,46.89891],[4.74027,46.90034],[4.74074,46.90008],[4.74155,46.90073],[4.74255,46.90013],[4.74175,46.89952]]],[[[4.7365,46.8987],[4.73401,46.8969],[4.73258,46.89598],[4.73248,46.89607],[4.73268,46.89638],[4.73405,46.89773],[4.73482,46.89877],[4.73575,46.89971],[4.73657,46.90075],[4.73697,46.90153],[4.7372,46.90178],[4.73819,46.90268],[4.73868,46.90244],[4.73879,46.90251],[4.73858,46.90265],[4.73904,46.90315],[4.73989,46.90345],[4.74034,46.903],[4.73752,46.9001],[4.73681,46.89906],[4.7367,46.89892],[4.7365,46.8987]]],[[[4.7376,46.90226],[4.73689,46.90154],[4.73648,46.90075],[4.73563,46.8997],[4.73467,46.89871],[4.73406,46.89785],[4.73273,46.89658],[4.73227,46.89685],[4.73312,46.89764],[4.73143,46.89842],[4.7322,46.89943],[4.73251,46.89968],[4.73324,46.90052],[4.73371,46.90032],[4.73377,46.90039],[4.73349,46.90051],[4.73363,46.90055],[4.73352,46.9006],[4.73366,46.90073],[4.73355,46.90083],[4.73408,46.90145],[4.73436,46.90151],[4.73444,46.90167],[4.73478,46.90189],[4.73462,46.90192],[4.73474,46.90217],[4.73545,46.90319],[4.73645,46.90285],[4.7376,46.90226]]],[[[4.72577,46.89287],[4.72407,46.89182],[4.72424,46.89174],[4.7239,46.89154],[4.7232,46.89183],[4.72241,46.89206],[4.72216,46.8922],[4.7221,46.89214],[4.72202,46.89218],[4.72198,46.89248],[4.72236,46.89337],[4.7226,46.8937],[4.72278,46.89445],[4.72249,46.89452],[4.72257,46.89505],[4.72281,46.89481],[4.72283,46.89468],[4.72406,46.89553],[4.72423,46.89588],[4.72454,46.89603],[4.72553,46.89631],[4.72597,46.89632],[4.7264,46.89642],[4.72707,46.89642],[4.72772,46.89664],[4.72843,46.89709],[4.72884,46.89751],[4.72905,46.89755],[4.73004,46.89822],[4.73262,46.89647],[4.73164,46.89571],[4.73204,46.8955],[4.73121,46.89482],[4.73071,46.89508],[4.72825,46.89341],[4.7272,46.8932],[4.7268,46.89324],[4.72628,46.89294],[4.72577,46.89287]]],[[[4.73082,46.8891],[4.7305,46.88871],[4.73015,46.88844],[4.729,46.88804],[4.72892,46.88791],[4.72824,46.8875],[4.72889,46.88714],[4.72822,46.8867],[4.72769,46.88703],[4.72747,46.88686],[4.72734,46.88696],[4.72728,46.88691],[4.72686,46.88723],[4.72717,46.8874],[4.72709,46.8875],[4.72716,46.88765],[4.72726,46.88764],[4.72735,46.88756],[4.7276,46.88784],[4.72782,46.88868],[4.7285,46.88928],[4.72879,46.88943],[4.72913,46.88977],[4.73013,46.88955],[4.73078,46.88975],[4.73129,46.8896],[4.73123,46.88948],[4.7315,46.88935],[4.73125,46.88913],[4.73104,46.88923],[4.73082,46.8891]]],[[[4.73043,46.89884],[4.73019,46.89866],[4.72973,46.89884],[4.72953,46.89876],[4.72925,46.89909],[4.72926,46.89938],[4.72946,46.90007],[4.7307,46.90088],[4.73103,46.90076],[4.73122,46.90052],[4.73119,46.89974],[4.73043,46.89884]]],[[[4.72783,46.89057],[4.72764,46.89073],[4.72711,46.89036],[4.72696,46.89047],[4.72687,46.89042],[4.72696,46.89035],[4.72665,46.89024],[4.72657,46.89035],[4.72641,46.89119],[4.72646,46.89185],[4.72655,46.89193],[4.72645,46.89205],[4.72728,46.89238],[4.72819,46.89162],[4.72862,46.89136],[4.72783,46.89057]]],[[[4.7261,46.88564],[4.72519,46.88456],[4.72543,46.88444],[4.7247,46.88328],[4.72462,46.88303],[4.72465,46.88284],[4.72457,46.88274],[4.72442,46.88274],[4.72424,46.88243],[4.72415,46.88193],[4.72368,46.88124],[4.72342,46.88022],[4.72269,46.87922],[4.72206,46.87857],[4.72201,46.87836],[4.72173,46.87799],[4.72134,46.87759],[4.72116,46.87698],[4.71854,46.87673],[4.71872,46.8773],[4.71906,46.8779],[4.72011,46.87922],[4.7203,46.87956],[4.72054,46.88013],[4.72056,46.88091],[4.72068,46.88139],[4.7213,46.88304],[4.72234,46.88419],[4.723,46.88532],[4.72477,46.88718],[4.72551,46.88694],[4.72576,46.8865],[4.72638,46.88591],[4.72628,46.88574],[4.7261,46.88564]]],[[[4.72633,46.89031],[4.72607,46.89043],[4.7259,46.89056],[4.72578,46.89045],[4.7257,46.89049],[4.72561,46.8904],[4.72573,46.8903],[4.72556,46.89025],[4.72476,46.89049],[4.72453,46.89075],[4.72452,46.8912],[4.7248,46.8915],[4.72513,46.89129],[4.7255,46.89159],[4.72573,46.89165],[4.7256,46.89183],[4.72593,46.89192],[4.72623,46.8911],[4.72638,46.89114],[4.72651,46.89038],[4.72633,46.89031]]],[[[4.72595,46.88979],[4.72539,46.88922],[4.72571,46.88904],[4.72553,46.88877],[4.72504,46.88894],[4.72447,46.88843],[4.72511,46.88816],[4.72496,46.88802],[4.72456,46.88796],[4.72378,46.88821],[4.72319,46.8882],[4.72368,46.88864],[4.72348,46.88881],[4.72374,46.88949],[4.72341,46.88967],[4.72422,46.89055],[4.72445,46.89055],[4.72499,46.89032],[4.72571,46.89011],[4.72568,46.89006],[4.72581,46.88999],[4.72573,46.8899],[4.72595,46.88979]]],[[[4.72483,46.88736],[4.72304,46.88544],[4.72247,46.88448],[4.72224,46.8846],[4.72214,46.88442],[4.72219,46.88411],[4.72125,46.88308],[4.72053,46.88117],[4.72045,46.88014],[4.72025,46.87964],[4.71972,46.87883],[4.71912,46.8781],[4.71878,46.87754],[4.71858,46.87703],[4.71784,46.8807],[4.71774,46.88076],[4.71838,46.88152],[4.71831,46.88154],[4.71878,46.88213],[4.71918,46.88254],[4.71726,46.88363],[4.7183,46.88463],[4.71851,46.88452],[4.72105,46.88755],[4.72089,46.88763],[4.72105,46.8878],[4.72116,46.88773],[4.72149,46.8881],[4.72177,46.88831],[4.72169,46.8884],[4.72224,46.88851],[4.7229,46.88817],[4.72274,46.88802],[4.72316,46.8878],[4.72336,46.888],[4.72399,46.88767],[4.72483,46.88736]]],[[[4.72355,46.89161],[4.72335,46.89135],[4.72348,46.8913],[4.7233,46.89107],[4.72312,46.89109],[4.72222,46.88981],[4.7225,46.8897],[4.72205,46.88914],[4.72152,46.88879],[4.72144,46.88867],[4.72171,46.88855],[4.72123,46.88838],[4.72094,46.88817],[4.71951,46.88639],[4.7187,46.88552],[4.71827,46.88569],[4.71751,46.88587],[4.71762,46.88603],[4.71746,46.88609],[4.71761,46.88627],[4.71818,46.88606],[4.71852,46.88644],[4.71859,46.88641],[4.71889,46.88688],[4.71921,46.88679],[4.71932,46.88694],[4.71929,46.88703],[4.71942,46.88717],[4.719,46.88729],[4.71952,46.88812],[4.71974,46.88806],[4.7199,46.88836],[4.71966,46.88844],[4.72011,46.88946],[4.7204,46.89001],[4.72158,46.89166],[4.72182,46.89219],[4.72355,46.89161]]],[[[4.71731,46.87866],[4.71747,46.87888],[4.718,46.8795],[4.71823,46.87829],[4.71731,46.87866]]]]}},{"type":"Feature","properties":{"id":"climat-montagny-premier-cru-les-coeres","kind":"climat","level":"premier-cru","name":"Les Coères","full":"Montagny premier cru Les Coères","app":"Montagny","region":"cote-chalonnaise","communes":["Jully-lès-Buxy","Montagny-lès-Buxy","Saint-Vallerin"],"area_ha":29.67,"elev":[260.2,293.0,318.3],"slope":5.9,"slope_pct":10.4,"aspect":78,"aspect_label":"ENE","aspect_hist":[0.101,0.271,0.445,0.166,0.016,0.001,0.0,0.001],"village":"montagny","white":true},"geometry":{"type":"MultiPolygon","coordinates":[[[[4.68361,46.69539],[4.68329,46.69475],[4.68139,46.69523],[4.68153,46.69568],[4.68186,46.69602],[4.68196,46.69618],[4.68206,46.69634],[4.68221,46.69673],[4.6826,46.69713],[4.68278,46.69718],[4.6832,46.69718],[4.68374,46.69723],[4.68393,46.69726],[4.68448,46.69756],[4.68472,46.69763],[4.68472,46.69765],[4.68445,46.69755],[4.6839,46.6973],[4.68324,46.69723],[4.68337,46.69785],[4.68341,46.69821],[4.6834,46.69896],[4.68339,46.69906],[4.68335,46.69912],[4.68348,46.69949],[4.68362,46.69978],[4.68372,46.69991],[4.68446,46.70064],[4.6849,46.70038],[4.6852,46.70027],[4.68564,46.70005],[4.68483,46.69934],[4.68518,46.69911],[4.68451,46.69845],[4.68459,46.69841],[4.68469,46.69826],[4.68476,46.69796],[4.68485,46.69772],[4.68511,46.6978],[4.68578,46.69791],[4.68658,46.69792],[4.68751,46.69803],[4.68823,46.69818],[4.68881,46.69828],[4.68889,46.69828],[4.68904,46.69825],[4.68945,46.69808],[4.68959,46.698],[4.68913,46.69751],[4.68905,46.69751],[4.68889,46.69733],[4.68896,46.69733],[4.68743,46.6957],[4.68639,46.69579],[4.68611,46.69579],[4.6861,46.69569],[4.68604,46.69565],[4.68536,46.69563],[4.68537,46.69552],[4.68543,46.6955],[4.68471,46.69546],[4.68471,46.69536],[4.68407,46.69536],[4.68361,46.69539]]],[[[4.68874,46.69831],[4.68841,46.69823],[4.68817,46.6982],[4.68748,46.69805],[4.68662,46.69795],[4.68572,46.69795],[4.68509,46.69784],[4.68492,46.6978],[4.68695,46.69927],[4.68785,46.69884],[4.68875,46.69836],[4.68874,46.69831]]],[[[4.68372,46.69994],[4.68347,46.69953],[4.68333,46.6991],[4.68332,46.69908],[4.68338,46.69906],[4.68339,46.69897],[4.6834,46.69825],[4.68333,46.69775],[4.6832,46.69723],[4.68262,46.69717],[4.68166,46.69715],[4.68184,46.69801],[4.68165,46.69715],[4.68115,46.69714],[4.68121,46.69777],[4.6815,46.69775],[4.68169,46.69861],[4.68095,46.6987],[4.68092,46.69857],[4.68046,46.69857],[4.68043,46.69949],[4.68038,46.69982],[4.68071,46.69994],[4.68087,46.69998],[4.68081,46.70027],[4.681,46.7003],[4.68106,46.70034],[4.68125,46.7004],[4.68137,46.70042],[4.68183,46.70042],[4.68179,46.7008],[4.68221,46.70088],[4.68277,46.70085],[4.683,46.7008],[4.68296,46.70067],[4.68366,46.70039],[4.68398,46.70019],[4.68372,46.69994]]],[[[4.68329,46.69474],[4.6829,46.69406],[4.68255,46.69369],[4.68289,46.69351],[4.68214,46.693],[4.68177,46.69282],[4.68164,46.69294],[4.68128,46.69311],[4.68034,46.6935],[4.68011,46.69364],[4.6801,46.69368],[4.68042,46.69399],[4.68054,46.69416],[4.68068,46.6945],[4.6811,46.69481],[4.68129,46.69514],[4.68137,46.69522],[4.68329,46.69474]]]]}},{"type":"Feature","properties":{"id":"climat-mercurey-premier-cru-le-clos-l-eveque","kind":"climat","level":"premier-cru","name":"Le Clos l'Evêque","full":"Mercurey premier cru Le Clos l'Evêque","app":"Mercurey","region":"cote-chalonnaise","communes":["Mercurey"],"area_ha":17.32,"elev":[239.3,255.7,286.6],"slope":5.7,"slope_pct":10.1,"aspect":156,"aspect_label":"SSE","aspect_hist":[0.001,0.0,0.003,0.481,0.371,0.073,0.063,0.008],"village":null,"white":true},"geometry":{"type":"MultiPolygon","coordinates":[[[[4.73616,46.83954],[4.73609,46.83935],[4.73529,46.83968],[4.73336,46.83699],[4.73319,46.83681],[4.73246,46.83709],[4.73143,46.8374],[4.73062,46.83772],[4.7303,46.83781],[4.72999,46.83787],[4.73022,46.83808],[4.73055,46.83831],[4.73106,46.83847],[4.73044,46.8387],[4.73049,46.83887],[4.73085,46.83917],[4.731,46.83912],[4.73109,46.83921],[4.73107,46.83922],[4.73116,46.83929],[4.73119,46.83929],[4.73132,46.83943],[4.73127,46.83945],[4.73126,46.83949],[4.7313,46.83952],[4.73109,46.83962],[4.73107,46.83964],[4.73111,46.83966],[4.73108,46.83969],[4.73155,46.84008],[4.73159,46.84007],[4.73178,46.84027],[4.73175,46.84029],[4.73206,46.84056],[4.73196,46.84061],[4.73219,46.84078],[4.73251,46.84108],[4.73267,46.84117],[4.73332,46.84176],[4.73371,46.84205],[4.73369,46.84209],[4.73385,46.84228],[4.73416,46.84247],[4.73448,46.84247],[4.73601,46.84181],[4.73606,46.84089],[4.73552,46.84065],[4.73556,46.8406],[4.735,46.84032],[4.73504,46.84004],[4.73519,46.83997],[4.73538,46.83994],[4.73549,46.8399],[4.73564,46.84005],[4.73612,46.83985],[4.73616,46.83954]]],[[[4.73612,46.8392],[4.73605,46.83877],[4.73582,46.83852],[4.73552,46.83863],[4.73535,46.83846],[4.73527,46.83843],[4.73515,46.83821],[4.73516,46.83819],[4.73508,46.8381],[4.73517,46.83805],[4.73507,46.83799],[4.73496,46.83788],[4.7349,46.8379],[4.7348,46.83775],[4.73465,46.83765],[4.73422,46.83705],[4.73416,46.8369],[4.73391,46.83653],[4.73358,46.83664],[4.73324,46.83679],[4.7334,46.83697],[4.73529,46.83962],[4.73534,46.83963],[4.73609,46.83932],[4.73612,46.8392]]]]}},{"type":"Feature","properties":{"id":"climat-givry-premier-cru-clos-du-cellier-aux-moines","kind":"climat","level":"premier-cru","name":"Clos du Cellier aux Moines","full":"Givry premier cru Clos du Cellier aux Moines","app":"Givry","region":"cote-chalonnaise","communes":["Givry"],"area_ha":13.32,"elev":[239.5,273.2,317.6],"slope":8.9,"slope_pct":15.7,"aspect":194,"aspect_label":"SSW","aspect_hist":[0.0,0.0,0.013,0.055,0.662,0.27,0.0,0.0],"village":null,"white":true},"geometry":{"type":"MultiPolygon","coordinates":[[[[4.74176,46.79071],[4.74146,46.79035],[4.74077,46.79075],[4.74046,46.79095],[4.7397,46.79155],[4.73971,46.79162],[4.73982,46.79163],[4.73997,46.7916],[4.74018,46.79151],[4.74043,46.79136],[4.74084,46.79105],[4.741,46.79117],[4.74122,46.79106],[4.74176,46.79071]]],[[[4.74144,46.79032],[4.74079,46.78952],[4.74051,46.78878],[4.74027,46.78835],[4.73987,46.78775],[4.73956,46.78789],[4.73896,46.78808],[4.73821,46.78865],[4.73718,46.78915],[4.73715,46.78921],[4.73727,46.78944],[4.73732,46.78994],[4.73724,46.79026],[4.73712,46.79039],[4.73696,46.79083],[4.73674,46.79121],[4.73673,46.79128],[4.73682,46.79141],[4.73703,46.7915],[4.73712,46.79157],[4.73736,46.792],[4.73758,46.79265],[4.73776,46.7929],[4.73791,46.79321],[4.73818,46.79312],[4.73851,46.79312],[4.73892,46.79298],[4.73895,46.79304],[4.73913,46.79297],[4.73907,46.79285],[4.73935,46.7927],[4.73934,46.79268],[4.73977,46.79242],[4.74072,46.79192],[4.74023,46.79156],[4.74002,46.79163],[4.73982,46.79167],[4.73966,46.79165],[4.73962,46.79157],[4.73992,46.79131],[4.74049,46.79089],[4.74144,46.79032]]]]}},{"type":"Feature","properties":{"id":"climat-givry-premier-cru-la-grande-berge","kind":"climat","level":"premier-cru","name":"La Grande Berge","full":"Givry premier cru La Grande Berge","app":"Givry","region":"cote-chalonnaise","communes":["Givry"],"area_ha":13.31,"elev":[254.5,271.6,298.6],"slope":8.0,"slope_pct":14.1,"aspect":119,"aspect_label":"ESE","aspect_hist":[0.0,0.012,0.338,0.616,0.034,0.0,0.0,0.0],"village":null,"white":true},"geometry":{"type":"Polygon","coordinates":[[[4.72096,46.77419],[4.72176,46.77418],[4.72164,46.77388],[4.72165,46.77343],[4.72161,46.77308],[4.72155,46.77289],[4.72134,46.77262],[4.72066,46.77155],[4.71978,46.77075],[4.71968,46.77071],[4.71877,46.7705],[4.71801,46.7701],[4.71718,46.76979],[4.71655,46.76946],[4.71581,46.7694],[4.7158,46.76977],[4.71619,46.77084],[4.71714,46.77252],[4.7173,46.77294],[4.71753,46.77332],[4.7177,46.77347],[4.71783,46.77348],[4.718,46.77343],[4.71812,46.77356],[4.71855,46.7735],[4.71857,46.77364],[4.7185,46.77364],[4.71844,46.77394],[4.71873,46.77398],[4.7188,46.77397],[4.71899,46.77403],[4.71935,46.77403],[4.71974,46.77407],[4.72022,46.77409],[4.72096,46.77419]],[[4.71867,46.77328],[4.71854,46.77331],[4.71852,46.77326],[4.71865,46.77323],[4.71867,46.77328]],[[4.71824,46.77171],[4.71777,46.77188],[4.71776,46.77186],[4.71824,46.77171]]]}},{"type":"Feature","properties":{"id":"climat-mercurey-premier-cru-sazenay","kind":"climat","level":"premier-cru","name":"Sazenay","full":"Mercurey premier cru Sazenay","app":"Mercurey","region":"cote-chalonnaise","communes":["Mercurey"],"area_ha":13.15,"elev":[247.5,286.2,318.5],"slope":9.0,"slope_pct":15.9,"aspect":87,"aspect_label":"E","aspect_hist":[0.006,0.154,0.744,0.095,0.001,0.0,0.0,0.0],"village":null,"white":true},"geometry":{"type":"MultiPolygon","coordinates":[[[[4.71522,46.83572],[4.71472,46.83544],[4.71448,46.83526],[4.71407,46.83481],[4.71471,46.83458],[4.71422,46.83424],[4.71361,46.83392],[4.7133,46.83354],[4.71314,46.83327],[4.7132,46.83283],[4.71317,46.83274],[4.71305,46.83252],[4.7128,46.83218],[4.71107,46.83239],[4.71116,46.83288],[4.71103,46.83226],[4.71095,46.8317],[4.71077,46.83173],[4.7106,46.83149],[4.71057,46.83118],[4.7105,46.83103],[4.71059,46.83119],[4.71061,46.8315],[4.71077,46.83172],[4.71252,46.83149],[4.71205,46.83049],[4.71177,46.83042],[4.71149,46.83045],[4.7114,46.83051],[4.71124,46.83082],[4.71091,46.8309],[4.71064,46.83094],[4.71036,46.83093],[4.71009,46.83074],[4.70996,46.83076],[4.70956,46.83069],[4.70916,46.83067],[4.7091,46.8312],[4.70921,46.83162],[4.70922,46.83241],[4.70927,46.83261],[4.7093,46.83266],[4.70935,46.83266],[4.70956,46.83294],[4.70974,46.8329],[4.70987,46.83308],[4.71018,46.83298],[4.71031,46.83308],[4.71036,46.83306],[4.71054,46.8334],[4.71051,46.83341],[4.7106,46.83355],[4.71068,46.83359],[4.71074,46.83377],[4.71088,46.83382],[4.71109,46.83381],[4.71114,46.83392],[4.71145,46.83414],[4.71138,46.83445],[4.71123,46.83476],[4.71125,46.83485],[4.71146,46.83506],[4.71158,46.83512],[4.71182,46.83513],[4.71226,46.835],[4.71233,46.83508],[4.7125,46.8352],[4.71259,46.83521],[4.71284,46.83541],[4.71311,46.83569],[4.71318,46.83581],[4.71327,46.83588],[4.71339,46.83595],[4.71393,46.83615],[4.7142,46.83607],[4.71443,46.83615],[4.71522,46.83572]]],[[[4.71279,46.83217],[4.71274,46.8321],[4.71265,46.8316],[4.71253,46.8315],[4.71096,46.8317],[4.71107,46.83238],[4.71279,46.83217]]]]}},{"type":"Feature","properties":{"id":"climat-mercurey-premier-cru-les-champs-martin","kind":"climat","level":"premier-cru","name":"Les Champs Martin","full":"Mercurey premier cru Les Champs Martin","app":"Mercurey","region":"cote-chalonnaise","communes":["Mercurey"],"area_ha":12.89,"elev":[258.7,293.2,338.3],"slope":8.8,"slope_pct":15.6,"aspect":223,"aspect_label":"SW","aspect_hist":[0.0,0.0,0.0,0.001,0.142,0.825,0.033,0.0],"village":null,"white":true},"geometry":{"type":"MultiPolygon","coordinates":[[[[4.72372,46.84259],[4.72335,46.84245],[4.72323,46.84236],[4.72307,46.84217],[4.72293,46.84189],[4.72213,46.84052],[4.72195,46.84011],[4.72181,46.83991],[4.72138,46.8397],[4.7212,46.83968],[4.72105,46.83971],[4.72089,46.83986],[4.72087,46.8399],[4.7208,46.84039],[4.72063,46.84044],[4.72058,46.84043],[4.71981,46.84064],[4.71997,46.84129],[4.72096,46.84119],[4.72088,46.84197],[4.72093,46.84202],[4.7222,46.84222],[4.72223,46.8422],[4.72226,46.84214],[4.72231,46.84216],[4.72203,46.84288],[4.72197,46.84286],[4.7222,46.84229],[4.72217,46.84226],[4.72088,46.84207],[4.72094,46.84253],[4.72073,46.84359],[4.72041,46.84412],[4.71995,46.84476],[4.71991,46.84493],[4.71991,46.84533],[4.72,46.84581],[4.72131,46.84607],[4.72145,46.84578],[4.72137,46.84576],[4.72152,46.84548],[4.72178,46.84505],[4.72193,46.84488],[4.72203,46.84468],[4.72226,46.8444],[4.72224,46.84439],[4.72229,46.8443],[4.72242,46.84408],[4.72238,46.84407],[4.72254,46.84381],[4.72243,46.84377],[4.72285,46.84319],[4.72288,46.8432],[4.7233,46.84285],[4.72333,46.84286],[4.72343,46.84276],[4.72353,46.84279],[4.72365,46.84268],[4.72372,46.84259]]],[[[4.72091,46.84126],[4.72086,46.84123],[4.72025,46.84128],[4.71932,46.84144],[4.71955,46.84238],[4.71967,46.84263],[4.71978,46.84326],[4.71981,46.84416],[4.71978,46.84429],[4.71986,46.84494],[4.7199,46.84475],[4.72036,46.8441],[4.72068,46.84358],[4.72089,46.84253],[4.72082,46.84204],[4.72091,46.84126]]]]}},{"type":"Feature","properties":{"id":"climat-givry-premier-cru-les-bois-chevaux","kind":"climat","level":"premier-cru","name":"Les Bois Chevaux","full":"Givry premier cru Les Bois Chevaux","app":"Givry","region":"cote-chalonnaise","communes":["Givry"],"area_ha":12.88,"elev":[230.9,250.4,290.9],"slope":7.8,"slope_pct":13.8,"aspect":119,"aspect_label":"ESE","aspect_hist":[0.0,0.001,0.305,0.682,0.011,0.0,0.0,0.0],"village":null,"white":true},"geometry":{"type":"Polygon","coordinates":[[[4.73779,46.78559],[4.73793,46.78552],[4.73779,46.78536],[4.73718,46.78487],[4.73664,46.78422],[4.73585,46.78385],[4.7357,46.78381],[4.73521,46.78328],[4.735,46.78312],[4.73313,46.78364],[4.73307,46.78355],[4.73299,46.78357],[4.73284,46.78336],[4.7326,46.78342],[4.73245,46.78324],[4.7319,46.78339],[4.73199,46.78351],[4.73187,46.78372],[4.7319,46.78381],[4.73269,46.78485],[4.73181,46.78517],[4.73172,46.78506],[4.73143,46.78517],[4.73144,46.78531],[4.73183,46.7858],[4.73227,46.78564],[4.73259,46.78607],[4.73276,46.78619],[4.73328,46.78598],[4.73284,46.78616],[4.73298,46.78638],[4.73309,46.78634],[4.73365,46.78696],[4.73388,46.78685],[4.73429,46.78675],[4.73449,46.78679],[4.73484,46.78682],[4.73537,46.78665],[4.73549,46.78664],[4.73597,46.78647],[4.73628,46.78641],[4.73777,46.78589],[4.73779,46.78584],[4.73779,46.78559]]]}},{"type":"Feature","properties":{"id":"climat-mercurey-premier-cru-les-velley","kind":"climat","level":"premier-cru","name":"Les Velley","full":"Mercurey premier cru Les Velley","app":"Mercurey","region":"cote-chalonnaise","communes":["Mercurey"],"area_ha":10.84,"elev":[250.3,270.9,304.2],"slope":9.7,"slope_pct":17.3,"aspect":106,"aspect_label":"ESE","aspect_hist":[0.0,0.051,0.613,0.332,0.004,0.0,0.0,0.0],"village":null,"white":true},"geometry":{"type":"MultiPolygon","coordinates":[[[[4.72005,46.82706],[4.71986,46.82667],[4.71937,46.82686],[4.71931,46.82674],[4.71849,46.827],[4.71819,46.82678],[4.71738,46.82755],[4.71742,46.82778],[4.71853,46.82752],[4.71926,46.82731],[4.72005,46.82706]]],[[[4.71821,46.82664],[4.71781,46.82633],[4.7176,46.82596],[4.71733,46.82513],[4.71699,46.82459],[4.71615,46.82481],[4.71578,46.8249],[4.71522,46.82495],[4.71493,46.82502],[4.71522,46.82495],[4.71577,46.82489],[4.71698,46.82458],[4.7168,46.82428],[4.71627,46.82368],[4.71587,46.82328],[4.71505,46.82353],[4.71475,46.8236],[4.71459,46.82365],[4.71457,46.82363],[4.71409,46.82373],[4.71341,46.82381],[4.71316,46.82389],[4.71344,46.82404],[4.71362,46.82436],[4.71369,46.82453],[4.71369,46.82479],[4.71348,46.8251],[4.71348,46.82529],[4.71394,46.82546],[4.7141,46.82556],[4.71427,46.82574],[4.71456,46.82594],[4.71529,46.8266],[4.7164,46.82714],[4.71641,46.82709],[4.71664,46.82753],[4.71678,46.82747],[4.71696,46.82778],[4.71686,46.82786],[4.71735,46.82778],[4.71731,46.82754],[4.71815,46.82675],[4.71821,46.82664]]]]}},{"type":"Feature","properties":{"id":"climat-mercurey-premier-cru-le-clos-du-roy","kind":"climat","level":"premier-cru","name":"Le Clos du Roy","full":"Mercurey premier cru Le Clos du Roy","app":"Mercurey","region":"cote-chalonnaise","communes":["Mercurey"],"area_ha":10.81,"elev":[235.2,247.5,263.9],"slope":5.0,"slope_pct":8.9,"aspect":140,"aspect_label":"SE","aspect_hist":[0.111,0.112,0.227,0.293,0.176,0.054,0.006,0.022],"village":null,"white":true},"geometry":{"type":"Polygon","coordinates":[[[4.72473,46.82779],[4.72563,46.82698],[4.72519,46.82687],[4.7246,46.82656],[4.72468,46.82648],[4.7241,46.8263],[4.72355,46.82599],[4.72342,46.826],[4.72255,46.82633],[4.7205,46.82701],[4.71971,46.82724],[4.71975,46.8273],[4.71965,46.82733],[4.71962,46.82727],[4.71775,46.82778],[4.71812,46.82848],[4.71835,46.82862],[4.71855,46.82872],[4.72047,46.82924],[4.7207,46.82922],[4.72117,46.82909],[4.72136,46.82908],[4.72133,46.82891],[4.72147,46.82857],[4.72145,46.82826],[4.72162,46.82816],[4.72192,46.82805],[4.7226,46.82831],[4.72254,46.82836],[4.72291,46.82826],[4.7232,46.82815],[4.72338,46.82819],[4.72351,46.82818],[4.72382,46.82834],[4.72401,46.82847],[4.7249,46.82789],[4.72379,46.82725],[4.72473,46.82779]],[[4.72176,46.82731],[4.72083,46.82762],[4.72057,46.82775],[4.72055,46.82791],[4.72035,46.828],[4.72005,46.82809],[4.72054,46.82791],[4.72057,46.82775],[4.72082,46.82762],[4.72176,46.82731]]]}},{"type":"Feature","properties":{"id":"climat-rully-premier-cru-cloux","kind":"climat","level":"premier-cru","name":"Cloux","full":"Rully premier cru Cloux","app":"Rully","region":"cote-chalonnaise","communes":["Rully"],"area_ha":10.78,"elev":[231.3,246.7,290.3],"slope":7.0,"slope_pct":12.4,"aspect":106,"aspect_label":"ESE","aspect_hist":[0.0,0.005,0.668,0.321,0.006,0.0,0.0,0.0],"village":"rully","white":true},"geometry":{"type":"Polygon","coordinates":[[[4.7359,46.87679],[4.73557,46.87663],[4.73482,46.87602],[4.73455,46.87589],[4.73417,46.87615],[4.73387,46.87584],[4.73353,46.87593],[4.73294,46.87616],[4.7326,46.8758],[4.73258,46.8758],[4.73256,46.87578],[4.73273,46.87571],[4.73276,46.87574],[4.73338,46.87553],[4.73323,46.87544],[4.73288,46.8751],[4.73194,46.87452],[4.73163,46.87421],[4.73116,46.87433],[4.73108,46.87416],[4.73043,46.87432],[4.73046,46.87437],[4.72964,46.87453],[4.72923,46.87465],[4.72919,46.87456],[4.7291,46.87457],[4.72911,46.87461],[4.72904,46.87462],[4.72907,46.87481],[4.72926,46.87517],[4.72968,46.8751],[4.73022,46.87608],[4.72959,46.87623],[4.72917,46.87629],[4.72921,46.87639],[4.72999,46.87623],[4.73077,46.87603],[4.73079,46.87607],[4.72965,46.87637],[4.72965,46.87644],[4.73059,46.87621],[4.73065,46.8763],[4.73011,46.87644],[4.73022,46.87662],[4.73054,46.87697],[4.73062,46.87693],[4.73065,46.87702],[4.73135,46.87674],[4.73163,46.8773],[4.7323,46.87806],[4.73268,46.87794],[4.73286,46.87812],[4.73499,46.87724],[4.73501,46.87726],[4.73573,46.8769],[4.7359,46.87679]]]}},{"type":"Feature","properties":{"id":"climat-rully-premier-cru-rabource","kind":"climat","level":"premier-cru","name":"Rabourcé","full":"Rully premier cru Rabourcé","app":"Rully","region":"cote-chalonnaise","communes":["Rully"],"area_ha":10.32,"elev":[231.2,257.3,302.2],"slope":10.2,"slope_pct":18.1,"aspect":140,"aspect_label":"SE","aspect_hist":[0.0,0.001,0.099,0.704,0.182,0.013,0.0,0.0],"village":"rully","white":true},"geometry":{"type":"MultiPolygon","coordinates":[[[[4.73687,46.87759],[4.7359,46.87793],[4.73569,46.87773],[4.73522,46.87806],[4.73516,46.87817],[4.73516,46.87854],[4.73467,46.87859],[4.73411,46.87869],[4.73405,46.87862],[4.73405,46.87858],[4.73445,46.87858],[4.73506,46.87851],[4.7351,46.8782],[4.73518,46.87803],[4.73566,46.87771],[4.7352,46.87732],[4.73513,46.87736],[4.73499,46.87724],[4.73286,46.87812],[4.73268,46.87794],[4.7323,46.87806],[4.73212,46.87785],[4.73096,46.87826],[4.73098,46.87828],[4.73094,46.8783],[4.73101,46.87838],[4.73105,46.87837],[4.73141,46.87872],[4.73146,46.8787],[4.73156,46.87883],[4.73145,46.87887],[4.73151,46.87894],[4.73147,46.87896],[4.73152,46.87902],[4.73167,46.87899],[4.73172,46.87906],[4.73159,46.87908],[4.73139,46.87925],[4.73142,46.8793],[4.73133,46.87934],[4.73183,46.87993],[4.73176,46.87998],[4.73184,46.88004],[4.73208,46.88012],[4.73253,46.88037],[4.73282,46.88014],[4.73302,46.88024],[4.73305,46.88022],[4.73319,46.8803],[4.73323,46.8803],[4.73305,46.88046],[4.73329,46.88057],[4.73327,46.8806],[4.73334,46.88063],[4.73341,46.88056],[4.73353,46.88061],[4.73342,46.88073],[4.73353,46.88077],[4.73355,46.88074],[4.73374,46.88079],[4.73377,46.88073],[4.73394,46.88076],[4.73399,46.88067],[4.73408,46.88068],[4.73408,46.88072],[4.73473,46.88074],[4.73469,46.8804],[4.73476,46.88023],[4.73457,46.88025],[4.73453,46.88021],[4.73455,46.88008],[4.73477,46.87981],[4.73477,46.87978],[4.7349,46.87978],[4.73494,46.87972],[4.73511,46.87973],[4.73559,46.87985],[4.73621,46.87992],[4.73637,46.87927],[4.7362,46.87869],[4.73662,46.87863],[4.73668,46.87867],[4.73669,46.87838],[4.73613,46.87847],[4.73601,46.87806],[4.73603,46.87805],[4.73597,46.878],[4.73684,46.87772],[4.73687,46.87759]]],[[[4.73126,46.87904],[4.73104,46.87859],[4.73068,46.87836],[4.73056,46.87833],[4.73035,46.87842],[4.73054,46.87867],[4.7305,46.87869],[4.73071,46.87888],[4.73078,46.87899],[4.73092,46.87913],[4.73126,46.87904]]]]}},{"type":"Feature","properties":{"id":"climat-montagny-premier-cru-les-vignes-longues","kind":"climat","level":"premier-cru","name":"Les Vignes longues","full":"Montagny premier cru Les Vignes longues","app":"Montagny","region":"cote-chalonnaise","communes":["Buxy"],"area_ha":10.31,"elev":[273.1,298.8,318.3],"slope":6.6,"slope_pct":11.7,"aspect":129,"aspect_label":"SE","aspect_hist":[0.003,0.011,0.158,0.735,0.091,0.002,0.0,0.0],"village":"montagny","white":true},"geometry":{"type":"Polygon","coordinates":[[[4.69504,46.71912],[4.69454,46.71831],[4.69429,46.71799],[4.69395,46.71766],[4.69386,46.71754],[4.69486,46.71699],[4.69428,46.71616],[4.69284,46.7169],[4.6929,46.71696],[4.69193,46.71743],[4.69163,46.71705],[4.69098,46.71727],[4.69119,46.71746],[4.69007,46.71804],[4.69069,46.71886],[4.69102,46.71921],[4.69108,46.71937],[4.69134,46.7197],[4.6915,46.71987],[4.69198,46.72029],[4.69208,46.72035],[4.69218,46.72038],[4.69238,46.72036],[4.69278,46.7202],[4.69352,46.72002],[4.6936,46.72005],[4.69359,46.72002],[4.69363,46.71999],[4.69395,46.71979],[4.69504,46.71947],[4.69526,46.71937],[4.69525,46.71935],[4.69552,46.71917],[4.6959,46.71903],[4.6958,46.71887],[4.69504,46.71912]]]}},{"type":"Feature","properties":{"id":"climat-montagny-premier-cru-les-burnins","kind":"climat","level":"premier-cru","name":"Les Burnins","full":"Montagny premier cru Les Burnins","app":"Montagny","region":"cote-chalonnaise","communes":["Montagny-lès-Buxy"],"area_ha":10.25,"elev":[269.1,292.9,319.9],"slope":9.1,"slope_pct":16.1,"aspect":190,"aspect_label":"S","aspect_hist":[0.0,0.0,0.005,0.034,0.763,0.187,0.01,0.0],"village":"montagny","white":true},"geometry":{"type":"MultiPolygon","coordinates":[[[[4.68355,46.70694],[4.68347,46.70658],[4.6833,46.70631],[4.68326,46.70614],[4.68318,46.70604],[4.68287,46.70586],[4.68073,46.70685],[4.68104,46.70733],[4.68166,46.70738],[4.6819,46.70744],[4.6823,46.70722],[4.68275,46.70708],[4.68323,46.70699],[4.68321,46.70696],[4.68355,46.70694]]],[[[4.68269,46.70579],[4.68236,46.70552],[4.68207,46.70535],[4.68175,46.70498],[4.68153,46.70493],[4.68134,46.70477],[4.68098,46.70486],[4.68083,46.70487],[4.68058,46.70473],[4.68031,46.70469],[4.6802,46.70465],[4.68006,46.70473],[4.68025,46.70502],[4.67997,46.70508],[4.67984,46.70481],[4.67978,46.70481],[4.67943,46.70492],[4.67906,46.70498],[4.67915,46.70532],[4.67932,46.70556],[4.67869,46.70556],[4.67843,46.70559],[4.67649,46.70594],[4.67605,46.70605],[4.67614,46.70619],[4.67624,46.70623],[4.67602,46.70628],[4.67588,46.70635],[4.67562,46.70678],[4.67565,46.70703],[4.67783,46.70698],[4.67996,46.70704],[4.68113,46.70655],[4.6819,46.70614],[4.68269,46.70579]]]]}},{"type":"Feature","properties":{"id":"climat-montagny-premier-cru-les-chaniots","kind":"climat","level":"premier-cru","name":"Les Chaniots","full":"Montagny premier cru Les Chaniots","app":"Montagny","region":"cote-chalonnaise","communes":["Jully-lès-Buxy"],"area_ha":10.24,"elev":[265.7,284.2,306.0],"slope":7.9,"slope_pct":13.9,"aspect":116,"aspect_label":"ESE","aspect_hist":[0.0,0.03,0.415,0.541,0.013,0.0,0.0,0.0],"village":"montagny","white":true},"geometry":{"type":"MultiPolygon","coordinates":[[[[4.68743,46.6957],[4.68641,46.69464],[4.68611,46.69412],[4.68602,46.6937],[4.68593,46.69352],[4.68574,46.69326],[4.68483,46.69229],[4.68434,46.69199],[4.68385,46.69156],[4.68356,46.69123],[4.6835,46.69121],[4.68347,46.69122],[4.68217,46.69246],[4.68174,46.69284],[4.68214,46.69303],[4.68287,46.69352],[4.68252,46.69371],[4.68275,46.69392],[4.68292,46.69414],[4.68343,46.69506],[4.68357,46.69539],[4.68407,46.69536],[4.68471,46.69536],[4.68471,46.69546],[4.68543,46.6955],[4.68537,46.69552],[4.68536,46.69563],[4.68604,46.69565],[4.6861,46.69569],[4.68611,46.69579],[4.68639,46.69579],[4.68743,46.6957]]],[[[4.68215,46.6924],[4.68188,46.69249],[4.6818,46.69269],[4.68215,46.6924]]]]}},{"type":"Feature","properties":{"id":"climat-montagny-premier-cru-les-beaux-champs","kind":"climat","level":"premier-cru","name":"Les Beaux Champs","full":"Montagny premier cru Les Beaux Champs","app":"Montagny","region":"cote-chalonnaise","communes":["Montagny-lès-Buxy"],"area_ha":9.89,"elev":[335.2,350.6,376.0],"slope":9.9,"slope_pct":17.4,"aspect":71,"aspect_label":"ENE","aspect_hist":[0.003,0.31,0.687,0.0,0.0,0.0,0.0,0.0],"village":"montagny","white":true},"geometry":{"type":"Polygon","coordinates":[[[4.67527,46.69693],[4.67478,46.69693],[4.67435,46.69704],[4.67356,46.69751],[4.67272,46.69789],[4.67289,46.69873],[4.67232,46.69875],[4.67242,46.6999],[4.67298,46.69981],[4.67301,46.70033],[4.67298,46.70048],[4.67267,46.70111],[4.67216,46.70098],[4.67198,46.70136],[4.67161,46.70191],[4.67172,46.70196],[4.67163,46.70206],[4.67159,46.70209],[4.67116,46.70188],[4.6711,46.70194],[4.6715,46.70216],[4.67109,46.70249],[4.67177,46.70313],[4.6718,46.70311],[4.6721,46.70346],[4.67257,46.70333],[4.67283,46.70323],[4.673,46.70314],[4.67328,46.70294],[4.674,46.70208],[4.67427,46.70159],[4.67437,46.70125],[4.67439,46.70054],[4.67453,46.69969],[4.6746,46.69968],[4.67449,46.69909],[4.67453,46.69854],[4.67441,46.69814],[4.67438,46.69778],[4.67448,46.69763],[4.67482,46.69739],[4.67512,46.69712],[4.67527,46.69693]]]}},{"type":"Feature","properties":{"id":"climat-montagny-premier-cru-le-vieux-chateau","kind":"climat","level":"premier-cru","name":"Le Vieux Château","full":"Montagny premier cru Le Vieux Château","app":"Montagny","region":"cote-chalonnaise","communes":["Buxy"],"area_ha":9.1,"elev":[281.1,301.8,324.7],"slope":7.1,"slope_pct":12.5,"aspect":198,"aspect_label":"SSW","aspect_hist":[0.001,0.0,0.01,0.082,0.486,0.298,0.114,0.01],"village":"montagny","white":true},"geometry":{"type":"Polygon","coordinates":[[[4.69174,46.71648],[4.69046,46.71657],[4.68996,46.71666],[4.6891,46.71672],[4.68899,46.7164],[4.68712,46.71673],[4.68718,46.71722],[4.68731,46.71748],[4.68685,46.71755],[4.68682,46.71785],[4.68688,46.71819],[4.68685,46.71852],[4.68692,46.71866],[4.68694,46.71889],[4.68726,46.71888],[4.68748,46.71932],[4.68744,46.71937],[4.68756,46.71956],[4.68769,46.71964],[4.68793,46.71968],[4.68795,46.71976],[4.68722,46.71984],[4.68739,46.72024],[4.68744,46.7203],[4.68747,46.72029],[4.68756,46.72039],[4.68779,46.72051],[4.68794,46.72054],[4.68804,46.7205],[4.68862,46.72006],[4.68885,46.71997],[4.69005,46.71972],[4.68984,46.71938],[4.69033,46.71923],[4.69043,46.71939],[4.6909,46.71925],[4.69012,46.71825],[4.68948,46.71843],[4.68927,46.71837],[4.68913,46.71827],[4.68897,46.71812],[4.68884,46.71791],[4.68881,46.71765],[4.68884,46.71764],[4.68881,46.71753],[4.68901,46.71751],[4.68916,46.71747],[4.68944,46.71737],[4.68962,46.71727],[4.68973,46.71735],[4.69002,46.71767],[4.69063,46.71735],[4.69162,46.71698],[4.69163,46.71679],[4.69174,46.71648]]]}},{"type":"Feature","properties":{"id":"climat-montagny-premier-cru-montcuchot","kind":"climat","level":"premier-cru","name":"Montcuchot","full":"Montagny premier cru Montcuchot","app":"Montagny","region":"cote-chalonnaise","communes":["Montagny-lès-Buxy"],"area_ha":8.89,"elev":[270.1,293.7,322.1],"slope":9.8,"slope_pct":17.3,"aspect":135,"aspect_label":"SE","aspect_hist":[0.0,0.0,0.184,0.573,0.21,0.033,0.001,0.0],"village":"montagny","white":true},"geometry":{"type":"MultiPolygon","coordinates":[[[[4.687,46.70851],[4.68677,46.70801],[4.68667,46.70788],[4.68695,46.70778],[4.68662,46.70736],[4.68657,46.70726],[4.6863,46.7071],[4.68488,46.70611],[4.68475,46.70602],[4.68437,46.70586],[4.68402,46.70574],[4.68384,46.70571],[4.68344,46.70569],[4.68323,46.70573],[4.68299,46.70582],[4.68334,46.70604],[4.68383,46.70618],[4.68412,46.70637],[4.68427,46.70632],[4.68448,46.70632],[4.68413,46.7065],[4.68413,46.70654],[4.68434,46.70679],[4.68425,46.70682],[4.68453,46.70724],[4.68392,46.70748],[4.68399,46.70759],[4.68416,46.70753],[4.68427,46.70771],[4.68419,46.70773],[4.68434,46.70798],[4.68458,46.70855],[4.68486,46.70873],[4.68522,46.70902],[4.6853,46.70905],[4.68539,46.70903],[4.68585,46.70873],[4.68676,46.70849],[4.687,46.70851]]],[[[4.68648,46.70707],[4.68636,46.70685],[4.68612,46.70656],[4.68619,46.70627],[4.68616,46.70612],[4.68577,46.70581],[4.68552,46.70554],[4.6852,46.70504],[4.6849,46.70467],[4.68479,46.70458],[4.68453,46.70443],[4.68441,46.70428],[4.68282,46.70469],[4.68274,46.70443],[4.68195,46.70456],[4.68133,46.70474],[4.68153,46.7049],[4.68176,46.70496],[4.68197,46.70519],[4.68203,46.70519],[4.68218,46.70515],[4.68237,46.70537],[4.68248,46.70535],[4.68263,46.70557],[4.68288,46.70572],[4.68332,46.70559],[4.68361,46.70557],[4.68408,46.70564],[4.68462,46.70582],[4.68507,46.70608],[4.68648,46.70707]]]]}},{"type":"Feature","properties":{"id":"climat-mercurey-premier-cru-les-puillets","kind":"climat","level":"premier-cru","name":"Les Puillets","full":"Mercurey premier cru Les Puillets","app":"Mercurey","region":"cote-chalonnaise","communes":["Mercurey"],"area_ha":8.52,"elev":[277.1,297.4,313.6],"slope":9.0,"slope_pct":15.9,"aspect":113,"aspect_label":"ESE","aspect_hist":[0.0,0.001,0.545,0.454,0.001,0.0,0.0,0.0],"village":null,"white":true},"geometry":{"type":"Polygon","coordinates":[[[4.7111,46.84617],[4.71115,46.84569],[4.71101,46.84527],[4.71092,46.84484],[4.71027,46.84489],[4.71023,46.84467],[4.71024,46.84426],[4.71019,46.84388],[4.71025,46.8437],[4.71013,46.84355],[4.71008,46.8433],[4.71013,46.84265],[4.71007,46.84214],[4.71013,46.84203],[4.71,46.84204],[4.70996,46.84182],[4.70873,46.84193],[4.70872,46.84178],[4.70787,46.84186],[4.70753,46.84203],[4.70713,46.84241],[4.70708,46.84283],[4.70726,46.84357],[4.70728,46.84356],[4.70743,46.8438],[4.70788,46.84412],[4.70844,46.84464],[4.70858,46.84482],[4.709,46.84508],[4.70929,46.84543],[4.70935,46.84542],[4.70948,46.8456],[4.70956,46.8458],[4.70974,46.84615],[4.71068,46.84614],[4.7111,46.84617]]]}},{"type":"Feature","properties":{"id":"climat-montagny-premier-cru-les-pidances","kind":"climat","level":"premier-cru","name":"Les Pidances","full":"Montagny premier cru Les Pidances","app":"Montagny","region":"cote-chalonnaise","communes":["Buxy"],"area_ha":8.52,"elev":[281.0,308.5,321.3],"slope":6.0,"slope_pct":10.6,"aspect":141,"aspect_label":"SE","aspect_hist":[0.0,0.001,0.116,0.543,0.293,0.026,0.02,0.0],"village":"montagny","white":true},"geometry":{"type":"Polygon","coordinates":[[[4.68733,46.7201],[4.68722,46.71984],[4.68795,46.71976],[4.68793,46.71968],[4.68769,46.71964],[4.68756,46.71956],[4.68744,46.71937],[4.68748,46.71932],[4.68726,46.71888],[4.68694,46.71889],[4.68692,46.71866],[4.68685,46.71852],[4.68688,46.71819],[4.68682,46.71785],[4.68685,46.71755],[4.68662,46.71759],[4.68653,46.71747],[4.68646,46.71742],[4.68638,46.71739],[4.68582,46.71741],[4.68584,46.71731],[4.6858,46.7173],[4.68581,46.71685],[4.68587,46.71644],[4.68585,46.71604],[4.68591,46.71603],[4.68591,46.716],[4.68533,46.71599],[4.68398,46.71646],[4.6842,46.71697],[4.68424,46.71721],[4.68476,46.71716],[4.68517,46.71715],[4.68529,46.71726],[4.68502,46.71854],[4.68417,46.71853],[4.68425,46.71779],[4.68306,46.71804],[4.68334,46.71883],[4.68343,46.7189],[4.68365,46.71891],[4.68378,46.71909],[4.68402,46.71959],[4.68426,46.71972],[4.68492,46.72019],[4.68508,46.72027],[4.68539,46.72033],[4.68575,46.72031],[4.6865,46.72014],[4.68728,46.72004],[4.68733,46.7201]]]}},{"type":"Feature","properties":{"id":"climat-montagny-premier-cru-les-bonneveaux","kind":"climat","level":"premier-cru","name":"Les Bonneveaux","full":"Montagny premier cru Les Bonneveaux","app":"Montagny","region":"cote-chalonnaise","communes":["Buxy"],"area_ha":8.52,"elev":[263.5,286.6,318.0],"slope":9.7,"slope_pct":17.1,"aspect":95,"aspect_label":"E","aspect_hist":[0.004,0.178,0.659,0.158,0.0,0.0,0.0,0.002],"village":"montagny","white":true},"geometry":{"type":"Polygon","coordinates":[[[4.68841,46.71259],[4.68972,46.71244],[4.6897,46.71221],[4.69024,46.71215],[4.69025,46.71195],[4.6902,46.71169],[4.68977,46.71135],[4.68944,46.71103],[4.68899,46.71035],[4.6889,46.71001],[4.68893,46.70982],[4.68911,46.70938],[4.68875,46.70928],[4.68841,46.70915],[4.68723,46.7086],[4.68702,46.70855],[4.68697,46.70859],[4.68681,46.70859],[4.686,46.70879],[4.68567,46.70896],[4.68538,46.70916],[4.68524,46.7096],[4.68553,46.70966],[4.68567,46.70999],[4.68579,46.70998],[4.68577,46.71049],[4.68682,46.71037],[4.68703,46.71092],[4.68727,46.71116],[4.68738,46.71145],[4.68806,46.71138],[4.688,46.71198],[4.68784,46.71199],[4.68783,46.7123],[4.68776,46.71268],[4.68842,46.71262],[4.68841,46.71259]]]}},{"type":"Feature","properties":{"id":"climat-givry-premier-cru-en-choue","kind":"climat","level":"premier-cru","name":"En Choué","full":"Givry premier cru En Choué","app":"Givry","region":"cote-chalonnaise","communes":["Givry"],"area_ha":8.28,"elev":[290.3,325.6,352.2],"slope":11.4,"slope_pct":20.2,"aspect":153,"aspect_label":"SSE","aspect_hist":[0.0,0.0,0.108,0.447,0.226,0.188,0.031,0.0],"village":null,"white":true},"geometry":{"type":"Polygon","coordinates":[[[4.71882,46.77944],[4.71941,46.77921],[4.71924,46.77904],[4.71911,46.77899],[4.71884,46.77881],[4.71876,46.77873],[4.71837,46.77885],[4.71805,46.77891],[4.71804,46.779],[4.71807,46.77903],[4.71774,46.77916],[4.71754,46.77879],[4.71736,46.77856],[4.71738,46.77837],[4.71699,46.77832],[4.71697,46.77791],[4.71689,46.77772],[4.71651,46.77779],[4.71639,46.77779],[4.71636,46.7779],[4.7163,46.77791],[4.71603,46.77817],[4.71604,46.7782],[4.71553,46.77864],[4.71552,46.77871],[4.71483,46.77908],[4.71449,46.7792],[4.7144,46.77919],[4.71386,46.77935],[4.71417,46.77983],[4.71381,46.77991],[4.71392,46.78023],[4.71376,46.78025],[4.71379,46.7805],[4.71443,46.78057],[4.71443,46.77988],[4.71447,46.78016],[4.71445,46.78057],[4.71478,46.78064],[4.71499,46.78076],[4.71531,46.78083],[4.71558,46.78095],[4.71631,46.78113],[4.71654,46.78117],[4.71656,46.78112],[4.71703,46.78136],[4.71752,46.78141],[4.71753,46.78142],[4.71763,46.78131],[4.7176,46.78129],[4.71763,46.78125],[4.71755,46.78114],[4.71747,46.78097],[4.71741,46.78095],[4.71742,46.78088],[4.7171,46.7809],[4.71711,46.78047],[4.71741,46.78045],[4.71722,46.78016],[4.71742,46.7801],[4.7179,46.78007],[4.71838,46.77992],[4.71841,46.77993],[4.71838,46.77989],[4.71835,46.7799],[4.71809,46.77963],[4.71837,46.77945],[4.71859,46.77974],[4.71892,46.77964],[4.71882,46.77944]]]}},{"type":"Feature","properties":{"id":"climat-givry-premier-cru-le-champ-lalot","kind":"climat","level":"premier-cru","name":"Le Champ Lalot","full":"Givry premier cru Le Champ Lalot","app":"Givry","region":"cote-chalonnaise","communes":["Dracy-le-Fort"],"area_ha":8.23,"elev":[224.0,233.6,248.2],"slope":6.3,"slope_pct":11.1,"aspect":107,"aspect_label":"ESE","aspect_hist":[0.001,0.002,0.693,0.302,0.002,0.0,0.0,0.001],"village":null,"white":true},"geometry":{"type":"Polygon","coordinates":[[[4.75166,46.79289],[4.75094,46.79199],[4.74959,46.79253],[4.74943,46.79234],[4.74879,46.7925],[4.7495,46.79352],[4.74959,46.7937],[4.7497,46.79414],[4.74972,46.79414],[4.74978,46.79432],[4.7499,46.79438],[4.75035,46.79579],[4.75066,46.79614],[4.75086,46.79607],[4.75099,46.79592],[4.75141,46.79588],[4.75271,46.79595],[4.75322,46.79606],[4.75327,46.79598],[4.7531,46.79572],[4.75306,46.79561],[4.75309,46.79531],[4.75194,46.7934],[4.75189,46.79338],[4.75159,46.79292],[4.75166,46.79289]]]}},{"type":"Feature","properties":{"id":"climat-mercurey-premier-cru-les-montaigus","kind":"climat","level":"premier-cru","name":"Les Montaigus","full":"Mercurey premier cru Les Montaigus","app":"Mercurey","region":"cote-chalonnaise","communes":["Saint-Martin-sous-Montaigu"],"area_ha":7.66,"elev":[268.0,278.8,300.4],"slope":5.2,"slope_pct":9.2,"aspect":105,"aspect_label":"ESE","aspect_hist":[0.011,0.063,0.665,0.258,0.001,0.001,0.0,0.0],"village":null,"white":true},"geometry":{"type":"MultiPolygon","coordinates":[[[[4.71243,46.82216],[4.71261,46.82246],[4.71258,46.82248],[4.71262,46.82258],[4.71277,46.82287],[4.71303,46.82382],[4.71319,46.82387],[4.71343,46.82378],[4.7139,46.82375],[4.71452,46.82361],[4.71455,46.82362],[4.71613,46.82316],[4.71574,46.82244],[4.71575,46.82238],[4.71555,46.82203],[4.71472,46.82221],[4.71314,46.82259],[4.71305,46.82247],[4.71297,46.82233],[4.71297,46.82233],[4.71358,46.82217],[4.71347,46.8219],[4.71306,46.82201],[4.71258,46.82213],[4.71243,46.82216]],[[4.71486,46.82329],[4.71389,46.82356],[4.71386,46.8235],[4.71485,46.82326],[4.71486,46.82329]],[[4.71371,46.82319],[4.71366,46.82306],[4.71458,46.82282],[4.71465,46.82293],[4.71371,46.82319]]],[[[4.71243,46.82216],[4.71347,46.8219],[4.71354,46.82203],[4.71358,46.82217],[4.71297,46.82233],[4.71309,46.82252],[4.71549,46.82193],[4.71555,46.82203],[4.71603,46.82182],[4.71597,46.82169],[4.71589,46.82161],[4.71555,46.82169],[4.71536,46.82144],[4.71524,46.82119],[4.71509,46.82097],[4.71544,46.82085],[4.71535,46.82073],[4.71526,46.82067],[4.71522,46.82056],[4.71488,46.82068],[4.71465,46.8205],[4.71463,46.82044],[4.71428,46.82003],[4.71319,46.8204],[4.71321,46.82044],[4.71298,46.82065],[4.71279,46.82075],[4.71281,46.82081],[4.71337,46.82073],[4.71339,46.82075],[4.7135,46.82102],[4.71367,46.82099],[4.71368,46.821],[4.714,46.8209],[4.71409,46.82097],[4.71425,46.82111],[4.71503,46.82086],[4.71509,46.82097],[4.71437,46.82119],[4.71444,46.82125],[4.71372,46.82148],[4.71342,46.82157],[4.71283,46.82171],[4.71249,46.82178],[4.71228,46.82183],[4.71231,46.82196],[4.71243,46.82216]],[[4.71434,46.82193],[4.7148,46.82181],[4.71496,46.82178],[4.71522,46.82171],[4.71522,46.82171],[4.71525,46.82176],[4.71525,46.82176],[4.71498,46.82183],[4.7145,46.82195],[4.71437,46.82199],[4.71434,46.82193]],[[4.71381,46.82173],[4.71481,46.82144],[4.71481,46.82144],[4.71486,46.82149],[4.71384,46.82178],[4.71381,46.82173]]],[[[4.71354,46.8211],[4.71337,46.82073],[4.71212,46.82092],[4.71226,46.82154],[4.71228,46.82183],[4.71283,46.82171],[4.71279,46.82163],[4.71339,46.82149],[4.71333,46.82128],[4.71377,46.82115],[4.71372,46.82106],[4.71354,46.8211]]],[[[4.71434,46.82193],[4.71437,46.82199],[4.71446,46.82196],[4.71459,46.82193],[4.71525,46.82176],[4.71522,46.82171],[4.71496,46.82178],[4.71434,46.82193]]],[[[4.71381,46.82173],[4.71384,46.82178],[4.71486,46.82149],[4.71481,46.82144],[4.71381,46.82173]]]]}},{"type":"Feature","properties":{"id":"climat-mercurey-premier-cru-clos-de-paradis","kind":"climat","level":"premier-cru","name":"Clos de Paradis","full":"Mercurey premier cru Clos de Paradis","app":"Mercurey","region":"cote-chalonnaise","communes":["Saint-Martin-sous-Montaigu"],"area_ha":7.5,"elev":[243.3,271.7,290.9],"slope":7.3,"slope_pct":12.9,"aspect":137,"aspect_label":"SE","aspect_hist":[0.0,0.0,0.173,0.738,0.089,0.0,0.0,0.0],"village":null,"white":true},"geometry":{"type":"MultiPolygon","coordinates":[[[[4.71648,46.81797],[4.71557,46.81866],[4.71516,46.81897],[4.71555,46.81869],[4.71648,46.81797]]],[[[4.71404,46.81785],[4.71445,46.8176],[4.71401,46.81734],[4.71398,46.81729],[4.71345,46.81695],[4.71334,46.81686],[4.71334,46.81684],[4.7131,46.8167],[4.71312,46.81669],[4.71217,46.81625],[4.71165,46.81678],[4.71125,46.81705],[4.71103,46.81716],[4.71091,46.81716],[4.71088,46.81718],[4.71076,46.81715],[4.71037,46.8176],[4.7106,46.81802],[4.71088,46.81865],[4.71087,46.81884],[4.71096,46.81903],[4.71127,46.81938],[4.71142,46.8196],[4.71179,46.82],[4.71221,46.81992],[4.71286,46.81972],[4.71318,46.81964],[4.71326,46.81898],[4.71332,46.8189],[4.71405,46.8184],[4.71394,46.81815],[4.71391,46.81797],[4.71404,46.81785]]]]}},{"type":"Feature","properties":{"id":"climat-mercurey-premier-cru-clos-marcilly","kind":"climat","level":"premier-cru","name":"Clos Marcilly","full":"Mercurey premier cru Clos Marcilly","app":"Mercurey","region":"cote-chalonnaise","communes":["Mercurey"],"area_ha":7.48,"elev":[229.7,235.2,241.6],"slope":2.3,"slope_pct":4.0,"aspect":155,"aspect_label":"SSE","aspect_hist":[0.0,0.0,0.001,0.603,0.373,0.021,0.003,0.0],"village":null,"white":true},"geometry":{"type":"Polygon","coordinates":[[[4.73917,46.83361],[4.73917,46.83359],[4.73832,46.8326],[4.73809,46.83268],[4.73772,46.83214],[4.73744,46.8322],[4.73726,46.83219],[4.73639,46.83225],[4.73456,46.83257],[4.73455,46.83259],[4.73477,46.83413],[4.73491,46.83453],[4.73508,46.83474],[4.73522,46.83484],[4.73658,46.83472],[4.73714,46.83461],[4.73847,46.83403],[4.73917,46.83361]]]}},{"type":"Feature","properties":{"id":"climat-givry-premier-cru-servoisine","kind":"climat","level":"premier-cru","name":"Servoisine","full":"Givry premier cru Servoisine","app":"Givry","region":"cote-chalonnaise","communes":["Givry"],"area_ha":7.44,"elev":[233.3,247.7,277.0],"slope":6.6,"slope_pct":11.6,"aspect":188,"aspect_label":"S","aspect_hist":[0.0,0.0,0.0,0.073,0.832,0.095,0.0,0.0],"village":null,"white":true},"geometry":{"type":"Polygon","coordinates":[[[4.74408,46.78839],[4.74404,46.78804],[4.74365,46.78767],[4.74333,46.78744],[4.74277,46.78717],[4.74176,46.78692],[4.74163,46.7869],[4.74044,46.7874],[4.73987,46.78775],[4.74027,46.78835],[4.74051,46.78878],[4.74079,46.78952],[4.7414,46.79027],[4.74148,46.79021],[4.742,46.79001],[4.74255,46.78974],[4.7425,46.78965],[4.7436,46.78904],[4.74383,46.78899],[4.74385,46.78917],[4.74405,46.78909],[4.74409,46.78903],[4.74403,46.78866],[4.74408,46.78839]]]}},{"type":"Feature","properties":{"id":"climat-givry-premier-cru-les-bois-gautiers","kind":"climat","level":"premier-cru","name":"Les Bois Gautiers","full":"Givry premier cru Les Bois Gautiers","app":"Givry","region":"cote-chalonnaise","communes":["Givry"],"area_ha":7.29,"elev":[254.4,276.0,313.4],"slope":9.5,"slope_pct":16.8,"aspect":156,"aspect_label":"SSE","aspect_hist":[0.0,0.0,0.085,0.367,0.533,0.015,0.0,0.0],"village":null,"white":true},"geometry":{"type":"Polygon","coordinates":[[[4.7258,46.77887],[4.72708,46.77828],[4.72685,46.77813],[4.72665,46.77803],[4.72623,46.7779],[4.72587,46.77786],[4.72553,46.77772],[4.72528,46.77765],[4.72508,46.77765],[4.7247,46.7777],[4.72399,46.77787],[4.72374,46.77796],[4.72264,46.77803],[4.72266,46.77799],[4.72264,46.77794],[4.72217,46.77785],[4.72186,46.77783],[4.72172,46.7777],[4.72114,46.77784],[4.72124,46.7781],[4.72111,46.7782],[4.72131,46.77862],[4.72128,46.77866],[4.72147,46.77877],[4.72154,46.77875],[4.72157,46.77887],[4.72172,46.77894],[4.72196,46.77896],[4.72231,46.77925],[4.72261,46.77939],[4.72273,46.77942],[4.72311,46.77981],[4.72314,46.7798],[4.72324,46.78013],[4.72329,46.78017],[4.72343,46.78019],[4.72351,46.78024],[4.72377,46.78029],[4.7238,46.78044],[4.72441,46.78027],[4.72423,46.78008],[4.72419,46.77999],[4.72425,46.77988],[4.72452,46.77974],[4.72441,46.77958],[4.72447,46.77955],[4.72445,46.7795],[4.72494,46.77932],[4.72563,46.77932],[4.72594,46.77947],[4.72604,46.77932],[4.72625,46.77916],[4.72619,46.77913],[4.72607,46.7792],[4.72595,46.77914],[4.72589,46.77906],[4.72595,46.77903],[4.7258,46.77887]]]}},{"type":"Feature","properties":{"id":"climat-rully-premier-cru-marissou","kind":"climat","level":"premier-cru","name":"Marissou","full":"Rully premier cru Marissou","app":"Rully","region":"cote-chalonnaise","communes":["Rully"],"area_ha":7.15,"elev":[224.2,228.9,240.1],"slope":3.0,"slope_pct":5.3,"aspect":143,"aspect_label":"SE","aspect_hist":[0.0,0.002,0.041,0.674,0.265,0.018,0.001,0.0],"village":"rully","white":true},"geometry":{"type":"Polygon","coordinates":[[[4.74251,46.88007],[4.74219,46.87972],[4.74203,46.8795],[4.742,46.87951],[4.74185,46.87923],[4.74178,46.87898],[4.74156,46.87882],[4.74098,46.87864],[4.74093,46.87866],[4.74039,46.87825],[4.73972,46.8776],[4.73966,46.87762],[4.73963,46.87758],[4.73823,46.87812],[4.73878,46.87874],[4.73911,46.87921],[4.73927,46.87915],[4.73932,46.87922],[4.73836,46.87954],[4.7384,46.8796],[4.73884,46.87944],[4.739,46.87963],[4.73865,46.87977],[4.73886,46.87994],[4.73884,46.88042],[4.73887,46.88052],[4.73923,46.88086],[4.73941,46.88098],[4.73945,46.88096],[4.73967,46.88111],[4.73999,46.88122],[4.74251,46.88007]]]}},{"type":"Feature","properties":{"id":"climat-mercurey-premier-cru-les-croichots","kind":"climat","level":"premier-cru","name":"Les Croichots","full":"Mercurey premier cru Les Croichots","app":"Mercurey","region":"cote-chalonnaise","communes":["Mercurey"],"area_ha":7.06,"elev":[270.2,298.2,342.3],"slope":7.5,"slope_pct":13.1,"aspect":165,"aspect_label":"SSE","aspect_hist":[0.0,0.0,0.002,0.415,0.548,0.033,0.002,0.0],"village":null,"white":true},"geometry":{"type":"MultiPolygon","coordinates":[[[[4.71844,46.84476],[4.71805,46.84431],[4.71792,46.84393],[4.71785,46.84358],[4.71788,46.84299],[4.71779,46.8417],[4.71754,46.84171],[4.71749,46.84151],[4.71713,46.84178],[4.71709,46.84188],[4.71712,46.84205],[4.71671,46.84208],[4.7168,46.84301],[4.7168,46.84306],[4.71675,46.84306],[4.71679,46.84298],[4.7167,46.84208],[4.71624,46.84212],[4.71607,46.84215],[4.7158,46.84225],[4.7155,46.84248],[4.7154,46.84267],[4.71537,46.84281],[4.71547,46.84299],[4.71554,46.8433],[4.71561,46.84346],[4.71556,46.84347],[4.7156,46.84378],[4.71552,46.84396],[4.7156,46.84418],[4.71545,46.84457],[4.71534,46.84506],[4.71534,46.84532],[4.71538,46.8455],[4.71634,46.84549],[4.71634,46.84539],[4.71651,46.84533],[4.71653,46.84481],[4.71669,46.84483],[4.71669,46.84479],[4.71748,46.84475],[4.71821,46.84477],[4.71844,46.84476]]],[[[4.71659,46.8462],[4.71645,46.84616],[4.71643,46.84608],[4.71631,46.84608],[4.71626,46.8455],[4.71526,46.84551],[4.71529,46.84572],[4.71525,46.84594],[4.71526,46.84629],[4.71659,46.8462]]]]}},{"type":"Feature","properties":{"id":"climat-rully-premier-cru-le-meix-cadot","kind":"climat","level":"premier-cru","name":"Le Meix Cadot","full":"Rully premier cru Le Meix Cadot","app":"Rully","region":"cote-chalonnaise","communes":["Rully"],"area_ha":7.06,"elev":[251.6,258.6,269.5],"slope":3.4,"slope_pct":5.9,"aspect":82,"aspect_label":"E","aspect_hist":[0.009,0.212,0.686,0.074,0.014,0.003,0.001,0.0],"village":"rully","white":true},"geometry":{"type":"MultiPolygon","coordinates":[[[[4.73689,46.86675],[4.73654,46.86599],[4.73623,46.866],[4.73581,46.86609],[4.73584,46.8663],[4.73581,46.86666],[4.73624,46.86661],[4.73611,46.86665],[4.73614,46.86673],[4.73617,46.86672],[4.73619,46.86689],[4.73623,46.86688],[4.73625,46.86692],[4.73559,46.86703],[4.73545,46.86723],[4.73579,46.86718],[4.73581,46.86725],[4.73582,46.86732],[4.73568,46.86732],[4.73549,46.8674],[4.73557,46.86771],[4.7356,46.86799],[4.7351,46.86812],[4.73523,46.86827],[4.73502,46.86836],[4.73547,46.86869],[4.73558,46.86871],[4.73575,46.8687],[4.73689,46.86837],[4.73644,46.86748],[4.73707,46.86733],[4.73689,46.86675]]],[[[4.73483,46.86671],[4.73488,46.8667],[4.73492,46.86675],[4.73497,46.86675],[4.73497,46.8667],[4.73571,46.86662],[4.73577,46.86644],[4.73568,46.86572],[4.73532,46.86402],[4.7336,46.86432],[4.73532,46.86402],[4.73516,46.86336],[4.73348,46.86394],[4.73348,46.86405],[4.73361,46.86451],[4.73333,46.86458],[4.73343,46.86487],[4.7337,46.86476],[4.7338,46.86474],[4.73389,46.86513],[4.73392,46.86513],[4.73401,46.86625],[4.73383,46.86627],[4.73399,46.86647],[4.73408,46.86655],[4.73412,46.86675],[4.7346,46.86668],[4.73461,46.86678],[4.73483,46.86676],[4.73483,46.86671]]]]}},{"type":"Feature","properties":{"id":"climat-givry-premier-cru-clos-salomon","kind":"climat","level":"premier-cru","name":"Clos Salomon","full":"Givry premier cru Clos Salomon","app":"Givry","region":"cote-chalonnaise","communes":["Givry"],"area_ha":6.97,"elev":[235.5,249.3,279.7],"slope":7.8,"slope_pct":13.8,"aspect":134,"aspect_label":"SE","aspect_hist":[0.0,0.002,0.082,0.842,0.072,0.001,0.001,0.0],"village":null,"white":true},"geometry":{"type":"Polygon","coordinates":[[[4.73075,46.78006],[4.73051,46.78025],[4.73064,46.78037],[4.73034,46.78053],[4.72993,46.78018],[4.72945,46.78048],[4.72964,46.78062],[4.72954,46.78069],[4.72958,46.78072],[4.72898,46.78106],[4.72965,46.7819],[4.72969,46.78259],[4.72985,46.78266],[4.73014,46.7827],[4.73038,46.78271],[4.73079,46.78264],[4.7312,46.78274],[4.73149,46.78277],[4.73195,46.7827],[4.73292,46.78261],[4.73347,46.78248],[4.73413,46.78225],[4.73405,46.78214],[4.73371,46.7818],[4.73356,46.7817],[4.73316,46.78164],[4.73291,46.78151],[4.7319,46.78073],[4.73148,46.78034],[4.73094,46.77996],[4.73075,46.78006]]]}},{"type":"Feature","properties":{"id":"climat-montagny-premier-cru-la-grande-piece","kind":"climat","level":"premier-cru","name":"La Grande Pièce","full":"Montagny premier cru La Grande Pièce","app":"Montagny","region":"cote-chalonnaise","communes":["Buxy"],"area_ha":6.83,"elev":[317.4,334.3,362.8],"slope":12.1,"slope_pct":21.5,"aspect":116,"aspect_label":"ESE","aspect_hist":[0.0,0.0,0.379,0.62,0.0,0.0,0.0,0.0],"village":"montagny","white":true},"geometry":{"type":"Polygon","coordinates":[[[4.68175,46.71694],[4.68134,46.71658],[4.68089,46.71609],[4.68086,46.7161],[4.6808,46.71604],[4.68041,46.71549],[4.68027,46.71524],[4.68017,46.71512],[4.67977,46.71521],[4.67975,46.71516],[4.67961,46.71519],[4.67945,46.71496],[4.6792,46.71506],[4.67919,46.7151],[4.67949,46.71571],[4.67977,46.71612],[4.68025,46.71711],[4.68024,46.71729],[4.6802,46.71747],[4.68003,46.71786],[4.68003,46.7181],[4.67997,46.71824],[4.68037,46.71826],[4.68047,46.71828],[4.68152,46.71891],[4.68275,46.71942],[4.6831,46.71949],[4.68393,46.71958],[4.684,46.71957],[4.68378,46.71909],[4.68365,46.71891],[4.68343,46.7189],[4.68334,46.71883],[4.68322,46.71854],[4.68296,46.71769],[4.68286,46.71752],[4.68273,46.7174],[4.6825,46.71727],[4.68175,46.71694]]]}},{"type":"Feature","properties":{"id":"climat-rully-premier-cru-molesme","kind":"climat","level":"premier-cru","name":"Molesme","full":"Rully premier cru Molesme","app":"Rully","region":"cote-chalonnaise","communes":["Rully"],"area_ha":6.8,"elev":[228.7,238.9,253.8],"slope":4.9,"slope_pct":8.5,"aspect":100,"aspect_label":"E","aspect_hist":[0.002,0.022,0.697,0.262,0.004,0.002,0.005,0.006],"village":"rully","white":true},"geometry":{"type":"Polygon","coordinates":[[[4.73434,46.87256],[4.7339,46.87184],[4.73395,46.87179],[4.73408,46.87174],[4.73399,46.87151],[4.73391,46.87154],[4.73371,46.87103],[4.7333,46.87071],[4.73272,46.87032],[4.73244,46.87037],[4.73163,46.87076],[4.73102,46.87102],[4.73054,46.87116],[4.73047,46.87132],[4.73032,46.87155],[4.7303,46.8717],[4.73033,46.87183],[4.73071,46.87215],[4.73122,46.87206],[4.73127,46.87217],[4.73051,46.87233],[4.73055,46.87249],[4.73059,46.87248],[4.73062,46.87253],[4.7308,46.87247],[4.73084,46.87248],[4.7309,46.8726],[4.73092,46.8726],[4.73103,46.87275],[4.73101,46.87276],[4.73109,46.87295],[4.73084,46.873],[4.73119,46.87351],[4.73124,46.87349],[4.73127,46.87353],[4.73184,46.8734],[4.73305,46.87296],[4.73434,46.87256]]]}},{"type":"Feature","properties":{"id":"climat-rully-premier-cru-preaux","kind":"climat","level":"premier-cru","name":"Préaux","full":"Rully premier cru Préaux","app":"Rully","region":"cote-chalonnaise","communes":["Rully"],"area_ha":6.75,"elev":[224.9,232.3,245.3],"slope":3.4,"slope_pct":6.0,"aspect":99,"aspect_label":"E","aspect_hist":[0.002,0.025,0.738,0.234,0.0,0.0,0.0,0.001],"village":"rully","white":true},"geometry":{"type":"Polygon","coordinates":[[[4.73635,46.87464],[4.73604,46.87452],[4.73529,46.87406],[4.73498,46.87391],[4.73474,46.87349],[4.73435,46.87262],[4.73324,46.87297],[4.73205,46.87339],[4.73135,46.87358],[4.73129,46.87364],[4.73159,46.87408],[4.732,46.87448],[4.73295,46.87508],[4.7332,46.87529],[4.73328,46.8754],[4.73352,46.87554],[4.73417,46.87574],[4.73635,46.87464]]]}},{"type":"Feature","properties":{"id":"climat-rully-premier-cru-la-pucelle","kind":"climat","level":"premier-cru","name":"La Pucelle","full":"Rully premier cru La Pucelle","app":"Rully","region":"cote-chalonnaise","communes":["Rully"],"area_ha":6.72,"elev":[245.7,255.4,268.1],"slope":9.0,"slope_pct":15.8,"aspect":100,"aspect_label":"E","aspect_hist":[0.0,0.012,0.802,0.186,0.0,0.0,0.0,0.0],"village":"rully","white":true},"geometry":{"type":"Polygon","coordinates":[[[4.73039,46.87037],[4.73028,46.86965],[4.72938,46.86638],[4.72946,46.86637],[4.72896,46.86455],[4.72843,46.86425],[4.72834,46.86424],[4.72806,46.86449],[4.72803,46.86454],[4.72813,46.86484],[4.72808,46.86504],[4.72791,46.86531],[4.72804,46.86601],[4.72803,46.86628],[4.72842,46.86768],[4.72861,46.86804],[4.72876,46.86846],[4.72927,46.87019],[4.72936,46.8704],[4.72939,46.87086],[4.72922,46.87118],[4.7304,46.87099],[4.73039,46.87037]]]}},{"type":"Feature","properties":{"id":"climat-montagny-premier-cru-les-bassets","kind":"climat","level":"premier-cru","name":"Les Bassets","full":"Montagny premier cru Les Bassets","app":"Montagny","region":"cote-chalonnaise","communes":["Buxy"],"area_ha":6.65,"elev":[262.7,277.1,293.9],"slope":5.7,"slope_pct":9.9,"aspect":112,"aspect_label":"ESE","aspect_hist":[0.008,0.066,0.279,0.642,0.004,0.0,0.0,0.0],"village":"montagny","white":true},"geometry":{"type":"MultiPolygon","coordinates":[[[[4.68651,46.70711],[4.6887,46.70817],[4.689,46.7084],[4.6891,46.70851],[4.68928,46.7089],[4.68928,46.70942],[4.68981,46.70956],[4.69054,46.70954],[4.69047,46.70922],[4.69042,46.70917],[4.69029,46.70911],[4.68994,46.7087],[4.68981,46.70849],[4.68978,46.7085],[4.68965,46.70813],[4.68953,46.70758],[4.68915,46.7069],[4.68884,46.70655],[4.68868,46.70644],[4.6886,46.70642],[4.68824,46.70646],[4.68802,46.70623],[4.6877,46.7062],[4.68755,46.70613],[4.68676,46.70615],[4.68635,46.70623],[4.68622,46.70624],[4.68622,46.70631],[4.68615,46.7066],[4.6864,46.7069],[4.68651,46.70711]]],[[[4.68858,46.70823],[4.6866,46.70728],[4.68665,46.7074],[4.68698,46.70782],[4.6867,46.70792],[4.6868,46.70805],[4.68702,46.70855],[4.68723,46.7086],[4.68738,46.70866],[4.68803,46.70899],[4.68848,46.70918],[4.68911,46.70938],[4.68913,46.70892],[4.68902,46.70863],[4.68888,46.70846],[4.68858,46.70823]]]]}},{"type":"Feature","properties":{"id":"climat-givry-premier-cru-clos-jus","kind":"climat","level":"premier-cru","name":"Clos Jus","full":"Givry premier cru Clos Jus","app":"Givry","region":"cote-chalonnaise","communes":["Dracy-le-Fort"],"area_ha":6.53,"elev":[245.9,257.5,272.3],"slope":7.1,"slope_pct":12.5,"aspect":104,"aspect_label":"ESE","aspect_hist":[0.0,0.009,0.726,0.265,0.0,0.0,0.0,0.0],"village":null,"white":true},"geometry":{"type":"Polygon","coordinates":[[[4.7501,46.79577],[4.74942,46.79363],[4.74821,46.79188],[4.74756,46.79208],[4.74758,46.79211],[4.74674,46.79237],[4.747,46.79366],[4.74715,46.79463],[4.74717,46.79492],[4.74705,46.7951],[4.74814,46.79523],[4.74898,46.79548],[4.74921,46.79558],[4.7501,46.79577]]]}},{"type":"Feature","properties":{"id":"climat-givry-premier-cru-les-grands-pretans","kind":"climat","level":"premier-cru","name":"Les Grands Prétans","full":"Givry premier cru Les Grands Prétans","app":"Givry","region":"cote-chalonnaise","communes":["Givry"],"area_ha":6.49,"elev":[228.6,234.7,240.7],"slope":3.2,"slope_pct":5.6,"aspect":141,"aspect_label":"SE","aspect_hist":[0.0,0.011,0.106,0.579,0.302,0.003,0.0,0.0],"village":null,"white":true},"geometry":{"type":"Polygon","coordinates":[[[4.73558,46.7825],[4.73667,46.78211],[4.73655,46.78182],[4.73625,46.78141],[4.73598,46.7815],[4.73586,46.78132],[4.73558,46.7814],[4.7352,46.78087],[4.73534,46.78079],[4.73501,46.78041],[4.7349,46.78046],[4.73481,46.78039],[4.73554,46.78011],[4.73549,46.78003],[4.7343,46.77997],[4.73273,46.78003],[4.73126,46.77979],[4.731,46.77987],[4.731,46.77993],[4.73161,46.78035],[4.73189,46.78062],[4.73292,46.78145],[4.73316,46.78158],[4.73363,46.78166],[4.73378,46.78178],[4.73458,46.78268],[4.73558,46.7825]]]}},{"type":"Feature","properties":{"id":"climat-rully-premier-cru-gresigny","kind":"climat","level":"premier-cru","name":"Grésigny","full":"Rully premier cru Grésigny","app":"Rully","region":"cote-chalonnaise","communes":["Rully"],"area_ha":6.44,"elev":[263.6,277.4,302.0],"slope":11.6,"slope_pct":21.1,"aspect":123,"aspect_label":"ESE","aspect_hist":[0.0,0.0,0.278,0.722,0.0,0.0,0.0,0.0],"village":"rully","white":true},"geometry":{"type":"Polygon","coordinates":[[[4.72488,46.86368],[4.72475,46.86354],[4.72486,46.86343],[4.72463,46.86327],[4.72481,46.863],[4.72455,46.86289],[4.72423,46.86263],[4.72349,46.86183],[4.72311,46.8615],[4.72269,46.86108],[4.72239,46.86072],[4.72185,46.86018],[4.72186,46.86017],[4.72159,46.85984],[4.72146,46.85972],[4.72138,46.85969],[4.7213,46.8597],[4.72107,46.85987],[4.72078,46.86012],[4.72065,46.86031],[4.72065,46.86048],[4.7207,46.86066],[4.72089,46.86074],[4.72106,46.86102],[4.72122,46.86139],[4.72126,46.86177],[4.72137,46.86208],[4.72144,46.86223],[4.72176,46.86267],[4.722,46.8629],[4.72248,46.86315],[4.72282,46.86339],[4.72381,46.86392],[4.72416,46.86415],[4.72488,46.86368]]]}},{"type":"Feature","properties":{"id":"climat-mercurey-premier-cru-clos-des-myglands","kind":"climat","level":"premier-cru","name":"Clos des Myglands","full":"Mercurey premier cru Clos des Myglands","app":"Mercurey","region":"cote-chalonnaise","communes":["Mercurey"],"area_ha":6.31,"elev":[253.4,262.6,272.1],"slope":4.8,"slope_pct":8.3,"aspect":93,"aspect_label":"E","aspect_hist":[0.0,0.113,0.664,0.209,0.014,0.0,0.0,0.0],"village":null,"white":true},"geometry":{"type":"Polygon","coordinates":[[[4.73704,46.84451],[4.73699,46.84452],[4.73703,46.84459],[4.73732,46.84452],[4.73757,46.84438],[4.73797,46.84434],[4.73822,46.84442],[4.73861,46.84445],[4.73865,46.84413],[4.73878,46.84383],[4.73882,46.84361],[4.73879,46.84318],[4.73887,46.84278],[4.73886,46.84246],[4.73883,46.84231],[4.73824,46.84169],[4.7376,46.8411],[4.73681,46.84093],[4.73617,46.84136],[4.7361,46.84191],[4.73628,46.84288],[4.73658,46.84371],[4.73689,46.8444],[4.73696,46.84438],[4.73704,46.84451]]]}},{"type":"Feature","properties":{"id":"climat-rully-premier-cru-vauvry","kind":"climat","level":"premier-cru","name":"Vauvry","full":"Rully premier cru Vauvry","app":"Rully","region":"cote-chalonnaise","communes":["Rully"],"area_ha":6.27,"elev":[246.6,268.2,290.1],"slope":10.4,"slope_pct":18.6,"aspect":126,"aspect_label":"SE","aspect_hist":[0.0,0.0,0.077,0.923,0.0,0.0,0.0,0.0],"village":"rully","white":true},"geometry":{"type":"Polygon","coordinates":[[[4.72827,46.86421],[4.72826,46.86414],[4.72754,46.86366],[4.72743,46.86361],[4.72662,46.86336],[4.72619,46.86328],[4.72551,46.86307],[4.72516,46.86299],[4.72484,46.86296],[4.72463,46.86327],[4.72486,46.86343],[4.72475,46.86354],[4.72488,46.86368],[4.72416,46.86415],[4.72509,46.8648],[4.72664,46.86613],[4.7279,46.86565],[4.72778,46.86533],[4.72765,46.86529],[4.72791,46.86516],[4.72801,46.86503],[4.72804,46.86481],[4.72795,46.8645],[4.72827,46.86421]]]}},{"type":"Feature","properties":{"id":"climat-montagny-premier-cru-les-maroques","kind":"climat","level":"premier-cru","name":"Les Maroques","full":"Montagny premier cru Les Maroques","app":"Montagny","region":"cote-chalonnaise","communes":["Montagny-lès-Buxy"],"area_ha":6.18,"elev":[288.4,316.9,340.3],"slope":9.8,"slope_pct":17.2,"aspect":54,"aspect_label":"NE","aspect_hist":[0.023,0.857,0.117,0.0,0.001,0.001,0.0,0.001],"village":"montagny","white":true},"geometry":{"type":"MultiPolygon","coordinates":[[[[4.6774,46.7033],[4.6771,46.70298],[4.67603,46.70234],[4.6758,46.70214],[4.67457,46.70285],[4.67465,46.70292],[4.67463,46.70301],[4.67406,46.70331],[4.67467,46.70388],[4.67516,46.70444],[4.67533,46.70439],[4.67549,46.70431],[4.67601,46.70394],[4.67627,46.7038],[4.67659,46.70369],[4.67715,46.70345],[4.67741,46.70338],[4.6774,46.7033]]],[[[4.67543,46.70191],[4.67528,46.70173],[4.67488,46.70136],[4.67453,46.70118],[4.67448,46.70119],[4.67441,46.70145],[4.67413,46.70203],[4.67389,46.70237],[4.67342,46.70294],[4.67313,46.70317],[4.67278,46.70336],[4.67216,46.70353],[4.67227,46.70369],[4.67204,46.70376],[4.67202,46.70372],[4.6718,46.7038],[4.67225,46.70438],[4.67232,46.70433],[4.67243,46.70418],[4.67253,46.70412],[4.67368,46.70368],[4.67358,46.70353],[4.67349,46.70346],[4.67387,46.70339],[4.67462,46.70301],[4.67464,46.70293],[4.67455,46.70285],[4.67576,46.70216],[4.67543,46.70191]]]]}},{"type":"Feature","properties":{"id":"climat-rully-premier-cru-montpalais","kind":"climat","level":"premier-cru","name":"Montpalais","full":"Rully premier cru Montpalais","app":"Rully","region":"cote-chalonnaise","communes":["Rully"],"area_ha":6.0,"elev":[261.2,277.6,306.9],"slope":15.4,"slope_pct":28.1,"aspect":97,"aspect_label":"E","aspect_hist":[0.0,0.002,0.901,0.098,0.0,0.0,0.0,0.0],"village":"rully","white":true},"geometry":{"type":"Polygon","coordinates":[[[4.72931,46.87053],[4.72886,46.86908],[4.72872,46.86853],[4.72854,46.86805],[4.72834,46.86769],[4.72823,46.86712],[4.72795,46.86629],[4.72798,46.86628],[4.72797,46.86607],[4.7279,46.86565],[4.72664,46.86613],[4.72701,46.8667],[4.7272,46.86716],[4.7273,46.86758],[4.72731,46.86881],[4.72728,46.86896],[4.72721,46.87044],[4.72737,46.87067],[4.72839,46.87063],[4.72842,46.871],[4.72924,46.87098],[4.72931,46.87086],[4.72931,46.87053]]]}},{"type":"Feature","properties":{"id":"climat-mercurey-premier-cru-les-combins","kind":"climat","level":"premier-cru","name":"Les Combins","full":"Mercurey premier cru Les Combins","app":"Mercurey","region":"cote-chalonnaise","communes":["Mercurey"],"area_ha":5.74,"elev":[263.3,288.0,317.3],"slope":5.9,"slope_pct":10.3,"aspect":184,"aspect_label":"S","aspect_hist":[0.0,0.001,0.002,0.161,0.59,0.243,0.002,0.0],"village":null,"white":true},"geometry":{"type":"Polygon","coordinates":[[[4.71888,46.84592],[4.71991,46.84578],[4.71967,46.84433],[4.71969,46.84381],[4.71964,46.84323],[4.71842,46.84346],[4.71963,46.84322],[4.71931,46.84147],[4.71929,46.84115],[4.71926,46.84109],[4.71893,46.84115],[4.71888,46.841],[4.71853,46.84106],[4.7186,46.84127],[4.71825,46.84134],[4.71825,46.84136],[4.71784,46.84148],[4.71794,46.84258],[4.71793,46.84359],[4.718,46.84395],[4.71811,46.84427],[4.71819,46.84439],[4.7184,46.84459],[4.71855,46.8448],[4.7187,46.84545],[4.71888,46.84592]]]}},{"type":"Feature","properties":{"id":"climat-montagny-premier-cru-vignes-sur-le-cloux","kind":"climat","level":"premier-cru","name":"Vignes sur le Cloux","full":"Montagny premier cru Vignes sur le Cloux","app":"Montagny","region":"cote-chalonnaise","communes":["Montagny-lès-Buxy"],"area_ha":5.45,"elev":[300.3,321.3,357.6],"slope":12.4,"slope_pct":22.1,"aspect":190,"aspect_label":"S","aspect_hist":[0.0,0.0,0.0,0.007,0.801,0.19,0.002,0.0],"village":"montagny","white":true},"geometry":{"type":"MultiPolygon","coordinates":[[[[4.68075,46.70859],[4.68065,46.7078],[4.6807,46.70779],[4.68065,46.70756],[4.68021,46.70766],[4.68021,46.70724],[4.67998,46.70716],[4.67962,46.70726],[4.67912,46.70736],[4.67763,46.70749],[4.67691,46.70762],[4.67637,46.70785],[4.67608,46.70803],[4.67591,46.70818],[4.67606,46.70827],[4.6767,46.70814],[4.67718,46.70801],[4.67829,46.70801],[4.67839,46.70857],[4.679,46.70857],[4.67942,46.70852],[4.67995,46.70856],[4.68004,46.709],[4.6804,46.70896],[4.68082,46.70881],[4.68075,46.70859]]],[[[4.67968,46.70711],[4.67793,46.70704],[4.67482,46.70712],[4.67498,46.70747],[4.67505,46.70756],[4.67483,46.70765],[4.67565,46.70831],[4.67586,46.70804],[4.67615,46.70782],[4.6764,46.70768],[4.67672,46.70755],[4.67748,46.70739],[4.67864,46.70731],[4.67905,46.70726],[4.67949,46.70718],[4.67968,46.70711]]]]}},{"type":"Feature","properties":{"id":"climat-montagny-premier-cru-les-las","kind":"climat","level":"premier-cru","name":"Les Las","full":"Montagny premier cru Les Las","app":"Montagny","region":"cote-chalonnaise","communes":["Montagny-lès-Buxy"],"area_ha":5.41,"elev":[310.7,321.9,335.4],"slope":4.3,"slope_pct":7.6,"aspect":101,"aspect_label":"E","aspect_hist":[0.0,0.159,0.466,0.366,0.01,0.0,0.0,0.0],"village":"montagny","white":true},"geometry":{"type":"Polygon","coordinates":[[[4.68243,46.6971],[4.68219,46.69681],[4.68185,46.69614],[4.68161,46.69587],[4.68139,46.6958],[4.68067,46.69574],[4.67991,46.69549],[4.67919,46.69536],[4.67881,46.69521],[4.67897,46.69545],[4.67848,46.69562],[4.67798,46.69596],[4.6778,46.69605],[4.67789,46.69618],[4.67804,46.69656],[4.67823,46.69748],[4.67876,46.69745],[4.67893,46.69742],[4.67991,46.69716],[4.68064,46.6971],[4.6813,46.6971],[4.68237,46.69716],[4.68242,46.69713],[4.68243,46.6971]]]}},{"type":"Feature","properties":{"id":"climat-rully-premier-cru-margotes","kind":"climat","level":"premier-cru","name":"Margotés","full":"Rully premier cru Margotés","app":"Rully","region":"cote-chalonnaise","communes":["Rully"],"area_ha":5.36,"elev":[267.6,281.4,308.1],"slope":9.0,"slope_pct":16.1,"aspect":153,"aspect_label":"SSE","aspect_hist":[0.0,0.0,0.015,0.528,0.453,0.004,0.0,0.0],"village":"rully","white":true},"geometry":{"type":"Polygon","coordinates":[[[4.72129,46.85961],[4.72098,46.85939],[4.72049,46.85897],[4.72049,46.85893],[4.71934,46.85805],[4.71855,46.85772],[4.71724,46.85867],[4.7174,46.85878],[4.71732,46.85882],[4.71743,46.85889],[4.71738,46.85893],[4.71752,46.85915],[4.71764,46.85928],[4.71743,46.85942],[4.71748,46.85957],[4.71743,46.8596],[4.71753,46.85979],[4.71765,46.85989],[4.71756,46.85998],[4.71761,46.86],[4.71847,46.86001],[4.71871,46.85978],[4.71926,46.85992],[4.71902,46.86011],[4.71976,46.8603],[4.72025,46.86049],[4.72052,46.86063],[4.72056,46.86058],[4.72057,46.86031],[4.72064,46.86013],[4.7208,46.85995],[4.72129,46.85961]]]}},{"type":"Feature","properties":{"id":"climat-montagny-premier-cru-le-clos-chaudron","kind":"climat","level":"premier-cru","name":"Le Clos Chaudron","full":"Montagny premier cru Le Clos Chaudron","app":"Montagny","region":"cote-chalonnaise","communes":["Buxy"],"area_ha":5.28,"elev":[341.3,359.5,378.9],"slope":11.2,"slope_pct":19.8,"aspect":114,"aspect_label":"ESE","aspect_hist":[0.0,0.001,0.339,0.659,0.0,0.0,0.0,0.0],"village":"montagny","white":true},"geometry":{"type":"Polygon","coordinates":[[[4.67817,46.71517],[4.67784,46.71512],[4.67762,46.71505],[4.67729,46.71488],[4.67711,46.71483],[4.67706,46.71496],[4.67708,46.71509],[4.67714,46.71531],[4.67719,46.7153],[4.67728,46.71544],[4.67719,46.71546],[4.67723,46.7157],[4.67738,46.71568],[4.67741,46.71572],[4.67729,46.71582],[4.67758,46.71608],[4.67761,46.71622],[4.67791,46.71655],[4.67793,46.71662],[4.67784,46.71665],[4.6779,46.71674],[4.67813,46.7168],[4.67804,46.71689],[4.67817,46.71702],[4.6783,46.71725],[4.67808,46.71738],[4.67819,46.71772],[4.67844,46.71767],[4.67846,46.71772],[4.67835,46.71777],[4.67852,46.71806],[4.67888,46.71789],[4.67901,46.7181],[4.67919,46.71817],[4.67923,46.71822],[4.67953,46.71825],[4.67991,46.71827],[4.67997,46.71824],[4.68003,46.7181],[4.68003,46.71786],[4.6802,46.71747],[4.68024,46.71729],[4.68025,46.71711],[4.67977,46.71612],[4.67949,46.71571],[4.67919,46.7151],[4.6792,46.71506],[4.67864,46.71517],[4.67817,46.71517]]]}},{"type":"Feature","properties":{"id":"climat-givry-premier-cru-crausot","kind":"climat","level":"premier-cru","name":"Crausot","full":"Givry premier cru Crausot","app":"Givry","region":"cote-chalonnaise","communes":["Jambles"],"area_ha":5.23,"elev":[261.7,282.2,306.3],"slope":9.5,"slope_pct":16.7,"aspect":169,"aspect_label":"S","aspect_hist":[0.0,0.0,0.007,0.268,0.635,0.086,0.004,0.0],"village":null,"white":true},"geometry":{"type":"MultiPolygon","coordinates":[[[[4.71629,46.7712],[4.71571,46.76981],[4.7154,46.76987],[4.71497,46.76981],[4.71492,46.76991],[4.71475,46.77002],[4.71425,46.77018],[4.71382,46.77039],[4.71403,46.77064],[4.71419,46.77056],[4.71434,46.77066],[4.71458,46.77116],[4.71479,46.77137],[4.71539,46.77123],[4.7156,46.77123],[4.71588,46.77125],[4.71629,46.7712]]],[[[4.71488,46.76979],[4.71476,46.7696],[4.71472,46.76924],[4.71381,46.76942],[4.71377,46.7693],[4.71368,46.76932],[4.71358,46.7691],[4.7137,46.76908],[4.71367,46.76897],[4.71309,46.76902],[4.71292,46.76924],[4.7128,46.76956],[4.71254,46.76985],[4.71243,46.77001],[4.71232,46.7701],[4.71198,46.77026],[4.71188,46.77012],[4.71185,46.76995],[4.7122,46.76964],[4.71221,46.76959],[4.71207,46.76952],[4.71196,46.76954],[4.71174,46.76971],[4.71171,46.76978],[4.71114,46.76988],[4.71088,46.77],[4.71085,46.77005],[4.71087,46.77016],[4.71083,46.7703],[4.71108,46.77105],[4.71169,46.7709],[4.71461,46.77],[4.71482,46.76989],[4.71488,46.76979]]]]}},{"type":"Feature","properties":{"id":"climat-montagny-premier-cru-les-platieres","kind":"climat","level":"premier-cru","name":"Les Platières","full":"Montagny premier cru Les Platières","app":"Montagny","region":"cote-chalonnaise","communes":["Montagny-lès-Buxy"],"area_ha":5.22,"elev":[270.8,285.7,298.5],"slope":5.7,"slope_pct":10.0,"aspect":88,"aspect_label":"E","aspect_hist":[0.029,0.42,0.287,0.263,0.001,0.0,0.0,0.0],"village":"montagny","white":true},"geometry":{"type":"Polygon","coordinates":[[[4.68142,46.70195],[4.68098,46.70161],[4.68076,46.70148],[4.67966,46.70104],[4.67925,46.70096],[4.67898,46.70083],[4.6788,46.7009],[4.67851,46.70112],[4.67782,46.70145],[4.67811,46.70171],[4.6782,46.70169],[4.678,46.70181],[4.6784,46.70205],[4.678,46.70222],[4.67759,46.70235],[4.67765,46.70245],[4.67675,46.70273],[4.67713,46.70295],[4.67739,46.7032],[4.6775,46.70335],[4.67787,46.70332],[4.67796,46.70333],[4.67921,46.70299],[4.67995,46.70285],[4.68047,46.70269],[4.68075,46.70255],[4.68108,46.70233],[4.68129,46.70214],[4.68142,46.70195]]]}},{"type":"Feature","properties":{"id":"climat-rully-premier-cru-champs-cloux","kind":"climat","level":"premier-cru","name":"Champs Cloux","full":"Rully premier cru Champs Cloux","app":"Rully","region":"cote-chalonnaise","communes":["Rully"],"area_ha":5.18,"elev":[232.6,244.9,262.8],"slope":8.1,"slope_pct":14.4,"aspect":109,"aspect_label":"ESE","aspect_hist":[0.001,0.05,0.574,0.37,0.005,0.0,0.0,0.0],"village":"rully","white":true},"geometry":{"type":"Polygon","coordinates":[[[4.73998,46.87176],[4.73953,46.87116],[4.73934,46.87082],[4.73875,46.87103],[4.73847,46.87065],[4.73918,46.87041],[4.73896,46.86963],[4.73883,46.86939],[4.73629,46.86991],[4.73628,46.8702],[4.73644,46.87057],[4.7368,46.87048],[4.73695,46.87061],[4.73683,46.87064],[4.73693,46.87082],[4.73699,46.87088],[4.73689,46.8709],[4.73684,46.87083],[4.73656,46.87087],[4.73672,46.87127],[4.73713,46.87112],[4.73731,46.87119],[4.73743,46.87135],[4.73738,46.87147],[4.73746,46.87158],[4.73715,46.8717],[4.73772,46.87207],[4.73812,46.87237],[4.73893,46.87206],[4.73895,46.87209],[4.73881,46.87221],[4.73884,46.87223],[4.73998,46.87176]]]}},{"type":"Feature","properties":{"id":"climat-montagny-premier-cru-les-bouchots","kind":"climat","level":"premier-cru","name":"Les Bouchots","full":"Montagny premier cru Les Bouchots","app":"Montagny","region":"cote-chalonnaise","communes":["Montagny-lès-Buxy"],"area_ha":5.16,"elev":[326.2,348.0,374.3],"slope":9.3,"slope_pct":16.4,"aspect":131,"aspect_label":"SE","aspect_hist":[0.0,0.002,0.204,0.613,0.142,0.036,0.003,0.0],"village":"montagny","white":true},"geometry":{"type":"MultiPolygon","coordinates":[[[[4.68446,46.70951],[4.68424,46.70902],[4.68394,46.70907],[4.68371,46.70859],[4.68331,46.70804],[4.68356,46.7079],[4.68336,46.7078],[4.68193,46.70859],[4.68119,46.70918],[4.68106,46.70908],[4.68085,46.70924],[4.68067,46.7091],[4.68051,46.70892],[4.6804,46.70896],[4.68004,46.709],[4.68023,46.70947],[4.68027,46.70978],[4.68046,46.71007],[4.68055,46.71034],[4.68216,46.71013],[4.68331,46.70978],[4.68446,46.70951]]],[[[4.68161,46.70852],[4.68138,46.70827],[4.68132,46.70815],[4.68123,46.70817],[4.68119,46.7079],[4.68129,46.7079],[4.68081,46.70791],[4.68078,46.70777],[4.68065,46.7078],[4.68075,46.70859],[4.68082,46.70881],[4.68158,46.70855],[4.68161,46.70852]]]]}},{"type":"Feature","properties":{"id":"climat-mercurey-premier-cru-clos-des-barraults","kind":"climat","level":"premier-cru","name":"Clos des Barraults","full":"Mercurey premier cru Clos des Barraults","app":"Mercurey","region":"cote-chalonnaise","communes":["Mercurey"],"area_ha":4.99,"elev":[259.6,285.9,324.3],"slope":13.8,"slope_pct":25.2,"aspect":227,"aspect_label":"SW","aspect_hist":[0.0,0.0,0.0,0.001,0.228,0.612,0.148,0.011],"village":null,"white":true},"geometry":{"type":"Polygon","coordinates":[[[4.72457,46.84029],[4.72494,46.84022],[4.72492,46.84016],[4.72477,46.83998],[4.72476,46.83993],[4.7241,46.83911],[4.72295,46.83938],[4.72272,46.83938],[4.72218,46.83934],[4.72244,46.83982],[4.72238,46.83986],[4.72222,46.83989],[4.722,46.84009],[4.72227,46.84063],[4.72298,46.84183],[4.72325,46.84171],[4.72328,46.84174],[4.723,46.84186],[4.72312,46.84213],[4.72329,46.84234],[4.7234,46.84241],[4.72372,46.84252],[4.72385,46.84252],[4.72408,46.84243],[4.72442,46.84239],[4.72457,46.84233],[4.72468,46.84223],[4.7246,46.8418],[4.72464,46.84173],[4.72458,46.84157],[4.72444,46.84147],[4.72438,46.84138],[4.72412,46.84121],[4.72409,46.84112],[4.72396,46.84094],[4.72385,46.84063],[4.72395,46.84053],[4.72416,46.84043],[4.72457,46.84029]]]}},{"type":"Feature","properties":{"id":"climat-mercurey-premier-cru-clos-des-grands-voyens","kind":"climat","level":"premier-cru","name":"Clos des grands Voyens","full":"Mercurey premier cru Clos des grands Voyens","app":"Mercurey","region":"cote-chalonnaise","communes":["Mercurey"],"area_ha":4.89,"elev":[234.0,242.1,254.7],"slope":4.5,"slope_pct":7.8,"aspect":162,"aspect_label":"SSE","aspect_hist":[0.0,0.0,0.002,0.407,0.585,0.006,0.0,0.0],"village":null,"white":true},"geometry":{"type":"MultiPolygon","coordinates":[[[[4.7325,46.83703],[4.73171,46.83595],[4.73162,46.83602],[4.73164,46.83607],[4.73154,46.8361],[4.73154,46.83612],[4.7312,46.83621],[4.73119,46.83619],[4.73081,46.83625],[4.73105,46.83688],[4.73132,46.83682],[4.73156,46.8373],[4.7325,46.83703]]],[[[4.73101,46.83751],[4.73034,46.83601],[4.72923,46.83628],[4.7274,46.83693],[4.72766,46.83727],[4.72769,46.83769],[4.7279,46.83787],[4.72868,46.83796],[4.72881,46.83796],[4.72946,46.83783],[4.72968,46.83781],[4.73002,46.83781],[4.73024,46.83778],[4.73064,46.83766],[4.73101,46.83751]]]]}},{"type":"Feature","properties":{"id":"climat-montagny-premier-cru-vigne-du-soleil","kind":"climat","level":"premier-cru","name":"Vigne du soleil","full":"Montagny premier cru Vigne du soleil","app":"Montagny","region":"cote-chalonnaise","communes":["Montagny-lès-Buxy"],"area_ha":4.78,"elev":[260.2,269.2,277.1],"slope":4.6,"slope_pct":8.0,"aspect":150,"aspect_label":"SSE","aspect_hist":[0.0,0.0,0.035,0.646,0.319,0.0,0.0,0.0],"village":"montagny","white":true},"geometry":{"type":"Polygon","coordinates":[[[4.68766,46.70505],[4.68742,46.70459],[4.68677,46.70362],[4.68577,46.70361],[4.68544,46.70363],[4.68511,46.70368],[4.68422,46.70393],[4.68433,46.70415],[4.68455,46.70441],[4.68483,46.70456],[4.68508,46.70484],[4.68524,46.70502],[4.68551,46.70549],[4.68569,46.7057],[4.68602,46.70599],[4.68626,46.70615],[4.68637,46.70616],[4.68669,46.70608],[4.68757,46.70606],[4.6876,46.70584],[4.68756,46.7054],[4.68766,46.70505]]]}},{"type":"Feature","properties":{"id":"climat-montagny-premier-cru-l-epaule","kind":"climat","level":"premier-cru","name":"L'Epaule","full":"Montagny premier cru L'Epaule","app":"Montagny","region":"cote-chalonnaise","communes":["Montagny-lès-Buxy"],"area_ha":4.72,"elev":[284.1,302.7,332.6],"slope":8.9,"slope_pct":15.6,"aspect":80,"aspect_label":"E","aspect_hist":[0.001,0.234,0.753,0.013,0.0,0.0,0.0,0.0],"village":"montagny","white":true},"geometry":{"type":"Polygon","coordinates":[[[4.67887,46.70087],[4.67849,46.70059],[4.67851,46.70058],[4.6784,46.70035],[4.67808,46.69986],[4.67747,46.70012],[4.67671,46.70035],[4.67686,46.7006],[4.67693,46.70083],[4.6767,46.70085],[4.67656,46.70059],[4.676,46.70074],[4.67626,46.70136],[4.6755,46.70147],[4.67527,46.70104],[4.67481,46.7012],[4.67471,46.70126],[4.67488,46.70136],[4.67528,46.70173],[4.67541,46.7019],[4.67576,46.70216],[4.67607,46.70202],[4.67625,46.70196],[4.67651,46.70183],[4.67662,46.7018],[4.67624,46.70198],[4.67585,46.70212],[4.67604,46.70228],[4.67675,46.70273],[4.67765,46.70245],[4.67759,46.70235],[4.678,46.70222],[4.6784,46.70205],[4.678,46.70181],[4.67813,46.70173],[4.67782,46.70145],[4.67851,46.70112],[4.67887,46.70087]]]}},{"type":"Feature","properties":{"id":"climat-rully-premier-cru-raclot","kind":"climat","level":"premier-cru","name":"Raclot","full":"Rully premier cru Raclot","app":"Rully","region":"cote-chalonnaise","communes":["Rully"],"area_ha":4.72,"elev":[254.8,281.6,320.1],"slope":17.9,"slope_pct":32.6,"aspect":110,"aspect_label":"ESE","aspect_hist":[0.0,0.002,0.494,0.503,0.0,0.0,0.0,0.0],"village":"rully","white":true},"geometry":{"type":"MultiPolygon","coordinates":[[[[4.73212,46.87785],[4.73163,46.8773],[4.73135,46.87674],[4.73065,46.87702],[4.73062,46.87693],[4.73054,46.87697],[4.73022,46.87662],[4.73011,46.87644],[4.73065,46.8763],[4.73059,46.87621],[4.72965,46.87644],[4.72965,46.87637],[4.73079,46.87607],[4.73077,46.87603],[4.72999,46.87623],[4.72921,46.87639],[4.72924,46.87648],[4.72918,46.87649],[4.7292,46.87655],[4.72925,46.87655],[4.72929,46.87665],[4.72925,46.87666],[4.72928,46.87671],[4.7294,46.87689],[4.72937,46.8769],[4.72938,46.87693],[4.72933,46.87694],[4.72934,46.877],[4.72924,46.87704],[4.72957,46.87745],[4.72968,46.87765],[4.72986,46.87789],[4.73009,46.8778],[4.73022,46.87795],[4.73008,46.87801],[4.73013,46.87806],[4.73026,46.87801],[4.73029,46.87803],[4.73023,46.87805],[4.73042,46.8782],[4.73036,46.87823],[4.73051,46.87835],[4.73056,46.87833],[4.73062,46.87834],[4.7309,46.8782],[4.73096,46.87826],[4.73212,46.87785]]],[[[4.73022,46.87608],[4.72968,46.8751],[4.72926,46.87517],[4.72907,46.87481],[4.72904,46.87462],[4.72911,46.87461],[4.72904,46.8744],[4.72876,46.87448],[4.7284,46.87455],[4.72836,46.87459],[4.72839,46.87477],[4.72795,46.87483],[4.72804,46.87516],[4.72801,46.87516],[4.72805,46.87535],[4.72793,46.87533],[4.72804,46.87547],[4.72814,46.87569],[4.72827,46.87574],[4.72832,46.8758],[4.72838,46.87579],[4.72855,46.87601],[4.72908,46.87594],[4.72911,46.87601],[4.72933,46.87597],[4.72939,46.87616],[4.72914,46.87619],[4.72917,46.87629],[4.72959,46.87623],[4.73022,46.87608]]]]}},{"type":"Feature","properties":{"id":"climat-givry-premier-cru-clos-charle","kind":"climat","level":"premier-cru","name":"Clos Charlé","full":"Givry premier cru Clos Charlé","app":"Givry","region":"cote-chalonnaise","communes":["Givry"],"area_ha":4.67,"elev":[225.1,235.1,245.6],"slope":5.3,"slope_pct":9.4,"aspect":147,"aspect_label":"SSE","aspect_hist":[0.001,0.006,0.014,0.695,0.265,0.012,0.003,0.003],"village":null,"white":true},"geometry":{"type":"MultiPolygon","coordinates":[[[[4.7466,46.78906],[4.74588,46.78795],[4.74513,46.7867],[4.74457,46.78601],[4.74453,46.78593],[4.74395,46.78611],[4.74306,46.78632],[4.74321,46.78731],[4.74344,46.7874],[4.74349,46.78747],[4.74407,46.78796],[4.74413,46.78797],[4.74411,46.78801],[4.74426,46.78836],[4.74437,46.78845],[4.74473,46.78864],[4.74504,46.78875],[4.74526,46.78887],[4.74531,46.78893],[4.74583,46.78886],[4.74598,46.78885],[4.74618,46.78892],[4.74638,46.78908],[4.74648,46.7891],[4.7466,46.78906]]],[[[4.74267,46.78677],[4.74264,46.78645],[4.74223,46.78659],[4.74226,46.787],[4.74266,46.78707],[4.74267,46.78677]]]]}},{"type":"Feature","properties":{"id":"climat-mercurey-premier-cru-la-bondue","kind":"climat","level":"premier-cru","name":"La Bondue","full":"Mercurey premier cru La Bondue","app":"Mercurey","region":"cote-chalonnaise","communes":["Mercurey"],"area_ha":4.57,"elev":[238.9,252.7,272.6],"slope":7.8,"slope_pct":13.8,"aspect":88,"aspect_label":"E","aspect_hist":[0.001,0.12,0.845,0.034,0.001,0.0,0.0,0.0],"village":null,"white":true},"geometry":{"type":"MultiPolygon","coordinates":[[[[4.71641,46.83424],[4.71455,46.83259],[4.71434,46.8326],[4.71434,46.83263],[4.71371,46.83245],[4.71313,46.83253],[4.71326,46.83279],[4.71319,46.83327],[4.71335,46.83353],[4.71365,46.83389],[4.71427,46.83421],[4.71469,46.83451],[4.71475,46.83453],[4.7156,46.83429],[4.71641,46.83424]]],[[[4.71641,46.83516],[4.71618,46.83486],[4.71559,46.83433],[4.71471,46.83458],[4.71407,46.83481],[4.71448,46.83526],[4.71472,46.83544],[4.71506,46.83564],[4.71641,46.83516]]]]}},{"type":"Feature","properties":{"id":"climat-givry-premier-cru-clos-marole","kind":"climat","level":"premier-cru","name":"Clos Marole","full":"Givry premier cru Clos Marole","app":"Givry","region":"cote-chalonnaise","communes":["Givry"],"area_ha":4.5,"elev":[234.4,258.9,299.6],"slope":8.0,"slope_pct":14.2,"aspect":111,"aspect_label":"ESE","aspect_hist":[0.002,0.054,0.363,0.57,0.011,0.001,0.0,0.0],"village":null,"white":true},"geometry":{"type":"Polygon","coordinates":[[[4.73758,46.78651],[4.73778,46.78598],[4.7377,46.78594],[4.73733,46.78609],[4.73629,46.78645],[4.73614,46.78646],[4.73561,46.78665],[4.73578,46.78686],[4.73353,46.78752],[4.7336,46.78802],[4.73288,46.78805],[4.73286,46.78818],[4.73293,46.78836],[4.733,46.78841],[4.73409,46.78819],[4.73439,46.78861],[4.73511,46.78841],[4.73592,46.78812],[4.7368,46.78766],[4.73709,46.78739],[4.73729,46.78702],[4.73741,46.78695],[4.73772,46.78684],[4.73773,46.78678],[4.73758,46.78651]]]}},{"type":"Feature","properties":{"id":"climat-montagny-premier-cru-creux-de-beaux-champs","kind":"climat","level":"premier-cru","name":"Creux de Beaux Champs","full":"Montagny premier cru Creux de Beaux Champs","app":"Montagny","region":"cote-chalonnaise","communes":["Montagny-lès-Buxy"],"area_ha":4.48,"elev":[292.6,319.2,337.2],"slope":11.1,"slope_pct":19.6,"aspect":93,"aspect_label":"E","aspect_hist":[0.001,0.064,0.773,0.162,0.0,0.0,0.0,0.0],"village":"montagny","white":true},"geometry":{"type":"Polygon","coordinates":[[[4.6779,46.69993],[4.6777,46.69976],[4.67765,46.69979],[4.67719,46.69949],[4.67675,46.69967],[4.67662,46.69954],[4.67647,46.69946],[4.6764,46.69928],[4.67631,46.69867],[4.67601,46.69867],[4.67551,46.69877],[4.67527,46.69885],[4.6746,46.699],[4.67462,46.69922],[4.67473,46.69965],[4.67455,46.70046],[4.67453,46.70118],[4.67471,46.70126],[4.67481,46.7012],[4.67527,46.70104],[4.6755,46.70147],[4.67626,46.70136],[4.676,46.70074],[4.67656,46.70059],[4.6767,46.70085],[4.67693,46.70083],[4.67686,46.7006],[4.67671,46.70035],[4.67735,46.70016],[4.6779,46.69993]]]}},{"type":"Feature","properties":{"id":"climat-givry-premier-cru-en-veau","kind":"climat","level":"premier-cru","name":"En Veau","full":"Givry premier cru En Veau","app":"Givry","region":"cote-chalonnaise","communes":["Givry"],"area_ha":4.48,"elev":[253.2,269.1,290.4],"slope":8.6,"slope_pct":15.2,"aspect":135,"aspect_label":"SE","aspect_hist":[0.01,0.132,0.22,0.418,0.218,0.002,0.001,0.0],"village":null,"white":true},"geometry":{"type":"Polygon","coordinates":[[[4.73707,46.79048],[4.73707,46.79029],[4.73693,46.7904],[4.7365,46.79003],[4.73611,46.79052],[4.73604,46.7905],[4.73592,46.7906],[4.73594,46.79055],[4.73607,46.79044],[4.73646,46.78998],[4.73655,46.78981],[4.7368,46.78974],[4.7368,46.78951],[4.73672,46.78927],[4.73704,46.78916],[4.73701,46.78913],[4.73653,46.78927],[4.73701,46.78912],[4.73695,46.78906],[4.73581,46.78938],[4.73578,46.78929],[4.73563,46.78932],[4.73554,46.78914],[4.73653,46.789],[4.73615,46.78843],[4.73574,46.78861],[4.73548,46.78844],[4.73542,46.78833],[4.735,46.78848],[4.73419,46.78869],[4.73383,46.7888],[4.73358,46.78891],[4.73326,46.78911],[4.73307,46.78914],[4.7331,46.78932],[4.73377,46.78927],[4.7339,46.78952],[4.73354,46.78973],[4.73396,46.78992],[4.73421,46.78997],[4.7343,46.78994],[4.73466,46.78958],[4.73482,46.7898],[4.73487,46.78996],[4.73525,46.79032],[4.73557,46.79048],[4.73567,46.79058],[4.73573,46.79072],[4.73596,46.79095],[4.73587,46.79098],[4.73597,46.79112],[4.73681,46.79104],[4.7369,46.79088],[4.73693,46.79064],[4.73702,46.7906],[4.73707,46.79048]]]}},{"type":"Feature","properties":{"id":"climat-mercurey-premier-cru-la-chassiere","kind":"climat","level":"premier-cru","name":"La Chassière","full":"Mercurey premier cru La Chassière","app":"Mercurey","region":"cote-chalonnaise","communes":["Saint-Martin-sous-Montaigu"],"area_ha":4.42,"elev":[241.3,249.9,264.3],"slope":7.0,"slope_pct":12.4,"aspect":132,"aspect_label":"SE","aspect_hist":[0.001,0.0,0.125,0.874,0.001,0.0,0.0,0.0],"village":null,"white":true},"geometry":{"type":"Polygon","coordinates":[[[4.71416,46.81842],[4.71485,46.81881],[4.71483,46.81883],[4.71494,46.81891],[4.71498,46.81887],[4.71537,46.81908],[4.71635,46.81965],[4.71678,46.81993],[4.71806,46.81872],[4.71779,46.81865],[4.71724,46.81828],[4.71636,46.81792],[4.71582,46.81758],[4.71529,46.81731],[4.71446,46.81762],[4.71409,46.81785],[4.71398,46.81797],[4.71397,46.81814],[4.71409,46.8183],[4.71417,46.81833],[4.71416,46.81842]]]}},{"type":"Feature","properties":{"id":"climat-montagny-premier-cru-les-jardins","kind":"climat","level":"premier-cru","name":"Les Jardins","full":"Montagny premier cru Les Jardins","app":"Montagny","region":"cote-chalonnaise","communes":["Montagny-lès-Buxy"],"area_ha":4.34,"elev":[298.2,311.9,325.9],"slope":5.5,"slope_pct":9.7,"aspect":357,"aspect_label":"N","aspect_hist":[0.432,0.301,0.008,0.0,0.0,0.0,0.008,0.251],"village":"montagny","white":true},"geometry":{"type":"Polygon","coordinates":[[[4.68169,46.69861],[4.6815,46.69775],[4.68121,46.69777],[4.68115,46.69714],[4.68098,46.69714],[4.68087,46.69715],[4.68084,46.69713],[4.68064,46.69712],[4.6799,46.69719],[4.67965,46.69724],[4.67903,46.69743],[4.67865,46.69749],[4.67876,46.69793],[4.67896,46.69843],[4.67871,46.69849],[4.67874,46.6986],[4.67904,46.6991],[4.67943,46.6996],[4.67947,46.69955],[4.68006,46.69974],[4.68038,46.69979],[4.68043,46.69949],[4.68046,46.69857],[4.68092,46.69857],[4.68095,46.6987],[4.68169,46.69861]]]}},{"type":"Feature","properties":{"id":"climat-montagny-premier-cru-le-cloux","kind":"climat","level":"premier-cru","name":"Le Cloux","full":"Montagny premier cru Le Cloux","app":"Montagny","region":"cote-chalonnaise","communes":["Montagny-lès-Buxy"],"area_ha":4.34,"elev":[328.8,352.6,378.6],"slope":10.7,"slope_pct":19.0,"aspect":135,"aspect_label":"SE","aspect_hist":[0.0,0.0,0.006,0.987,0.006,0.001,0.0,0.0],"village":"montagny","white":true},"geometry":{"type":"Polygon","coordinates":[[[4.6746,46.69509],[4.67411,46.69487],[4.67359,46.69456],[4.67348,46.69443],[4.67328,46.69409],[4.673,46.69384],[4.67236,46.69407],[4.67002,46.69507],[4.67016,46.6952],[4.67082,46.69601],[4.67154,46.69579],[4.67171,46.69576],[4.67213,46.69559],[4.67242,46.69578],[4.67257,46.6957],[4.67272,46.69586],[4.67358,46.69547],[4.67354,46.69543],[4.67392,46.69517],[4.67413,46.6953],[4.6744,46.69542],[4.6746,46.69509]]]}},{"type":"Feature","properties":{"id":"climat-givry-premier-cru-clos-de-la-baraude","kind":"climat","level":"premier-cru","name":"Clos de la Baraude","full":"Givry premier cru Clos de la Baraude","app":"Givry","region":"cote-chalonnaise","communes":["Givry"],"area_ha":4.22,"elev":[242.6,258.7,291.1],"slope":10.4,"slope_pct":18.6,"aspect":120,"aspect_label":"ESE","aspect_hist":[0.0,0.008,0.295,0.684,0.012,0.0,0.0,0.0],"village":null,"white":true},"geometry":{"type":"Polygon","coordinates":[[[4.72852,46.77998],[4.72928,46.77961],[4.72918,46.77943],[4.72924,46.77942],[4.72909,46.7792],[4.72871,46.77934],[4.7285,46.77893],[4.72846,46.77894],[4.72835,46.7788],[4.72887,46.7786],[4.72865,46.77838],[4.72849,46.77827],[4.72747,46.77784],[4.72736,46.77788],[4.72691,46.77817],[4.72708,46.77828],[4.7258,46.77887],[4.72595,46.77903],[4.72589,46.77906],[4.72595,46.77914],[4.72607,46.7792],[4.72619,46.77913],[4.72625,46.77916],[4.72604,46.77932],[4.72581,46.77964],[4.7263,46.77988],[4.72669,46.77967],[4.72719,46.78003],[4.72756,46.78036],[4.72789,46.78027],[4.72838,46.7801],[4.72834,46.78002],[4.72836,46.77995],[4.72838,46.78],[4.72852,46.77998]]]}},{"type":"Feature","properties":{"id":"climat-montagny-premier-cru-vignes-saint-pierre","kind":"climat","level":"premier-cru","name":"Vignes Saint-Pierre","full":"Montagny premier cru Vignes Saint-Pierre","app":"Montagny","region":"cote-chalonnaise","communes":["Montagny-lès-Buxy"],"area_ha":4.14,"elev":[299.3,319.9,339.9],"slope":8.0,"slope_pct":14.1,"aspect":204,"aspect_label":"SSW","aspect_hist":[0.0,0.002,0.01,0.059,0.324,0.605,0.0,0.0],"village":"montagny","white":true},"geometry":{"type":"MultiPolygon","coordinates":[[[[4.67565,46.70831],[4.67483,46.70765],[4.67505,46.70756],[4.67498,46.70747],[4.67482,46.70712],[4.67419,46.70713],[4.67415,46.70747],[4.67407,46.70768],[4.67438,46.70793],[4.67413,46.70811],[4.67384,46.70826],[4.6737,46.70837],[4.67366,46.70843],[4.67369,46.70846],[4.6736,46.70865],[4.67352,46.70869],[4.67299,46.7088],[4.67274,46.70908],[4.67229,46.7094],[4.672,46.70964],[4.67183,46.70986],[4.67182,46.70995],[4.67264,46.71052],[4.67342,46.70991],[4.67525,46.70873],[4.67545,46.70856],[4.67565,46.70831]]],[[[4.67531,46.70951],[4.67495,46.70908],[4.67455,46.70933],[4.67466,46.70947],[4.6748,46.7094],[4.67501,46.70967],[4.67531,46.70951]]]]}},{"type":"Feature","properties":{"id":"climat-mercurey-premier-cru-les-saumonts","kind":"climat","level":"premier-cru","name":"Les Saumonts","full":"Mercurey premier cru Les Saumonts","app":"Mercurey","region":"cote-chalonnaise","communes":["Mercurey"],"area_ha":4.1,"elev":[288.6,312.5,337.8],"slope":12.1,"slope_pct":21.6,"aspect":188,"aspect_label":"S","aspect_hist":[0.0,0.0,0.001,0.109,0.552,0.335,0.003,0.0],"village":null,"white":true},"geometry":{"type":"MultiPolygon","coordinates":[[[[4.71389,46.84551],[4.71293,46.84531],[4.71264,46.8458],[4.71272,46.84601],[4.7127,46.84656],[4.71262,46.84719],[4.7128,46.84724],[4.71352,46.84731],[4.71361,46.84667],[4.71373,46.84634],[4.71389,46.84551]]],[[[4.71352,46.84731],[4.7128,46.84724],[4.71261,46.84719],[4.7127,46.84656],[4.71271,46.84601],[4.71268,46.84594],[4.71255,46.84598],[4.71254,46.84595],[4.71241,46.84609],[4.71199,46.84621],[4.71165,46.84626],[4.71143,46.84627],[4.71069,46.8462],[4.71031,46.84621],[4.71025,46.84637],[4.71142,46.84688],[4.71156,46.84688],[4.71145,46.84706],[4.71132,46.8478],[4.71201,46.8479],[4.71243,46.84785],[4.71297,46.84774],[4.71318,46.84768],[4.71347,46.84748],[4.71352,46.84731]]]]}},{"type":"Feature","properties":{"id":"climat-mercurey-premier-cru-les-naugues","kind":"climat","level":"premier-cru","name":"Les Naugues","full":"Mercurey premier cru Les Naugues","app":"Mercurey","region":"cote-chalonnaise","communes":["Mercurey"],"area_ha":4.07,"elev":[242.8,250.5,261.8],"slope":5.6,"slope_pct":9.9,"aspect":194,"aspect_label":"SSW","aspect_hist":[0.0,0.0,0.0,0.004,0.742,0.237,0.018,0.0],"village":null,"white":true},"geometry":{"type":"MultiPolygon","coordinates":[[[[4.72759,46.83733],[4.72748,46.83718],[4.72744,46.83707],[4.72731,46.837],[4.72719,46.837],[4.72628,46.83737],[4.72509,46.83781],[4.7245,46.83802],[4.72397,46.83817],[4.72351,46.83835],[4.72397,46.8391],[4.72467,46.83888],[4.72553,46.83866],[4.72719,46.83828],[4.72718,46.83826],[4.72739,46.83819],[4.72747,46.83814],[4.72756,46.83796],[4.72759,46.83733]]],[[[4.72364,46.83919],[4.72319,46.83849],[4.72279,46.83864],[4.72214,46.83884],[4.72232,46.83929],[4.72273,46.83934],[4.72287,46.83933],[4.72308,46.83931],[4.72364,46.83919]]]]}},{"type":"Feature","properties":{"id":"climat-montagny-premier-cru-la-moulliere","kind":"climat","level":"premier-cru","name":"La Moullière","full":"Montagny premier cru La Moullière","app":"Montagny","region":"cote-chalonnaise","communes":["Saint-Vallerin"],"area_ha":4.02,"elev":[288.7,298.2,308.3],"slope":4.6,"slope_pct":8.0,"aspect":176,"aspect_label":"S","aspect_hist":[0.0,0.007,0.007,0.104,0.739,0.142,0.001,0.0],"village":"montagny","white":true},"geometry":{"type":"Polygon","coordinates":[[[4.68167,46.69283],[4.68123,46.69229],[4.68102,46.69208],[4.67968,46.69105],[4.67937,46.69111],[4.67909,46.69119],[4.67836,46.69135],[4.67937,46.69342],[4.67984,46.69354],[4.68007,46.69354],[4.68123,46.69308],[4.68167,46.69283]]]}},{"type":"Feature","properties":{"id":"climat-givry-premier-cru-la-plante","kind":"climat","level":"premier-cru","name":"La Plante","full":"Givry premier cru La Plante","app":"Givry","region":"cote-chalonnaise","communes":["Jambles"],"area_ha":3.96,"elev":[287.0,309.3,334.1],"slope":10.9,"slope_pct":19.3,"aspect":198,"aspect_label":"SSW","aspect_hist":[0.001,0.001,0.002,0.03,0.568,0.392,0.007,0.001],"village":null,"white":true},"geometry":{"type":"Polygon","coordinates":[[[4.71365,46.77093],[4.71344,46.77052],[4.71334,46.77053],[4.71275,46.77071],[4.71253,46.7708],[4.7125,46.7708],[4.71249,46.77077],[4.71229,46.7708],[4.71228,46.77079],[4.71118,46.77114],[4.7111,46.77118],[4.71122,46.77148],[4.71108,46.77153],[4.71093,46.77133],[4.71043,46.77188],[4.70972,46.77227],[4.70947,46.77257],[4.70948,46.77263],[4.70956,46.77265],[4.70967,46.77254],[4.70994,46.77298],[4.71008,46.77313],[4.71038,46.77311],[4.71113,46.77293],[4.71138,46.77283],[4.71148,46.77277],[4.71152,46.77271],[4.71174,46.77266],[4.71196,46.77273],[4.71209,46.77283],[4.71259,46.77297],[4.71272,46.7729],[4.71258,46.77272],[4.7123,46.77251],[4.71219,46.77238],[4.71199,46.77205],[4.71187,46.77178],[4.71196,46.77176],[4.71257,46.77153],[4.7126,46.77163],[4.71301,46.77141],[4.71365,46.77093]]]}},{"type":"Feature","properties":{"id":"climat-mercurey-premier-cru-les-crets","kind":"climat","level":"premier-cru","name":"Les Crêts","full":"Mercurey premier cru Les Crêts","app":"Mercurey","region":"cote-chalonnaise","communes":["Mercurey"],"area_ha":3.89,"elev":[252.4,264.8,295.6],"slope":11.0,"slope_pct":19.8,"aspect":186,"aspect_label":"S","aspect_hist":[0.0,0.0,0.0,0.001,0.938,0.06,0.002,0.0],"village":null,"white":true},"geometry":{"type":"Polygon","coordinates":[[[4.72721,46.83964],[4.72837,46.83944],[4.72812,46.83893],[4.72753,46.83825],[4.72577,46.83863],[4.72463,46.83894],[4.7241,46.83911],[4.72476,46.83993],[4.72494,46.84022],[4.72556,46.84005],[4.72594,46.84005],[4.72586,46.83977],[4.72641,46.83974],[4.72721,46.83966],[4.72721,46.83964]]]}},{"type":"Feature","properties":{"id":"climat-givry-premier-cru-le-pied-de-chaume","kind":"climat","level":"premier-cru","name":"Le Pied de Chaume","full":"Givry premier cru Le Pied de Chaume","app":"Givry","region":"cote-chalonnaise","communes":["Givry"],"area_ha":3.79,"elev":[226.7,233.5,245.9],"slope":5.4,"slope_pct":9.4,"aspect":119,"aspect_label":"ESE","aspect_hist":[0.0,0.003,0.225,0.763,0.008,0.0,0.0,0.0],"village":null,"white":true},"geometry":{"type":"Polygon","coordinates":[[[4.74929,46.79057],[4.74984,46.7904],[4.74966,46.79013],[4.74949,46.78983],[4.74958,46.78979],[4.74881,46.78897],[4.74848,46.78868],[4.74828,46.78836],[4.74678,46.78895],[4.74707,46.78931],[4.74702,46.78934],[4.74709,46.78945],[4.74715,46.78949],[4.74718,46.78947],[4.74745,46.7898],[4.74764,46.79033],[4.74765,46.79069],[4.7479,46.79115],[4.74934,46.79063],[4.74929,46.79057]]]}},{"type":"Feature","properties":{"id":"climat-rully-premier-cru-chapitre","kind":"climat","level":"premier-cru","name":"Chapitre","full":"Rully premier cru Chapitre","app":"Rully","region":"cote-chalonnaise","communes":["Rully"],"area_ha":3.79,"elev":[223.6,227.5,233.2],"slope":2.3,"slope_pct":4.1,"aspect":123,"aspect_label":"ESE","aspect_hist":[0.0,0.003,0.329,0.613,0.043,0.008,0.0,0.004],"village":"rully","white":true},"geometry":{"type":"Polygon","coordinates":[[[4.73766,46.87575],[4.73753,46.87527],[4.73748,46.87521],[4.73741,46.87521],[4.73714,46.87514],[4.73635,46.87464],[4.73417,46.87574],[4.73461,46.87583],[4.7349,46.87597],[4.7356,46.87658],[4.73575,46.87667],[4.73623,46.87689],[4.73648,46.8772],[4.7366,46.87725],[4.73684,46.87721],[4.73723,46.87696],[4.73706,46.87681],[4.73702,46.87682],[4.73676,46.87657],[4.73699,46.87645],[4.73696,46.8764],[4.73742,46.87625],[4.7374,46.87622],[4.73743,46.87621],[4.73717,46.87593],[4.73766,46.87575]],[[4.73745,46.87528],[4.73737,46.87532],[4.73734,46.87528],[4.73742,46.87525],[4.73745,46.87528]]]}},{"type":"Feature","properties":{"id":"climat-rully-premier-cru-la-fosse","kind":"climat","level":"premier-cru","name":"La Fosse","full":"Rully premier cru La Fosse","app":"Rully","region":"cote-chalonnaise","communes":["Rully"],"area_ha":3.64,"elev":[226.2,231.2,243.3],"slope":4.3,"slope_pct":7.6,"aspect":133,"aspect_label":"SE","aspect_hist":[0.001,0.005,0.196,0.707,0.09,0.001,0.0,0.0],"village":"rully","white":true},"geometry":{"type":"Polygon","coordinates":[[[4.73932,46.87922],[4.73927,46.87915],[4.73911,46.87921],[4.73878,46.87874],[4.73823,46.87812],[4.73924,46.87774],[4.73921,46.8777],[4.73926,46.87768],[4.73906,46.87747],[4.73902,46.87749],[4.73884,46.87733],[4.7379,46.87773],[4.73779,46.8775],[4.73773,46.87743],[4.7386,46.87709],[4.73826,46.87675],[4.73741,46.87718],[4.73759,46.8773],[4.73694,46.87763],[4.73675,46.87869],[4.73678,46.87901],[4.73692,46.87917],[4.73715,46.87928],[4.73721,46.8792],[4.73769,46.87926],[4.73751,46.87886],[4.73774,46.87905],[4.73819,46.87936],[4.73779,46.87957],[4.73854,46.88016],[4.7387,46.88008],[4.7387,46.88],[4.73851,46.87982],[4.739,46.87963],[4.73884,46.87944],[4.7384,46.8796],[4.73836,46.87954],[4.73932,46.87922]]]}},{"type":"Feature","properties":{"id":"climat-montagny-premier-cru-les-paquiers","kind":"climat","level":"premier-cru","name":"Les Paquiers","full":"Montagny premier cru Les Paquiers","app":"Montagny","region":"cote-chalonnaise","communes":["Montagny-lès-Buxy","Saint-Vallerin"],"area_ha":3.61,"elev":[299.2,308.4,320.8],"slope":5.2,"slope_pct":9.2,"aspect":184,"aspect_label":"S","aspect_hist":[0.0,0.0,0.0,0.101,0.54,0.341,0.017,0.0],"village":"montagny","white":true},"geometry":{"type":"Polygon","coordinates":[[[4.67813,46.69392],[4.67777,46.69317],[4.67717,46.69317],[4.67716,46.69377],[4.67691,46.69377],[4.67703,46.6943],[4.67723,46.69427],[4.67733,46.69467],[4.67756,46.69464],[4.67766,46.69507],[4.67817,46.69504],[4.67858,46.69509],[4.67873,46.69509],[4.67954,46.69473],[4.67969,46.69461],[4.67975,46.69446],[4.67971,46.69402],[4.67975,46.69394],[4.67998,46.69366],[4.67992,46.69363],[4.67964,46.69359],[4.67862,46.69326],[4.67831,46.69321],[4.6778,46.69319],[4.67813,46.69392]]]}},{"type":"Feature","properties":{"id":"climat-montagny-premier-cru-sainte-morille","kind":"climat","level":"premier-cru","name":"Sainte-Morille","full":"Montagny premier cru Sainte-Morille","app":"Montagny","region":"cote-chalonnaise","communes":["Montagny-lès-Buxy"],"area_ha":3.46,"elev":[353.4,367.1,379.0],"slope":7.5,"slope_pct":13.1,"aspect":102,"aspect_label":"ESE","aspect_hist":[0.0,0.058,0.587,0.354,0.001,0.0,0.0,0.0],"village":"montagny","white":true},"geometry":{"type":"Polygon","coordinates":[[[4.67432,46.697],[4.67382,46.6962],[4.67358,46.69629],[4.67308,46.69639],[4.67279,46.69595],[4.67257,46.6957],[4.67242,46.69578],[4.67213,46.69559],[4.67171,46.69576],[4.67154,46.69579],[4.67082,46.69601],[4.6711,46.69623],[4.67161,46.69675],[4.67182,46.6971],[4.67212,46.69744],[4.67221,46.69759],[4.67227,46.6979],[4.67235,46.69793],[4.67255,46.69787],[4.67338,46.69753],[4.67432,46.697]]]}},{"type":"Feature","properties":{"id":"climat-montagny-premier-cru-les-vignes-des-pres","kind":"climat","level":"premier-cru","name":"Les Vignes des Prés","full":"Montagny premier cru Les Vignes des Prés","app":"Montagny","region":"cote-chalonnaise","communes":["Buxy"],"area_ha":3.4,"elev":[277.6,303.5,322.7],"slope":7.8,"slope_pct":13.7,"aspect":125,"aspect_label":"SE","aspect_hist":[0.0,0.003,0.309,0.651,0.037,0.0,0.0,0.0],"village":"montagny","white":true},"geometry":{"type":"Polygon","coordinates":[[[4.68134,46.71658],[4.6818,46.71697],[4.68229,46.71718],[4.68307,46.71684],[4.68339,46.71673],[4.68348,46.71667],[4.6835,46.71662],[4.68533,46.71599],[4.68605,46.716],[4.68623,46.71598],[4.68627,46.71594],[4.68573,46.71596],[4.68553,46.71589],[4.68543,46.71583],[4.6852,46.7156],[4.68511,46.71557],[4.68492,46.71539],[4.6845,46.7155],[4.6841,46.71566],[4.68397,46.71568],[4.68403,46.71578],[4.68316,46.71598],[4.68298,46.71553],[4.68152,46.71585],[4.68132,46.71592],[4.68134,46.71596],[4.68089,46.71609],[4.68134,46.71658]]]}},{"type":"Feature","properties":{"id":"climat-montagny-premier-cru-cornevent","kind":"climat","level":"premier-cru","name":"Cornevent","full":"Montagny premier cru Cornevent","app":"Montagny","region":"cote-chalonnaise","communes":["Buxy"],"area_ha":3.31,"elev":[277.3,287.6,306.4],"slope":7.2,"slope_pct":12.6,"aspect":107,"aspect_label":"ESE","aspect_hist":[0.001,0.061,0.559,0.371,0.008,0.0,0.0,0.0],"village":"montagny","white":true},"geometry":{"type":"Polygon","coordinates":[[[4.69604,46.71898],[4.69552,46.71917],[4.69525,46.71935],[4.69526,46.71937],[4.69504,46.71947],[4.69395,46.71979],[4.69363,46.71999],[4.69359,46.72004],[4.69422,46.7203],[4.69474,46.72062],[4.69507,46.72078],[4.69539,46.72087],[4.69662,46.72109],[4.69722,46.72107],[4.69604,46.71898]]]}},{"type":"Feature","properties":{"id":"climat-givry-premier-cru-le-vigron","kind":"climat","level":"premier-cru","name":"Le Vigron","full":"Givry premier cru Le Vigron","app":"Givry","region":"cote-chalonnaise","communes":["Givry"],"area_ha":3.3,"elev":[253.5,264.3,286.0],"slope":6.8,"slope_pct":12.1,"aspect":138,"aspect_label":"SE","aspect_hist":[0.0,0.0,0.024,0.719,0.254,0.004,0.0,0.0],"village":null,"white":true},"geometry":{"type":"Polygon","coordinates":[[[4.72369,46.77791],[4.72315,46.77656],[4.72337,46.77663],[4.72324,46.77622],[4.72286,46.77628],[4.72269,46.77572],[4.72244,46.77573],[4.72272,46.77629],[4.72277,46.77645],[4.72274,46.77645],[4.72252,46.776],[4.72222,46.77607],[4.72228,46.77617],[4.72166,46.77634],[4.72106,46.77658],[4.72133,46.77682],[4.72137,46.7769],[4.72068,46.77722],[4.7208,46.77733],[4.72077,46.77734],[4.7209,46.77748],[4.72087,46.77751],[4.72092,46.7776],[4.72114,46.77784],[4.72172,46.7777],[4.72186,46.77783],[4.72217,46.77785],[4.72264,46.77794],[4.72266,46.77799],[4.72358,46.77793],[4.72369,46.77791]]]}},{"type":"Feature","properties":{"id":"climat-rully-premier-cru-clos-du-chaigne","kind":"climat","level":"premier-cru","name":"Clos du Chaigne","full":"Rully premier cru Clos du Chaigne","app":"Rully","region":"cote-chalonnaise","communes":["Chagny"],"area_ha":3.25,"elev":[259.8,271.5,289.2],"slope":8.7,"slope_pct":15.4,"aspect":87,"aspect_label":"E","aspect_hist":[0.0,0.067,0.933,0.001,0.0,0.0,0.0,0.0],"village":"rully","white":true},"geometry":{"type":"Polygon","coordinates":[[[4.74472,46.88948],[4.74395,46.88952],[4.74339,46.88961],[4.74338,46.8897],[4.74346,46.89031],[4.74266,46.89037],[4.74281,46.89119],[4.74368,46.89123],[4.74371,46.89154],[4.7441,46.89154],[4.74408,46.89173],[4.74504,46.89168],[4.74503,46.89112],[4.74493,46.88951],[4.74472,46.88948]]]}},{"type":"Feature","properties":{"id":"climat-montagny-premier-cru-la-condemine-du-vieux-chateau","kind":"climat","level":"premier-cru","name":"La Condemine du Vieux Château","full":"Montagny premier cru La Condemine du Vieux Château","app":"Montagny","region":"cote-chalonnaise","communes":["Buxy"],"area_ha":3.25,"elev":[272.7,281.2,290.7],"slope":8.1,"slope_pct":14.3,"aspect":168,"aspect_label":"SSE","aspect_hist":[0.0,0.009,0.05,0.203,0.711,0.026,0.0,0.0],"village":"montagny","white":true},"geometry":{"type":"Polygon","coordinates":[[[4.69236,46.71675],[4.69334,46.71625],[4.69336,46.7162],[4.69322,46.71609],[4.69296,46.71598],[4.69247,46.71586],[4.69234,46.7158],[4.69126,46.71559],[4.6906,46.71557],[4.69019,46.71567],[4.68995,46.71566],[4.68939,46.7157],[4.68931,46.71574],[4.68936,46.71585],[4.68933,46.71594],[4.68887,46.71603],[4.6888,46.71602],[4.68899,46.7164],[4.6891,46.71672],[4.68996,46.71666],[4.69046,46.71657],[4.69174,46.71648],[4.69163,46.71679],[4.69162,46.71698],[4.69236,46.71675]]]}},{"type":"Feature","properties":{"id":"climat-montagny-premier-cru-les-macles","kind":"climat","level":"premier-cru","name":"Les Macles","full":"Montagny premier cru Les Macles","app":"Montagny","region":"cote-chalonnaise","communes":["Montagny-lès-Buxy"],"area_ha":3.19,"elev":[355.5,372.9,393.6],"slope":11.5,"slope_pct":20.4,"aspect":84,"aspect_label":"E","aspect_hist":[0.0,0.052,0.939,0.009,0.0,0.0,0.0,0.0],"village":"montagny","white":true},"geometry":{"type":"Polygon","coordinates":[[[4.67301,46.70011],[4.67298,46.69981],[4.67242,46.6999],[4.67232,46.69875],[4.67289,46.69873],[4.67272,46.69789],[4.67198,46.69825],[4.67138,46.69844],[4.67123,46.69852],[4.671,46.69869],[4.67092,46.69882],[4.67103,46.6991],[4.67111,46.69952],[4.67097,46.69998],[4.67115,46.69998],[4.67112,46.70021],[4.67202,46.70017],[4.67188,46.7006],[4.67219,46.70066],[4.67204,46.70096],[4.67267,46.70111],[4.67298,46.70048],[4.67301,46.70011]]]}},{"type":"Feature","properties":{"id":"climat-givry-premier-cru-champ-nalot","kind":"climat","level":"premier-cru","name":"Champ Nalot","full":"Givry premier cru Champ Nalot","app":"Givry","region":"cote-chalonnaise","communes":["Givry"],"area_ha":3.18,"elev":[226.7,235.1,247.4],"slope":6.1,"slope_pct":10.7,"aspect":115,"aspect_label":"ESE","aspect_hist":[0.0,0.004,0.444,0.539,0.013,0.0,0.0,0.0],"village":null,"white":true},"geometry":{"type":"Polygon","coordinates":[[[4.74963,46.7925],[4.75094,46.79199],[4.75028,46.79114],[4.75054,46.79106],[4.75038,46.7908],[4.75031,46.79071],[4.74984,46.7904],[4.74929,46.79057],[4.74934,46.79063],[4.7479,46.79115],[4.74805,46.79143],[4.74811,46.79141],[4.74822,46.79153],[4.74877,46.79242],[4.74896,46.79236],[4.74913,46.79235],[4.74946,46.79226],[4.74963,46.7925]]]}},{"type":"Feature","properties":{"id":"climat-mercurey-premier-cru-les-vasees","kind":"climat","level":"premier-cru","name":"Les Vasées","full":"Mercurey premier cru Les Vasées","app":"Mercurey","region":"cote-chalonnaise","communes":["Mercurey"],"area_ha":3.09,"elev":[237.1,243.7,252.9],"slope":4.3,"slope_pct":7.6,"aspect":185,"aspect_label":"S","aspect_hist":[0.0,0.0,0.0,0.058,0.862,0.08,0.0,0.0],"village":null,"white":true},"geometry":{"type":"Polygon","coordinates":[[[4.72375,46.83817],[4.72466,46.83788],[4.72383,46.83674],[4.72304,46.83698],[4.72249,46.83722],[4.72171,46.83738],[4.72174,46.83786],[4.72169,46.8383],[4.7217,46.83861],[4.72192,46.83884],[4.7224,46.83871],[4.72313,46.83843],[4.72311,46.83841],[4.72345,46.83827],[4.72347,46.83829],[4.72375,46.83817]]]}},{"type":"Feature","properties":{"id":"climat-givry-premier-cru-petit-marole","kind":"climat","level":"premier-cru","name":"Petit Marole","full":"Givry premier cru Petit Marole","app":"Givry","region":"cote-chalonnaise","communes":["Givry"],"area_ha":3.07,"elev":[239.9,250.0,264.1],"slope":5.1,"slope_pct":9.0,"aspect":117,"aspect_label":"ESE","aspect_hist":[0.002,0.034,0.358,0.578,0.025,0.001,0.0,0.002],"village":null,"white":true},"geometry":{"type":"Polygon","coordinates":[[[4.73806,46.78867],[4.73882,46.78815],[4.73779,46.78687],[4.73755,46.78693],[4.73735,46.78702],[4.73717,46.78739],[4.73705,46.78752],[4.73685,46.78767],[4.73596,46.78813],[4.73542,46.78833],[4.73548,46.78844],[4.73574,46.78861],[4.73615,46.78843],[4.7364,46.78883],[4.73655,46.78902],[4.73668,46.78898],[4.73686,46.78889],[4.73709,46.78914],[4.73806,46.78867]]]}},{"type":"Feature","properties":{"id":"climat-mercurey-premier-cru-clos-tonnerre","kind":"climat","level":"premier-cru","name":"Clos Tonnerre","full":"Mercurey premier cru Clos Tonnerre","app":"Mercurey","region":"cote-chalonnaise","communes":["Mercurey"],"area_ha":2.97,"elev":[239.8,244.9,253.0],"slope":3.8,"slope_pct":6.7,"aspect":184,"aspect_label":"S","aspect_hist":[0.0,0.0,0.01,0.027,0.895,0.067,0.002,0.0],"village":null,"white":true},"geometry":{"type":"Polygon","coordinates":[[[4.72182,46.83887],[4.72179,46.83878],[4.72169,46.83865],[4.72163,46.83848],[4.72168,46.83789],[4.72166,46.8374],[4.72139,46.83739],[4.72111,46.83725],[4.72091,46.83722],[4.7206,46.83726],[4.72027,46.83733],[4.71991,46.83747],[4.71933,46.83779],[4.71913,46.83785],[4.7187,46.83805],[4.71891,46.83837],[4.71922,46.83837],[4.71944,46.8383],[4.71973,46.83866],[4.7198,46.8389],[4.72026,46.83875],[4.72032,46.83888],[4.72088,46.83879],[4.72091,46.83891],[4.7213,46.83886],[4.72131,46.83889],[4.72178,46.83892],[4.72182,46.83887]]]}},{"type":"Feature","properties":{"id":"climat-givry-premier-cru-a-vigne-rouge","kind":"climat","level":"premier-cru","name":"A Vigne Rouge","full":"Givry premier cru A Vigne Rouge","app":"Givry","region":"cote-chalonnaise","communes":["Givry"],"area_ha":2.95,"elev":[248.6,256.3,264.8],"slope":4.7,"slope_pct":8.3,"aspect":144,"aspect_label":"SE","aspect_hist":[0.0,0.002,0.043,0.688,0.257,0.01,0.0,0.0],"village":null,"white":true},"geometry":{"type":"Polygon","coordinates":[[[4.72627,46.77786],[4.7268,46.77747],[4.72532,46.7769],[4.72395,46.77622],[4.72341,46.77578],[4.72324,46.77572],[4.72308,46.77571],[4.72337,46.77663],[4.72315,46.77656],[4.72368,46.77789],[4.72436,46.77769],[4.72437,46.77771],[4.72496,46.77761],[4.72523,46.77759],[4.72594,46.77783],[4.72621,46.77784],[4.72627,46.77786]]]}},{"type":"Feature","properties":{"id":"climat-givry-premier-cru-clos-marceaux","kind":"climat","level":"premier-cru","name":"Clos Marceaux","full":"Givry premier cru Clos Marceaux","app":"Givry","region":"cote-chalonnaise","communes":["Givry"],"area_ha":2.95,"elev":[242.5,245.9,250.6],"slope":2.3,"slope_pct":4.0,"aspect":80,"aspect_label":"E","aspect_hist":[0.001,0.304,0.638,0.04,0.017,0.0,0.0,0.0],"village":null,"white":true},"geometry":{"type":"Polygon","coordinates":[[[4.72649,46.77436],[4.72751,46.7741],[4.72746,46.774],[4.72742,46.77401],[4.72739,46.77397],[4.72743,46.77394],[4.727,46.77311],[4.72689,46.7731],[4.72467,46.77375],[4.72453,46.77405],[4.72513,46.77502],[4.72591,46.77478],[4.72609,46.77506],[4.72675,46.77487],[4.72649,46.77436]]]}},{"type":"Feature","properties":{"id":"climat-givry-premier-cru-les-galaffres","kind":"climat","level":"premier-cru","name":"Les Galaffres","full":"Givry premier cru Les Galaffres","app":"Givry","region":"cote-chalonnaise","communes":["Givry"],"area_ha":2.94,"elev":[279.3,293.6,323.0],"slope":11.2,"slope_pct":19.9,"aspect":189,"aspect_label":"S","aspect_hist":[0.0,0.001,0.013,0.17,0.557,0.252,0.008,0.0],"village":null,"white":true},"geometry":{"type":"Polygon","coordinates":[[[4.71639,46.77779],[4.71687,46.77772],[4.7166,46.77725],[4.71625,46.77675],[4.71572,46.77701],[4.7154,46.77722],[4.71513,46.77736],[4.71378,46.77789],[4.7131,46.77819],[4.71314,46.77835],[4.71304,46.7784],[4.71322,46.7791],[4.71354,46.77908],[4.71355,46.77911],[4.71422,46.77902],[4.71408,46.7788],[4.71446,46.77857],[4.71492,46.77838],[4.71498,46.77821],[4.71544,46.778],[4.71539,46.77794],[4.71577,46.7778],[4.71605,46.77815],[4.7163,46.77791],[4.71636,46.7779],[4.71639,46.77779]]]}},{"type":"Feature","properties":{"id":"climat-mercurey-premier-cru-les-fourneaux","kind":"climat","level":"premier-cru","name":"Les Fourneaux","full":"Mercurey premier cru Les Fourneaux","app":"Mercurey","region":"cote-chalonnaise","communes":["Saint-Martin-sous-Montaigu"],"area_ha":2.8,"elev":[236.0,245.6,262.4],"slope":7.6,"slope_pct":13.4,"aspect":134,"aspect_label":"SE","aspect_hist":[0.0,0.003,0.195,0.714,0.089,0.0,0.0,0.0],"village":null,"white":true},"geometry":{"type":"MultiPolygon","coordinates":[[[[4.71908,46.81921],[4.71858,46.81889],[4.71821,46.81941],[4.71804,46.81968],[4.71806,46.81984],[4.71819,46.82004],[4.71849,46.82035],[4.71861,46.82053],[4.71901,46.82032],[4.71977,46.81997],[4.7195,46.81971],[4.71924,46.81936],[4.71908,46.81921]]],[[[4.71731,46.82024],[4.71769,46.82045],[4.71748,46.8206],[4.71774,46.82077],[4.71786,46.82078],[4.71797,46.82082],[4.71798,46.82079],[4.71811,46.82084],[4.71824,46.82083],[4.71849,46.82068],[4.71856,46.82084],[4.71858,46.82084],[4.71854,46.82049],[4.71846,46.82037],[4.71818,46.82008],[4.71801,46.81983],[4.71799,46.81977],[4.71802,46.81963],[4.71843,46.81901],[4.71851,46.81884],[4.71806,46.81872],[4.71686,46.81985],[4.71713,46.82001],[4.71738,46.8202],[4.71731,46.82024]]]]}},{"type":"Feature","properties":{"id":"climat-givry-premier-cru-clos-du-cras-long","kind":"climat","level":"premier-cru","name":"Clos du Cras long","full":"Givry premier cru Clos du Cras long","app":"Givry","region":"cote-chalonnaise","communes":["Givry"],"area_ha":2.78,"elev":[250.5,257.0,265.9],"slope":6.7,"slope_pct":11.7,"aspect":135,"aspect_label":"SE","aspect_hist":[0.002,0.005,0.023,0.924,0.038,0.006,0.003,0.0],"village":null,"white":true},"geometry":{"type":"Polygon","coordinates":[[[4.71925,46.77055],[4.71928,46.77053],[4.71923,46.77035],[4.71913,46.77014],[4.71903,46.76997],[4.71881,46.76969],[4.71875,46.76966],[4.71874,46.76962],[4.71847,46.76937],[4.71765,46.76875],[4.71658,46.76775],[4.71627,46.7676],[4.71607,46.7678],[4.71604,46.76801],[4.71605,46.76807],[4.71616,46.76821],[4.71637,46.76838],[4.71642,46.76847],[4.71649,46.76878],[4.71646,46.76894],[4.71628,46.76928],[4.718,46.77],[4.71874,46.77041],[4.71925,46.77055]]]}},{"type":"Feature","properties":{"id":"climat-montagny-premier-cru-les-vignes-derriere","kind":"climat","level":"premier-cru","name":"Les Vignes Derrière","full":"Montagny premier cru Les Vignes Derrière","app":"Montagny","region":"cote-chalonnaise","communes":["Montagny-lès-Buxy"],"area_ha":2.73,"elev":[330.9,348.6,364.4],"slope":8.7,"slope_pct":15.3,"aspect":133,"aspect_label":"SE","aspect_hist":[0.0,0.048,0.115,0.807,0.031,0.0,0.0,0.0],"village":"montagny","white":true},"geometry":{"type":"Polygon","coordinates":[[[4.67582,46.69645],[4.67567,46.6959],[4.67501,46.6957],[4.67469,46.69558],[4.6748,46.69553],[4.67462,46.69547],[4.67479,46.69515],[4.6746,46.69509],[4.6744,46.69542],[4.67413,46.6953],[4.67392,46.69517],[4.67354,46.69543],[4.67358,46.69547],[4.67272,46.69586],[4.67308,46.69639],[4.67358,46.69629],[4.67382,46.6962],[4.67432,46.697],[4.67468,46.6969],[4.67537,46.69689],[4.67566,46.69683],[4.67571,46.6968],[4.67578,46.69666],[4.67582,46.69645]]]}},{"type":"Feature","properties":{"id":"climat-givry-premier-cru-clos-saint-pierre","kind":"climat","level":"premier-cru","name":"Clos-Saint-Pierre","full":"Givry premier cru Clos-Saint-Pierre","app":"Givry","region":"cote-chalonnaise","communes":["Givry"],"area_ha":2.72,"elev":[258.1,269.9,286.9],"slope":9.5,"slope_pct":16.7,"aspect":125,"aspect_label":"SE","aspect_hist":[0.001,0.07,0.066,0.844,0.019,0.0,0.0,0.0],"village":null,"white":true},"geometry":{"type":"Polygon","coordinates":[[[4.73181,46.78517],[4.73269,46.78485],[4.7319,46.78381],[4.73187,46.78372],[4.73199,46.78352],[4.73197,46.78347],[4.73175,46.78327],[4.73157,46.78316],[4.73124,46.78282],[4.73121,46.78283],[4.7312,46.78279],[4.7308,46.78269],[4.73038,46.78277],[4.72996,46.78275],[4.73008,46.78308],[4.72996,46.78308],[4.7301,46.78331],[4.73081,46.78399],[4.7308,46.784],[4.73127,46.78462],[4.73104,46.78471],[4.73143,46.78517],[4.73172,46.78506],[4.73181,46.78517]]]}},{"type":"Feature","properties":{"id":"climat-mercurey-premier-cru-les-byots","kind":"climat","level":"premier-cru","name":"Les Byots","full":"Mercurey premier cru Les Byots","app":"Mercurey","region":"cote-chalonnaise","communes":["Mercurey"],"area_ha":2.71,"elev":[236.9,239.7,245.7],"slope":2.5,"slope_pct":4.3,"aspect":191,"aspect_label":"SSW","aspect_hist":[0.0,0.0,0.0,0.017,0.742,0.237,0.005,0.0],"village":null,"white":true},"geometry":{"type":"Polygon","coordinates":[[[4.72663,46.83713],[4.72667,46.83708],[4.72572,46.83582],[4.72522,46.83603],[4.72524,46.83605],[4.72429,46.83645],[4.7242,46.83661],[4.72417,46.8366],[4.72415,46.83664],[4.72383,46.83674],[4.72466,46.83788],[4.72546,46.8376],[4.72663,46.83713]]]}},{"type":"Feature","properties":{"id":"climat-montagny-premier-cru-chazelle","kind":"climat","level":"premier-cru","name":"Chazelle","full":"Montagny premier cru Chazelle","app":"Montagny","region":"cote-chalonnaise","communes":["Jully-lès-Buxy"],"area_ha":2.66,"elev":[275.7,283.7,300.2],"slope":8.8,"slope_pct":15.7,"aspect":143,"aspect_label":"SE","aspect_hist":[0.0,0.002,0.006,0.808,0.184,0.001,0.0,0.0],"village":"montagny","white":true},"geometry":{"type":"Polygon","coordinates":[[[4.68334,46.69127],[4.68227,46.69117],[4.68213,46.6912],[4.68084,46.69106],[4.68059,46.69103],[4.67985,46.69088],[4.67978,46.69088],[4.67958,46.69097],[4.67962,46.69104],[4.68096,46.69208],[4.68115,46.69227],[4.6816,46.69285],[4.6818,46.69269],[4.68188,46.69249],[4.68196,46.69244],[4.68215,46.6924],[4.68246,46.69207],[4.68334,46.69127]]]}},{"type":"Feature","properties":{"id":"climat-montagny-premier-cru-les-gouresses","kind":"climat","level":"premier-cru","name":"Les Gouresses","full":"Montagny premier cru Les Gouresses","app":"Montagny","region":"cote-chalonnaise","communes":["Montagny-lès-Buxy"],"area_ha":2.64,"elev":[318.1,334.9,346.8],"slope":6.9,"slope_pct":12.2,"aspect":159,"aspect_label":"SSE","aspect_hist":[0.0,0.0,0.016,0.496,0.449,0.031,0.008,0.0],"village":"montagny","white":true},"geometry":{"type":"Polygon","coordinates":[[[4.67875,46.69523],[4.67871,46.69516],[4.67854,46.69512],[4.67822,46.69509],[4.67822,46.69512],[4.67817,46.69512],[4.67817,46.69509],[4.6778,46.69509],[4.67624,46.69537],[4.67628,46.69548],[4.67612,46.69551],[4.67615,46.69561],[4.67587,46.69565],[4.67585,46.6956],[4.67568,46.69563],[4.6759,46.69645],[4.67587,46.69668],[4.67577,46.69686],[4.67581,46.69689],[4.67613,46.69697],[4.67636,46.69695],[4.67656,46.69687],[4.67718,46.69634],[4.67739,46.69621],[4.67783,46.69601],[4.67818,46.6958],[4.67856,46.6955],[4.67875,46.69523]]]}},{"type":"Feature","properties":{"id":"climat-montagny-premier-cru-les-coudrettes","kind":"climat","level":"premier-cru","name":"Les Coudrettes","full":"Montagny premier cru Les Coudrettes","app":"Montagny","region":"cote-chalonnaise","communes":["Buxy"],"area_ha":2.62,"elev":[298.4,307.4,320.2],"slope":6.3,"slope_pct":11.1,"aspect":127,"aspect_label":"SE","aspect_hist":[0.0,0.0,0.26,0.625,0.115,0.001,0.0,0.0],"village":"montagny","white":true},"geometry":{"type":"Polygon","coordinates":[[[4.68479,46.71716],[4.68424,46.71721],[4.6842,46.71697],[4.68398,46.71646],[4.6835,46.71662],[4.68348,46.71667],[4.68339,46.71673],[4.68307,46.71684],[4.68229,46.71718],[4.6827,46.71738],[4.68286,46.71752],[4.68296,46.71769],[4.68306,46.71804],[4.68425,46.71779],[4.68417,46.71853],[4.68502,46.71854],[4.68529,46.71726],[4.68517,46.71715],[4.68479,46.71716]]]}},{"type":"Feature","properties":{"id":"climat-rully-premier-cru-la-bressande","kind":"climat","level":"premier-cru","name":"La Bressande","full":"Rully premier cru La Bressande","app":"Rully","region":"cote-chalonnaise","communes":["Rully"],"area_ha":2.58,"elev":[237.8,247.8,260.0],"slope":6.1,"slope_pct":10.7,"aspect":85,"aspect_label":"E","aspect_hist":[0.005,0.363,0.599,0.033,0.0,0.0,0.0,0.0],"village":"rully","white":true},"geometry":{"type":"Polygon","coordinates":[[[4.73888,46.86938],[4.73874,46.86911],[4.7385,46.86888],[4.73786,46.86851],[4.73747,46.86835],[4.73734,46.86833],[4.73725,46.86834],[4.73567,46.86881],[4.73634,46.8699],[4.73888,46.86938]]]}},{"type":"Feature","properties":{"id":"climat-givry-premier-cru-les-grandes-vignes","kind":"climat","level":"premier-cru","name":"Les Grandes Vignes","full":"Givry premier cru Les Grandes Vignes","app":"Givry","region":"cote-chalonnaise","communes":["Givry"],"area_ha":2.55,"elev":[239.9,243.1,247.3],"slope":3.2,"slope_pct":5.5,"aspect":116,"aspect_label":"ESE","aspect_hist":[0.001,0.05,0.373,0.568,0.007,0.0,0.0,0.0],"village":null,"white":true},"geometry":{"type":"Polygon","coordinates":[[[4.72768,46.77719],[4.72805,46.77693],[4.72755,46.77629],[4.72718,46.77591],[4.72675,46.77487],[4.7253,46.77528],[4.72548,46.77547],[4.72606,46.77536],[4.72617,46.77561],[4.72601,46.77563],[4.72612,46.77588],[4.72581,46.77595],[4.72666,46.77707],[4.72697,46.77741],[4.72711,46.77752],[4.72768,46.77719]]]}},{"type":"Feature","properties":{"id":"climat-mercurey-premier-cru-les-ruelles","kind":"climat","level":"premier-cru","name":"Les Ruelles","full":"Mercurey premier cru Les Ruelles","app":"Mercurey","region":"cote-chalonnaise","communes":["Saint-Martin-sous-Montaigu"],"area_ha":2.53,"elev":[237.1,245.9,255.5],"slope":6.1,"slope_pct":10.6,"aspect":134,"aspect_label":"SE","aspect_hist":[0.0,0.001,0.045,0.842,0.113,0.0,0.0,0.0],"village":null,"white":true},"geometry":{"type":"Polygon","coordinates":[[[4.71963,46.82196],[4.72028,46.82163],[4.72123,46.82122],[4.72158,46.821],[4.72165,46.82092],[4.72162,46.82089],[4.72075,46.82064],[4.72046,46.82054],[4.72021,46.82037],[4.71977,46.81997],[4.71901,46.82032],[4.71875,46.82047],[4.71876,46.82067],[4.71873,46.82077],[4.71879,46.82088],[4.71904,46.82111],[4.71919,46.8213],[4.7192,46.82133],[4.71901,46.82138],[4.71912,46.8215],[4.71916,46.82159],[4.71963,46.82196]]]}},{"type":"Feature","properties":{"id":"climat-mercurey-premier-cru-grand-clos-fortoul","kind":"climat","level":"premier-cru","name":"Grand Clos Fortoul","full":"Mercurey premier cru Grand Clos Fortoul","app":"Mercurey","region":"cote-chalonnaise","communes":["Mercurey"],"area_ha":2.49,"elev":[233.1,237.0,242.5],"slope":3.1,"slope_pct":5.4,"aspect":253,"aspect_label":"WSW","aspect_hist":[0.009,0.0,0.001,0.008,0.064,0.21,0.681,0.028],"village":null,"white":true},"geometry":{"type":"Polygon","coordinates":[[[4.7325,46.83703],[4.73386,46.83647],[4.73392,46.83642],[4.73395,46.83631],[4.73381,46.83591],[4.73377,46.83496],[4.73374,46.83494],[4.73169,46.83561],[4.7318,46.83574],[4.73175,46.83576],[4.73183,46.83593],[4.73171,46.83595],[4.7325,46.83703]]]}},{"type":"Feature","properties":{"id":"climat-mercurey-premier-cru-clos-voyens","kind":"climat","level":"premier-cru","name":"Clos Voyens","full":"Mercurey premier cru Clos Voyens","app":"Mercurey","region":"cote-chalonnaise","communes":["Mercurey"],"area_ha":2.48,"elev":[248.3,257.0,268.1],"slope":6.3,"slope_pct":11.2,"aspect":169,"aspect_label":"SSE","aspect_hist":[0.0,0.0,0.001,0.347,0.559,0.076,0.015,0.001],"village":null,"white":true},"geometry":{"type":"Polygon","coordinates":[[[4.73004,46.83887],[4.73106,46.83847],[4.73055,46.83831],[4.73022,46.83808],[4.72999,46.83787],[4.72989,46.83786],[4.7295,46.83788],[4.72869,46.83801],[4.72794,46.83795],[4.72775,46.83801],[4.72763,46.83811],[4.72771,46.83823],[4.72777,46.83843],[4.72799,46.83868],[4.72811,46.83874],[4.72839,46.83931],[4.72847,46.8394],[4.72914,46.83917],[4.72957,46.83896],[4.72967,46.83897],[4.72976,46.83895],[4.73004,46.83887]]]}},{"type":"Feature","properties":{"id":"climat-rully-premier-cru-pillot","kind":"climat","level":"premier-cru","name":"Pillot","full":"Rully premier cru Pillot","app":"Rully","region":"cote-chalonnaise","communes":["Rully"],"area_ha":2.44,"elev":[245.5,261.9,281.2],"slope":10.7,"slope_pct":19.0,"aspect":95,"aspect_label":"E","aspect_hist":[0.0,0.059,0.857,0.084,0.0,0.0,0.0,0.0],"village":"rully","white":true},"geometry":{"type":"Polygon","coordinates":[[[4.73148,46.87407],[4.73125,46.87374],[4.73121,46.87373],[4.73117,46.87367],[4.73119,46.87365],[4.73099,46.87336],[4.73088,46.87338],[4.73085,46.87333],[4.73094,46.87329],[4.73027,46.87342],[4.73002,46.87311],[4.72965,46.87319],[4.72961,46.87305],[4.72958,46.87306],[4.72952,46.87296],[4.72942,46.87294],[4.72918,46.87297],[4.72895,46.87274],[4.72872,46.87282],[4.72852,46.87281],[4.72868,46.873],[4.72875,46.87315],[4.72873,46.87346],[4.72906,46.87349],[4.72907,46.8735],[4.72914,46.87397],[4.72905,46.87397],[4.72884,46.87387],[4.7291,46.87457],[4.72919,46.87456],[4.72923,46.87465],[4.72964,46.87453],[4.73046,46.87437],[4.73043,46.87432],[4.73148,46.87407]]]}},{"type":"Feature","properties":{"id":"climat-montagny-premier-cru-le-clouzot","kind":"climat","level":"premier-cru","name":"Le Clouzot","full":"Montagny premier cru Le Clouzot","app":"Montagny","region":"cote-chalonnaise","communes":["Buxy"],"area_ha":2.41,"elev":[275.1,283.3,296.1],"slope":7.0,"slope_pct":12.4,"aspect":163,"aspect_label":"SSE","aspect_hist":[0.0,0.0,0.021,0.412,0.375,0.192,0.0,0.0],"village":"montagny","white":true},"geometry":{"type":"Polygon","coordinates":[[[4.68627,46.71594],[4.68623,46.71598],[4.68591,46.716],[4.68591,46.71603],[4.68585,46.71604],[4.68587,46.71644],[4.68581,46.71685],[4.6858,46.7173],[4.68584,46.71731],[4.68582,46.71741],[4.68638,46.71739],[4.68646,46.71742],[4.68653,46.71747],[4.68662,46.71759],[4.68731,46.71748],[4.68718,46.71722],[4.68712,46.71673],[4.68899,46.7164],[4.6888,46.71602],[4.68769,46.71611],[4.68745,46.71611],[4.68706,46.71618],[4.68704,46.71592],[4.68636,46.71598],[4.68627,46.71594]]]}},{"type":"Feature","properties":{"id":"climat-montagny-premier-cru-les-treufferes","kind":"climat","level":"premier-cru","name":"Les Treuffères","full":"Montagny premier cru Les Treuffères","app":"Montagny","region":"cote-chalonnaise","communes":["Montagny-lès-Buxy"],"area_ha":2.36,"elev":[261.6,268.0,276.9],"slope":7.8,"slope_pct":13.7,"aspect":188,"aspect_label":"S","aspect_hist":[0.0,0.0,0.0,0.017,0.835,0.147,0.001,0.0],"village":"montagny","white":true},"geometry":{"type":"Polygon","coordinates":[[[4.68441,46.70428],[4.68414,46.70391],[4.68358,46.70359],[4.6825,46.70377],[4.682,46.7039],[4.68192,46.70389],[4.68111,46.70411],[4.68017,46.70444],[4.68029,46.70466],[4.6806,46.70471],[4.68087,46.70486],[4.68101,46.70484],[4.68195,46.70456],[4.68274,46.70443],[4.68282,46.70469],[4.68441,46.70428]]]}},{"type":"Feature","properties":{"id":"climat-givry-premier-cru-la-brulee","kind":"climat","level":"premier-cru","name":"La Brûlée","full":"Givry premier cru La Brûlée","app":"Givry","region":"cote-chalonnaise","communes":["Givry"],"area_ha":2.36,"elev":[225.3,230.2,236.6],"slope":3.1,"slope_pct":5.5,"aspect":137,"aspect_label":"SE","aspect_hist":[0.0,0.0,0.016,0.937,0.047,0.0,0.0,0.0],"village":null,"white":true},"geometry":{"type":"Polygon","coordinates":[[[4.74678,46.78895],[4.74828,46.78836],[4.74808,46.78819],[4.74758,46.7875],[4.74764,46.78748],[4.7473,46.78707],[4.7475,46.78699],[4.74739,46.78685],[4.74657,46.7872],[4.74574,46.78748],[4.74617,46.7882],[4.74643,46.78856],[4.74678,46.78895]]]}},{"type":"Feature","properties":{"id":"climat-montagny-premier-cru-mont-laurent","kind":"climat","level":"premier-cru","name":"Mont Laurent","full":"Montagny premier cru Mont Laurent","app":"Montagny","region":"cote-chalonnaise","communes":["Buxy"],"area_ha":2.22,"elev":[283.1,299.0,327.9],"slope":10.3,"slope_pct":18.3,"aspect":72,"aspect_label":"ENE","aspect_hist":[0.0,0.421,0.572,0.007,0.0,0.0,0.0,0.0],"village":"montagny","white":true},"geometry":{"type":"Polygon","coordinates":[[[4.68524,46.71142],[4.6853,46.71153],[4.68527,46.71174],[4.68537,46.71185],[4.68581,46.71195],[4.68654,46.71201],[4.68654,46.71207],[4.6866,46.71207],[4.6866,46.71214],[4.68654,46.71214],[4.68648,46.71258],[4.68662,46.7128],[4.68668,46.71279],[4.6867,46.71282],[4.68776,46.71268],[4.68783,46.7123],[4.68784,46.71199],[4.688,46.71198],[4.68806,46.71138],[4.68738,46.71145],[4.68727,46.71116],[4.68645,46.71142],[4.68524,46.71142]]]}},{"type":"Feature","properties":{"id":"climat-givry-premier-cru-clos-saint-paul","kind":"climat","level":"premier-cru","name":"Clos-Saint-Paul","full":"Givry premier cru Clos-Saint-Paul","app":"Givry","region":"cote-chalonnaise","communes":["Givry"],"area_ha":2.14,"elev":[237.1,247.2,260.2],"slope":5.3,"slope_pct":9.3,"aspect":111,"aspect_label":"ESE","aspect_hist":[0.0,0.023,0.597,0.371,0.009,0.0,0.0,0.0],"village":null,"white":true},"geometry":{"type":"Polygon","coordinates":[[[4.73313,46.78364],[4.735,46.78312],[4.73473,46.7829],[4.73419,46.78232],[4.73412,46.78232],[4.73354,46.78251],[4.73286,46.78267],[4.73255,46.78271],[4.73246,46.7827],[4.73155,46.78281],[4.73137,46.78285],[4.73132,46.7829],[4.73157,46.78316],[4.7319,46.78339],[4.73245,46.78324],[4.7326,46.78342],[4.73284,46.78336],[4.73299,46.78357],[4.73307,46.78355],[4.73313,46.78364]]]}},{"type":"Feature","properties":{"id":"climat-montagny-premier-cru-les-craboulettes","kind":"climat","level":"premier-cru","name":"Les Craboulettes","full":"Montagny premier cru Les Craboulettes","app":"Montagny","region":"cote-chalonnaise","communes":["Saint-Vallerin"],"area_ha":2.04,"elev":[310.9,315.7,318.1],"slope":2.1,"slope_pct":3.7,"aspect":196,"aspect_label":"SSW","aspect_hist":[0.0,0.0,0.003,0.149,0.286,0.5,0.057,0.006],"village":"montagny","white":true},"geometry":{"type":"Polygon","coordinates":[[[4.68151,46.69575],[4.68134,46.69538],[4.68104,46.69487],[4.6806,46.69451],[4.68035,46.69402],[4.68009,46.69375],[4.68004,46.69378],[4.67985,46.69402],[4.67985,46.69447],[4.67981,46.69448],[4.67975,46.69463],[4.67958,46.69475],[4.67884,46.69509],[4.67885,46.69518],[4.67903,46.69527],[4.67933,46.69537],[4.67966,46.6954],[4.67973,46.69539],[4.67978,46.69543],[4.68044,46.69566],[4.68076,46.69575],[4.68145,46.69579],[4.68151,46.69575]]]}},{"type":"Feature","properties":{"id":"climat-montagny-premier-cru-les-combes","kind":"climat","level":"premier-cru","name":"Les Combes","full":"Montagny premier cru Les Combes","app":"Montagny","region":"cote-chalonnaise","communes":["Montagny-lès-Buxy"],"area_ha":1.96,"elev":[329.9,341.3,357.6],"slope":8.9,"slope_pct":15.9,"aspect":179,"aspect_label":"S","aspect_hist":[0.0,0.017,0.138,0.338,0.129,0.378,0.0,0.0],"village":"montagny","white":true},"geometry":{"type":"MultiPolygon","coordinates":[[[[4.67359,46.71125],[4.67352,46.71117],[4.67336,46.71108],[4.67317,46.7109],[4.67284,46.71068],[4.6725,46.71101],[4.67214,46.71161],[4.67226,46.71166],[4.67242,46.71161],[4.67254,46.71162],[4.67275,46.71171],[4.67278,46.71171],[4.67288,46.71166],[4.67305,46.71164],[4.67315,46.71159],[4.67357,46.71129],[4.67359,46.71125]]],[[[4.67261,46.71053],[4.67171,46.7099],[4.67152,46.71002],[4.67108,46.7101],[4.67101,46.71052],[4.67105,46.71054],[4.67098,46.71068],[4.67093,46.71094],[4.67098,46.71109],[4.67109,46.7112],[4.67127,46.71127],[4.67145,46.7113],[4.67163,46.71126],[4.67175,46.7112],[4.67261,46.71053]]]]}},{"type":"Feature","properties":{"id":"climat-montagny-premier-cru-les-garcheres","kind":"climat","level":"premier-cru","name":"Les Garchères","full":"Montagny premier cru Les Garchères","app":"Montagny","region":"cote-chalonnaise","communes":["Montagny-lès-Buxy"],"area_ha":1.94,"elev":[326.3,339.3,356.2],"slope":10.1,"slope_pct":17.8,"aspect":202,"aspect_label":"SSW","aspect_hist":[0.0,0.0,0.0,0.001,0.46,0.538,0.0,0.0],"village":"montagny","white":true},"geometry":{"type":"Polygon","coordinates":[[[4.67844,46.70912],[4.67822,46.7087],[4.67822,46.70858],[4.67839,46.70857],[4.67829,46.70801],[4.67718,46.70801],[4.6767,46.70814],[4.67606,46.70827],[4.67694,46.70936],[4.67709,46.7093],[4.67716,46.70924],[4.67734,46.70917],[4.67745,46.7093],[4.6777,46.70934],[4.67782,46.70929],[4.6778,46.70926],[4.67798,46.70923],[4.67801,46.70928],[4.67808,46.70923],[4.67844,46.70912]]]}},{"type":"Feature","properties":{"id":"climat-mercurey-premier-cru-la-mission","kind":"climat","level":"premier-cru","name":"La Mission","full":"Mercurey premier cru La Mission","app":"Mercurey","region":"cote-chalonnaise","communes":["Mercurey"],"area_ha":1.92,"elev":[249.1,257.3,266.0],"slope":6.4,"slope_pct":11.2,"aspect":144,"aspect_label":"SE","aspect_hist":[0.001,0.005,0.086,0.739,0.114,0.038,0.016,0.0],"village":null,"white":true},"geometry":{"type":"Polygon","coordinates":[[[4.72416,46.82871],[4.72433,46.82865],[4.72411,46.82854],[4.72382,46.82834],[4.72351,46.82818],[4.72338,46.82819],[4.7232,46.82815],[4.72291,46.82826],[4.72254,46.82836],[4.7226,46.82831],[4.72192,46.82805],[4.72162,46.82816],[4.72145,46.82826],[4.72147,46.82857],[4.72138,46.82877],[4.72142,46.82906],[4.72245,46.82884],[4.72262,46.82889],[4.7229,46.8293],[4.72305,46.82944],[4.72326,46.82936],[4.72339,46.82935],[4.72347,46.8293],[4.72387,46.82897],[4.72391,46.82887],[4.72416,46.82871]]]}},{"type":"Feature","properties":{"id":"climat-rully-premier-cru-clos-st-jacques","kind":"climat","level":"premier-cru","name":"Clos St Jacques","full":"Rully premier cru Clos St Jacques","app":"Rully","region":"cote-chalonnaise","communes":["Chagny"],"area_ha":1.88,"elev":[255.1,268.4,282.0],"slope":9.1,"slope_pct":16.1,"aspect":83,"aspect_label":"E","aspect_hist":[0.0,0.073,0.923,0.004,0.0,0.0,0.0,0.0],"village":"rully","white":true},"geometry":{"type":"Polygon","coordinates":[[[4.74416,46.89481],[4.74532,46.89476],[4.74525,46.89457],[4.74524,46.89439],[4.74498,46.89392],[4.745,46.89364],[4.74315,46.89378],[4.74308,46.89482],[4.74416,46.89481]]]}},{"type":"Feature","properties":{"id":"climat-mercurey-premier-cru-la-cailloute","kind":"climat","level":"premier-cru","name":"La Cailloute","full":"Mercurey premier cru La Cailloute","app":"Mercurey","region":"cote-chalonnaise","communes":["Mercurey"],"area_ha":1.73,"elev":[302.7,314.0,332.6],"slope":11.2,"slope_pct":20.1,"aspect":146,"aspect_label":"SE","aspect_hist":[0.0,0.0,0.001,0.709,0.29,0.0,0.0,0.0],"village":null,"white":true},"geometry":{"type":"Polygon","coordinates":[[[4.71809,46.84591],[4.71875,46.84584],[4.71847,46.8448],[4.71748,46.84479],[4.71672,46.84483],[4.71653,46.84481],[4.71652,46.84526],[4.71688,46.84531],[4.71693,46.84538],[4.71685,46.84553],[4.71687,46.84559],[4.71722,46.84587],[4.71731,46.84603],[4.71809,46.84591]]]}},{"type":"Feature","properties":{"id":"climat-givry-premier-cru-les-combes","kind":"climat","level":"premier-cru","name":"Les Combes","full":"Givry premier cru Les Combes","app":"Givry","region":"cote-chalonnaise","communes":["Givry"],"area_ha":1.65,"elev":[276.9,291.3,308.8],"slope":13.2,"slope_pct":23.8,"aspect":137,"aspect_label":"SE","aspect_hist":[0.0,0.0,0.172,0.476,0.273,0.077,0.003,0.0],"village":null,"white":true},"geometry":{"type":"Polygon","coordinates":[[[4.73681,46.79275],[4.73753,46.79264],[4.7373,46.79198],[4.73707,46.79162],[4.73675,46.79139],[4.7367,46.79129],[4.73647,46.79129],[4.73594,46.79123],[4.73558,46.79136],[4.73513,46.79134],[4.73529,46.79167],[4.73549,46.79186],[4.73541,46.7919],[4.73535,46.792],[4.73538,46.79207],[4.7355,46.79205],[4.73572,46.79189],[4.736,46.79214],[4.73613,46.79209],[4.73628,46.79224],[4.73634,46.79223],[4.73637,46.7923],[4.73681,46.79275]]]}},{"type":"Feature","properties":{"id":"climat-givry-premier-cru-la-petite-berge","kind":"climat","level":"premier-cru","name":"La Petite Berge","full":"Givry premier cru La Petite Berge","app":"Givry","region":"cote-chalonnaise","communes":["Givry"],"area_ha":1.65,"elev":[250.2,253.8,257.3],"slope":3.3,"slope_pct":5.7,"aspect":130,"aspect_label":"SE","aspect_hist":[0.0,0.014,0.338,0.442,0.204,0.002,0.0,0.0],"village":null,"white":true},"geometry":{"type":"MultiPolygon","coordinates":[[[[4.72264,46.77217],[4.72244,46.77203],[4.72123,46.77235],[4.72139,46.77261],[4.72167,46.77295],[4.72184,46.77296],[4.72194,46.77299],[4.72264,46.77283],[4.72236,46.77243],[4.72246,46.77226],[4.72264,46.77217]]],[[[4.72195,46.77171],[4.72168,46.77153],[4.72152,46.7713],[4.72139,46.77134],[4.72136,46.77129],[4.72149,46.77125],[4.72133,46.77103],[4.72096,46.77117],[4.72083,46.77101],[4.72125,46.77091],[4.72107,46.7708],[4.72091,46.77076],[4.72068,46.77074],[4.71998,46.77084],[4.7201,46.771],[4.72062,46.77141],[4.72104,46.772],[4.7218,46.77178],[4.72195,46.77171]]]]}},{"type":"Feature","properties":{"id":"climat-montagny-premier-cru-champ-toizeau","kind":"climat","level":"premier-cru","name":"Champ Toizeau","full":"Montagny premier cru Champ Toizeau","app":"Montagny","region":"cote-chalonnaise","communes":["Montagny-lès-Buxy"],"area_ha":1.54,"elev":[322.8,345.3,367.7],"slope":11.9,"slope_pct":21.1,"aspect":214,"aspect_label":"SW","aspect_hist":[0.0,0.0,0.0,0.0,0.146,0.848,0.006,0.0],"village":"montagny","white":true},"geometry":{"type":"Polygon","coordinates":[[[4.67783,46.70974],[4.67755,46.70938],[4.67699,46.70942],[4.67606,46.70827],[4.67591,46.70818],[4.6756,46.70859],[4.67534,46.70882],[4.67584,46.70922],[4.67622,46.70962],[4.67615,46.70966],[4.67671,46.71013],[4.67676,46.71016],[4.67694,46.71001],[4.67702,46.71],[4.67705,46.71002],[4.6774,46.70988],[4.67743,46.70991],[4.67783,46.70974]]]}},{"type":"Feature","properties":{"id":"climat-montagny-premier-cru-les-resses","kind":"climat","level":"premier-cru","name":"Les Resses","full":"Montagny premier cru Les Resses","app":"Montagny","region":"cote-chalonnaise","communes":["Montagny-lès-Buxy","Saint-Vallerin"],"area_ha":1.54,"elev":[304.3,317.0,330.3],"slope":8.4,"slope_pct":14.8,"aspect":155,"aspect_label":"SSE","aspect_hist":[0.0,0.0,0.041,0.464,0.489,0.007,0.0,0.0],"village":"montagny","white":true},"geometry":{"type":"Polygon","coordinates":[[[4.6742,46.69334],[4.67472,46.69401],[4.67397,46.69434],[4.67422,46.69451],[4.67388,46.6947],[4.67432,46.69493],[4.67457,46.69503],[4.67494,46.69515],[4.67526,46.69518],[4.67532,46.69503],[4.67536,46.69474],[4.67551,46.69475],[4.67553,46.69454],[4.67535,46.69398],[4.67505,46.69368],[4.67487,46.69343],[4.67485,46.69327],[4.67492,46.69308],[4.6742,46.69334]]]}},{"type":"Feature","properties":{"id":"climat-givry-premier-cru-cremillons","kind":"climat","level":"premier-cru","name":"Crémillons","full":"Givry premier cru Crémillons","app":"Givry","region":"cote-chalonnaise","communes":["Givry"],"area_ha":1.52,"elev":[243.9,251.0,257.1],"slope":5.5,"slope_pct":9.6,"aspect":138,"aspect_label":"SE","aspect_hist":[0.0,0.0,0.018,0.944,0.038,0.0,0.0,0.0],"village":null,"white":true},"geometry":{"type":"Polygon","coordinates":[[[4.71938,46.77057],[4.71985,46.77067],[4.71973,46.7703],[4.71943,46.76974],[4.71926,46.7695],[4.71907,46.7693],[4.7185,46.76883],[4.71838,46.76873],[4.71816,46.76862],[4.7177,46.7682],[4.71741,46.76785],[4.71717,46.76762],[4.71658,46.7673],[4.71647,46.76738],[4.71643,46.76747],[4.71672,46.7678],[4.71737,46.76842],[4.71778,46.76878],[4.71853,46.76936],[4.71892,46.76975],[4.71921,46.77018],[4.71938,46.77057]]]}},{"type":"Feature","properties":{"id":"climat-montagny-premier-cru-montorge","kind":"climat","level":"premier-cru","name":"Montorge","full":"Montagny premier cru Montorge","app":"Montagny","region":"cote-chalonnaise","communes":["Montagny-lès-Buxy"],"area_ha":1.43,"elev":[305.8,314.9,325.9],"slope":8.1,"slope_pct":14.2,"aspect":167,"aspect_label":"SSE","aspect_hist":[0.0,0.0,0.0,0.187,0.813,0.0,0.0,0.0],"village":"montagny","white":true},"geometry":{"type":"Polygon","coordinates":[[[4.67743,46.69513],[4.67723,46.69427],[4.67703,46.6943],[4.67691,46.69377],[4.67643,46.69385],[4.67534,46.69393],[4.6754,46.69402],[4.67556,46.69452],[4.6755,46.69506],[4.67611,46.695],[4.67605,46.69467],[4.6769,46.69459],[4.67703,46.69519],[4.67743,46.69513]]]}},{"type":"Feature","properties":{"id":"climat-montagny-premier-cru-saint-ytages","kind":"climat","level":"premier-cru","name":"Saint-Ytages","full":"Montagny premier cru Saint-Ytages","app":"Montagny","region":"cote-chalonnaise","communes":["Montagny-lès-Buxy"],"area_ha":1.42,"elev":[332.1,346.2,362.8],"slope":11.9,"slope_pct":21.1,"aspect":212,"aspect_label":"SSW","aspect_hist":[0.0,0.0,0.0,0.0,0.117,0.883,0.0,0.0],"village":"montagny","white":true},"geometry":{"type":"Polygon","coordinates":[[[4.67491,46.71048],[4.67449,46.71002],[4.67435,46.70991],[4.67427,46.70994],[4.67398,46.70969],[4.67286,46.71066],[4.67319,46.71088],[4.67339,46.71106],[4.67354,46.71099],[4.67366,46.71103],[4.6737,46.711],[4.67398,46.71123],[4.67403,46.71123],[4.67432,46.71112],[4.67414,46.71094],[4.67422,46.71089],[4.67443,46.71089],[4.67456,46.71084],[4.67484,46.71065],[4.67491,46.71048]]]}},{"type":"Feature","properties":{"id":"climat-montagny-premier-cru-les-perrieres","kind":"climat","level":"premier-cru","name":"Les Perrières","full":"Montagny premier cru Les Perrières","app":"Montagny","region":"cote-chalonnaise","communes":["Montagny-lès-Buxy"],"area_ha":1.41,"elev":[267.0,278.6,287.0],"slope":8.1,"slope_pct":14.4,"aspect":86,"aspect_label":"E","aspect_hist":[0.028,0.14,0.779,0.041,0.005,0.0,0.0,0.007],"village":"montagny","white":true},"geometry":{"type":"Polygon","coordinates":[[[4.68016,46.70436],[4.67969,46.70363],[4.67936,46.70368],[4.67932,46.70357],[4.67921,46.70358],[4.67914,46.70343],[4.67893,46.70345],[4.6788,46.70315],[4.67809,46.70333],[4.67828,46.7036],[4.67838,46.70379],[4.67898,46.7046],[4.67915,46.70472],[4.67931,46.70476],[4.67948,46.70474],[4.67984,46.70451],[4.68016,46.70436]]]}},{"type":"Feature","properties":{"id":"climat-montagny-premier-cru-vignes-couland","kind":"climat","level":"premier-cru","name":"Vignes Couland","full":"Montagny premier cru Vignes Couland","app":"Montagny","region":"cote-chalonnaise","communes":["Montagny-lès-Buxy"],"area_ha":1.41,"elev":[340.6,353.7,369.6],"slope":11.7,"slope_pct":20.8,"aspect":183,"aspect_label":"S","aspect_hist":[0.0,0.0,0.0,0.014,0.97,0.016,0.0,0.0],"village":"montagny","white":true},"geometry":{"type":"Polygon","coordinates":[[[4.68027,46.70978],[4.68023,46.70947],[4.68004,46.709],[4.67995,46.70856],[4.67942,46.70852],[4.679,46.70857],[4.67822,46.70858],[4.67822,46.7087],[4.67839,46.70876],[4.67856,46.70906],[4.67857,46.70918],[4.67881,46.70961],[4.67893,46.70971],[4.67904,46.70974],[4.6792,46.70973],[4.6793,46.70972],[4.67929,46.70969],[4.67946,46.70969],[4.67948,46.70976],[4.67973,46.70974],[4.67968,46.70935],[4.67978,46.70935],[4.67986,46.70945],[4.68016,46.70949],[4.6802,46.70976],[4.68027,46.70978]]]}},{"type":"Feature","properties":{"id":"climat-montagny-premier-cru-les-chaumelottes","kind":"climat","level":"premier-cru","name":"Les Chaumelottes","full":"Montagny premier cru Les Chaumelottes","app":"Montagny","region":"cote-chalonnaise","communes":["Montagny-lès-Buxy"],"area_ha":1.4,"elev":[329.2,351.5,384.6],"slope":12.2,"slope_pct":21.8,"aspect":211,"aspect_label":"SSW","aspect_hist":[0.0,0.0,0.0,0.0,0.162,0.838,0.0,0.0],"village":"montagny","white":true},"geometry":{"type":"Polygon","coordinates":[[[4.67706,46.71078],[4.67591,46.70987],[4.67545,46.70943],[4.67501,46.70967],[4.6748,46.7094],[4.67466,46.70947],[4.67455,46.70933],[4.67414,46.70959],[4.67445,46.70983],[4.67448,46.70981],[4.6752,46.7106],[4.67543,46.7108],[4.67582,46.71106],[4.676,46.71098],[4.67567,46.71069],[4.6756,46.71059],[4.67568,46.7105],[4.67574,46.71051],[4.67582,46.71043],[4.67607,46.71034],[4.67612,46.71035],[4.67631,46.71047],[4.67637,46.71045],[4.67646,46.71051],[4.67651,46.71048],[4.67699,46.71083],[4.67706,46.71078]]]}},{"type":"Feature","properties":{"id":"climat-montagny-premier-cru-les-bordes","kind":"climat","level":"premier-cru","name":"Les Bordes","full":"Montagny premier cru Les Bordes","app":"Montagny","region":"cote-chalonnaise","communes":["Montagny-lès-Buxy"],"area_ha":1.35,"elev":[329.4,338.8,346.9],"slope":6.5,"slope_pct":11.4,"aspect":72,"aspect_label":"ENE","aspect_hist":[0.007,0.494,0.309,0.189,0.0,0.0,0.0,0.0],"village":"montagny","white":true},"geometry":{"type":"Polygon","coordinates":[[[4.67823,46.69748],[4.67804,46.69656],[4.67789,46.69618],[4.6778,46.69605],[4.67744,46.69621],[4.67723,46.69635],[4.6768,46.6967],[4.67664,46.69687],[4.67644,46.69697],[4.67632,46.69699],[4.67632,46.69706],[4.67681,46.69728],[4.67753,46.69747],[4.67783,46.6975],[4.67823,46.69748]]]}},{"type":"Feature","properties":{"id":"climat-mercurey-premier-cru-la-levriere","kind":"climat","level":"premier-cru","name":"La Levrière","full":"Mercurey premier cru La Levrière","app":"Mercurey","region":"cote-chalonnaise","communes":["Mercurey"],"area_ha":1.32,"elev":[238.6,245.8,256.0],"slope":5.6,"slope_pct":9.8,"aspect":106,"aspect_label":"ESE","aspect_hist":[0.0,0.028,0.609,0.363,0.0,0.0,0.0,0.0],"village":null,"white":true},"geometry":{"type":"Polygon","coordinates":[[[4.71641,46.83516],[4.71506,46.83564],[4.71522,46.83572],[4.71443,46.83615],[4.71478,46.83632],[4.71519,46.83658],[4.71566,46.83644],[4.71601,46.83639],[4.71648,46.83627],[4.71601,46.83578],[4.71665,46.83556],[4.71641,46.83516]]]}},{"type":"Feature","properties":{"id":"climat-montagny-premier-cru-sous-les-feilles","kind":"climat","level":"premier-cru","name":"Sous les Feilles","full":"Montagny premier cru Sous les Feilles","app":"Montagny","region":"cote-chalonnaise","communes":["Montagny-lès-Buxy"],"area_ha":1.17,"elev":[371.9,380.1,388.4],"slope":11.2,"slope_pct":19.8,"aspect":98,"aspect_label":"E","aspect_hist":[0.0,0.039,0.775,0.186,0.0,0.0,0.0,0.0],"village":"montagny","white":true},"geometry":{"type":"Polygon","coordinates":[[[4.6722,46.69784],[4.67215,46.69761],[4.67207,46.69745],[4.67178,46.69711],[4.67156,46.69676],[4.67121,46.69641],[4.67077,46.69601],[4.67063,46.69604],[4.67062,46.69629],[4.67073,46.69626],[4.6708,46.69631],[4.671,46.69683],[4.67108,46.69682],[4.67147,46.69836],[4.67174,46.69827],[4.67209,46.69808],[4.67217,46.69801],[4.6722,46.69784]]]}},{"type":"Feature","properties":{"id":"climat-givry-premier-cru-le-petit-pretan","kind":"climat","level":"premier-cru","name":"Le Petit Prétan","full":"Givry premier cru Le Petit Prétan","app":"Givry","region":"cote-chalonnaise","communes":["Givry"],"area_ha":1.02,"elev":[229.3,234.1,239.1],"slope":3.2,"slope_pct":5.6,"aspect":91,"aspect_label":"E","aspect_hist":[0.018,0.148,0.65,0.159,0.026,0.0,0.0,0.0],"village":null,"white":true},"geometry":{"type":"Polygon","coordinates":[[[4.73523,46.78322],[4.73718,46.78254],[4.73681,46.78209],[4.73569,46.78251],[4.73479,46.78269],[4.73464,46.78274],[4.73477,46.78288],[4.73523,46.78322]]]}},{"type":"Feature","properties":{"id":"climat-givry-premier-cru-le-medenchot","kind":"climat","level":"premier-cru","name":"Le Médenchot","full":"Givry premier cru Le Médenchot","app":"Givry","region":"cote-chalonnaise","communes":["Jambles"],"area_ha":0.98,"elev":[256.4,261.4,266.2],"slope":5.5,"slope_pct":9.6,"aspect":169,"aspect_label":"S","aspect_hist":[0.0,0.0,0.0,0.138,0.852,0.01,0.0,0.0],"village":null,"white":true},"geometry":{"type":"Polygon","coordinates":[[[4.71635,46.76877],[4.71631,46.76865],[4.71606,46.76837],[4.71583,46.76819],[4.71566,46.7681],[4.71548,46.76813],[4.71496,46.76834],[4.71478,46.76844],[4.71475,46.76851],[4.71474,46.76855],[4.71478,46.76861],[4.71505,46.76887],[4.7152,46.76897],[4.71542,46.76907],[4.71591,46.76919],[4.71608,46.76919],[4.71617,46.76914],[4.71623,46.76907],[4.71634,46.76886],[4.71635,46.76877]]]}},{"type":"Feature","properties":{"id":"climat-givry-premier-cru-le-pied-du-clou","kind":"climat","level":"premier-cru","name":"Le Pied du Clou","full":"Givry premier cru Le Pied du Clou","app":"Givry","region":"cote-chalonnaise","communes":["Givry"],"area_ha":0.87,"elev":[221.5,222.6,224.1],"slope":1.6,"slope_pct":2.8,"aspect":37,"aspect_label":"NE","aspect_hist":[0.323,0.477,0.2,0.0,0.0,0.0,0.0,0.0],"village":null,"white":true},"geometry":{"type":"Polygon","coordinates":[[[4.73786,46.77519],[4.73818,46.77511],[4.73794,46.77462],[4.7374,46.77467],[4.73668,46.77496],[4.73671,46.77499],[4.73664,46.77504],[4.73685,46.77526],[4.73736,46.77573],[4.73803,46.77548],[4.73786,46.77519]]]}},{"type":"Feature","properties":{"id":"climat-rully-premier-cru-les-pierres","kind":"climat","level":"premier-cru","name":"Les Pierres","full":"Rully premier cru Les Pierres","app":"Rully","region":"cote-chalonnaise","communes":["Rully"],"area_ha":0.81,"elev":[248.5,255.2,262.6],"slope":7.6,"slope_pct":13.4,"aspect":105,"aspect_label":"ESE","aspect_hist":[0.0,0.006,0.738,0.218,0.025,0.012,0.0,0.0],"village":"rully","white":true},"geometry":{"type":"Polygon","coordinates":[[[4.73049,46.87112],[4.73045,46.87099],[4.72922,46.87119],[4.72918,46.87129],[4.72915,46.87153],[4.72985,46.87204],[4.73015,46.87211],[4.73027,46.87209],[4.7303,46.87196],[4.73025,46.8717],[4.73027,46.87152],[4.73049,46.87112]]]}},{"type":"Feature","properties":{"id":"climat-givry-premier-cru-le-paradis","kind":"climat","level":"premier-cru","name":"Le Paradis","full":"Givry premier cru Le Paradis","app":"Givry","region":"cote-chalonnaise","communes":["Givry"],"area_ha":0.71,"elev":[237.9,242.1,247.2],"slope":4.2,"slope_pct":7.4,"aspect":131,"aspect_label":"SE","aspect_hist":[0.0,0.0,0.093,0.889,0.018,0.0,0.0,0.0],"village":null,"white":true},"geometry":{"type":"Polygon","coordinates":[[[4.72826,46.77756],[4.72894,46.77725],[4.72868,46.77698],[4.72852,46.77698],[4.72837,46.77682],[4.72795,46.77705],[4.72778,46.77718],[4.72714,46.77755],[4.72776,46.77787],[4.72826,46.77756]]]}},{"type":"Feature","properties":{"id":"climat-givry-premier-cru-clos-du-vernoy","kind":"climat","level":"premier-cru","name":"Clos du Vernoy","full":"Givry premier cru Clos du Vernoy","app":"Givry","region":"cote-chalonnaise","communes":["Givry"],"area_ha":0.7,"elev":[253.1,256.3,259.8],"slope":3.0,"slope_pct":5.2,"aspect":129,"aspect_label":"SE","aspect_hist":[0.004,0.016,0.063,0.878,0.039,0.0,0.0,0.0],"village":null,"white":true},"geometry":{"type":"Polygon","coordinates":[[[4.72322,46.77303],[4.72337,46.77296],[4.72317,46.77276],[4.72277,46.7729],[4.7227,46.77285],[4.72195,46.77303],[4.72183,46.77299],[4.72168,46.77299],[4.72173,46.77344],[4.72172,46.77359],[4.72237,46.77348],[4.72337,46.7732],[4.72322,46.77303]]]}},{"type":"Feature","properties":{"id":"climat-rully-premier-cru-le-meix-caillet","kind":"climat","level":"premier-cru","name":"Le Meix Caillet","full":"Rully premier cru Le Meix Caillet","app":"Rully","region":"cote-chalonnaise","communes":["Rully"],"area_ha":0.6,"elev":[265.1,272.3,284.7],"slope":14.2,"slope_pct":26.2,"aspect":138,"aspect_label":"SE","aspect_hist":[0.008,0.029,0.163,0.771,0.029,0.0,0.0,0.0],"village":"rully","white":true},"geometry":{"type":"Polygon","coordinates":[[[4.7283,46.87284],[4.7284,46.8728],[4.72873,46.87278],[4.72888,46.87273],[4.72895,46.87266],[4.72895,46.87242],[4.72886,46.87233],[4.72853,46.87211],[4.72836,46.87208],[4.72811,46.87211],[4.72793,46.87224],[4.72769,46.87233],[4.72752,46.8725],[4.7283,46.87284]]]}},{"type":"Feature","properties":{"id":"climat-rully-premier-cru-agneux","kind":"climat","level":"premier-cru","name":"Agneux","full":"Rully premier cru Agneux","app":"Rully","region":"cote-chalonnaise","communes":["Rully"],"area_ha":0.57,"elev":[246.9,263.0,270.1],"slope":6.0,"slope_pct":10.6,"aspect":90,"aspect_label":"E","aspect_hist":[0.0,0.228,0.579,0.193,0.0,0.0,0.0,0.0],"village":"rully","white":true},"geometry":{"type":"MultiPolygon","coordinates":[[[[4.73122,46.87206],[4.73088,46.87212],[4.73093,46.87223],[4.73127,46.87217],[4.73122,46.87206]]],[[[4.72959,46.87194],[4.72906,46.87155],[4.72821,46.87176],[4.72823,46.87199],[4.72847,46.87201],[4.72867,46.87212],[4.72886,46.87226],[4.72907,46.87234],[4.72922,46.87234],[4.72934,46.87232],[4.72929,46.87226],[4.72936,46.87223],[4.7293,46.87216],[4.72943,46.87212],[4.72935,46.87203],[4.72959,46.87194]]]]}},{"type":"Feature","properties":{"id":"climat-givry-premier-cru-la-matrosse","kind":"climat","level":"premier-cru","name":"La Matrosse","full":"Givry premier cru La Matrosse","app":"Givry","region":"cote-chalonnaise","communes":["Jambles"],"area_ha":0.52,"elev":[282.7,290.6,298.2],"slope":7.9,"slope_pct":13.8,"aspect":211,"aspect_label":"SSW","aspect_hist":[0.0,0.0,0.0,0.005,0.383,0.603,0.01,0.0],"village":null,"white":true},"geometry":{"type":"Polygon","coordinates":[[[4.711,46.77114],[4.71086,46.77067],[4.71063,46.7702],[4.70995,46.7706],[4.71071,46.77137],[4.7109,46.77125],[4.711,46.77114]]]}},{"type":"Feature","properties":{"id":"climat-mercurey-premier-cru-grifferes","kind":"climat","level":"premier-cru","name":"Griffères","full":"Mercurey premier cru Griffères","app":"Mercurey","region":"cote-chalonnaise","communes":["Mercurey"],"area_ha":0.37,"elev":[261.4,269.1,279.7],"slope":11.3,"slope_pct":20.1,"aspect":128,"aspect_label":"SE","aspect_hist":[0.0,0.0,0.143,0.857,0.0,0.0,0.0,0.0],"village":null,"white":true},"geometry":{"type":"Polygon","coordinates":[[[4.72053,46.8293],[4.71945,46.82901],[4.71905,46.82945],[4.71916,46.82963],[4.72053,46.8293]]]}},{"type":"Feature","properties":{"id":"climat-rully-premier-cru-la-renarde","kind":"climat","level":"premier-cru","name":"La Renarde","full":"Rully premier cru La Renarde","app":"Rully","region":"cote-chalonnaise","communes":["Rully"],"area_ha":0.32,"elev":[231.8,237.7,247.1],"slope":9.1,"slope_pct":16.1,"aspect":125,"aspect_label":"SE","aspect_hist":[0.0,0.008,0.114,0.878,0.0,0.0,0.0,0.0],"village":"rully","white":true},"geometry":{"type":"Polygon","coordinates":[[[4.7392,46.87244],[4.7402,46.87202],[4.73998,46.87176],[4.73884,46.87223],[4.7392,46.87244]]]}}]}