{"type":"FeatureCollection","features":[{"type":"Feature","properties":{"id":"appellation-beaune","kind":"appellation","level":"village","name":"Beaune","full":"Beaune","app":"Beaune","region":"cote-de-beaune","communes":["Beaune"],"area_ha":473.76,"elev":[216.6,256.1,354.7],"slope":5.5,"slope_pct":9.8,"aspect":122,"aspect_label":"ESE","aspect_hist":[0.007,0.082,0.335,0.369,0.131,0.067,0.006,0.004],"village":null,"pc_area_ha":335.48,"n_climats":42,"white":true},"geometry":{"type":"MultiPolygon","coordinates":[[[[4.84363,47.03337],[4.84296,47.03347],[4.84285,47.03317],[4.84187,47.03332],[4.84181,47.03313],[4.84139,47.03319],[4.84146,47.03338],[4.84116,47.03342],[4.84111,47.03434],[4.84178,47.03432],[4.84179,47.03441],[4.84109,47.03447],[4.84162,47.03451],[4.8416,47.03472],[4.84147,47.03471],[4.84138,47.03555],[4.84215,47.03561],[4.84337,47.03558],[4.84366,47.03529],[4.8448,47.03481],[4.84483,47.03471],[4.84363,47.03337]],[[4.84212,47.03391],[4.84195,47.03361],[4.84286,47.03348],[4.84301,47.03382],[4.84234,47.03395],[4.84212,47.03391]]],[[[4.84252,47.0325],[4.84165,47.03267],[4.8411,47.03269],[4.84114,47.03313],[4.84161,47.03311],[4.84322,47.03283],[4.84308,47.03266],[4.84274,47.03277],[4.84252,47.0325]]],[[[4.83901,47.04482],[4.83862,47.04347],[4.83714,47.04376],[4.83686,47.04347],[4.83652,47.04362],[4.83587,47.0446],[4.83482,47.04519],[4.83469,47.04555],[4.83367,47.04706],[4.83901,47.04482]]],[[[4.83587,47.04266],[4.83624,47.04257],[4.83603,47.04214],[4.83496,47.04247],[4.83315,47.04271],[4.83295,47.04318],[4.83272,47.04331],[4.8317,47.04435],[4.83169,47.04449],[4.83203,47.04537],[4.83204,47.04596],[4.83272,47.04671],[4.83314,47.04735],[4.83355,47.04711],[4.83382,47.04677],[4.83421,47.04606],[4.83464,47.04554],[4.83477,47.04517],[4.83583,47.04457],[4.8361,47.04396],[4.83624,47.04392],[4.83637,47.04371],[4.83635,47.04329],[4.83643,47.04307],[4.83608,47.04274],[4.83598,47.04277],[4.8359,47.0427],[4.83587,47.04266]]],[[[4.83344,47.03401],[4.8327,47.0342],[4.83243,47.03377],[4.83259,47.03415],[4.83242,47.03418],[4.83285,47.03518],[4.83387,47.03484],[4.83344,47.03401]]],[[[4.83303,47.03958],[4.83151,47.03951],[4.83151,47.03998],[4.83169,47.04043],[4.83182,47.04049],[4.83216,47.04049],[4.83226,47.04041],[4.83225,47.04066],[4.83216,47.04057],[4.8318,47.04057],[4.83162,47.0405],[4.8314,47.04005],[4.83137,47.03968],[4.83101,47.03968],[4.83102,47.0411],[4.83072,47.04241],[4.83079,47.04299],[4.83309,47.04268],[4.83303,47.03958]]],[[[4.82501,47.04603],[4.82441,47.04644],[4.82498,47.04689],[4.82556,47.04652],[4.82501,47.04603]]],[[[4.8254,47.04663],[4.8248,47.04701],[4.82473,47.047],[4.82619,47.04826],[4.82689,47.04864],[4.82715,47.04902],[4.82839,47.05008],[4.82855,47.05037],[4.82887,47.05033],[4.82902,47.05054],[4.82934,47.05056],[4.82982,47.04951],[4.83131,47.0487],[4.83128,47.04861],[4.8314,47.04866],[4.8315,47.0486],[4.83308,47.04738],[4.83272,47.04677],[4.83199,47.04598],[4.83197,47.04533],[4.83173,47.04468],[4.83153,47.04445],[4.83284,47.04314],[4.83304,47.04272],[4.83075,47.04303],[4.8308,47.0432],[4.82992,47.04335],[4.8291,47.04366],[4.8282,47.04345],[4.82718,47.04385],[4.82706,47.04385],[4.82701,47.04367],[4.82746,47.04371],[4.82815,47.04342],[4.82811,47.04337],[4.82824,47.04336],[4.82886,47.04359],[4.82917,47.04359],[4.82984,47.04334],[4.83052,47.04321],[4.83064,47.04309],[4.83065,47.0423],[4.83095,47.04117],[4.83093,47.03942],[4.83069,47.03812],[4.83054,47.03773],[4.83054,47.03742],[4.83016,47.03609],[4.82981,47.03614],[4.82912,47.03647],[4.82766,47.03745],[4.82639,47.03892],[4.82581,47.03994],[4.82525,47.04043],[4.82458,47.04167],[4.82424,47.0428],[4.82425,47.04304],[4.82439,47.04323],[4.82459,47.04328],[4.82454,47.04338],[4.82476,47.04348],[4.82475,47.04373],[4.82487,47.04386],[4.82483,47.04395],[4.82515,47.0449],[4.82584,47.04553],[4.82644,47.04622],[4.82599,47.04654],[4.82599,47.04675],[4.82586,47.04691],[4.8254,47.04663]]],[[[4.83207,47.02619],[4.83131,47.02627],[4.83161,47.0267],[4.83169,47.0267],[4.83223,47.02643],[4.83207,47.02619]]],[[[4.82842,47.02596],[4.82864,47.02593],[4.82844,47.02567],[4.83018,47.02507],[4.82995,47.02468],[4.82767,47.02539],[4.82805,47.02581],[4.82842,47.02596]]],[[[4.83023,47.03592],[4.83008,47.0351],[4.82815,47.03554],[4.82823,47.03579],[4.82764,47.03592],[4.82772,47.03611],[4.82763,47.03642],[4.82781,47.03716],[4.82789,47.03717],[4.82889,47.03649],[4.82966,47.03607],[4.83023,47.03592]]],[[[4.82889,47.02237],[4.82816,47.02275],[4.82854,47.0231],[4.82893,47.02293],[4.82925,47.02324],[4.82935,47.02319],[4.82904,47.0229],[4.82933,47.02278],[4.82889,47.02237]]],[[[4.82937,47.02868],[4.829,47.02873],[4.82855,47.0286],[4.8281,47.0289],[4.82818,47.02899],[4.82791,47.02911],[4.82744,47.0292],[4.82737,47.02916],[4.82704,47.02941],[4.82802,47.02997],[4.82863,47.03019],[4.82903,47.02985],[4.82953,47.02904],[4.82944,47.02904],[4.82937,47.02868]]],[[[4.82879,47.03281],[4.82868,47.03262],[4.8291,47.03251],[4.829,47.03226],[4.82852,47.03234],[4.8275,47.03264],[4.82755,47.03271],[4.82778,47.03264],[4.82794,47.03276],[4.82749,47.03285],[4.82755,47.03324],[4.82799,47.03316],[4.82803,47.03333],[4.82755,47.0333],[4.82753,47.03375],[4.82921,47.03342],[4.82895,47.03279],[4.82879,47.03281]]],[[[4.82704,47.02956],[4.82653,47.0299],[4.82662,47.03063],[4.8265,47.03154],[4.82676,47.03163],[4.82732,47.03162],[4.8281,47.03045],[4.82828,47.03041],[4.82857,47.03019],[4.82801,47.02998],[4.82708,47.02946],[4.82704,47.02956]]],[[[4.82759,47.02544],[4.82725,47.02506],[4.82517,47.02563],[4.82473,47.02576],[4.82486,47.026],[4.82503,47.02595],[4.82509,47.02599],[4.82511,47.02609],[4.82494,47.02614],[4.82502,47.02628],[4.82454,47.02641],[4.82411,47.02604],[4.82254,47.0269],[4.82309,47.027],[4.82335,47.02715],[4.82515,47.02916],[4.82567,47.02908],[4.82633,47.02887],[4.82608,47.02773],[4.82693,47.02748],[4.82662,47.0267],[4.8277,47.02648],[4.82759,47.02619],[4.82658,47.02634],[4.82664,47.02656],[4.82603,47.02665],[4.82596,47.02643],[4.82721,47.02621],[4.8271,47.02604],[4.82667,47.02604],[4.82596,47.02618],[4.82529,47.02645],[4.8251,47.02662],[4.82514,47.02678],[4.82507,47.02679],[4.82499,47.02665],[4.82526,47.02643],[4.82595,47.02615],[4.82651,47.02602],[4.82731,47.02598],[4.82797,47.02587],[4.82762,47.02547],[4.82755,47.0255],[4.82759,47.02544]]],[[[4.8267,47.02221],[4.82717,47.0227],[4.82737,47.02261],[4.8269,47.02213],[4.8267,47.02221]]],[[[4.8277,47.0353],[4.82742,47.03408],[4.82744,47.0337],[4.82718,47.03376],[4.82706,47.0336],[4.82666,47.03391],[4.82583,47.03431],[4.82377,47.03471],[4.82375,47.03465],[4.82585,47.03427],[4.82664,47.03388],[4.82704,47.03357],[4.82746,47.0334],[4.82736,47.03251],[4.82678,47.03276],[4.82682,47.03295],[4.82679,47.03299],[4.82655,47.0322],[4.82666,47.0322],[4.82637,47.0319],[4.82654,47.03051],[4.82644,47.02989],[4.82633,47.02982],[4.82564,47.02964],[4.82502,47.02932],[4.8249,47.02938],[4.8248,47.0297],[4.82388,47.03082],[4.82346,47.03101],[4.82233,47.03192],[4.8214,47.03226],[4.82109,47.0325],[4.82023,47.03412],[4.82004,47.03426],[4.82007,47.03446],[4.81989,47.03449],[4.81981,47.0346],[4.81984,47.03527],[4.82014,47.03637],[4.82022,47.03754],[4.82032,47.03769],[4.82054,47.03765],[4.82078,47.03797],[4.82099,47.03794],[4.82106,47.03806],[4.82126,47.03804],[4.82127,47.03812],[4.82139,47.0381],[4.82145,47.03835],[4.82263,47.03818],[4.82287,47.03809],[4.82311,47.03791],[4.82382,47.03778],[4.82391,47.03738],[4.824,47.03737],[4.82402,47.03749],[4.82518,47.03711],[4.82575,47.03685],[4.82755,47.03643],[4.82761,47.03614],[4.82747,47.03578],[4.8277,47.0353]]],[[[4.82774,47.03729],[4.8275,47.03647],[4.82572,47.0369],[4.82524,47.03713],[4.82416,47.03748],[4.82399,47.0376],[4.82395,47.03779],[4.82315,47.03796],[4.82284,47.03832],[4.82215,47.03843],[4.82237,47.03878],[4.82233,47.03887],[4.82218,47.03893],[4.8224,47.03914],[4.8221,47.03921],[4.8221,47.03882],[4.82166,47.03896],[4.82163,47.03902],[4.82134,47.03894],[4.82082,47.03902],[4.82101,47.03944],[4.82051,47.03952],[4.82037,47.04016],[4.82059,47.04087],[4.82055,47.04182],[4.82063,47.04207],[4.82089,47.04204],[4.82091,47.04211],[4.82078,47.04212],[4.82081,47.04236],[4.82071,47.04237],[4.82075,47.04257],[4.82066,47.0426],[4.82101,47.04315],[4.82146,47.04303],[4.8215,47.04315],[4.82061,47.04394],[4.82057,47.04369],[4.82029,47.0437],[4.82035,47.04385],[4.82024,47.04392],[4.82027,47.04418],[4.82042,47.04409],[4.82066,47.04407],[4.82063,47.04399],[4.82106,47.04387],[4.82129,47.04371],[4.82195,47.04348],[4.82219,47.04334],[4.82229,47.04352],[4.82192,47.04364],[4.82189,47.04376],[4.82146,47.044],[4.82187,47.04418],[4.82273,47.04404],[4.82277,47.04414],[4.82474,47.0441],[4.82459,47.04359],[4.82418,47.04306],[4.82419,47.04267],[4.82451,47.04169],[4.82522,47.04039],[4.82579,47.03988],[4.82637,47.03884],[4.82774,47.03729]]],[[[4.82644,47.02891],[4.82567,47.02914],[4.82518,47.02921],[4.82515,47.02926],[4.82566,47.02958],[4.82651,47.02978],[4.82692,47.02959],[4.82699,47.02937],[4.82728,47.02914],[4.82741,47.02888],[4.82644,47.02891]]],[[[4.82664,47.02476],[4.82609,47.02416],[4.82582,47.02425],[4.8257,47.02407],[4.82583,47.02403],[4.8255,47.02348],[4.82582,47.02335],[4.82567,47.0233],[4.82504,47.02332],[4.82409,47.02356],[4.82327,47.02385],[4.82355,47.02415],[4.82396,47.02481],[4.82374,47.02489],[4.82385,47.02504],[4.8237,47.02489],[4.82391,47.02481],[4.82383,47.02466],[4.82352,47.02416],[4.82317,47.02387],[4.82172,47.02444],[4.8214,47.02486],[4.82248,47.02644],[4.82297,47.02639],[4.82277,47.0261],[4.82326,47.02593],[4.82346,47.02628],[4.8237,47.02615],[4.82351,47.02589],[4.82382,47.02577],[4.82398,47.02599],[4.82463,47.02569],[4.82445,47.0255],[4.82417,47.0256],[4.82401,47.02533],[4.8244,47.02529],[4.8247,47.02567],[4.82701,47.02498],[4.82689,47.02484],[4.82709,47.02477],[4.82698,47.02465],[4.82664,47.02476]]],[[[4.82628,47.01837],[4.82662,47.01818],[4.82617,47.01803],[4.82589,47.01822],[4.82561,47.01808],[4.82585,47.01793],[4.82575,47.0179],[4.82491,47.01837],[4.82485,47.01832],[4.82525,47.01811],[4.82463,47.01777],[4.82346,47.01836],[4.82292,47.01799],[4.82419,47.01738],[4.82385,47.01725],[4.82369,47.01736],[4.82353,47.01725],[4.82343,47.0173],[4.82336,47.01723],[4.8232,47.01732],[4.82274,47.01694],[4.82203,47.01733],[4.82163,47.01693],[4.82178,47.01684],[4.82147,47.01659],[4.82173,47.01644],[4.82148,47.01634],[4.8211,47.01653],[4.82098,47.01641],[4.82127,47.01626],[4.81974,47.01567],[4.8193,47.0159],[4.81748,47.01664],[4.81728,47.01642],[4.81935,47.01552],[4.81725,47.0147],[4.81679,47.01517],[4.81617,47.0149],[4.81662,47.01445],[4.81373,47.01332],[4.81342,47.01368],[4.81295,47.01393],[4.81349,47.0145],[4.81452,47.01613],[4.81529,47.01706],[4.8157,47.01787],[4.81614,47.0184],[4.81633,47.01894],[4.81722,47.01919],[4.81757,47.01938],[4.8185,47.02019],[4.82023,47.0211],[4.82186,47.02229],[4.82262,47.02258],[4.82357,47.02277],[4.82413,47.02258],[4.82408,47.0226],[4.82427,47.02282],[4.82454,47.02272],[4.82471,47.02287],[4.82482,47.02307],[4.82462,47.02311],[4.82477,47.02322],[4.82548,47.0231],[4.82578,47.02298],[4.82565,47.02282],[4.82579,47.02276],[4.8261,47.02317],[4.82645,47.0231],[4.82611,47.0227],[4.82627,47.02263],[4.82651,47.02291],[4.82692,47.02275],[4.82625,47.02199],[4.826,47.0221],[4.82555,47.0216],[4.82495,47.02176],[4.82459,47.02133],[4.82543,47.02108],[4.82375,47.01926],[4.82415,47.0191],[4.82478,47.01971],[4.82587,47.01922],[4.8257,47.01904],[4.82681,47.01854],[4.82661,47.01837],[4.8264,47.01848],[4.82628,47.01837]],[[4.81835,47.01636],[4.8186,47.01659],[4.81772,47.01692],[4.8175,47.01667],[4.81835,47.01636]]],[[[4.82506,47.02919],[4.82324,47.02717],[4.82302,47.02705],[4.82273,47.02701],[4.82233,47.02724],[4.82138,47.02739],[4.82136,47.02734],[4.82018,47.02768],[4.82001,47.02779],[4.82034,47.0281],[4.82023,47.02816],[4.81985,47.02792],[4.81958,47.02815],[4.8197,47.02811],[4.81989,47.02834],[4.81974,47.02842],[4.81954,47.02818],[4.81916,47.02839],[4.81771,47.0288],[4.81755,47.02896],[4.81751,47.02914],[4.81763,47.02987],[4.81837,47.0306],[4.81862,47.03097],[4.8191,47.03103],[4.81916,47.03097],[4.81901,47.03069],[4.82001,47.03038],[4.82089,47.03019],[4.82151,47.02997],[4.82276,47.02976],[4.8234,47.02982],[4.82471,47.02944],[4.82481,47.02927],[4.82506,47.02919]]],[[[4.82416,47.02293],[4.82276,47.02269],[4.82193,47.02242],[4.82014,47.02111],[4.81834,47.02018],[4.81801,47.02016],[4.81682,47.0205],[4.81879,47.02208],[4.81934,47.02261],[4.81991,47.02295],[4.82066,47.02383],[4.82152,47.02441],[4.82177,47.02438],[4.82353,47.0237],[4.82476,47.02332],[4.82446,47.02306],[4.82416,47.02293]]],[[[4.82442,47.02962],[4.8229,47.02996],[4.82287,47.02982],[4.82184,47.02998],[4.82002,47.03042],[4.81916,47.03069],[4.81927,47.03099],[4.81903,47.03107],[4.81902,47.03125],[4.81912,47.03144],[4.81929,47.03142],[4.81894,47.0316],[4.81928,47.03185],[4.81878,47.03201],[4.81907,47.0323],[4.81917,47.03255],[4.8184,47.03265],[4.8187,47.03322],[4.81917,47.03314],[4.81922,47.03324],[4.81903,47.03327],[4.81944,47.03384],[4.81908,47.03396],[4.81921,47.03418],[4.81952,47.03427],[4.82015,47.03411],[4.82115,47.03229],[4.82231,47.03188],[4.82341,47.03093],[4.82378,47.03081],[4.82385,47.03069],[4.82373,47.03052],[4.82397,47.03053],[4.82469,47.02971],[4.82474,47.02949],[4.82442,47.02962]]],[[[4.82483,47.0442],[4.82431,47.04413],[4.82243,47.04419],[4.82185,47.0443],[4.82234,47.04517],[4.82385,47.04537],[4.82393,47.04534],[4.82399,47.0454],[4.82428,47.04491],[4.82447,47.04488],[4.82491,47.04498],[4.82504,47.04494],[4.82483,47.0442]]],[[[4.82263,47.02674],[4.82135,47.02489],[4.82115,47.02499],[4.81984,47.02606],[4.82026,47.027],[4.8206,47.02745],[4.82183,47.02709],[4.82263,47.02674]]],[[[4.82046,47.02375],[4.82015,47.02369],[4.81959,47.02371],[4.81863,47.02392],[4.81838,47.02385],[4.81801,47.02353],[4.8179,47.02352],[4.81513,47.02481],[4.81508,47.02477],[4.81414,47.0251],[4.81308,47.02577],[4.81332,47.02593],[4.81347,47.02593],[4.8139,47.0264],[4.81614,47.02674],[4.81751,47.02673],[4.81767,47.02665],[4.81773,47.02653],[4.81808,47.02676],[4.81823,47.02705],[4.81847,47.02724],[4.81873,47.02732],[4.81928,47.02728],[4.8202,47.02691],[4.81965,47.02601],[4.81984,47.02597],[4.82042,47.02556],[4.82093,47.02511],[4.82144,47.02476],[4.82158,47.02452],[4.82046,47.02375]]],[[[4.82025,47.02338],[4.81988,47.02297],[4.81931,47.02264],[4.81864,47.02201],[4.81674,47.02052],[4.81648,47.02056],[4.81381,47.02164],[4.81488,47.02239],[4.81585,47.02351],[4.81653,47.024],[4.81791,47.02342],[4.81834,47.02377],[4.81859,47.02386],[4.81948,47.02368],[4.82037,47.02366],[4.82025,47.02338]]],[[[4.82021,47.02705],[4.82014,47.02703],[4.81912,47.02742],[4.81846,47.02743],[4.81802,47.02683],[4.81783,47.02669],[4.81753,47.02678],[4.81613,47.02679],[4.81421,47.02646],[4.81383,47.02651],[4.81337,47.02604],[4.81266,47.02588],[4.81099,47.02614],[4.81002,47.02613],[4.80921,47.02594],[4.80874,47.02593],[4.80628,47.02669],[4.80658,47.02711],[4.80638,47.02717],[4.80671,47.0276],[4.807,47.02745],[4.80734,47.0276],[4.80765,47.02791],[4.80725,47.02812],[4.80751,47.02831],[4.80778,47.02817],[4.80831,47.02852],[4.80843,47.02854],[4.80875,47.0288],[4.80938,47.02957],[4.81015,47.02911],[4.8112,47.02874],[4.81126,47.02883],[4.81253,47.02869],[4.8133,47.02843],[4.81317,47.02833],[4.8123,47.02826],[4.81181,47.02812],[4.8119,47.02808],[4.81199,47.02815],[4.81233,47.02819],[4.81239,47.02825],[4.81319,47.0283],[4.81334,47.02841],[4.81464,47.02885],[4.81636,47.02879],[4.81797,47.02863],[4.81914,47.02827],[4.82012,47.02757],[4.82046,47.02749],[4.82021,47.02705]]],[[[4.81752,47.01942],[4.81706,47.01919],[4.8163,47.01904],[4.81688,47.01995],[4.81689,47.02023],[4.81679,47.02046],[4.81822,47.02007],[4.81752,47.01942]]],[[[4.81839,47.03074],[4.81813,47.03042],[4.81772,47.03009],[4.81757,47.02983],[4.81743,47.02907],[4.8176,47.0288],[4.8165,47.02886],[4.81542,47.02928],[4.81563,47.03006],[4.81542,47.03011],[4.81517,47.02973],[4.81512,47.0294],[4.81442,47.02972],[4.81359,47.0303],[4.81326,47.03072],[4.81207,47.03169],[4.81171,47.0321],[4.81236,47.03245],[4.81282,47.03232],[4.81327,47.03233],[4.81397,47.03192],[4.81421,47.03219],[4.81475,47.03203],[4.81598,47.03162],[4.81594,47.0308],[4.81599,47.03074],[4.81611,47.03112],[4.81659,47.03133],[4.81694,47.03125],[4.8173,47.0313],[4.81763,47.03145],[4.81787,47.03146],[4.81809,47.03168],[4.8185,47.03163],[4.81849,47.0311],[4.81839,47.03074]]],[[[4.81673,47.01976],[4.81615,47.01899],[4.81546,47.01852],[4.8152,47.01841],[4.81446,47.01833],[4.81387,47.01815],[4.81337,47.0179],[4.81216,47.01713],[4.81102,47.01695],[4.80869,47.01621],[4.8079,47.01656],[4.8077,47.01679],[4.80766,47.01666],[4.80736,47.01639],[4.80698,47.0162],[4.80618,47.01593],[4.80539,47.01648],[4.80494,47.01711],[4.80392,47.01756],[4.80461,47.01785],[4.80512,47.01822],[4.80565,47.01887],[4.80574,47.01922],[4.80604,47.01943],[4.80672,47.01966],[4.80705,47.01994],[4.80698,47.01997],[4.80668,47.01968],[4.8063,47.01958],[4.80582,47.01934],[4.80565,47.01918],[4.80557,47.01884],[4.80504,47.0182],[4.80464,47.01792],[4.80385,47.01758],[4.80354,47.01768],[4.80296,47.01801],[4.80195,47.01869],[4.80255,47.01921],[4.8032,47.01964],[4.8036,47.02007],[4.80424,47.02051],[4.80434,47.02078],[4.80472,47.02111],[4.80549,47.02142],[4.80643,47.02163],[4.80664,47.02176],[4.80696,47.02231],[4.80725,47.02306],[4.80851,47.02499],[4.80933,47.02588],[4.81002,47.02608],[4.81125,47.02608],[4.81291,47.02579],[4.81419,47.02502],[4.81527,47.02467],[4.81649,47.02403],[4.8156,47.02333],[4.81238,47.02457],[4.81234,47.0245],[4.81259,47.02438],[4.81557,47.02329],[4.81521,47.02297],[4.81486,47.02242],[4.81368,47.02165],[4.81208,47.02225],[4.81171,47.02234],[4.81201,47.0228],[4.81219,47.02326],[4.81174,47.02347],[4.81157,47.02332],[4.81189,47.0233],[4.81202,47.02322],[4.81204,47.02313],[4.81197,47.02285],[4.81162,47.02234],[4.81117,47.02247],[4.81109,47.02237],[4.81038,47.02249],[4.8103,47.02243],[4.81179,47.02225],[4.81294,47.02187],[4.8126,47.02166],[4.8121,47.02147],[4.81185,47.02142],[4.81172,47.02145],[4.81153,47.02112],[4.81121,47.02081],[4.81062,47.02051],[4.81046,47.0203],[4.81037,47.01961],[4.81015,47.01921],[4.80928,47.01817],[4.80832,47.01745],[4.80843,47.01738],[4.80903,47.0179],[4.80938,47.01814],[4.8095,47.01811],[4.8095,47.01828],[4.80982,47.01875],[4.81047,47.01955],[4.81041,47.01957],[4.81053,47.01999],[4.81052,47.02031],[4.8109,47.02062],[4.81144,47.02055],[4.81196,47.02027],[4.81174,47.01984],[4.81142,47.01944],[4.81152,47.01946],[4.81212,47.02036],[4.81115,47.02069],[4.81152,47.02104],[4.81171,47.02135],[4.81261,47.0216],[4.813,47.02183],[4.8141,47.02143],[4.81375,47.02091],[4.81374,47.02069],[4.81343,47.02031],[4.81373,47.02065],[4.81379,47.0209],[4.81415,47.0214],[4.81669,47.02047],[4.81684,47.02019],[4.81673,47.01976]]],[[[4.81612,47.01854],[4.8156,47.01782],[4.8152,47.01702],[4.81444,47.01612],[4.81344,47.01453],[4.81281,47.01382],[4.80831,47.01582],[4.80867,47.01615],[4.81006,47.01663],[4.81098,47.0169],[4.81223,47.01712],[4.81379,47.01808],[4.81445,47.01827],[4.81527,47.01837],[4.8162,47.01892],[4.81612,47.01854]]],[[[4.81607,47.03199],[4.8155,47.03192],[4.81549,47.03239],[4.81631,47.03246],[4.81622,47.03211],[4.81607,47.03199]]],[[[4.81603,47.02883],[4.81459,47.02892],[4.81377,47.02858],[4.81325,47.02851],[4.81265,47.0287],[4.81156,47.02885],[4.81101,47.0292],[4.81053,47.02983],[4.80993,47.02964],[4.80863,47.03066],[4.80777,47.03115],[4.80649,47.03158],[4.80731,47.03211],[4.8071,47.03228],[4.80759,47.03265],[4.80713,47.03308],[4.80768,47.03349],[4.80828,47.03297],[4.80929,47.03251],[4.81072,47.03174],[4.81112,47.03145],[4.8106,47.03115],[4.81063,47.03107],[4.81118,47.03142],[4.81362,47.03012],[4.81463,47.0295],[4.81446,47.02936],[4.81468,47.02926],[4.81482,47.02942],[4.81605,47.02887],[4.81603,47.02883]]],[[[4.81331,47.03342],[4.81232,47.03385],[4.81221,47.03366],[4.81098,47.03411],[4.8106,47.03367],[4.81021,47.03387],[4.8105,47.03416],[4.81013,47.03434],[4.80989,47.03414],[4.80963,47.03419],[4.80898,47.03477],[4.81016,47.03593],[4.81062,47.03576],[4.81047,47.03563],[4.81055,47.03558],[4.81067,47.03573],[4.81087,47.0356],[4.81093,47.03565],[4.81116,47.03554],[4.81139,47.03558],[4.81202,47.03531],[4.81208,47.03534],[4.8124,47.03515],[4.81297,47.03504],[4.81268,47.03472],[4.81329,47.0345],[4.81332,47.03456],[4.81381,47.03451],[4.81383,47.03456],[4.81413,47.03458],[4.81462,47.03407],[4.8146,47.03378],[4.81471,47.03351],[4.81411,47.03342],[4.81354,47.03356],[4.81331,47.03342]]],[[[4.81118,47.03149],[4.80976,47.03235],[4.80826,47.03305],[4.80785,47.0334],[4.80817,47.03361],[4.8121,47.03127],[4.81341,47.03029],[4.81118,47.03149]]],[[[4.81143,47.03181],[4.80822,47.03371],[4.80836,47.03381],[4.80841,47.03379],[4.80868,47.03401],[4.80934,47.03359],[4.80966,47.03327],[4.81081,47.03266],[4.81167,47.03196],[4.81143,47.03181]]],[[[4.80856,47.02511],[4.80748,47.02359],[4.80717,47.02302],[4.80688,47.02301],[4.80688,47.0232],[4.80599,47.02324],[4.80593,47.0233],[4.80586,47.02443],[4.80564,47.02464],[4.80533,47.02459],[4.80502,47.02434],[4.80483,47.02447],[4.80464,47.02439],[4.80438,47.02455],[4.80431,47.02453],[4.80414,47.02475],[4.80397,47.02475],[4.80359,47.02511],[4.80368,47.02515],[4.80326,47.02547],[4.80386,47.02571],[4.80419,47.02596],[4.80452,47.02571],[4.80432,47.02559],[4.80452,47.02526],[4.80494,47.02542],[4.80564,47.02498],[4.80578,47.02506],[4.80549,47.02515],[4.80517,47.02539],[4.80551,47.02566],[4.80517,47.02584],[4.80529,47.02594],[4.80548,47.0258],[4.80564,47.02587],[4.80572,47.02582],[4.80607,47.0261],[4.80665,47.02598],[4.80688,47.02582],[4.80735,47.02573],[4.80743,47.02591],[4.80729,47.02594],[4.80726,47.0259],[4.80681,47.02604],[4.80679,47.02611],[4.80624,47.02628],[4.80645,47.02637],[4.80816,47.02593],[4.80843,47.02595],[4.80875,47.02586],[4.80906,47.02587],[4.80918,47.02579],[4.80856,47.02511]]],[[[4.80884,47.02967],[4.80832,47.02891],[4.80809,47.02908],[4.80771,47.02876],[4.80793,47.02862],[4.80771,47.02851],[4.80733,47.02874],[4.80735,47.02884],[4.80654,47.02864],[4.80646,47.02849],[4.8069,47.02834],[4.80623,47.02784],[4.80595,47.02783],[4.80566,47.02786],[4.80573,47.02877],[4.80513,47.02902],[4.80508,47.02945],[4.80492,47.02961],[4.8059,47.02972],[4.80632,47.02985],[4.80678,47.02965],[4.80704,47.02988],[4.8073,47.03028],[4.80823,47.03002],[4.8088,47.02976],[4.80884,47.02967]]],[[[4.80688,47.02227],[4.8065,47.02171],[4.80547,47.02147],[4.80477,47.02119],[4.80428,47.02079],[4.80419,47.02054],[4.80377,47.02024],[4.80296,47.02068],[4.80274,47.02087],[4.80303,47.0211],[4.80316,47.0211],[4.8035,47.02129],[4.80366,47.02096],[4.80383,47.02084],[4.80388,47.02098],[4.8036,47.02132],[4.80404,47.02156],[4.8038,47.02177],[4.80475,47.02258],[4.80492,47.02265],[4.80518,47.02263],[4.80545,47.02241],[4.80567,47.02237],[4.80548,47.02243],[4.80529,47.02262],[4.80501,47.02269],[4.80522,47.02346],[4.80576,47.02315],[4.80624,47.023],[4.80654,47.02277],[4.80703,47.0227],[4.80688,47.02227]]],[[[4.80588,47.02747],[4.80559,47.02692],[4.80548,47.02695],[4.8033,47.02805],[4.8036,47.02812],[4.80511,47.02738],[4.80539,47.02744],[4.8057,47.0276],[4.80588,47.02747]]],[[[4.805,47.02337],[4.80481,47.02329],[4.80505,47.02323],[4.80481,47.02298],[4.80481,47.02285],[4.8049,47.02284],[4.8048,47.02266],[4.80463,47.02258],[4.80405,47.02205],[4.80359,47.02173],[4.80346,47.02175],[4.80337,47.02169],[4.80344,47.02164],[4.80329,47.02152],[4.80283,47.02127],[4.80245,47.02142],[4.80232,47.02152],[4.80319,47.02184],[4.80298,47.02203],[4.80284,47.02195],[4.80227,47.02249],[4.80307,47.02291],[4.80317,47.02304],[4.80286,47.02316],[4.80346,47.02367],[4.80365,47.02361],[4.80367,47.02365],[4.80358,47.02368],[4.8037,47.0239],[4.80327,47.02393],[4.80257,47.02427],[4.80262,47.02457],[4.80281,47.02487],[4.80296,47.02487],[4.80523,47.02412],[4.805,47.02337]]],[[[4.80393,47.02819],[4.8039,47.02815],[4.80339,47.02827],[4.80322,47.02812],[4.80186,47.02915],[4.80052,47.02996],[4.80094,47.03025],[4.80109,47.03025],[4.80129,47.03016],[4.80111,47.0298],[4.80237,47.0297],[4.80239,47.03007],[4.80284,47.02993],[4.80357,47.02978],[4.80358,47.02982],[4.80384,47.02978],[4.80398,47.02964],[4.80386,47.02941],[4.80401,47.02941],[4.80402,47.02946],[4.80418,47.02943],[4.80415,47.02932],[4.80444,47.02925],[4.80439,47.02917],[4.80492,47.02908],[4.80467,47.02799],[4.80393,47.02819]]],[[[4.80369,47.02021],[4.80321,47.01972],[4.80189,47.01873],[4.79982,47.01983],[4.79859,47.02082],[4.79775,47.02171],[4.7972,47.02144],[4.79609,47.02216],[4.79535,47.02251],[4.79494,47.02299],[4.79438,47.0232],[4.79362,47.02391],[4.79338,47.02477],[4.79346,47.02478],[4.79396,47.02428],[4.79401,47.02431],[4.79457,47.02398],[4.79468,47.02401],[4.79506,47.02383],[4.79537,47.02376],[4.7953,47.02361],[4.7965,47.0234],[4.79647,47.02331],[4.79695,47.02315],[4.79688,47.02302],[4.79721,47.02296],[4.79726,47.02304],[4.79746,47.02303],[4.79774,47.02295],[4.79779,47.02303],[4.79794,47.023],[4.79791,47.02292],[4.79856,47.02281],[4.7985,47.02267],[4.79862,47.02262],[4.79913,47.02301],[4.7997,47.02282],[4.79979,47.0229],[4.80023,47.02287],[4.80016,47.02267],[4.8,47.02264],[4.80019,47.02256],[4.8001,47.02235],[4.79985,47.02211],[4.80014,47.02201],[4.80026,47.02217],[4.80055,47.02209],[4.80082,47.02179],[4.80091,47.02165],[4.80086,47.02163],[4.80103,47.0215],[4.80075,47.0213],[4.80065,47.02135],[4.80052,47.02127],[4.80061,47.02122],[4.80057,47.02114],[4.80078,47.0212],[4.80179,47.02085],[4.80192,47.02098],[4.8023,47.02081],[4.80245,47.02092],[4.80363,47.0203],[4.80369,47.02021]]],[[[4.80229,47.02152],[4.80216,47.02142],[4.80162,47.02173],[4.80189,47.02183],[4.80229,47.02152]]]]}},{"type":"Feature","properties":{"id":"appellation-meursault","kind":"appellation","level":"village","name":"Meursault","full":"Meursault","app":"Meursault","region":"cote-de-beaune","communes":["Meursault"],"area_ha":443.42,"elev":[227.2,264.6,380.3],"slope":4.5,"slope_pct":7.9,"aspect":110,"aspect_label":"ESE","aspect_hist":[0.007,0.112,0.417,0.368,0.038,0.038,0.016,0.003],"village":"meursault","pc_area_ha":87.56,"n_climats":19,"white":true},"geometry":{"type":"MultiPolygon","coordinates":[[[[4.78442,46.98786],[4.78381,46.98792],[4.78338,46.98751],[4.7833,46.98733],[4.78254,46.98697],[4.78156,46.98684],[4.78046,46.98654],[4.78015,46.9864],[4.77951,46.986],[4.7788,46.98533],[4.77815,46.98486],[4.77745,46.9852],[4.77709,46.98547],[4.77761,46.9863],[4.77787,46.98706],[4.77789,46.9874],[4.7778,46.98773],[4.77861,46.98767],[4.77893,46.98756],[4.77932,46.98773],[4.77989,46.98831],[4.78016,46.98887],[4.78029,46.98934],[4.78071,46.99012],[4.78066,46.99014],[4.78097,46.99048],[4.78129,46.99067],[4.78225,46.99089],[4.78256,46.9909],[4.78288,46.99082],[4.78455,46.9902],[4.78483,46.99002],[4.78537,46.98948],[4.78588,46.98914],[4.7848,46.98795],[4.78442,46.98786]]],[[[4.78174,46.98563],[4.78026,46.98388],[4.77911,46.98431],[4.77815,46.98481],[4.77869,46.98517],[4.77949,46.98592],[4.78031,46.98643],[4.7816,46.9868],[4.78209,46.98688],[4.78258,46.98688],[4.78174,46.98563]]],[[[4.78029,46.98959],[4.77981,46.98834],[4.77925,46.98777],[4.77892,46.98764],[4.77811,46.98779],[4.77759,46.98778],[4.77697,46.98791],[4.77672,46.98824],[4.7768,46.9887],[4.77637,46.98909],[4.77691,46.98937],[4.7775,46.99011],[4.77784,46.99038],[4.77817,46.99092],[4.77959,46.99088],[4.78115,46.99065],[4.78073,46.99035],[4.78029,46.98959]]],[[[4.77844,46.98218],[4.7761,46.98279],[4.77676,46.98376],[4.77697,46.98445],[4.77719,46.98451],[4.77757,46.98451],[4.77811,46.98478],[4.77928,46.98421],[4.77915,46.98405],[4.77969,46.98386],[4.77844,46.98218]]],[[[4.77565,46.97444],[4.77632,46.97531],[4.77661,46.97521],[4.77695,46.97563],[4.77751,46.97548],[4.77736,46.97525],[4.77809,46.97505],[4.77812,46.9751],[4.77843,46.97505],[4.77899,46.97487],[4.77812,46.97351],[4.77565,46.97444]]],[[[4.77748,46.98133],[4.77633,46.98023],[4.77569,46.9804],[4.77454,46.98036],[4.77469,46.98082],[4.77607,46.98273],[4.7782,46.9822],[4.77748,46.98133]]],[[[4.77692,46.9845],[4.77689,46.98506],[4.77703,46.98544],[4.77806,46.98481],[4.77756,46.98455],[4.77692,46.9845]]],[[[4.7771,46.97602],[4.77694,46.97578],[4.77561,46.97626],[4.77491,46.97668],[4.77531,46.97689],[4.77559,46.97695],[4.77686,46.97705],[4.77773,46.97702],[4.77737,46.97644],[4.77751,46.97642],[4.77724,46.97598],[4.7771,46.97602]]],[[[4.7781,46.99092],[4.77687,46.9895],[4.77631,46.98913],[4.77557,46.98972],[4.77523,46.98993],[4.77464,46.99017],[4.77488,46.99048],[4.77533,46.99072],[4.77631,46.99088],[4.77752,46.99095],[4.7781,46.99092]]],[[[4.77749,46.98623],[4.77701,46.98555],[4.77582,46.98611],[4.77554,46.98641],[4.77592,46.98667],[4.77655,46.98754],[4.777,46.98786],[4.7777,46.9877],[4.7778,46.98741],[4.77777,46.98697],[4.77749,46.98623]]],[[[4.77684,46.98516],[4.77686,46.98449],[4.7767,46.98381],[4.77603,46.98278],[4.77459,46.98316],[4.77385,46.98348],[4.77413,46.98385],[4.77407,46.98419],[4.77318,46.98458],[4.77335,46.98512],[4.77327,46.98526],[4.7741,46.98564],[4.77456,46.98616],[4.77502,46.98648],[4.77551,46.98635],[4.7758,46.98605],[4.77696,46.98551],[4.77684,46.98516]]],[[[4.77651,46.98757],[4.77605,46.9869],[4.77567,46.98652],[4.77548,46.98644],[4.77502,46.98656],[4.77489,46.98651],[4.77402,46.98567],[4.77326,46.98532],[4.77117,46.98603],[4.77136,46.98618],[4.77152,46.9866],[4.772,46.98708],[4.77195,46.9871],[4.77251,46.98751],[4.77244,46.98756],[4.77308,46.98806],[4.77363,46.98829],[4.77375,46.98824],[4.77425,46.98858],[4.7745,46.98884],[4.77501,46.98891],[4.77542,46.98911],[4.77594,46.98909],[4.77608,46.98919],[4.77673,46.9887],[4.77662,46.98833],[4.77689,46.98795],[4.77651,46.98757]]],[[[4.7764,46.97583],[4.77537,46.97455],[4.77445,46.97486],[4.77389,46.97503],[4.77268,46.97533],[4.77309,46.97581],[4.77299,46.97594],[4.77342,46.97579],[4.77371,46.97616],[4.77387,46.97609],[4.77406,46.97631],[4.77423,46.97623],[4.77438,46.97638],[4.77449,46.97633],[4.77473,46.97661],[4.77553,46.97617],[4.7764,46.97583]]],[[[4.77598,46.98274],[4.77537,46.98182],[4.77523,46.98178],[4.77474,46.98184],[4.77421,46.982],[4.77338,46.98196],[4.77299,46.98187],[4.77256,46.9815],[4.7721,46.98126],[4.77179,46.98137],[4.77166,46.9811],[4.77124,46.98126],[4.77143,46.98149],[4.77109,46.98161],[4.77104,46.98178],[4.77123,46.98207],[4.77159,46.98194],[4.77164,46.98201],[4.77156,46.98204],[4.77166,46.98217],[4.77127,46.98231],[4.77207,46.98349],[4.77223,46.98356],[4.7724,46.98352],[4.77314,46.98455],[4.77395,46.9842],[4.77408,46.9839],[4.77376,46.98341],[4.77598,46.98274]]],[[[4.7751,46.98903],[4.77497,46.98894],[4.7746,46.98889],[4.77456,46.98893],[4.77405,46.98861],[4.77355,46.98898],[4.77344,46.98881],[4.77317,46.98869],[4.77354,46.98844],[4.77296,46.98804],[4.77283,46.98788],[4.77258,46.98807],[4.77266,46.988],[4.77231,46.98778],[4.7725,46.98766],[4.77188,46.98732],[4.77128,46.98749],[4.77153,46.98792],[4.77152,46.98834],[4.77168,46.98872],[4.77242,46.98942],[4.77269,46.98961],[4.77357,46.9892],[4.77373,46.98935],[4.77294,46.98979],[4.77322,46.99],[4.77342,46.98986],[4.77394,46.99004],[4.77401,46.99017],[4.77408,46.99017],[4.77486,46.99002],[4.7741,46.9893],[4.77434,46.98912],[4.77503,46.98941],[4.77475,46.98955],[4.77506,46.98968],[4.77496,46.98977],[4.77508,46.9899],[4.77608,46.9892],[4.77594,46.9891],[4.77559,46.98913],[4.77541,46.98911],[4.77514,46.989],[4.7751,46.98903]]],[[[4.77606,46.99158],[4.77493,46.9907],[4.77394,46.99046],[4.77442,46.99115],[4.77507,46.99174],[4.77513,46.99191],[4.77606,46.99158]]],[[[4.77456,46.97456],[4.77262,46.97484],[4.77267,46.97488],[4.77249,46.97495],[4.7727,46.97531],[4.77387,46.97503],[4.77537,46.97454],[4.77526,46.97438],[4.77456,46.97456]]],[[[4.7745,46.98063],[4.77445,46.98033],[4.77436,46.98029],[4.77286,46.98007],[4.77266,46.98013],[4.77297,46.98045],[4.77224,46.98071],[4.77232,46.98082],[4.77246,46.98077],[4.77252,46.98084],[4.77222,46.98096],[4.77235,46.98112],[4.77215,46.98121],[4.77305,46.98179],[4.77344,46.98191],[4.77419,46.98194],[4.7752,46.98173],[4.77526,46.98167],[4.7745,46.98063]]],[[[4.77389,46.97205],[4.7736,46.97238],[4.77339,46.97282],[4.77451,46.97251],[4.77436,46.97217],[4.77484,46.97199],[4.77459,46.97177],[4.77392,46.97208],[4.77389,46.97205]]],[[[4.77418,46.97153],[4.77258,46.97021],[4.7706,46.96911],[4.77034,46.96929],[4.76982,46.96896],[4.76978,46.969],[4.76968,46.96893],[4.76884,46.96945],[4.76918,46.96978],[4.76995,46.97096],[4.77029,46.97205],[4.77026,46.97225],[4.77049,46.97268],[4.77083,46.97302],[4.77087,46.97299],[4.77151,46.97305],[4.77188,46.97329],[4.77198,46.97326],[4.77187,46.97315],[4.77206,46.97306],[4.77233,46.9733],[4.77327,46.9728],[4.77378,46.97207],[4.77353,46.97183],[4.77418,46.97153]]],[[[4.77441,46.98017],[4.77379,46.97839],[4.77369,46.97833],[4.77209,46.97957],[4.77206,46.97976],[4.77233,46.98006],[4.7726,46.98009],[4.77293,46.98],[4.77435,46.98022],[4.77441,46.98017]]],[[[4.77263,46.97667],[4.77247,46.97656],[4.77207,46.97677],[4.77179,46.97654],[4.77163,46.97663],[4.77148,46.97648],[4.77083,46.97681],[4.771,46.97699],[4.77074,46.97707],[4.77116,46.97831],[4.77248,46.97799],[4.77243,46.9779],[4.77283,46.97776],[4.77248,46.9773],[4.77266,46.97722],[4.77247,46.97703],[4.77335,46.97658],[4.77309,46.9764],[4.77263,46.97667]]],[[[4.7732,46.98478],[4.77245,46.98369],[4.77205,46.98355],[4.77124,46.98237],[4.77071,46.98185],[4.77006,46.98202],[4.76988,46.9817],[4.77051,46.98162],[4.77011,46.9812],[4.76994,46.98118],[4.76912,46.98135],[4.76872,46.98157],[4.76878,46.98184],[4.7689,46.98182],[4.76892,46.98196],[4.76837,46.98199],[4.76849,46.98269],[4.76915,46.98258],[4.76933,46.98358],[4.76857,46.98374],[4.76865,46.98431],[4.76827,46.98523],[4.76835,46.98549],[4.76895,46.98558],[4.77027,46.98591],[4.77113,46.98599],[4.77298,46.98535],[4.77325,46.98518],[4.7732,46.98478]]],[[[4.77144,46.97306],[4.77088,46.97301],[4.77036,46.9733],[4.77048,46.97359],[4.77063,46.97373],[4.77089,46.9736],[4.77105,46.97375],[4.77185,46.97334],[4.77144,46.97306]]],[[[4.77121,46.97485],[4.77028,46.97508],[4.76989,46.97526],[4.76923,46.97511],[4.76915,46.9755],[4.7698,46.97625],[4.77052,46.97601],[4.77042,46.97589],[4.77071,46.97578],[4.7708,46.97589],[4.7716,46.97565],[4.7717,46.97532],[4.77121,46.97485]]],[[[4.77128,46.98038],[4.77096,46.98023],[4.77048,46.98047],[4.77073,46.98076],[4.77135,46.98053],[4.77121,46.98042],[4.77128,46.98038]]],[[[4.77116,46.98751],[4.771,46.98738],[4.77002,46.98741],[4.76947,46.98761],[4.76925,46.9875],[4.76932,46.98772],[4.7692,46.98734],[4.76857,46.98743],[4.76844,46.98726],[4.76782,46.98753],[4.76738,46.98797],[4.76824,46.98828],[4.76802,46.98851],[4.76926,46.98882],[4.76927,46.98872],[4.76944,46.98864],[4.76936,46.98855],[4.76952,46.98856],[4.76958,46.98849],[4.76953,46.98836],[4.7696,46.98834],[4.76984,46.98831],[4.76989,46.98846],[4.77034,46.98827],[4.77035,46.98836],[4.77049,46.98833],[4.77094,46.98843],[4.77143,46.9884],[4.77138,46.9879],[4.77116,46.98751]]],[[[4.77032,46.9725],[4.76992,46.97098],[4.76956,46.97037],[4.76881,46.96947],[4.76761,46.97012],[4.76804,46.97068],[4.76874,46.97134],[4.76854,46.97146],[4.76894,46.97201],[4.76868,46.9721],[4.7689,46.97238],[4.76901,46.97247],[4.76926,46.97236],[4.76915,46.97226],[4.76957,46.97208],[4.76965,46.97216],[4.76975,46.97211],[4.76984,46.9722],[4.76954,46.97233],[4.76966,46.97243],[4.76952,46.9725],[4.76953,46.97261],[4.76985,46.97247],[4.76988,46.97251],[4.76961,46.97263],[4.76973,46.97276],[4.76934,46.97293],[4.7694,46.97305],[4.76966,46.97296],[4.76975,46.97318],[4.76985,46.97311],[4.76993,46.97317],[4.77006,46.97309],[4.77033,46.9733],[4.77081,46.97303],[4.77046,46.97269],[4.77032,46.9725]]],[[[4.76858,46.96755],[4.76616,46.96898],[4.76652,46.9697],[4.76706,46.9702],[4.76725,46.97019],[4.7679,46.96991],[4.76916,46.96921],[4.7697,46.96882],[4.76858,46.96755]]],[[[4.7696,46.9761],[4.76903,46.97536],[4.76804,46.97554],[4.76801,46.97586],[4.76858,46.97653],[4.7696,46.9761]]],[[[4.76904,46.97645],[4.76902,46.97699],[4.76877,46.97703],[4.7688,46.97721],[4.7693,46.97714],[4.76929,46.97695],[4.76937,46.97691],[4.76932,46.97639],[4.76904,46.97645]]],[[[4.76851,46.97203],[4.76814,46.97215],[4.76795,46.97188],[4.76802,46.97185],[4.76798,46.97174],[4.76787,46.9717],[4.76769,46.97178],[4.76761,46.9717],[4.76771,46.97166],[4.7673,46.97117],[4.76561,46.97191],[4.76642,46.97275],[4.76715,46.97369],[4.76816,46.97323],[4.76802,46.97295],[4.76847,46.97281],[4.76835,46.97255],[4.76846,46.97252],[4.7685,46.97257],[4.76886,46.97244],[4.76851,46.97203]]],[[[4.76803,46.97829],[4.76803,46.97811],[4.76748,46.97805],[4.76755,46.97779],[4.7663,46.97754],[4.76613,46.97768],[4.76585,46.97775],[4.7659,46.97801],[4.76618,46.97826],[4.76645,46.97868],[4.76703,46.97918],[4.76709,46.97875],[4.76821,46.9788],[4.7682,46.97871],[4.76803,46.97869],[4.76801,46.97853],[4.76824,46.97854],[4.76824,46.97837],[4.7681,46.97837],[4.7681,46.97829],[4.76803,46.97829]]],[[[4.76799,46.98544],[4.76765,46.98595],[4.76786,46.98604],[4.7681,46.98627],[4.76848,46.98607],[4.76817,46.9855],[4.76799,46.98544]]],[[[4.76726,46.98413],[4.76747,46.98388],[4.76659,46.98343],[4.76643,46.98356],[4.76664,46.98369],[4.7661,46.98412],[4.76591,46.98436],[4.76808,46.98519],[4.76842,46.98451],[4.76726,46.98413]]],[[[4.76781,46.97346],[4.76738,46.97367],[4.76779,46.97415],[4.76801,46.97404],[4.76792,46.97396],[4.76805,46.97389],[4.76795,46.9738],[4.76806,46.97374],[4.76781,46.97346]]],[[[4.76787,46.97966],[4.76774,46.97941],[4.76712,46.97928],[4.76685,46.97911],[4.76609,46.98066],[4.76695,46.98076],[4.76715,46.98075],[4.7672,46.98062],[4.76778,46.98065],[4.76775,46.98028],[4.76799,46.98017],[4.76806,46.98007],[4.76799,46.98008],[4.76787,46.97966]]],[[[4.7668,46.98478],[4.76564,46.98423],[4.76556,46.98429],[4.76533,46.98416],[4.7652,46.98421],[4.76552,46.98443],[4.76536,46.98454],[4.765,46.98432],[4.76472,46.98448],[4.76513,46.98469],[4.76497,46.9848],[4.76453,46.98459],[4.76419,46.98487],[4.76468,46.98513],[4.76435,46.98541],[4.76381,46.98517],[4.76359,46.98536],[4.76354,46.98583],[4.76303,46.9863],[4.76237,46.98667],[4.7621,46.98713],[4.76321,46.98697],[4.76374,46.98679],[4.76448,46.98668],[4.7656,46.98666],[4.76563,46.98661],[4.7658,46.98669],[4.76614,46.98661],[4.76646,46.98641],[4.76631,46.98634],[4.76636,46.98629],[4.7663,46.98627],[4.76641,46.98615],[4.76635,46.98613],[4.76587,46.98591],[4.76633,46.98612],[4.76664,46.98595],[4.76705,46.98616],[4.76738,46.98577],[4.7676,46.98586],[4.76802,46.98529],[4.76784,46.98514],[4.7668,46.98478]]],[[[4.76715,46.97045],[4.76665,46.97062],[4.76656,46.9705],[4.76701,46.9703],[4.76649,46.9698],[4.7656,46.96848],[4.76531,46.96746],[4.76485,46.96674],[4.7646,46.96669],[4.76333,46.96692],[4.7635,46.96801],[4.76345,46.96863],[4.76351,46.96954],[4.76364,46.96993],[4.76443,46.97102],[4.76545,46.97188],[4.76709,46.97122],[4.76682,46.97093],[4.76733,46.9707],[4.76715,46.97045]]],[[[4.76695,46.9742],[4.76652,46.97431],[4.7666,46.9745],[4.76653,46.97443],[4.76627,46.97442],[4.7661,46.97419],[4.76495,46.97424],[4.76482,46.97529],[4.76582,46.9752],[4.76584,46.97527],[4.7664,46.97528],[4.76676,46.97522],[4.76674,46.97506],[4.7669,46.97504],[4.76673,46.97471],[4.76719,46.97454],[4.76695,46.9742]]],[[[4.766,46.97243],[4.76556,46.97201],[4.7645,46.97235],[4.76427,46.97248],[4.76458,46.97303],[4.76501,46.97417],[4.7663,46.97411],[4.76706,46.97376],[4.766,46.97243]]],[[[4.76697,46.98625],[4.76657,46.98685],[4.76708,46.98698],[4.76714,46.98688],[4.7669,46.98681],[4.76712,46.98656],[4.76729,46.98662],[4.76746,46.98616],[4.76739,46.98612],[4.76697,46.98625]]],[[[4.76629,46.97574],[4.76631,46.97552],[4.7665,46.97545],[4.7665,46.97528],[4.76583,46.97528],[4.76581,46.97521],[4.76481,46.9753],[4.76437,46.97764],[4.76434,46.97785],[4.76443,46.97792],[4.76488,46.97789],[4.76549,46.97756],[4.76615,46.97664],[4.76576,46.97657],[4.76593,46.97629],[4.76633,46.97635],[4.76664,46.97582],[4.76629,46.97574]]],[[[4.7668,46.98772],[4.76622,46.98764],[4.76632,46.98733],[4.76643,46.98732],[4.76646,46.98709],[4.76554,46.98691],[4.7656,46.98674],[4.76466,46.98672],[4.76378,46.98685],[4.76308,46.98703],[4.76205,46.98717],[4.76226,46.98853],[4.76258,46.98865],[4.76374,46.9888],[4.7658,46.98882],[4.76687,46.98864],[4.76677,46.988],[4.7668,46.98772]]],[[[4.76549,46.97198],[4.76444,46.97109],[4.76403,46.97054],[4.76371,46.97028],[4.76348,46.97048],[4.76369,46.97098],[4.76387,46.97186],[4.76421,46.97243],[4.76549,46.97198]]],[[[4.76477,46.9666],[4.76345,46.96524],[4.76301,46.96503],[4.76293,46.96583],[4.76331,46.96688],[4.76477,46.9666]]],[[[4.76435,46.97803],[4.76433,46.97832],[4.76503,46.97834],[4.76496,46.97794],[4.76444,46.97797],[4.76435,46.97803]]],[[[4.76436,46.97275],[4.76423,46.97256],[4.76309,46.97305],[4.76261,46.9732],[4.76182,46.97333],[4.76149,46.97357],[4.76082,46.97432],[4.76247,46.97417],[4.76364,46.97423],[4.76485,46.9742],[4.76489,46.97412],[4.76436,46.97275]]],[[[4.76476,46.97425],[4.7623,46.97421],[4.76069,46.97441],[4.76054,46.97457],[4.76093,46.97571],[4.76076,46.97573],[4.76066,46.97531],[4.76008,46.9753],[4.75961,46.97497],[4.75966,46.97606],[4.75917,46.97613],[4.75931,46.97635],[4.76006,46.9767],[4.76034,46.97714],[4.76054,46.97766],[4.7607,46.97781],[4.76113,46.9786],[4.76163,46.97854],[4.76232,46.97814],[4.76316,46.97788],[4.76407,46.97798],[4.76426,46.97796],[4.76484,46.97432],[4.76476,46.97425]]],[[[4.7642,46.98087],[4.76399,46.98071],[4.76405,46.98132],[4.76394,46.98181],[4.7646,46.98169],[4.76455,46.98104],[4.76441,46.98092],[4.7642,46.98087]]],[[[4.76292,46.97212],[4.76249,46.97162],[4.76267,46.97158],[4.76242,46.97124],[4.76217,46.97072],[4.76257,46.97138],[4.76268,46.97133],[4.76286,46.97151],[4.76369,46.97131],[4.76364,46.97099],[4.76339,46.97048],[4.76305,46.97051],[4.76259,46.97],[4.76081,46.96871],[4.76064,46.96827],[4.76075,46.96799],[4.76065,46.96691],[4.76069,46.96653],[4.76054,46.96624],[4.76028,46.96603],[4.75794,46.96491],[4.75721,46.96462],[4.75521,46.96315],[4.75454,46.9634],[4.75372,46.96362],[4.75439,46.96417],[4.75464,46.96451],[4.75451,46.9645],[4.75382,46.96383],[4.75325,46.96406],[4.75443,46.96545],[4.75499,46.96648],[4.75534,46.96634],[4.75576,46.96706],[4.75568,46.96732],[4.75547,46.96751],[4.75597,46.96746],[4.75604,46.96761],[4.75617,46.96758],[4.75626,46.96765],[4.75634,46.9676],[4.75668,46.96773],[4.75652,46.96786],[4.75667,46.96808],[4.75713,46.96848],[4.75723,46.96869],[4.75776,46.96846],[4.7577,46.96839],[4.75781,46.96843],[4.75826,46.96832],[4.75856,46.96831],[4.75753,46.96859],[4.75796,46.96898],[4.75771,46.96904],[4.75807,46.96941],[4.75821,46.96937],[4.75895,46.97031],[4.75905,46.97062],[4.75937,46.97057],[4.75974,46.97117],[4.75979,46.97116],[4.76009,46.97203],[4.76009,46.97253],[4.76032,46.97291],[4.76028,46.97301],[4.76045,46.97332],[4.76058,46.97414],[4.7607,46.9743],[4.7618,46.97326],[4.76272,46.97313],[4.7637,46.97277],[4.76416,46.97253],[4.76381,46.97188],[4.76292,46.97212]],[[4.76037,46.96931],[4.76062,46.96992],[4.76055,46.96994],[4.76026,46.96924],[4.75953,46.96946],[4.75953,46.96939],[4.76036,46.96918],[4.76034,46.96915],[4.76067,46.96909],[4.76082,46.969],[4.76054,46.96922],[4.76056,46.96926],[4.76037,46.96931]],[[4.75711,46.96738],[4.75708,46.96722],[4.75684,46.96726],[4.75714,46.96719],[4.75737,46.96718],[4.75726,46.96724],[4.75735,46.96736],[4.75729,46.96752],[4.7574,46.96749],[4.75754,46.9677],[4.75779,46.9677],[4.7573,46.96779],[4.75719,46.9674],[4.75711,46.96738]]],[[[4.76308,46.97794],[4.76233,46.9782],[4.76242,46.97857],[4.76422,46.97873],[4.76426,46.97802],[4.76308,46.97794]]],[[[4.76422,46.97876],[4.76191,46.97853],[4.76115,46.97864],[4.76142,46.979],[4.76165,46.97914],[4.76192,46.97921],[4.76228,46.9796],[4.76289,46.98006],[4.76364,46.98012],[4.76373,46.98006],[4.76406,46.98006],[4.76422,46.97876]]],[[[4.76344,46.96955],[4.76338,46.9687],[4.76344,46.96788],[4.76325,46.96693],[4.76237,46.9669],[4.76071,46.96634],[4.76086,46.96789],[4.76073,46.96832],[4.76093,46.96874],[4.7617,46.96932],[4.76201,46.96947],[4.763,46.97036],[4.76344,46.97042],[4.76372,46.97017],[4.76344,46.96955]]],[[[4.76309,46.98028],[4.76219,46.97957],[4.76191,46.97925],[4.76158,46.9792],[4.76111,46.97865],[4.75984,46.97882],[4.75874,46.97882],[4.75873,46.97878],[4.75985,46.97879],[4.76107,46.97861],[4.76043,46.97756],[4.76014,46.97689],[4.7599,46.97666],[4.75928,46.97639],[4.75918,46.97625],[4.75858,46.97643],[4.75847,46.97674],[4.75847,46.97703],[4.75822,46.97701],[4.75804,46.9775],[4.75796,46.9775],[4.75815,46.97869],[4.75845,46.97875],[4.75807,46.97867],[4.75804,46.97828],[4.75789,46.978],[4.75784,46.97762],[4.75798,46.97733],[4.75692,46.97721],[4.75724,46.97805],[4.7572,46.97908],[4.75767,46.97907],[4.75884,46.97922],[4.75886,46.97961],[4.75876,46.97983],[4.75848,46.97981],[4.75846,46.97992],[4.7585,46.9797],[4.75835,46.97955],[4.75784,46.97973],[4.75783,46.98032],[4.75805,46.98036],[4.75775,46.98057],[4.75855,46.98115],[4.75908,46.98135],[4.75922,46.98143],[4.75921,46.98149],[4.7596,46.98169],[4.75978,46.98175],[4.76023,46.98178],[4.76131,46.98165],[4.76343,46.98186],[4.7639,46.98182],[4.76396,46.98038],[4.76309,46.98028]]],[[[4.76288,46.96582],[4.76293,46.96501],[4.76157,46.96342],[4.76118,46.96282],[4.75948,46.96074],[4.75878,46.96035],[4.75701,46.95884],[4.75537,46.95685],[4.75469,46.95648],[4.75414,46.95677],[4.75324,46.9571],[4.75035,46.95778],[4.75078,46.95812],[4.75177,46.95944],[4.75454,46.96261],[4.7552,46.96303],[4.75629,46.9626],[4.75774,46.96232],[4.7573,46.96189],[4.75718,46.96134],[4.75687,46.96081],[4.75625,46.96012],[4.75619,46.95989],[4.75563,46.95921],[4.75623,46.95987],[4.7563,46.96011],[4.75693,46.96079],[4.75722,46.96129],[4.75734,46.96186],[4.75759,46.96215],[4.75819,46.96265],[4.75877,46.96368],[4.75924,46.96422],[4.75989,46.96549],[4.75995,46.96584],[4.76025,46.96594],[4.76079,46.96631],[4.76202,46.96676],[4.7624,46.96686],[4.76324,46.96688],[4.76318,46.96653],[4.76288,46.96582]]],[[[4.76309,46.98251],[4.7631,46.98232],[4.76335,46.98235],[4.76338,46.98208],[4.76328,46.98207],[4.76329,46.98189],[4.76212,46.98175],[4.7611,46.98171],[4.76024,46.98183],[4.75991,46.98181],[4.75921,46.98215],[4.75824,46.98282],[4.75791,46.98267],[4.75777,46.98274],[4.75772,46.98284],[4.75862,46.98366],[4.75911,46.98387],[4.75938,46.98409],[4.75945,46.98403],[4.75962,46.98413],[4.76038,46.98469],[4.76092,46.98521],[4.76158,46.98519],[4.76196,46.98505],[4.7628,46.98402],[4.76251,46.98395],[4.76276,46.98364],[4.76286,46.98344],[4.76281,46.98338],[4.76289,46.98339],[4.76297,46.98323],[4.76311,46.98326],[4.76318,46.98301],[4.76334,46.98281],[4.7635,46.9828],[4.76349,46.98256],[4.76309,46.98251]]],[[[4.76149,46.95844],[4.76073,46.95711],[4.76064,46.95713],[4.75979,46.95568],[4.75885,46.95593],[4.75738,46.95614],[4.75774,46.95716],[4.75889,46.95908],[4.76149,46.95844]]],[[[4.75992,46.97373],[4.75968,46.97374],[4.75959,46.97361],[4.75931,46.97292],[4.7587,46.97244],[4.75841,46.97237],[4.75806,46.97239],[4.7578,46.9723],[4.75748,46.97232],[4.75824,46.97318],[4.75881,46.97418],[4.75894,46.97469],[4.75911,46.9748],[4.76001,46.97458],[4.75996,46.97447],[4.76018,46.97437],[4.76014,46.9743],[4.76027,46.97423],[4.75992,46.97373]]],[[[4.75914,46.96425],[4.759,46.9643],[4.75811,46.96264],[4.75782,46.96238],[4.75653,46.96259],[4.75529,46.96306],[4.75599,46.96368],[4.75671,46.9641],[4.75727,46.96459],[4.75798,46.96486],[4.75982,46.9658],[4.75986,46.96555],[4.75914,46.96425]]],[[[4.75949,46.96042],[4.75761,46.95717],[4.75736,46.95662],[4.75726,46.95615],[4.75602,46.95614],[4.75522,46.95626],[4.75482,46.95639],[4.75472,46.95646],[4.75551,46.95688],[4.7569,46.95866],[4.75772,46.95943],[4.75892,46.96039],[4.75946,46.96059],[4.75954,46.96055],[4.75949,46.96042]]],[[[4.759,46.98144],[4.75784,46.98073],[4.7573,46.98014],[4.75676,46.98051],[4.75623,46.98064],[4.75685,46.98109],[4.75635,46.98094],[4.75624,46.98105],[4.75636,46.98117],[4.75668,46.98127],[4.75714,46.9818],[4.75755,46.98204],[4.75825,46.98274],[4.75926,46.98204],[4.75969,46.98192],[4.75983,46.98181],[4.759,46.98144]]],[[[4.75847,46.97594],[4.75783,46.97524],[4.75695,46.97542],[4.75735,46.97604],[4.75743,46.97613],[4.75752,46.97611],[4.75778,46.97697],[4.75811,46.97706],[4.75842,46.97638],[4.75856,46.9763],[4.75847,46.97594]]],[[[4.75717,46.97056],[4.75677,46.97064],[4.75677,46.97081],[4.75709,46.97154],[4.75723,46.97221],[4.75749,46.97227],[4.75776,46.97225],[4.75798,46.97215],[4.75786,46.97161],[4.75717,46.97056]]],[[[4.75776,46.97721],[4.75742,46.97614],[4.75709,46.97571],[4.75695,46.97542],[4.75697,46.97535],[4.75626,46.97538],[4.75658,46.97625],[4.75667,46.97713],[4.75776,46.97721]]],[[[4.75726,46.97495],[4.75703,46.97433],[4.75699,46.97436],[4.75689,46.97415],[4.75695,46.97408],[4.75666,46.97363],[4.7565,46.97367],[4.7563,46.97338],[4.75565,46.97346],[4.75539,46.97263],[4.75555,46.97258],[4.75554,46.97228],[4.75582,46.97228],[4.75556,46.97167],[4.75519,46.9715],[4.75467,46.97113],[4.7532,46.97132],[4.75326,46.9713],[4.75313,46.97099],[4.75284,46.97103],[4.75283,46.97086],[4.75425,46.97052],[4.75368,46.97023],[4.75302,46.96962],[4.75289,46.96958],[4.752,46.96988],[4.75091,46.97001],[4.75093,46.97013],[4.75033,46.97016],[4.74957,46.97029],[4.74985,46.97095],[4.75002,46.9717],[4.75125,46.9716],[4.7513,46.97207],[4.75101,46.97207],[4.75083,46.97228],[4.75079,46.97245],[4.75073,46.97245],[4.75054,46.97268],[4.75052,46.97282],[4.75063,46.97308],[4.75042,46.97305],[4.75041,46.97313],[4.75017,46.97312],[4.75017,46.97331],[4.75033,46.97333],[4.75031,46.97353],[4.75079,46.97356],[4.75078,46.97376],[4.75039,46.97378],[4.7502,46.97465],[4.75031,46.97536],[4.75029,46.97557],[4.75017,46.97556],[4.75016,46.97582],[4.75041,46.97587],[4.75043,46.97602],[4.75038,46.97602],[4.75024,46.9765],[4.75024,46.97684],[4.75083,46.97682],[4.75142,46.97693],[4.75333,46.977],[4.75355,46.97631],[4.75365,46.97561],[4.75362,46.97477],[4.7535,46.97447],[4.75297,46.97374],[4.75274,46.97316],[4.75284,46.97319],[4.75302,46.97374],[4.75355,46.97446],[4.75368,46.97477],[4.75368,46.97568],[4.75358,46.97632],[4.75338,46.97703],[4.75512,46.97703],[4.75657,46.97712],[4.75652,46.97629],[4.75614,46.97526],[4.75684,46.97524],[4.75711,46.9753],[4.75765,46.97521],[4.75756,46.97506],[4.75726,46.97495]]],[[[4.75668,46.97819],[4.75634,46.97893],[4.75652,46.97909],[4.75638,46.97934],[4.75669,46.97946],[4.7571,46.97886],[4.75719,46.9783],[4.75716,46.97796],[4.75657,46.97786],[4.75668,46.97819]]],[[[4.75681,46.97755],[4.75689,46.97744],[4.75661,46.97727],[4.75611,46.97714],[4.75484,46.97706],[4.75338,46.97707],[4.75346,46.97755],[4.75329,46.97824],[4.75234,46.98003],[4.75341,46.98052],[4.75447,46.9808],[4.75483,46.98072],[4.7549,46.9806],[4.755,46.98063],[4.75504,46.98045],[4.75519,46.98049],[4.75528,46.98032],[4.75483,46.98019],[4.75495,46.98017],[4.75539,46.97936],[4.75631,46.97974],[4.75645,46.97961],[4.75637,46.97957],[4.7565,46.97945],[4.75626,46.97935],[4.75642,46.97922],[4.75645,46.97909],[4.75624,46.97897],[4.75663,46.97818],[4.75644,46.97783],[4.75652,46.97779],[4.75697,46.97787],[4.75707,46.97784],[4.75695,46.97759],[4.75681,46.97755]]],[[[4.7558,46.97152],[4.75551,46.97132],[4.75561,46.97096],[4.75502,46.9707],[4.755,46.9705],[4.75471,46.97017],[4.75461,46.96992],[4.75461,46.96984],[4.75492,46.96973],[4.75497,46.96961],[4.75516,46.96955],[4.75528,46.96966],[4.75607,46.96935],[4.75586,46.96889],[4.75552,46.96843],[4.75488,46.96802],[4.75474,46.96802],[4.75466,46.96788],[4.75554,46.96774],[4.75527,46.96731],[4.75478,46.9674],[4.75455,46.96723],[4.75479,46.96716],[4.75467,46.96705],[4.75451,46.96709],[4.75421,46.96652],[4.75403,46.96658],[4.75398,46.96651],[4.75429,46.96643],[4.75437,46.9667],[4.75485,46.96662],[4.75467,46.96638],[4.75463,46.96592],[4.75446,46.96572],[4.75407,46.96579],[4.75373,46.96534],[4.7537,46.96528],[4.75378,46.96524],[4.75369,46.96499],[4.75342,46.96478],[4.7533,46.96481],[4.75317,46.96471],[4.75323,46.96458],[4.75281,46.96433],[4.75231,46.96449],[4.75127,46.9646],[4.75112,46.96466],[4.75114,46.96472],[4.75099,46.96475],[4.75118,46.96522],[4.75111,46.96523],[4.7512,46.96539],[4.75126,46.96592],[4.75217,46.96575],[4.75227,46.96603],[4.75138,46.96616],[4.75167,46.96747],[4.75215,46.9684],[4.75303,46.96953],[4.75351,46.97001],[4.75386,46.97027],[4.75474,46.9705],[4.75499,46.97093],[4.75564,46.97169],[4.75595,46.97183],[4.7558,46.97186],[4.7559,46.97211],[4.75615,46.97205],[4.75608,46.97182],[4.75618,46.9718],[4.75598,46.97148],[4.75573,46.97153],[4.7558,46.97152]],[[4.7528,46.96807],[4.75336,46.96795],[4.75346,46.96816],[4.75279,46.96838],[4.75274,46.9683],[4.7528,46.96807]]],[[[4.75507,46.98003],[4.75567,46.98036],[4.75586,46.97982],[4.75625,46.97992],[4.75637,46.9798],[4.75545,46.97946],[4.75507,46.98003]]],[[[4.75569,46.98077],[4.75551,46.98078],[4.75546,46.98083],[4.75624,46.98149],[4.75569,46.98077]]],[[[4.75442,46.96259],[4.7525,46.96043],[4.75215,46.96054],[4.75164,46.96115],[4.75131,46.96094],[4.75112,46.96105],[4.75077,46.96086],[4.75082,46.96072],[4.7506,46.96059],[4.74948,46.96009],[4.74914,46.96038],[4.74854,46.96003],[4.74858,46.95998],[4.74828,46.9599],[4.7479,46.9595],[4.74781,46.9596],[4.74722,46.95955],[4.74761,46.95929],[4.74787,46.95935],[4.748,46.95906],[4.74814,46.95898],[4.7477,46.95847],[4.74714,46.95908],[4.74698,46.9594],[4.74612,46.96007],[4.7458,46.96021],[4.74442,46.96011],[4.74377,46.96017],[4.74325,46.96028],[4.7427,46.96027],[4.74249,46.9602],[4.74163,46.9595],[4.74144,46.95945],[4.74097,46.95962],[4.74113,46.95993],[4.74114,46.96025],[4.74166,46.96074],[4.74196,46.96089],[4.74388,46.96148],[4.74472,46.96184],[4.74691,46.96256],[4.74709,46.96253],[4.74633,46.96129],[4.74602,46.96132],[4.74653,46.96076],[4.74712,46.96034],[4.74749,46.96018],[4.7477,46.95991],[4.74766,46.96031],[4.74717,46.96078],[4.74765,46.96095],[4.74773,46.96083],[4.74822,46.96109],[4.74833,46.96102],[4.74849,46.96107],[4.74924,46.96159],[4.74898,46.96151],[4.74868,46.96133],[4.74826,46.96142],[4.74823,46.96146],[4.74836,46.96158],[4.7489,46.96192],[4.74915,46.96176],[4.74925,46.96183],[4.74958,46.96162],[4.74965,46.96167],[4.74955,46.96173],[4.74974,46.96189],[4.74987,46.96181],[4.75035,46.96211],[4.75074,46.96187],[4.75095,46.96217],[4.75091,46.9623],[4.75169,46.96301],[4.75223,46.9628],[4.75167,46.9622],[4.75096,46.96173],[4.75113,46.96165],[4.75191,46.96223],[4.75217,46.96252],[4.75231,46.96246],[4.75247,46.9626],[4.75226,46.96267],[4.75235,46.96301],[4.75263,46.96294],[4.75307,46.96329],[4.75354,46.96347],[4.7538,46.96349],[4.75447,46.96331],[4.7551,46.96306],[4.75442,46.96259]]],[[[4.75333,46.97708],[4.75155,46.97699],[4.75072,46.97687],[4.75047,46.97696],[4.74956,46.97825],[4.75008,46.97835],[4.75006,46.97846],[4.75037,46.97852],[4.75032,46.97863],[4.75012,46.97859],[4.74993,46.97898],[4.75021,46.97907],[4.75,46.97935],[4.75105,46.97965],[4.75107,46.97957],[4.75127,46.97963],[4.75132,46.97956],[4.75239,46.97991],[4.75286,46.97886],[4.75324,46.97822],[4.7534,46.97761],[4.75333,46.97708]]],[[[4.75291,46.96951],[4.75207,46.96836],[4.75163,46.96754],[4.75142,46.96639],[4.75124,46.96602],[4.74978,46.96615],[4.74981,46.9664],[4.74955,46.96642],[4.74952,46.96653],[4.74975,46.96654],[4.74982,46.96698],[4.74993,46.96696],[4.75019,46.96723],[4.75021,46.96735],[4.75044,46.96732],[4.75049,46.96748],[4.75065,46.96746],[4.75084,46.96782],[4.75123,46.96814],[4.75102,46.96814],[4.74977,46.96841],[4.75032,46.96928],[4.75019,46.96933],[4.75061,46.96967],[4.75083,46.96994],[4.75204,46.96981],[4.75291,46.96951]]],[[[4.75123,46.95878],[4.75065,46.95809],[4.75025,46.95781],[4.74845,46.95824],[4.74796,46.95844],[4.74789,46.95858],[4.7482,46.95894],[4.74859,46.95883],[4.74872,46.95901],[4.74966,46.9594],[4.75018,46.95912],[4.75048,46.95961],[4.75083,46.95999],[4.75135,46.96019],[4.75172,46.9606],[4.75246,46.96037],[4.75171,46.9595],[4.75123,46.95878]]],[[[4.74925,46.96611],[4.75046,46.96603],[4.75123,46.96597],[4.75121,46.96592],[4.75026,46.96598],[4.75025,46.9659],[4.74933,46.96595],[4.74925,46.96611]]],[[[4.75025,46.9659],[4.75118,46.96585],[4.75107,46.96562],[4.7508,46.96534],[4.75072,46.96538],[4.75076,46.96545],[4.75019,46.96563],[4.75025,46.9659]]],[[[4.75065,46.96429],[4.74947,46.96346],[4.74858,46.96272],[4.74817,46.96299],[4.74844,46.96322],[4.74854,46.96345],[4.74846,46.96348],[4.74848,46.96359],[4.74864,46.96394],[4.74818,46.96426],[4.74878,46.96517],[4.74918,46.96547],[4.74948,46.96582],[4.74992,46.96566],[4.74971,46.96542],[4.74997,46.96563],[4.75056,46.96534],[4.7489,46.96373],[4.74895,46.9637],[4.7503,46.96494],[4.75065,46.96474],[4.75075,46.96457],[4.75065,46.96429]]],[[[4.74789,46.96273],[4.74771,46.96283],[4.74725,46.9627],[4.74717,46.96261],[4.74695,46.96261],[4.74638,46.96246],[4.74469,46.96187],[4.74384,46.96151],[4.74194,46.96094],[4.74161,46.96076],[4.74108,46.96027],[4.74103,46.95978],[4.74065,46.95943],[4.73856,46.95986],[4.73763,46.95992],[4.73825,46.96059],[4.73895,46.9616],[4.73803,46.9604],[4.73757,46.95993],[4.73688,46.96],[4.73677,46.9601],[4.73678,46.96089],[4.73703,46.96074],[4.73712,46.96078],[4.73775,46.9612],[4.73842,46.96195],[4.73899,46.96234],[4.74007,46.96269],[4.74062,46.96268],[4.74132,46.96296],[4.74264,46.96331],[4.74274,46.96316],[4.74336,46.9634],[4.74351,46.96332],[4.74382,46.96338],[4.74383,46.96357],[4.7442,46.96378],[4.74491,46.96402],[4.74503,46.96388],[4.74558,46.96411],[4.74617,46.96418],[4.74729,46.96452],[4.7474,46.96447],[4.74797,46.96357],[4.7485,46.96341],[4.7484,46.96324],[4.7481,46.96301],[4.74821,46.96288],[4.74855,46.96269],[4.74802,46.96249],[4.74789,46.96273]]]]}},{"type":"Feature","properties":{"id":"appellation-santenay","kind":"appellation","level":"village","name":"Santenay","full":"Santenay","app":"Santenay","region":"cote-de-beaune","communes":["Santenay","Remigny"],"area_ha":406.21,"elev":[210.7,284.6,456.8],"slope":8.8,"slope_pct":15.8,"aspect":152,"aspect_label":"SSE","aspect_hist":[0.001,0.01,0.154,0.428,0.313,0.089,0.005,0.001],"village":null,"pc_area_ha":139.97,"n_climats":12,"white":true},"geometry":{"type":"MultiPolygon","coordinates":[[[[4.71998,46.91558],[4.71881,46.91557],[4.71746,46.91547],[4.71615,46.91533],[4.71494,46.9151],[4.71312,46.91501],[4.71269,46.9149],[4.71088,46.91419],[4.71042,46.9141],[4.70987,46.91405],[4.70984,46.91409],[4.71024,46.91431],[4.71268,46.9161],[4.71492,46.91751],[4.71726,46.91913],[4.71776,46.91941],[4.71924,46.92002],[4.71982,46.92048],[4.72111,46.92119],[4.7227,46.92003],[4.72269,46.91961],[4.7225,46.91868],[4.72272,46.91813],[4.72265,46.91749],[4.72277,46.91698],[4.72274,46.91656],[4.72232,46.91615],[4.7208,46.91578],[4.72056,46.91615],[4.71978,46.91716],[4.72074,46.91579],[4.71998,46.91558]]],[[[4.71928,46.91535],[4.718,46.91522],[4.71631,46.91492],[4.71235,46.91378],[4.71229,46.91387],[4.71203,46.91379],[4.71172,46.91397],[4.71103,46.91415],[4.71261,46.91482],[4.7131,46.91496],[4.71481,46.91504],[4.71615,46.91528],[4.7185,46.91551],[4.72015,46.91554],[4.72081,46.91576],[4.72186,46.91599],[4.72209,46.91603],[4.72216,46.91596],[4.72203,46.91568],[4.72205,46.91533],[4.72065,46.91539],[4.71928,46.91535]]],[[[4.72086,46.91388],[4.72023,46.9139],[4.71848,46.91415],[4.71725,46.91414],[4.71704,46.91484],[4.71887,46.91511],[4.7211,46.91517],[4.72122,46.91473],[4.72077,46.91469],[4.72083,46.91435],[4.72168,46.91418],[4.72176,46.91369],[4.72086,46.91388]]],[[[4.71703,46.92104],[4.71688,46.9214],[4.71694,46.92175],[4.71785,46.92057],[4.71781,46.92055],[4.71851,46.91979],[4.71809,46.91962],[4.71703,46.92104]]],[[[4.71756,46.91951],[4.71735,46.91929],[4.71537,46.91793],[4.71274,46.91626],[4.71006,46.91431],[4.70976,46.91416],[4.70918,46.91406],[4.70899,46.91424],[4.7091,46.91409],[4.70819,46.91416],[4.70588,46.91377],[4.70492,46.91385],[4.7043,46.914],[4.70328,46.91402],[4.70165,46.91384],[4.70172,46.9141],[4.70214,46.91442],[4.70223,46.91437],[4.70233,46.91441],[4.70284,46.91493],[4.7042,46.91524],[4.70422,46.9152],[4.70459,46.91525],[4.70541,46.91546],[4.70706,46.91631],[4.70761,46.91669],[4.70792,46.91701],[4.70935,46.91774],[4.71027,46.91808],[4.71099,46.91825],[4.7114,46.91831],[4.71214,46.9183],[4.71297,46.9191],[4.71454,46.92004],[4.71481,46.9201],[4.71504,46.91989],[4.71515,46.92021],[4.71558,46.92056],[4.7158,46.92065],[4.71611,46.92096],[4.71604,46.92104],[4.71648,46.92145],[4.71656,46.92144],[4.71759,46.92018],[4.71768,46.91988],[4.71756,46.91951]]],[[[4.71597,46.91415],[4.71527,46.91428],[4.71454,46.91427],[4.71593,46.91467],[4.71694,46.91487],[4.71715,46.91415],[4.71597,46.91415]]],[[[4.71652,46.92159],[4.71585,46.92092],[4.71533,46.92057],[4.71505,46.92026],[4.71455,46.92011],[4.71419,46.91993],[4.71404,46.92003],[4.71357,46.91956],[4.71339,46.9195],[4.71243,46.91871],[4.71215,46.91839],[4.71082,46.91825],[4.70953,46.91786],[4.70802,46.91712],[4.70757,46.91672],[4.70709,46.91641],[4.70549,46.91556],[4.70509,46.91542],[4.70405,46.91534],[4.70338,46.91515],[4.7034,46.9153],[4.70368,46.9157],[4.70375,46.9157],[4.70402,46.91628],[4.70455,46.91704],[4.70504,46.91751],[4.70498,46.91759],[4.70553,46.91828],[4.70639,46.91917],[4.7065,46.91968],[4.70704,46.91983],[4.7073,46.91996],[4.70881,46.92093],[4.70935,46.92142],[4.70988,46.92216],[4.71016,46.9228],[4.71029,46.92331],[4.70972,46.92197],[4.70939,46.92155],[4.70858,46.92082],[4.70725,46.91998],[4.70679,46.91978],[4.70649,46.91973],[4.70634,46.91918],[4.7054,46.91822],[4.70424,46.91677],[4.70379,46.91591],[4.70337,46.91542],[4.7033,46.91513],[4.70312,46.91504],[4.70276,46.91504],[4.70254,46.91479],[4.70196,46.91442],[4.70223,46.91484],[4.70222,46.91522],[4.70239,46.91562],[4.70244,46.91618],[4.70225,46.91772],[4.70219,46.91769],[4.70219,46.91691],[4.7024,46.91632],[4.7023,46.91563],[4.70213,46.91523],[4.70214,46.91487],[4.7019,46.91445],[4.70155,46.91408],[4.69904,46.91521],[4.69779,46.91561],[4.69687,46.9162],[4.69772,46.91652],[4.6984,46.91685],[4.69878,46.91724],[4.69923,46.91725],[4.6996,46.91711],[4.69978,46.91717],[4.69996,46.91736],[4.70013,46.91736],[4.70005,46.91767],[4.70217,46.91833],[4.70243,46.919],[4.70231,46.91932],[4.70294,46.9196],[4.70313,46.91928],[4.7033,46.91931],[4.70327,46.91945],[4.70356,46.91958],[4.70329,46.91984],[4.7039,46.92009],[4.70396,46.92021],[4.70385,46.9202],[4.70344,46.92038],[4.70325,46.92027],[4.70318,46.92051],[4.7034,46.92149],[4.70405,46.92215],[4.7043,46.92267],[4.70456,46.92284],[4.70466,46.92285],[4.70481,46.92277],[4.70484,46.9222],[4.70477,46.9221],[4.70487,46.92196],[4.70484,46.92166],[4.70503,46.92146],[4.70522,46.92149],[4.70514,46.92159],[4.70527,46.92165],[4.7054,46.9219],[4.70553,46.92197],[4.7055,46.92201],[4.70575,46.92215],[4.70591,46.92211],[4.7061,46.92217],[4.70582,46.92253],[4.70592,46.92261],[4.70606,46.92237],[4.70637,46.92246],[4.70655,46.92224],[4.70694,46.92247],[4.70676,46.9226],[4.70698,46.92267],[4.70721,46.92255],[4.70725,46.92258],[4.70701,46.92275],[4.7069,46.92288],[4.70693,46.92294],[4.70738,46.92328],[4.7076,46.92383],[4.70803,46.92374],[4.7081,46.92396],[4.70821,46.92401],[4.70803,46.92419],[4.70797,46.92416],[4.70776,46.92446],[4.70812,46.92481],[4.70854,46.92506],[4.70879,46.92487],[4.70895,46.92485],[4.70899,46.92496],[4.70905,46.92494],[4.70922,46.92509],[4.70928,46.92507],[4.70937,46.92525],[4.70927,46.92531],[4.70983,46.92563],[4.71016,46.92553],[4.7109,46.92516],[4.71244,46.9242],[4.71384,46.92356],[4.71521,46.92282],[4.71652,46.92159]]],[[[4.71131,46.91352],[4.70882,46.91323],[4.70832,46.91342],[4.70882,46.91381],[4.70917,46.91393],[4.7109,46.91415],[4.7115,46.914],[4.712,46.91377],[4.71202,46.9137],[4.71131,46.91352]]],[[[4.70889,46.91277],[4.70864,46.91289],[4.70847,46.91318],[4.70899,46.9132],[4.71136,46.91349],[4.70889,46.91277]]],[[[4.70796,46.91337],[4.70716,46.91319],[4.70605,46.91279],[4.70379,46.91229],[4.70271,46.91222],[4.70265,46.91253],[4.70207,46.91248],[4.70208,46.91238],[4.70183,46.91238],[4.7018,46.91197],[4.70124,46.91173],[4.70123,46.91187],[4.70116,46.91187],[4.70112,46.91241],[4.70096,46.91243],[4.70133,46.91365],[4.70143,46.91373],[4.70228,46.91389],[4.70326,46.91397],[4.70428,46.91395],[4.7052,46.91377],[4.7059,46.91372],[4.70814,46.91412],[4.70853,46.91413],[4.70902,46.91403],[4.7087,46.91387],[4.70831,46.91352],[4.70796,46.91337]]],[[[4.70884,46.91276],[4.70446,46.91148],[4.70229,46.91098],[4.70141,46.91128],[4.70122,46.91147],[4.70186,46.91171],[4.70176,46.91186],[4.70207,46.91196],[4.70393,46.91224],[4.70474,46.91244],[4.70601,46.91265],[4.70716,46.91311],[4.70782,46.91326],[4.70833,46.91324],[4.70859,46.91287],[4.70884,46.91276]]],[[[4.70192,46.91916],[4.70141,46.91909],[4.70087,46.91889],[4.70086,46.91895],[4.70026,46.91893],[4.69992,46.91902],[4.6998,46.91869],[4.69956,46.91862],[4.69954,46.91854],[4.69871,46.91827],[4.6988,46.91797],[4.69887,46.91791],[4.69909,46.91791],[4.69915,46.91765],[4.69891,46.91764],[4.6987,46.91746],[4.69868,46.91723],[4.69839,46.91691],[4.69638,46.91606],[4.69632,46.91622],[4.69638,46.91626],[4.69621,46.9166],[4.69627,46.91682],[4.69619,46.91683],[4.69618,46.91659],[4.69634,46.91603],[4.69559,46.91563],[4.69521,46.91566],[4.69514,46.91586],[4.69518,46.91573],[4.6948,46.91569],[4.69486,46.91561],[4.69436,46.91544],[4.69407,46.9154],[4.69402,46.91552],[4.69389,46.91549],[4.6941,46.91518],[4.69358,46.91477],[4.69301,46.91512],[4.69284,46.9154],[4.69283,46.9154],[4.69299,46.91512],[4.69357,46.91476],[4.69354,46.91472],[4.69316,46.91494],[4.69297,46.91486],[4.69335,46.91457],[4.69323,46.91445],[4.69264,46.91423],[4.69237,46.91421],[4.69119,46.91437],[4.69037,46.91436],[4.68914,46.91444],[4.68809,46.91462],[4.68722,46.91462],[4.68616,46.91542],[4.68653,46.91559],[4.68791,46.91599],[4.68863,46.91632],[4.6897,46.91659],[4.69063,46.91706],[4.69225,46.91756],[4.69402,46.91798],[4.69525,46.9187],[4.69552,46.919],[4.69634,46.91957],[4.69645,46.91952],[4.69639,46.9191],[4.69679,46.91892],[4.69682,46.91904],[4.69777,46.91961],[4.69754,46.91991],[4.69739,46.92027],[4.69784,46.92065],[4.69878,46.9211],[4.69934,46.92146],[4.70027,46.92177],[4.70065,46.92141],[4.70101,46.92074],[4.70074,46.92063],[4.70108,46.92061],[4.7013,46.92025],[4.70094,46.92016],[4.70087,46.92033],[4.70056,46.92024],[4.70062,46.92014],[4.70052,46.92011],[4.70062,46.91975],[4.70083,46.91978],[4.70085,46.91955],[4.70102,46.91956],[4.70122,46.91942],[4.70137,46.91944],[4.70149,46.91932],[4.70161,46.91939],[4.70193,46.91937],[4.70192,46.91916]]],[[[4.70122,46.91372],[4.6986,46.91356],[4.69836,46.9134],[4.69797,46.91354],[4.69682,46.9142],[4.69605,46.91455],[4.69578,46.9144],[4.69563,46.91488],[4.69582,46.91515],[4.69576,46.91518],[4.69579,46.91528],[4.69618,46.91515],[4.69636,46.91542],[4.69597,46.91556],[4.69608,46.91562],[4.69588,46.91575],[4.69672,46.91615],[4.69691,46.91611],[4.6978,46.91555],[4.6992,46.9151],[4.70137,46.91408],[4.7014,46.914],[4.70122,46.91372]]],[[[4.70034,46.91252],[4.70043,46.91264],[4.70074,46.91256],[4.70072,46.91251],[4.70088,46.91247],[4.70084,46.91236],[4.70029,46.91244],[4.70002,46.91201],[4.69986,46.91206],[4.69981,46.91199],[4.69961,46.9121],[4.69945,46.91194],[4.69919,46.91211],[4.69936,46.91235],[4.69851,46.9128],[4.69861,46.91288],[4.69831,46.91306],[4.69845,46.91317],[4.69839,46.91333],[4.69873,46.91352],[4.70097,46.91368],[4.70084,46.91333],[4.70056,46.91337],[4.70051,46.9133],[4.70076,46.91322],[4.70061,46.91294],[4.70029,46.913],[4.70002,46.91262],[4.70034,46.91252]]],[[[4.7007,46.91231],[4.70041,46.9119],[4.70021,46.91195],[4.70048,46.91235],[4.7007,46.91231]]],[[[4.69919,46.92144],[4.69866,46.92109],[4.69773,46.92065],[4.69768,46.92098],[4.69766,46.92098],[4.69771,46.92059],[4.69739,46.92035],[4.69707,46.91981],[4.69689,46.91966],[4.69664,46.91959],[4.69632,46.91962],[4.69619,46.91956],[4.69493,46.91857],[4.69391,46.91801],[4.69181,46.91748],[4.69047,46.91707],[4.68966,46.91664],[4.68851,46.91633],[4.68784,46.91602],[4.68652,46.91566],[4.68583,46.9154],[4.68502,46.91527],[4.68385,46.91551],[4.68405,46.91565],[4.68425,46.91603],[4.68426,46.91624],[4.68405,46.91647],[4.68452,46.91673],[4.68448,46.9168],[4.68424,46.91688],[4.68422,46.91695],[4.68433,46.91707],[4.68462,46.91721],[4.68454,46.91821],[4.68483,46.91905],[4.68484,46.91946],[4.6851,46.91948],[4.68513,46.91956],[4.68571,46.91973],[4.68565,46.91994],[4.68578,46.92025],[4.68573,46.92039],[4.68598,46.92046],[4.68646,46.92047],[4.68646,46.92055],[4.68672,46.92052],[4.6867,46.92037],[4.68706,46.9204],[4.68713,46.9203],[4.68751,46.92025],[4.68782,46.92008],[4.68787,46.92019],[4.68829,46.92011],[4.68823,46.91999],[4.68847,46.91992],[4.68859,46.91989],[4.68863,46.91996],[4.68879,46.91992],[4.68888,46.92004],[4.68886,46.91998],[4.68905,46.91995],[4.68894,46.91979],[4.68924,46.91975],[4.68926,46.9199],[4.68936,46.91989],[4.6893,46.91974],[4.68949,46.91971],[4.68952,46.91978],[4.68966,46.91976],[4.68973,46.91981],[4.68973,46.91948],[4.68989,46.91953],[4.69026,46.91951],[4.69025,46.91957],[4.6906,46.91966],[4.69061,46.9196],[4.69072,46.9196],[4.69074,46.91966],[4.69076,46.91959],[4.69118,46.91979],[4.69184,46.91979],[4.69238,46.91987],[4.69228,46.91967],[4.69236,46.91924],[4.69204,46.91919],[4.69202,46.91907],[4.6914,46.91897],[4.69142,46.91917],[4.69202,46.91924],[4.69199,46.91934],[4.69211,46.91933],[4.69208,46.9194],[4.69219,46.91951],[4.69215,46.91965],[4.69163,46.91972],[4.69093,46.91961],[4.69098,46.91937],[4.69108,46.91935],[4.69107,46.91929],[4.69088,46.91925],[4.69089,46.91919],[4.69068,46.9192],[4.69064,46.91928],[4.69051,46.91929],[4.69013,46.91913],[4.6897,46.91917],[4.68969,46.91896],[4.68942,46.91898],[4.68935,46.91893],[4.68937,46.91902],[4.68929,46.91905],[4.689,46.91841],[4.6888,46.91811],[4.68859,46.91799],[4.68862,46.91785],[4.68853,46.91775],[4.68859,46.91763],[4.6888,46.91764],[4.6888,46.91779],[4.68906,46.91784],[4.68923,46.9176],[4.68951,46.91774],[4.69003,46.91821],[4.69008,46.91817],[4.69029,46.9184],[4.69052,46.91843],[4.69057,46.91832],[4.69076,46.91835],[4.69076,46.91839],[4.69114,46.91838],[4.69152,46.91846],[4.69159,46.91836],[4.69172,46.91838],[4.69168,46.91846],[4.69223,46.91858],[4.69245,46.9187],[4.69244,46.91876],[4.69307,46.91891],[4.69305,46.91897],[4.69338,46.91906],[4.69341,46.91899],[4.69358,46.91907],[4.69351,46.91913],[4.69361,46.91923],[4.69376,46.9193],[4.69381,46.91924],[4.69413,46.91942],[4.6941,46.9195],[4.69426,46.91963],[4.69505,46.92013],[4.69491,46.92025],[4.69523,46.92045],[4.69521,46.9205],[4.69619,46.921],[4.69569,46.92144],[4.69605,46.92166],[4.69558,46.92202],[4.69627,46.92237],[4.69653,46.92241],[4.69701,46.92261],[4.69711,46.92255],[4.69751,46.92256],[4.69752,46.9225],[4.69767,46.92245],[4.69806,46.92182],[4.6985,46.92201],[4.69824,46.9225],[4.69837,46.92252],[4.69829,46.92267],[4.69926,46.92278],[4.69935,46.92263],[4.69963,46.92272],[4.69957,46.92285],[4.69984,46.92287],[4.69996,46.92224],[4.70016,46.92179],[4.69919,46.92144]]],[[[4.69657,46.91092],[4.69702,46.91059],[4.69675,46.91047],[4.69696,46.9103],[4.69674,46.91043],[4.69663,46.91033],[4.69655,46.91038],[4.69666,46.9103],[4.6965,46.91032],[4.69581,46.91083],[4.6956,46.91069],[4.69602,46.91037],[4.69573,46.91041],[4.69492,46.91098],[4.69545,46.91137],[4.69578,46.91139],[4.69588,46.91142],[4.6962,46.91163],[4.69638,46.91179],[4.69682,46.91154],[4.69739,46.91188],[4.6978,46.91159],[4.69657,46.91092]]],[[[4.69574,46.9114],[4.69544,46.91138],[4.69464,46.91082],[4.69442,46.91123],[4.69463,46.91144],[4.69448,46.91152],[4.69482,46.91194],[4.695,46.9119],[4.69538,46.9122],[4.69543,46.91216],[4.69564,46.91231],[4.69587,46.91215],[4.69574,46.91201],[4.69588,46.91194],[4.69593,46.91197],[4.69613,46.91184],[4.69631,46.91196],[4.69643,46.91187],[4.69619,46.91164],[4.69574,46.9114]]],[[[4.69523,46.91307],[4.69464,46.91267],[4.6947,46.91263],[4.69445,46.91239],[4.69473,46.91222],[4.69422,46.91169],[4.69415,46.91174],[4.69401,46.91161],[4.69154,46.91357],[4.69259,46.91414],[4.69344,46.91446],[4.69389,46.91423],[4.69441,46.91415],[4.69486,46.91399],[4.69402,46.91339],[4.69434,46.91312],[4.6946,46.91333],[4.69482,46.91321],[4.69497,46.91331],[4.69523,46.91307]]],[[[4.69466,46.9098],[4.69449,46.9087],[4.69358,46.90928],[4.69363,46.9093],[4.69312,46.90983],[4.69234,46.91033],[4.69184,46.91081],[4.69304,46.91076],[4.69366,46.91037],[4.69419,46.91075],[4.69435,46.91074],[4.69427,46.91068],[4.6944,46.91059],[4.69456,46.9107],[4.69468,46.90999],[4.69459,46.91004],[4.69446,46.90994],[4.69466,46.9098]]],[[[4.69349,46.91168],[4.69203,46.91089],[4.69175,46.91093],[4.69152,46.91105],[4.68973,46.91255],[4.69015,46.91273],[4.69153,46.91356],[4.69389,46.91169],[4.69349,46.91168]]],[[[4.69339,46.91106],[4.69299,46.91137],[4.6935,46.91167],[4.69379,46.91168],[4.69341,46.91146],[4.6937,46.91123],[4.69339,46.91106]]],[[[4.69245,46.91414],[4.69015,46.91278],[4.68963,46.91258],[4.68729,46.9145],[4.68741,46.91456],[4.68806,46.91457],[4.68895,46.91439],[4.69034,46.91431],[4.69129,46.91432],[4.69245,46.91414]]],[[[4.68987,46.91011],[4.68816,46.90922],[4.6864,46.91027],[4.68693,46.91026],[4.68822,46.91043],[4.68995,46.91078],[4.69136,46.91087],[4.68984,46.91014],[4.68987,46.91011]]],[[[4.69021,46.9109],[4.68824,46.91053],[4.68692,46.91035],[4.68628,46.91042],[4.68497,46.91166],[4.68428,46.91266],[4.68428,46.91276],[4.68442,46.9128],[4.68439,46.91285],[4.68464,46.91292],[4.68453,46.91307],[4.68427,46.91299],[4.68411,46.91322],[4.68449,46.91333],[4.68459,46.91318],[4.68483,46.91325],[4.68475,46.91335],[4.68488,46.91347],[4.68481,46.91354],[4.68571,46.91383],[4.68587,46.91365],[4.68622,46.91351],[4.68683,46.91314],[4.68714,46.91301],[4.68813,46.91297],[4.68833,46.9129],[4.68893,46.91309],[4.69131,46.91116],[4.69117,46.91111],[4.69133,46.911],[4.69021,46.9109]]],[[[4.68722,46.90775],[4.6866,46.90842],[4.6852,46.90922],[4.68463,46.90971],[4.6843,46.91005],[4.68431,46.91012],[4.68533,46.91035],[4.68625,46.91029],[4.68779,46.90942],[4.68847,46.90894],[4.6889,46.90849],[4.68722,46.90775]]],[[[4.68808,46.913],[4.68698,46.91309],[4.68624,46.91353],[4.68589,46.91366],[4.68574,46.91389],[4.68631,46.91416],[4.68725,46.91442],[4.68891,46.91311],[4.68832,46.91292],[4.68808,46.913]]],[[[4.68565,46.91385],[4.68487,46.91364],[4.6846,46.914],[4.6848,46.91403],[4.68482,46.91398],[4.68529,46.91408],[4.68509,46.91435],[4.68443,46.91417],[4.6845,46.91403],[4.68434,46.914],[4.68423,46.91413],[4.68401,46.91408],[4.68405,46.91396],[4.68369,46.91389],[4.68363,46.914],[4.68352,46.91396],[4.6834,46.91416],[4.68389,46.91439],[4.68373,46.91459],[4.6833,46.91437],[4.68332,46.91453],[4.68432,46.91495],[4.68581,46.91532],[4.68611,46.91534],[4.68717,46.9145],[4.68568,46.91399],[4.68565,46.91385]]],[[[4.68576,46.91054],[4.6841,46.91025],[4.68397,46.9106],[4.6839,46.91059],[4.68387,46.91066],[4.6836,46.91061],[4.68313,46.91096],[4.68316,46.91106],[4.68341,46.91126],[4.68386,46.91215],[4.68402,46.9122],[4.68408,46.91212],[4.6842,46.91216],[4.68432,46.91202],[4.68452,46.91211],[4.68478,46.91173],[4.68585,46.91068],[4.68576,46.91054]]],[[[4.68449,46.91366],[4.6843,46.91381],[4.68414,46.91376],[4.6841,46.91385],[4.68423,46.91387],[4.68421,46.91394],[4.68453,46.91399],[4.68468,46.91383],[4.68465,46.91373],[4.68449,46.91366]]],[[[4.68394,46.91817],[4.68248,46.91888],[4.68196,46.9193],[4.68157,46.91974],[4.68128,46.92033],[4.68158,46.92058],[4.68193,46.92035],[4.68194,46.92047],[4.68224,46.92029],[4.68205,46.92014],[4.68221,46.92],[4.6828,46.91976],[4.68368,46.91947],[4.68469,46.91945],[4.68467,46.91899],[4.68435,46.91816],[4.68394,46.91817]]],[[[4.68416,46.91698],[4.68418,46.91686],[4.68446,46.91674],[4.68399,46.9165],[4.684,46.9164],[4.68419,46.91624],[4.68368,46.9157],[4.68346,46.91579],[4.6833,46.91623],[4.68297,46.91663],[4.67981,46.91865],[4.67927,46.91904],[4.67936,46.91911],[4.67917,46.91925],[4.67905,46.91919],[4.67817,46.91976],[4.6787,46.92048],[4.67875,46.9208],[4.67989,46.92043],[4.68033,46.92022],[4.68023,46.92014],[4.68084,46.92063],[4.68119,46.92044],[4.68156,46.91964],[4.68225,46.91885],[4.68292,46.91834],[4.68326,46.91823],[4.68397,46.91784],[4.68421,46.91762],[4.68448,46.91728],[4.68416,46.91698]]],[[[4.68407,46.91282],[4.68337,46.91128],[4.68315,46.9111],[4.68265,46.91172],[4.68255,46.91167],[4.68212,46.91226],[4.68201,46.91227],[4.68197,46.91234],[4.68212,46.91241],[4.68194,46.91253],[4.682,46.91271],[4.68232,46.91279],[4.68238,46.91296],[4.68257,46.91307],[4.68274,46.91305],[4.68314,46.91317],[4.68325,46.91304],[4.68336,46.91308],[4.68344,46.91296],[4.68355,46.91302],[4.68387,46.91273],[4.68407,46.91282]]],[[[4.68315,46.91369],[4.68346,46.91341],[4.68336,46.91335],[4.68342,46.91325],[4.6832,46.91322],[4.68305,46.91336],[4.6828,46.91324],[4.68289,46.91313],[4.68264,46.9131],[4.6822,46.91321],[4.68204,46.91311],[4.68163,46.91339],[4.68167,46.91344],[4.68148,46.91362],[4.6817,46.91372],[4.68146,46.9139],[4.68165,46.91395],[4.68153,46.91406],[4.68159,46.91409],[4.68154,46.91414],[4.68168,46.91421],[4.68156,46.91432],[4.68242,46.91469],[4.68271,46.91472],[4.6829,46.91466],[4.68313,46.91452],[4.68323,46.91437],[4.68316,46.91433],[4.68309,46.91447],[4.68282,46.91438],[4.6832,46.914],[4.68335,46.91408],[4.68349,46.91388],[4.68315,46.91369]]],[[[4.68248,46.91523],[4.68225,46.91541],[4.68225,46.9155],[4.68219,46.91557],[4.68204,46.91554],[4.6816,46.91568],[4.68129,46.91593],[4.68096,46.91574],[4.68081,46.916],[4.68027,46.91582],[4.68029,46.91621],[4.6802,46.91639],[4.68026,46.91646],[4.68049,46.9166],[4.68058,46.91668],[4.68061,46.91681],[4.68081,46.91701],[4.68091,46.91752],[4.68107,46.91776],[4.68286,46.91662],[4.68322,46.91624],[4.68341,46.91567],[4.68248,46.91523]]],[[[4.68112,46.90981],[4.68125,46.91049],[4.68128,46.91139],[4.68144,46.91183],[4.68205,46.91101],[4.68198,46.91094],[4.68286,46.91031],[4.68183,46.90997],[4.68112,46.90981]]],[[[4.68247,46.91475],[4.68152,46.91436],[4.68143,46.91444],[4.6813,46.91437],[4.68122,46.91444],[4.68101,46.91433],[4.68096,46.91453],[4.68054,46.91505],[4.68026,46.9158],[4.68079,46.91596],[4.68091,46.91569],[4.6813,46.9159],[4.68152,46.9157],[4.68168,46.91563],[4.68204,46.91552],[4.68218,46.91556],[4.68224,46.9154],[4.68294,46.91487],[4.68285,46.91475],[4.68247,46.91475]]],[[[4.68153,46.90753],[4.68073,46.90808],[4.6795,46.90723],[4.67843,46.90788],[4.68101,46.9096],[4.68123,46.90881],[4.68158,46.90812],[4.68164,46.90761],[4.68153,46.90753]]],[[[4.68144,46.91226],[4.68069,46.91187],[4.67949,46.91108],[4.67851,46.9104],[4.6781,46.91007],[4.67799,46.90988],[4.67828,46.90959],[4.67673,46.9094],[4.67641,46.90976],[4.67593,46.91009],[4.67591,46.91017],[4.67647,46.91102],[4.67757,46.91212],[4.67819,46.9129],[4.6785,46.9126],[4.67867,46.91259],[4.6789,46.91243],[4.67868,46.91262],[4.67887,46.91281],[4.67868,46.91294],[4.67882,46.91303],[4.67903,46.91283],[4.67918,46.91296],[4.67936,46.91293],[4.67919,46.91307],[4.67931,46.91319],[4.67917,46.91332],[4.67934,46.9134],[4.67952,46.91319],[4.67976,46.9133],[4.67964,46.91342],[4.67978,46.91349],[4.6799,46.91335],[4.68058,46.9136],[4.68066,46.91352],[4.68078,46.91355],[4.68106,46.91326],[4.68081,46.91318],[4.68089,46.91308],[4.68067,46.913],[4.68088,46.91283],[4.68099,46.91291],[4.68134,46.91252],[4.68144,46.91226]]],[[[4.68142,46.9122],[4.68121,46.91138],[4.68105,46.90981],[4.67976,46.90977],[4.67831,46.90959],[4.67802,46.90988],[4.67812,46.91006],[4.67852,46.91038],[4.6807,46.91187],[4.68142,46.9122]]],[[[4.68099,46.90967],[4.67676,46.90678],[4.67497,46.90536],[4.67293,46.90645],[4.67365,46.90705],[4.67551,46.90815],[4.67585,46.90847],[4.67614,46.90894],[4.67682,46.9093],[4.67981,46.90968],[4.68097,46.90972],[4.68099,46.90967]]],[[[4.68079,46.91707],[4.68058,46.9168],[4.68056,46.91668],[4.68024,46.91645],[4.68018,46.91638],[4.67961,46.91708],[4.67944,46.917],[4.67925,46.91718],[4.67905,46.91744],[4.67922,46.91756],[4.67889,46.91788],[4.67882,46.91783],[4.67845,46.91833],[4.67835,46.91826],[4.67777,46.91895],[4.67742,46.91923],[4.67779,46.91962],[4.67793,46.91958],[4.67786,46.91943],[4.67811,46.91925],[4.67829,46.91939],[4.67838,46.91934],[4.67852,46.91944],[4.67873,46.91931],[4.67862,46.91923],[4.67868,46.91919],[4.67843,46.919],[4.67865,46.91881],[4.67889,46.91907],[4.67907,46.9191],[4.68101,46.91774],[4.68085,46.91754],[4.68079,46.91707]]],[[[4.67999,46.91503],[4.6804,46.9144],[4.6801,46.91432],[4.67973,46.91495],[4.67999,46.91503]]],[[[4.67969,46.91421],[4.6799,46.91391],[4.67968,46.91379],[4.67952,46.91393],[4.67903,46.91364],[4.67921,46.91338],[4.67899,46.91329],[4.67844,46.91418],[4.67791,46.91465],[4.678,46.91485],[4.67796,46.91512],[4.67802,46.9154],[4.678,46.9162],[4.67927,46.91601],[4.67958,46.91507],[4.68002,46.91434],[4.67969,46.91421]]],[[[4.67927,46.91602],[4.678,46.91621],[4.67807,46.91718],[4.67806,46.91739],[4.67808,46.91755],[4.67819,46.91759],[4.67807,46.91756],[4.67804,46.91738],[4.67798,46.91621],[4.67725,46.91633],[4.67731,46.91682],[4.67725,46.91808],[4.67758,46.91893],[4.6783,46.91813],[4.67925,46.91683],[4.67931,46.91665],[4.67927,46.91602]]],[[[4.6781,46.91292],[4.67759,46.91317],[4.67759,46.91325],[4.67781,46.91363],[4.67786,46.91381],[4.67778,46.91433],[4.6779,46.91464],[4.67842,46.91418],[4.67898,46.91329],[4.67847,46.91313],[4.6781,46.91292]]],[[[4.67835,46.92011],[4.67773,46.92051],[4.67689,46.9207],[4.67694,46.92046],[4.6765,46.92035],[4.67657,46.92019],[4.67626,46.92008],[4.67596,46.92015],[4.67619,46.92085],[4.67631,46.92098],[4.67623,46.92107],[4.6764,46.92115],[4.67615,46.92155],[4.6763,46.92168],[4.67626,46.92177],[4.67771,46.92169],[4.6781,46.92172],[4.67809,46.92188],[4.67835,46.92187],[4.67876,46.92171],[4.67869,46.9219],[4.67883,46.92186],[4.67868,46.92049],[4.67835,46.92011]]],[[[4.67731,46.91193],[4.67622,46.91259],[4.67621,46.91254],[4.67587,46.91247],[4.67502,46.91241],[4.67496,46.91231],[4.67462,46.91252],[4.67499,46.91288],[4.67523,46.913],[4.67547,46.91317],[4.6761,46.91378],[4.67639,46.91343],[4.6767,46.91338],[4.67694,46.91326],[4.67748,46.9132],[4.67808,46.91289],[4.67731,46.91193]]],[[[4.67799,46.91486],[4.67777,46.91432],[4.67784,46.91381],[4.67757,46.91321],[4.67714,46.9133],[4.67691,46.91329],[4.67677,46.91337],[4.67668,46.91364],[4.67683,46.91377],[4.67693,46.91396],[4.67671,46.91426],[4.67696,46.91445],[4.67703,46.91458],[4.67693,46.91502],[4.67677,46.91547],[4.67717,46.91606],[4.67725,46.91632],[4.67798,46.9162],[4.67801,46.9154],[4.67794,46.91513],[4.67799,46.91486]]],[[[4.67724,46.91835],[4.67723,46.91651],[4.67709,46.91607],[4.67672,46.91548],[4.67643,46.91548],[4.6761,46.91603],[4.67577,46.91599],[4.67507,46.91569],[4.67492,46.9157],[4.67465,46.91581],[4.67475,46.91591],[4.67469,46.91604],[4.67427,46.91599],[4.67457,46.91685],[4.67466,46.91757],[4.67483,46.91757],[4.67485,46.91767],[4.6749,46.91766],[4.67487,46.91777],[4.67525,46.91786],[4.67534,46.91817],[4.67532,46.91837],[4.67551,46.91845],[4.67532,46.91847],[4.67534,46.91874],[4.67542,46.91876],[4.67517,46.91923],[4.67584,46.91961],[4.67634,46.92007],[4.67666,46.92014],[4.67703,46.91979],[4.67725,46.91931],[4.67754,46.91895],[4.67724,46.91835]]],[[[4.6773,46.91192],[4.67621,46.91078],[4.6753,46.91055],[4.67479,46.91054],[4.67424,46.91043],[4.67356,46.9105],[4.67257,46.91045],[4.67227,46.91036],[4.67209,46.91039],[4.67211,46.91053],[4.67233,46.9107],[4.67234,46.91081],[4.673,46.9112],[4.67374,46.91174],[4.67461,46.91251],[4.67497,46.91229],[4.67503,46.91241],[4.67592,46.91247],[4.67622,46.91254],[4.67625,46.91256],[4.6773,46.91192]]],[[[4.67671,46.91427],[4.6763,46.91454],[4.67583,46.91467],[4.67645,46.91443],[4.67689,46.91402],[4.67681,46.91378],[4.67666,46.91364],[4.67674,46.91338],[4.67641,46.91344],[4.6761,46.9138],[4.67523,46.91301],[4.67491,46.91284],[4.67368,46.91171],[4.67231,46.91084],[4.67231,46.91073],[4.67214,46.9106],[4.67203,46.91148],[4.67247,46.91244],[4.67236,46.91255],[4.67205,46.91266],[4.67222,46.91309],[4.67222,46.9135],[4.67252,46.91363],[4.67274,46.91375],[4.67315,46.91401],[4.6735,46.91436],[4.67319,46.91412],[4.67314,46.91401],[4.67222,46.91351],[4.67213,46.91437],[4.67221,46.91499],[4.67376,46.9152],[4.67411,46.91532],[4.67426,46.91547],[4.67542,46.91548],[4.67547,46.91531],[4.67562,46.91526],[4.67555,46.91514],[4.6756,46.9151],[4.67612,46.91492],[4.67691,46.91488],[4.67701,46.91458],[4.67694,46.91447],[4.67671,46.91427]]],[[[4.67547,46.9096],[4.6753,46.90948],[4.67459,46.90933],[4.67336,46.90922],[4.67193,46.90887],[4.67189,46.91001],[4.67203,46.91029],[4.67257,46.91041],[4.67359,46.91046],[4.67434,46.9104],[4.67481,46.9105],[4.6753,46.91051],[4.67619,46.91071],[4.67547,46.9096]]],[[[4.67567,46.90839],[4.67481,46.90777],[4.6739,46.90725],[4.67382,46.90733],[4.6739,46.90769],[4.6746,46.9086],[4.67466,46.90898],[4.67459,46.90925],[4.67573,46.90926],[4.67592,46.90877],[4.67567,46.90839]]],[[[4.67448,46.90854],[4.67388,46.90775],[4.67369,46.90718],[4.67287,46.90648],[4.67179,46.90705],[4.67194,46.90876],[4.67312,46.90906],[4.67445,46.90925],[4.67458,46.90891],[4.67448,46.90854]]],[[[4.6739,46.91528],[4.67221,46.91504],[4.67145,46.91514],[4.66885,46.91501],[4.66863,46.91532],[4.66926,46.91556],[4.66928,46.91552],[4.66941,46.91555],[4.66948,46.91543],[4.66993,46.9155],[4.66987,46.91559],[4.66998,46.91562],[4.67007,46.91543],[4.67051,46.91549],[4.67119,46.91582],[4.67109,46.91588],[4.67159,46.91628],[4.67169,46.91659],[4.672,46.91646],[4.6721,46.91661],[4.67318,46.9163],[4.67306,46.91605],[4.6741,46.91563],[4.67417,46.91567],[4.67416,46.91544],[4.6739,46.91528]]],[[[4.67241,46.91245],[4.67198,46.91148],[4.67195,46.9112],[4.67181,46.91118],[4.66936,46.91216],[4.66951,46.91221],[4.66979,46.91223],[4.67006,46.91229],[4.67003,46.91235],[4.67151,46.91271],[4.67202,46.91276],[4.67198,46.91263],[4.67241,46.91245]]],[[[4.67203,46.91277],[4.67159,46.91274],[4.6712,46.91265],[4.67002,46.91236],[4.67005,46.9123],[4.66951,46.91222],[4.66934,46.91216],[4.66881,46.91267],[4.66911,46.9127],[4.66962,46.9128],[4.67104,46.91321],[4.67215,46.91344],[4.67212,46.91292],[4.67203,46.91277]]],[[[4.67105,46.91322],[4.66962,46.91281],[4.66779,46.91254],[4.66747,46.91244],[4.66733,46.91263],[4.66626,46.91225],[4.66634,46.91211],[4.66597,46.91199],[4.66411,46.91283],[4.66407,46.91332],[4.66396,46.91348],[4.66423,46.91383],[4.66476,46.91407],[4.66662,46.91471],[4.66782,46.91499],[4.66908,46.91495],[4.67146,46.9151],[4.67216,46.915],[4.67208,46.91437],[4.67215,46.91346],[4.67105,46.91322]]]]}},{"type":"Feature","properties":{"id":"appellation-savigny-les-beaune","kind":"appellation","level":"village","name":"Savigny-lès-Beaune","full":"Savigny-lès-Beaune","app":"Savigny-lès-Beaune","region":"cote-de-beaune","communes":["Savigny-lès-Beaune"],"area_ha":380.72,"elev":[230.0,268.6,384.3],"slope":4.5,"slope_pct":7.9,"aspect":169,"aspect_label":"S","aspect_hist":[0.012,0.086,0.137,0.178,0.402,0.163,0.021,0.001],"village":null,"pc_area_ha":144.55,"n_climats":22,"white":true},"geometry":{"type":"MultiPolygon","coordinates":[[[[4.85402,47.04911],[4.85145,47.04597],[4.85006,47.04673],[4.85142,47.04807],[4.85172,47.04851],[4.85221,47.04902],[4.85248,47.04936],[4.85399,47.04919],[4.85402,47.04911]]],[[[4.85302,47.05088],[4.85181,47.04958],[4.8515,47.04966],[4.84985,47.0504],[4.8477,47.05118],[4.84719,47.05122],[4.84633,47.05104],[4.84578,47.05119],[4.84539,47.0514],[4.84658,47.05216],[4.84691,47.05255],[4.84787,47.05339],[4.84988,47.05226],[4.85008,47.0524],[4.85062,47.05217],[4.85117,47.05185],[4.85102,47.05172],[4.85302,47.05088]]],[[[4.85161,47.04844],[4.8514,47.04809],[4.85001,47.04675],[4.84924,47.04718],[4.84768,47.04845],[4.84714,47.04933],[4.84644,47.05023],[4.84627,47.05094],[4.84718,47.05114],[4.84764,47.05111],[4.84989,47.05029],[4.85144,47.0496],[4.85244,47.04937],[4.85161,47.04844]]],[[[4.84998,47.04499],[4.84975,47.04522],[4.84924,47.04552],[4.84897,47.04578],[4.84882,47.04581],[4.84861,47.04578],[4.84832,47.04596],[4.84809,47.04601],[4.84803,47.04637],[4.84744,47.04675],[4.84712,47.04727],[4.84665,47.04751],[4.84621,47.04784],[4.84624,47.04821],[4.84587,47.04832],[4.84562,47.04864],[4.8452,47.0488],[4.84493,47.049],[4.84499,47.0493],[4.84493,47.04948],[4.84472,47.04963],[4.84466,47.04987],[4.84408,47.05059],[4.84532,47.05136],[4.8462,47.05096],[4.8463,47.05045],[4.84649,47.05007],[4.84779,47.04829],[4.84926,47.04711],[4.851,47.04617],[4.85015,47.0454],[4.85032,47.04532],[4.84998,47.04499]]],[[[4.84894,47.04364],[4.84863,47.04358],[4.84813,47.04367],[4.84504,47.04654],[4.84315,47.04867],[4.84195,47.04956],[4.84259,47.04993],[4.84342,47.05026],[4.84403,47.05057],[4.84462,47.04986],[4.84466,47.04964],[4.84493,47.04941],[4.8449,47.04897],[4.84516,47.04878],[4.84559,47.04862],[4.84583,47.04831],[4.84619,47.04819],[4.84615,47.04784],[4.84659,47.0475],[4.84706,47.04727],[4.84738,47.04673],[4.84799,47.04635],[4.84803,47.046],[4.84834,47.04591],[4.84861,47.04574],[4.84892,47.04577],[4.84917,47.04551],[4.84969,47.04522],[4.85017,47.04482],[4.84894,47.04364]]],[[[4.84973,47.05613],[4.84939,47.05543],[4.84874,47.05439],[4.84836,47.05395],[4.84814,47.05383],[4.84727,47.05423],[4.84573,47.05509],[4.84477,47.05552],[4.84131,47.05685],[4.84071,47.05705],[4.8402,47.05717],[4.84187,47.05989],[4.8432,47.05931],[4.84518,47.05869],[4.84666,47.05835],[4.84703,47.05821],[4.84816,47.05756],[4.84888,47.05691],[4.84982,47.05651],[4.84973,47.05613]]],[[[4.848,47.0536],[4.84689,47.05258],[4.84653,47.05216],[4.84536,47.05143],[4.84479,47.05194],[4.84414,47.05274],[4.84352,47.05337],[4.84215,47.05419],[4.84117,47.05461],[4.84003,47.05523],[4.83978,47.05618],[4.8402,47.05713],[4.84116,47.05688],[4.84471,47.05552],[4.84581,47.05502],[4.84724,47.05422],[4.84807,47.05381],[4.84813,47.05374],[4.848,47.0536]]],[[[4.84756,47.0619],[4.84679,47.06041],[4.8456,47.05874],[4.84532,47.05873],[4.84347,47.05931],[4.84219,47.05981],[4.84318,47.06113],[4.8435,47.06167],[4.84216,47.05984],[4.84185,47.06005],[4.84273,47.06191],[4.84327,47.0627],[4.8437,47.06262],[4.84402,47.06242],[4.84421,47.06255],[4.84489,47.0626],[4.84501,47.06267],[4.84432,47.06262],[4.84332,47.06277],[4.84373,47.06317],[4.84476,47.06317],[4.84588,47.06298],[4.84632,47.06332],[4.84657,47.06338],[4.84788,47.06315],[4.84805,47.06305],[4.84756,47.0619]]],[[[4.84661,47.06953],[4.84548,47.06857],[4.84488,47.06771],[4.84406,47.067],[4.84347,47.06632],[4.8432,47.06579],[4.84302,47.06491],[4.84231,47.06444],[4.84165,47.0641],[4.84042,47.06397],[4.83951,47.06378],[4.83904,47.06377],[4.83768,47.06425],[4.83702,47.06436],[4.83301,47.06467],[4.83282,47.06549],[4.83308,47.06666],[4.83398,47.06688],[4.83411,47.06701],[4.83486,47.06653],[4.83575,47.06609],[4.83618,47.06601],[4.83709,47.06567],[4.83808,47.06559],[4.83807,47.06564],[4.83832,47.06569],[4.8384,47.06578],[4.83831,47.06605],[4.83859,47.06606],[4.83881,47.06616],[4.8389,47.066],[4.83931,47.06617],[4.83928,47.06626],[4.84013,47.06669],[4.84038,47.06687],[4.84051,47.06689],[4.84087,47.06717],[4.84137,47.06781],[4.84189,47.06818],[4.84183,47.0682],[4.84241,47.06889],[4.8425,47.06913],[4.84314,47.07001],[4.84319,47.0702],[4.84423,47.07006],[4.84661,47.06953]]],[[[4.84426,47.0519],[4.84367,47.05242],[4.84284,47.05291],[4.84277,47.05286],[4.84239,47.05314],[4.84247,47.05319],[4.84187,47.05372],[4.84135,47.05406],[4.84145,47.05413],[4.84082,47.05443],[4.84003,47.05504],[4.84012,47.05506],[4.84037,47.05497],[4.84106,47.05457],[4.84205,47.05415],[4.84353,47.05323],[4.8448,47.05177],[4.84528,47.05139],[4.84484,47.05111],[4.84458,47.05133],[4.84426,47.0519]]],[[[4.84257,47.04995],[4.84193,47.04963],[4.84048,47.05123],[4.83961,47.05176],[4.83927,47.05217],[4.83923,47.05232],[4.84003,47.0525],[4.84081,47.05291],[4.84169,47.0524],[4.84277,47.05205],[4.84282,47.05196],[4.84276,47.05176],[4.84312,47.05164],[4.84348,47.05133],[4.84363,47.05082],[4.844,47.05059],[4.84337,47.05025],[4.84257,47.04995]]],[[[4.84349,47.0632],[4.84236,47.06361],[4.8422,47.06387],[4.84177,47.06407],[4.84229,47.06433],[4.8431,47.06486],[4.84346,47.06469],[4.84365,47.0645],[4.84378,47.06422],[4.84382,47.06381],[4.84394,47.06375],[4.84349,47.0632]]],[[[4.84297,47.06276],[4.84235,47.06269],[4.84114,47.06272],[4.83988,47.06258],[4.84019,47.06299],[4.84148,47.06357],[4.84191,47.06395],[4.84218,47.0638],[4.84215,47.06367],[4.84226,47.06357],[4.84345,47.06314],[4.84326,47.06288],[4.84297,47.06276]]],[[[4.84225,47.0612],[4.84179,47.0602],[4.83744,47.06125],[4.83801,47.06154],[4.83865,47.06212],[4.83897,47.0623],[4.83985,47.06248],[4.84013,47.06249],[4.84012,47.06244],[4.8406,47.06251],[4.8408,47.06247],[4.84082,47.06257],[4.84165,47.06262],[4.84227,47.06253],[4.84229,47.06258],[4.84262,47.06257],[4.84302,47.06249],[4.84225,47.0612]]],[[[4.84173,47.06005],[4.84011,47.0572],[4.83964,47.05609],[4.83717,47.05798],[4.83629,47.05837],[4.83446,47.05892],[4.83503,47.06026],[4.83522,47.06098],[4.8358,47.06119],[4.83652,47.06129],[4.83714,47.06126],[4.83856,47.06088],[4.84049,47.06048],[4.84163,47.06016],[4.84173,47.06005]]],[[[4.84082,47.06357],[4.84055,47.06324],[4.84011,47.06298],[4.83979,47.06257],[4.83876,47.06232],[4.838,47.06164],[4.83768,47.06147],[4.8372,47.06135],[4.83658,47.06139],[4.83567,47.06125],[4.8353,47.06147],[4.83522,47.06158],[4.83513,47.06235],[4.83486,47.063],[4.83413,47.06374],[4.83438,47.0645],[4.83465,47.06451],[4.83585,47.06443],[4.83751,47.06422],[4.83877,47.06378],[4.83912,47.06371],[4.83958,47.06373],[4.84057,47.06395],[4.8416,47.06403],[4.84136,47.0638],[4.84114,47.06376],[4.84082,47.06357]]],[[[4.83922,47.04553],[4.83821,47.04573],[4.83522,47.04694],[4.83366,47.04765],[4.83434,47.04794],[4.83486,47.04823],[4.83485,47.04827],[4.83375,47.04775],[4.83359,47.04769],[4.83343,47.04779],[4.83478,47.04978],[4.83497,47.05019],[4.83576,47.05112],[4.83566,47.05159],[4.83767,47.05205],[4.83907,47.05222],[4.83945,47.04854],[4.83922,47.04553]]],[[[4.83763,47.05207],[4.83551,47.05158],[4.83433,47.05143],[4.8356,47.05158],[4.83571,47.05114],[4.83514,47.05053],[4.83474,47.04979],[4.83414,47.04901],[4.83296,47.05125],[4.83248,47.05232],[4.83224,47.05264],[4.83219,47.05298],[4.83198,47.05339],[4.832,47.05351],[4.83133,47.05484],[4.83002,47.05598],[4.82936,47.05676],[4.82812,47.0576],[4.82762,47.05786],[4.82539,47.05857],[4.82484,47.05884],[4.82511,47.05943],[4.82379,47.05988],[4.82388,47.06008],[4.82433,47.06014],[4.82479,47.06008],[4.8249,47.05989],[4.82524,47.0597],[4.82683,47.05936],[4.82849,47.05883],[4.82985,47.05808],[4.83196,47.05728],[4.83582,47.05527],[4.83743,47.05405],[4.83508,47.05346],[4.83499,47.05374],[4.83479,47.05402],[4.83381,47.05465],[4.83335,47.05511],[4.83282,47.05555],[4.83371,47.0547],[4.83468,47.05406],[4.83487,47.05387],[4.83513,47.05307],[4.83566,47.05234],[4.83585,47.05193],[4.83569,47.05234],[4.83512,47.05316],[4.83509,47.05344],[4.83745,47.05403],[4.8385,47.05312],[4.83906,47.05226],[4.83763,47.05207]]],[[[4.83842,47.05353],[4.83619,47.05525],[4.83454,47.05615],[4.83476,47.05634],[4.83488,47.05628],[4.83499,47.05634],[4.8361,47.05569],[4.83628,47.05584],[4.83661,47.05567],[4.83677,47.05578],[4.8375,47.05546],[4.83795,47.05516],[4.83766,47.05494],[4.839,47.05402],[4.83859,47.05361],[4.83842,47.05353]]],[[[4.83659,47.05676],[4.83525,47.05716],[4.83452,47.05724],[4.83273,47.05763],[4.83088,47.05831],[4.83068,47.05858],[4.83061,47.05887],[4.83071,47.05946],[4.83202,47.05916],[4.83426,47.05889],[4.83568,47.05849],[4.83688,47.05804],[4.83729,47.0578],[4.83659,47.05676]]],[[[4.8348,47.06102],[4.83212,47.06119],[4.83119,47.06111],[4.8313,47.06197],[4.83142,47.06221],[4.83175,47.06245],[4.83245,47.06275],[4.83286,47.06314],[4.83359,47.06356],[4.83375,47.06376],[4.83412,47.06365],[4.83477,47.06305],[4.8351,47.06233],[4.83515,47.06163],[4.83523,47.0615],[4.83553,47.06124],[4.83517,47.06107],[4.8348,47.06102]]],[[[4.83491,47.06006],[4.83442,47.05893],[4.83362,47.05907],[4.83204,47.05923],[4.83087,47.0595],[4.83126,47.06018],[4.83156,47.06108],[4.83221,47.0611],[4.83515,47.06094],[4.83491,47.06006]]],[[[4.83382,47.04844],[4.83336,47.04783],[4.83273,47.04819],[4.83214,47.04876],[4.83084,47.05194],[4.8306,47.05278],[4.83072,47.05317],[4.82987,47.05474],[4.82958,47.0555],[4.82954,47.05589],[4.82994,47.05598],[4.83128,47.05482],[4.83215,47.05296],[4.83223,47.05258],[4.83246,47.05225],[4.83267,47.05168],[4.83408,47.04895],[4.83382,47.04844]]],[[[4.83406,47.06375],[4.83317,47.06401],[4.83303,47.06433],[4.83307,47.06461],[4.83434,47.0645],[4.83406,47.06375]]],[[[4.83356,47.06361],[4.83285,47.0632],[4.83234,47.06276],[4.83169,47.06247],[4.83137,47.06223],[4.83127,47.06204],[4.83112,47.0611],[4.83022,47.06095],[4.82842,47.06098],[4.82851,47.0623],[4.82787,47.06232],[4.8278,47.06116],[4.82592,47.06137],[4.82525,47.06118],[4.8224,47.06221],[4.82191,47.06252],[4.82229,47.06275],[4.82236,47.0628],[4.82227,47.06285],[4.82256,47.06305],[4.8222,47.06322],[4.8224,47.06409],[4.82353,47.06445],[4.82527,47.06478],[4.82641,47.06484],[4.82923,47.06473],[4.8308,47.06453],[4.83189,47.06468],[4.83254,47.0646],[4.83295,47.06461],[4.83299,47.06407],[4.83318,47.06392],[4.83368,47.06377],[4.83356,47.06361]]],[[[4.8328,47.06467],[4.8318,47.06475],[4.8309,47.06458],[4.8292,47.06479],[4.82534,47.06491],[4.82524,47.06594],[4.8265,47.0658],[4.82649,47.06596],[4.8272,47.06594],[4.82718,47.0658],[4.82885,47.06557],[4.82885,47.06546],[4.82884,47.06603],[4.82943,47.06605],[4.82944,47.06599],[4.82951,47.06599],[4.83064,47.06609],[4.83078,47.06602],[4.831,47.06615],[4.83091,47.06629],[4.83134,47.06644],[4.83149,47.06619],[4.83146,47.066],[4.83155,47.0657],[4.83169,47.0658],[4.83181,47.06572],[4.83202,47.06653],[4.832,47.0668],[4.83215,47.06684],[4.83293,47.06678],[4.83298,47.06668],[4.83277,47.06552],[4.83293,47.06472],[4.8328,47.06467]],[[4.83035,47.06551],[4.83037,47.06538],[4.83123,47.06546],[4.83136,47.06554],[4.83116,47.06569],[4.83035,47.06551]],[[4.82985,47.06546],[4.82962,47.06548],[4.82965,47.06512],[4.82978,47.06496],[4.82976,47.06514],[4.83029,47.06517],[4.83018,47.06546],[4.82983,47.06536],[4.82985,47.06546]]],[[[4.83095,47.05971],[4.83075,47.05954],[4.82745,47.0607],[4.82749,47.06084],[4.82835,47.06092],[4.83001,47.06087],[4.83149,47.06108],[4.83117,47.06009],[4.83095,47.05971]]],[[[4.82579,47.0677],[4.8255,47.067],[4.82477,47.06702],[4.82406,47.06709],[4.82409,47.0672],[4.82395,47.0673],[4.82434,47.06748],[4.82479,47.06798],[4.82579,47.0677]]],[[[4.82325,47.06443],[4.82207,47.06405],[4.82212,47.06419],[4.822,47.06425],[4.82208,47.0646],[4.82167,47.06471],[4.8216,47.06464],[4.82034,47.065],[4.82102,47.0665],[4.82139,47.06709],[4.82157,47.06723],[4.82185,47.06703],[4.82205,47.067],[4.82206,47.06721],[4.8228,47.06714],[4.82331,47.06674],[4.82302,47.06642],[4.82276,47.06652],[4.82241,47.06647],[4.82401,47.06604],[4.82429,47.06654],[4.82337,47.06679],[4.82311,47.06695],[4.82322,47.06712],[4.82393,47.06702],[4.82476,47.06699],[4.82534,47.06686],[4.82505,47.06629],[4.82519,47.06605],[4.82533,47.06489],[4.82325,47.06443]]],[[[4.82449,47.06828],[4.82479,47.06823],[4.82456,47.06782],[4.82326,47.06808],[4.82355,47.06935],[4.82484,47.06921],[4.82478,47.06899],[4.82462,47.06873],[4.82452,47.0687],[4.82449,47.06828]]],[[[4.82219,47.06835],[4.8224,47.06991],[4.82357,47.06976],[4.82321,47.0682],[4.82313,47.06816],[4.82219,47.06835]]],[[[4.82301,47.06718],[4.82169,47.06732],[4.8216,47.06737],[4.82179,47.06792],[4.82218,47.0683],[4.82296,47.06814],[4.82285,47.06788],[4.82319,47.06772],[4.82309,47.06754],[4.8228,47.06745],[4.82301,47.06718]]],[[[4.82121,47.06695],[4.82058,47.06667],[4.82046,47.06669],[4.82058,47.06665],[4.82118,47.06688],[4.82071,47.06602],[4.8199,47.06638],[4.81976,47.06689],[4.81997,47.06731],[4.82086,47.06744],[4.8215,47.06737],[4.82121,47.06695]]],[[[4.82066,47.06596],[4.82005,47.06459],[4.81987,47.06455],[4.81932,47.06461],[4.81953,47.0649],[4.81898,47.06509],[4.8191,47.06531],[4.81936,47.06524],[4.8194,47.06528],[4.81934,47.06544],[4.81942,47.06545],[4.81947,47.06567],[4.81956,47.06564],[4.81978,47.06595],[4.8198,47.06637],[4.82066,47.06596]]],[[[4.81778,47.06989],[4.81708,47.06866],[4.81696,47.06861],[4.81667,47.06861],[4.81636,47.067],[4.81638,47.06631],[4.81571,47.06631],[4.81517,47.06642],[4.81512,47.06646],[4.81515,47.06701],[4.81535,47.06718],[4.81537,47.06758],[4.8155,47.06786],[4.81599,47.0682],[4.81609,47.06849],[4.81607,47.06881],[4.81623,47.06891],[4.81617,47.06924],[4.81601,47.06922],[4.81593,47.06947],[4.81606,47.07022],[4.81642,47.07036],[4.81684,47.0703],[4.81746,47.06998],[4.81778,47.06989]]],[[[4.81434,47.06841],[4.81363,47.06863],[4.81241,47.0691],[4.81063,47.07001],[4.81083,47.0704],[4.81083,47.07055],[4.81109,47.07093],[4.81105,47.07126],[4.81118,47.07143],[4.81134,47.07143],[4.81183,47.07121],[4.81275,47.07107],[4.81326,47.07084],[4.81339,47.07073],[4.81333,47.07058],[4.81344,47.07049],[4.81543,47.06983],[4.81571,47.06964],[4.81585,47.06946],[4.81596,47.06903],[4.81599,47.0685],[4.81588,47.06823],[4.81434,47.06841]]],[[[4.81547,47.06989],[4.81349,47.07054],[4.81346,47.07075],[4.81331,47.07088],[4.8128,47.07112],[4.81187,47.07126],[4.81122,47.07158],[4.81129,47.07191],[4.81156,47.07209],[4.81257,47.07253],[4.81248,47.07282],[4.81323,47.07294],[4.81447,47.07298],[4.81446,47.07279],[4.81463,47.07232],[4.81525,47.07154],[4.81511,47.07147],[4.81498,47.07161],[4.81491,47.07159],[4.81501,47.0714],[4.81518,47.0712],[4.81525,47.07121],[4.81514,47.07143],[4.81534,47.07143],[4.81591,47.07076],[4.81596,47.07056],[4.81587,47.06968],[4.81578,47.06967],[4.81547,47.06989]]],[[[4.81523,47.06772],[4.81513,47.06715],[4.81502,47.06699],[4.81503,47.06644],[4.81248,47.06672],[4.81244,47.06684],[4.81265,47.06733],[4.81222,47.06767],[4.80964,47.06893],[4.80927,47.0692],[4.80882,47.06938],[4.80838,47.06968],[4.80784,47.06981],[4.80755,47.06997],[4.80741,47.0701],[4.80762,47.07037],[4.80607,47.07096],[4.8062,47.07108],[4.8052,47.07131],[4.80569,47.07179],[4.80606,47.07167],[4.80608,47.07172],[4.80578,47.07184],[4.80618,47.07237],[4.80652,47.07228],[4.80667,47.07247],[4.80693,47.07245],[4.80725,47.07269],[4.80743,47.07266],[4.80775,47.07279],[4.80791,47.07279],[4.80942,47.07241],[4.80998,47.07216],[4.81099,47.07183],[4.81047,47.07011],[4.80885,47.07114],[4.80775,47.07147],[4.80773,47.07141],[4.80881,47.07109],[4.81057,47.06996],[4.81237,47.06905],[4.8142,47.06838],[4.81466,47.06828],[4.81584,47.06817],[4.81523,47.06772]]],[[[4.81291,47.06517],[4.81332,47.06578],[4.81187,47.0662],[4.81222,47.06669],[4.81409,47.06647],[4.81322,47.06507],[4.81291,47.06517]]],[[[4.81236,47.06674],[4.81097,47.06702],[4.80927,47.06759],[4.80807,47.0682],[4.80618,47.06897],[4.80551,47.06932],[4.80361,47.06977],[4.80359,47.06982],[4.80379,47.06993],[4.80363,47.06999],[4.80363,47.07017],[4.80365,47.0704],[4.80386,47.07059],[4.80387,47.07094],[4.80401,47.07097],[4.80461,47.07079],[4.80464,47.07083],[4.80537,47.07087],[4.80586,47.07081],[4.80603,47.07094],[4.80756,47.07036],[4.80735,47.0701],[4.8075,47.06995],[4.80782,47.06977],[4.80834,47.06965],[4.80882,47.06934],[4.80926,47.06917],[4.80961,47.0689],[4.81215,47.06764],[4.81254,47.06727],[4.81236,47.06674]]],[[[4.81147,47.06559],[4.81064,47.06581],[4.81134,47.06687],[4.81211,47.06669],[4.81147,47.06559]]],[[[4.81073,47.06704],[4.81009,47.066],[4.8068,47.06718],[4.80773,47.0683],[4.80926,47.06754],[4.81073,47.06704]]],[[[4.80613,47.06744],[4.80383,47.0684],[4.80425,47.06886],[4.80399,47.06897],[4.80358,47.06852],[4.80333,47.06867],[4.80317,47.06899],[4.80328,47.06935],[4.80328,47.06967],[4.80341,47.06949],[4.80365,47.06945],[4.80377,47.06934],[4.80397,47.06963],[4.80534,47.06932],[4.80731,47.06845],[4.80673,47.06772],[4.80644,47.06783],[4.80613,47.06744]]]]}},{"type":"Feature","properties":{"id":"appellation-chassagne-montrachet","kind":"appellation","level":"village","name":"Chassagne-Montrachet","full":"Chassagne-Montrachet","app":"Chassagne-Montrachet","region":"cote-de-beaune","communes":["Chassagne-Montrachet","Remigny"],"area_ha":354.98,"elev":[215.2,247.7,364.3],"slope":4.0,"slope_pct":7.0,"aspect":118,"aspect_label":"ESE","aspect_hist":[0.005,0.056,0.389,0.389,0.13,0.026,0.003,0.001],"village":"chassagne-montrachet","pc_area_ha":172.34,"n_climats":55,"white":true},"geometry":{"type":"MultiPolygon","coordinates":[[[[4.74861,46.93827],[4.7475,46.93854],[4.7456,46.93889],[4.74284,46.93986],[4.741,46.94076],[4.74015,46.94109],[4.74062,46.94121],[4.74164,46.94163],[4.74274,46.94183],[4.74405,46.94218],[4.74446,46.94235],[4.74497,46.94244],[4.74409,46.94122],[4.74558,46.9407],[4.74552,46.94062],[4.74614,46.94037],[4.7494,46.93956],[4.74861,46.93827]]],[[[4.74533,46.93836],[4.74562,46.93881],[4.74622,46.93871],[4.74593,46.93818],[4.74533,46.93836]]],[[[4.74539,46.93867],[4.74459,46.93799],[4.74322,46.93844],[4.74347,46.93879],[4.74268,46.93906],[4.74181,46.93765],[4.74156,46.93768],[4.7401,46.93803],[4.73882,46.93847],[4.73786,46.93866],[4.73685,46.93939],[4.73731,46.93991],[4.73797,46.94046],[4.73939,46.94111],[4.7399,46.9411],[4.74096,46.94073],[4.74301,46.93975],[4.74552,46.93887],[4.74539,46.93867]]],[[[4.74363,46.93111],[4.74305,46.9314],[4.74354,46.9318],[4.74401,46.93151],[4.74368,46.93114],[4.74363,46.93111]]],[[[4.743,46.93142],[4.74104,46.93217],[4.74052,46.93225],[4.74018,46.93218],[4.73891,46.93451],[4.73875,46.93437],[4.73861,46.93496],[4.7394,46.93484],[4.7396,46.93501],[4.74077,46.93465],[4.74078,46.93462],[4.74116,46.93434],[4.74125,46.9344],[4.74143,46.93427],[4.74101,46.934],[4.74112,46.9338],[4.74095,46.9337],[4.74351,46.93183],[4.743,46.93142]]],[[[4.74209,46.93647],[4.74118,46.9355],[4.74157,46.93533],[4.742,46.9357],[4.74256,46.93537],[4.74138,46.93432],[4.74125,46.93442],[4.74116,46.93436],[4.74078,46.93465],[4.73959,46.93502],[4.7394,46.93488],[4.73861,46.93499],[4.7386,46.93511],[4.73869,46.9351],[4.73865,46.93528],[4.73857,46.93529],[4.73855,46.9354],[4.73862,46.93539],[4.73854,46.93546],[4.73848,46.93589],[4.73855,46.93588],[4.73853,46.936],[4.73846,46.93602],[4.73844,46.93618],[4.73852,46.93615],[4.73841,46.93654],[4.73848,46.93652],[4.73848,46.93668],[4.7384,46.9367],[4.73831,46.93853],[4.7404,46.93787],[4.742,46.93757],[4.74147,46.93672],[4.74204,46.93757],[4.74241,46.93758],[4.74283,46.93747],[4.74209,46.93647]]],[[[4.74294,46.94274],[4.7423,46.94179],[4.74167,46.94168],[4.74045,46.94118],[4.74008,46.94113],[4.7395,46.94119],[4.74018,46.94178],[4.73987,46.94189],[4.73985,46.94194],[4.74041,46.94264],[4.74079,46.94305],[4.74132,46.94333],[4.74294,46.94274]]],[[[4.74072,46.94305],[4.73975,46.94187],[4.73999,46.9418],[4.74003,46.94173],[4.73946,46.94122],[4.73906,46.94136],[4.73851,46.94144],[4.73676,46.94191],[4.73727,46.94237],[4.73838,46.94412],[4.73933,46.94381],[4.73945,46.94396],[4.74126,46.94335],[4.74072,46.94305]]],[[[4.73956,46.93183],[4.73895,46.93186],[4.73752,46.93205],[4.73667,46.93228],[4.73556,46.93281],[4.73489,46.93324],[4.73449,46.93365],[4.73368,46.93399],[4.7341,46.93472],[4.73458,46.93603],[4.73565,46.93563],[4.73753,46.9348],[4.73835,46.93437],[4.73861,46.93417],[4.73914,46.93363],[4.74007,46.93189],[4.73956,46.93183]]],[[[4.73782,46.9307],[4.73711,46.92972],[4.73505,46.93053],[4.73448,46.93091],[4.73278,46.93162],[4.73314,46.93226],[4.73315,46.93312],[4.73365,46.93394],[4.73452,46.93358],[4.73467,46.93332],[4.73572,46.93265],[4.73632,46.93236],[4.73716,46.93209],[4.73907,46.9318],[4.73919,46.93171],[4.73825,46.93107],[4.73782,46.9307]]],[[[4.73941,46.94118],[4.73771,46.94035],[4.73677,46.93944],[4.73625,46.93976],[4.73641,46.93993],[4.73626,46.94],[4.73611,46.93985],[4.736,46.93996],[4.73614,46.94022],[4.73605,46.94025],[4.73611,46.94036],[4.73592,46.94042],[4.736,46.94061],[4.73581,46.94067],[4.73585,46.94082],[4.73671,46.94186],[4.73848,46.9414],[4.73911,46.9413],[4.73941,46.94118]]],[[[4.73839,46.93452],[4.73585,46.93565],[4.73471,46.9361],[4.73468,46.93615],[4.73478,46.93651],[4.73516,46.93639],[4.7354,46.93672],[4.73653,46.93629],[4.7368,46.93667],[4.73627,46.93681],[4.73655,46.93697],[4.73622,46.93707],[4.7364,46.93729],[4.73598,46.93746],[4.73593,46.9374],[4.7354,46.93766],[4.73572,46.93807],[4.7365,46.93859],[4.73675,46.93872],[4.73698,46.93876],[4.73724,46.93875],[4.7374,46.93868],[4.73791,46.93789],[4.73813,46.93782],[4.73816,46.93755],[4.73805,46.93759],[4.73818,46.93727],[4.73846,46.93454],[4.73839,46.93452]]],[[[4.7384,46.94433],[4.7372,46.9424],[4.73667,46.94194],[4.73528,46.94226],[4.73521,46.94246],[4.73563,46.94287],[4.73567,46.94306],[4.73586,46.94333],[4.73591,46.94372],[4.73629,46.9443],[4.73653,46.94423],[4.73698,46.94463],[4.73698,46.94472],[4.7384,46.94433]]],[[[4.73722,46.92962],[4.73627,46.92829],[4.73638,46.92824],[4.73572,46.92751],[4.73422,46.92828],[4.73331,46.9286],[4.73328,46.92873],[4.73289,46.92896],[4.73128,46.92976],[4.73103,46.93005],[4.73144,46.9305],[4.73234,46.93112],[4.73274,46.93158],[4.73424,46.93097],[4.735,46.93051],[4.73722,46.92962]]],[[[4.73665,46.93875],[4.73563,46.93815],[4.73449,46.93817],[4.73371,46.93811],[4.73333,46.93815],[4.73378,46.93873],[4.73429,46.93864],[4.73454,46.9392],[4.7344,46.93926],[4.73455,46.93937],[4.73495,46.93922],[4.73501,46.93929],[4.73464,46.93943],[4.73537,46.93992],[4.73582,46.93976],[4.73587,46.93983],[4.73673,46.93923],[4.73685,46.93908],[4.73683,46.93895],[4.73665,46.93875]]],[[[4.73658,46.94187],[4.73584,46.94098],[4.73499,46.94148],[4.73463,46.94208],[4.73468,46.94226],[4.73562,46.94214],[4.73658,46.94187]]],[[[4.73552,46.93692],[4.7354,46.93678],[4.73504,46.9369],[4.73498,46.93697],[4.73513,46.93732],[4.73524,46.9373],[4.73534,46.93743],[4.73525,46.93746],[4.73534,46.93756],[4.73589,46.93735],[4.7358,46.93734],[4.73546,46.93695],[4.73552,46.93692]]],[[[4.7358,46.94334],[4.73546,46.94273],[4.73519,46.94255],[4.73475,46.94276],[4.73481,46.94301],[4.73523,46.94301],[4.73529,46.94309],[4.73521,46.94312],[4.73534,46.94327],[4.73554,46.94327],[4.73564,46.94337],[4.73575,46.94337],[4.7358,46.94334]]],[[[4.73494,46.93728],[4.73431,46.93764],[4.73416,46.93779],[4.73383,46.93798],[4.73387,46.93802],[4.7345,46.93807],[4.73559,46.93804],[4.73503,46.9373],[4.73494,46.93728]]],[[[4.73561,46.94518],[4.73571,46.94511],[4.73536,46.94503],[4.73525,46.94515],[4.73462,46.94509],[4.73485,46.94491],[4.73433,46.94484],[4.73407,46.94487],[4.73424,46.9451],[4.73378,46.94503],[4.73317,46.9451],[4.73388,46.94594],[4.73532,46.94586],[4.73578,46.94535],[4.73561,46.94518]]],[[[4.73481,46.94018],[4.73392,46.94041],[4.7327,46.94057],[4.73149,46.94094],[4.731,46.94048],[4.72978,46.94087],[4.72915,46.941],[4.72909,46.94107],[4.72934,46.94166],[4.72997,46.94266],[4.72986,46.94269],[4.72898,46.941],[4.72906,46.94094],[4.72902,46.94055],[4.72864,46.93962],[4.72792,46.93983],[4.72779,46.9401],[4.7273,46.94021],[4.72671,46.94025],[4.72664,46.94041],[4.7271,46.94142],[4.72712,46.9416],[4.72698,46.94162],[4.72669,46.94218],[4.72658,46.94218],[4.72638,46.94263],[4.7264,46.94354],[4.72703,46.94385],[4.72832,46.94361],[4.72915,46.94334],[4.72931,46.94354],[4.73037,46.94335],[4.73079,46.94389],[4.73117,46.94373],[4.73166,46.94414],[4.73289,46.94341],[4.73396,46.94267],[4.73392,46.94261],[4.73442,46.94201],[4.73451,46.94169],[4.73547,46.94015],[4.73532,46.93997],[4.73481,46.94018]]],[[[4.73493,46.93709],[4.73456,46.93614],[4.73251,46.9368],[4.73317,46.93774],[4.73352,46.93774],[4.73372,46.93799],[4.73419,46.93768],[4.73393,46.9375],[4.73404,46.93743],[4.73425,46.93761],[4.7349,46.93722],[4.73493,46.93709]]],[[[4.73501,46.93978],[4.73375,46.93886],[4.73337,46.93842],[4.733,46.93851],[4.73284,46.93835],[4.73319,46.9382],[4.73291,46.93802],[4.73248,46.93786],[4.73194,46.93802],[4.73206,46.93817],[4.73146,46.93843],[4.73244,46.93938],[4.73315,46.93912],[4.73336,46.93945],[4.73263,46.93965],[4.73307,46.94049],[4.73396,46.94036],[4.73499,46.94008],[4.73489,46.93996],[4.73501,46.93991],[4.73487,46.93983],[4.73501,46.93978]]],[[[4.73453,46.93605],[4.73405,46.93472],[4.73362,46.934],[4.73277,46.9344],[4.73125,46.93501],[4.73136,46.93513],[4.73126,46.93518],[4.73137,46.93528],[4.73109,46.93539],[4.73218,46.93633],[4.73235,46.93627],[4.73265,46.93665],[4.73453,46.93605]]],[[[4.73465,46.94256],[4.7342,46.94272],[4.7336,46.94324],[4.73364,46.94327],[4.73384,46.94324],[4.73392,46.9433],[4.73407,46.943],[4.73426,46.94289],[4.73439,46.94299],[4.73462,46.94294],[4.73472,46.94286],[4.73465,46.94256]]],[[[4.73361,46.93396],[4.73308,46.93316],[4.73311,46.93238],[4.73303,46.93212],[4.73293,46.93191],[4.73268,46.93167],[4.73211,46.93199],[4.7316,46.9324],[4.7314,46.93239],[4.73117,46.93248],[4.72865,46.93393],[4.72886,46.93419],[4.72927,46.93446],[4.72989,46.9347],[4.73021,46.93453],[4.73037,46.93465],[4.7301,46.9348],[4.73088,46.93511],[4.73266,46.93441],[4.73361,46.93396]]],[[[4.7333,46.92828],[4.73238,46.92712],[4.73225,46.92716],[4.73251,46.92755],[4.73154,46.92791],[4.73059,46.92669],[4.72877,46.92744],[4.72966,46.92858],[4.73087,46.92988],[4.73288,46.92888],[4.73315,46.92869],[4.7333,46.92828]]],[[[4.733,46.94048],[4.7323,46.93929],[4.73145,46.93848],[4.73117,46.9386],[4.73132,46.93886],[4.73056,46.93912],[4.7304,46.93886],[4.72996,46.93893],[4.73,46.93897],[4.72978,46.939],[4.72982,46.93905],[4.72945,46.93914],[4.7294,46.93901],[4.72919,46.93906],[4.72911,46.93889],[4.72866,46.93899],[4.72869,46.93956],[4.72904,46.94034],[4.72917,46.94095],[4.72976,46.94084],[4.73107,46.94043],[4.73154,46.94086],[4.733,46.94048]]],[[[4.73243,46.93127],[4.73144,46.93056],[4.73107,46.93019],[4.72908,46.93125],[4.72846,46.93202],[4.72728,46.9327],[4.72729,46.93286],[4.72759,46.93315],[4.72808,46.93346],[4.7286,46.93317],[4.72895,46.9337],[4.73119,46.93241],[4.7314,46.93231],[4.73153,46.93236],[4.73163,46.93233],[4.73212,46.93193],[4.73269,46.93162],[4.73243,46.93127]]],[[[4.73157,46.92396],[4.73197,46.92362],[4.73109,46.92303],[4.73073,46.92265],[4.73022,46.92297],[4.72816,46.92129],[4.72807,46.9212],[4.72812,46.92117],[4.72706,46.9203],[4.72539,46.92134],[4.72464,46.92174],[4.72464,46.92196],[4.72522,46.92294],[4.72531,46.92399],[4.72731,46.92596],[4.72811,46.92662],[4.72873,46.9274],[4.73163,46.92616],[4.73136,46.92582],[4.73089,46.9254],[4.7308,46.92545],[4.73048,46.92519],[4.73094,46.9249],[4.73215,46.92394],[4.73203,46.92387],[4.73179,46.92409],[4.73157,46.92396]]],[[[4.73199,46.93629],[4.73162,46.93598],[4.73133,46.93609],[4.73141,46.93604],[4.73131,46.93594],[4.73147,46.93586],[4.73135,46.93577],[4.73116,46.93587],[4.73098,46.93571],[4.73116,46.93562],[4.73072,46.93521],[4.72981,46.93476],[4.72936,46.9346],[4.72888,46.93478],[4.72898,46.93487],[4.72883,46.93495],[4.72889,46.93502],[4.7285,46.9352],[4.72834,46.93503],[4.72779,46.93528],[4.72837,46.93565],[4.72869,46.93551],[4.72895,46.93565],[4.72944,46.93599],[4.72967,46.93632],[4.72969,46.93647],[4.72994,46.93672],[4.72993,46.93681],[4.72932,46.93594],[4.72868,46.93552],[4.7283,46.9357],[4.72823,46.93568],[4.72777,46.93528],[4.72717,46.93555],[4.72737,46.93573],[4.72724,46.9358],[4.72733,46.93587],[4.72751,46.93579],[4.72755,46.93583],[4.72734,46.93592],[4.72739,46.93596],[4.72771,46.93584],[4.72778,46.93592],[4.72762,46.936],[4.72777,46.93612],[4.72791,46.93611],[4.72803,46.93628],[4.72821,46.93619],[4.72858,46.93657],[4.72869,46.93653],[4.72874,46.93658],[4.72894,46.93651],[4.72917,46.93676],[4.72931,46.93671],[4.72942,46.93684],[4.72952,46.9368],[4.72965,46.93692],[4.72959,46.93697],[4.72967,46.93706],[4.73004,46.93694],[4.73016,46.93728],[4.72977,46.93741],[4.72996,46.93767],[4.73017,46.93761],[4.73031,46.93779],[4.73031,46.93772],[4.73047,46.93766],[4.7315,46.93738],[4.73139,46.93708],[4.73178,46.937],[4.73171,46.93685],[4.73221,46.93673],[4.73199,46.93629]]],[[[4.73215,46.93789],[4.73192,46.93747],[4.73199,46.93745],[4.73174,46.93702],[4.7314,46.9371],[4.73152,46.93739],[4.73133,46.93744],[4.73168,46.93804],[4.73215,46.93789]]],[[[4.73132,46.93744],[4.73088,46.93756],[4.73092,46.93763],[4.73083,46.93765],[4.7309,46.93768],[4.73089,46.93777],[4.73103,46.93784],[4.73105,46.9379],[4.73095,46.93791],[4.73098,46.93801],[4.73119,46.93798],[4.73121,46.93806],[4.73144,46.93797],[4.73139,46.93789],[4.73154,46.93783],[4.73132,46.93744]]],[[[4.73094,46.93005],[4.72986,46.92891],[4.72868,46.92748],[4.7259,46.92867],[4.72609,46.92889],[4.72563,46.92911],[4.72581,46.92927],[4.72518,46.92953],[4.72515,46.93011],[4.72538,46.93054],[4.72556,46.93044],[4.72573,46.93057],[4.7255,46.93069],[4.72593,46.93167],[4.72657,46.93237],[4.72713,46.93275],[4.72826,46.93207],[4.72894,46.93124],[4.73083,46.93024],[4.73094,46.93005]]],[[[4.72921,46.93453],[4.72816,46.93364],[4.72786,46.93345],[4.7267,46.93392],[4.72549,46.93428],[4.7256,46.93448],[4.72543,46.9345],[4.7261,46.9355],[4.72657,46.93572],[4.72915,46.9346],[4.72921,46.93453]]],[[[4.72815,46.92674],[4.72712,46.92586],[4.72525,46.92403],[4.72326,46.92522],[4.72353,46.92553],[4.72343,46.92557],[4.72363,46.92577],[4.72343,46.92586],[4.72375,46.92645],[4.72379,46.92708],[4.72409,46.92761],[4.72556,46.92868],[4.72675,46.92818],[4.72683,46.92821],[4.72734,46.92803],[4.72868,46.92742],[4.72815,46.92674]]],[[[4.7284,46.93738],[4.72824,46.93734],[4.72805,46.93715],[4.72787,46.93722],[4.72776,46.93723],[4.72772,46.93717],[4.72728,46.93731],[4.72743,46.93766],[4.72796,46.93827],[4.72857,46.93808],[4.72833,46.93773],[4.72882,46.93758],[4.7286,46.9373],[4.7284,46.93738]]],[[[4.72858,46.93892],[4.72823,46.93872],[4.72799,46.93868],[4.72779,46.93814],[4.72737,46.93762],[4.72714,46.93768],[4.72633,46.93685],[4.72744,46.93632],[4.72685,46.93605],[4.72643,46.93575],[4.72611,46.93588],[4.72608,46.93582],[4.72561,46.93596],[4.72509,46.93602],[4.72518,46.93653],[4.72527,46.93653],[4.72529,46.93661],[4.72521,46.93662],[4.72529,46.93696],[4.72584,46.9385],[4.726,46.93874],[4.72615,46.93872],[4.72642,46.93892],[4.7268,46.93973],[4.72686,46.93993],[4.72672,46.94019],[4.72729,46.94015],[4.7277,46.94005],[4.72774,46.93983],[4.72857,46.93955],[4.72858,46.93892]]],[[[4.7273,46.93659],[4.72777,46.93709],[4.72804,46.937],[4.72741,46.93642],[4.7273,46.93659]]],[[[4.72771,46.93341],[4.72607,46.93205],[4.72564,46.93144],[4.72532,46.93065],[4.72488,46.93087],[4.72429,46.93099],[4.72403,46.9311],[4.72402,46.93131],[4.72437,46.93197],[4.7244,46.9324],[4.72524,46.93324],[4.72527,46.93348],[4.72518,46.93363],[4.72525,46.93362],[4.72535,46.93391],[4.72546,46.93388],[4.72563,46.93418],[4.72667,46.93387],[4.72771,46.93341]]],[[[4.72703,46.94146],[4.72659,46.94045],[4.72659,46.94029],[4.72637,46.94028],[4.72589,46.94038],[4.72557,46.94051],[4.72585,46.94111],[4.7246,46.94139],[4.72459,46.94147],[4.72441,46.94154],[4.72402,46.94202],[4.72351,46.94246],[4.72344,46.94281],[4.72313,46.94321],[4.72308,46.94348],[4.72335,46.94419],[4.7242,46.94405],[4.72428,46.94406],[4.72434,46.94417],[4.72472,46.94417],[4.7247,46.94404],[4.72599,46.94384],[4.72591,46.94372],[4.72584,46.94374],[4.72573,46.94335],[4.72552,46.94339],[4.72547,46.94326],[4.72554,46.94336],[4.72576,46.94333],[4.72583,46.94353],[4.72631,46.94347],[4.72628,46.94254],[4.72672,46.94184],[4.72662,46.94168],[4.72689,46.94161],[4.72703,46.94146]]],[[[4.72627,46.93892],[4.72589,46.93874],[4.7251,46.93678],[4.72502,46.93632],[4.72454,46.93635],[4.72444,46.93567],[4.7243,46.93541],[4.72402,46.93533],[4.72289,46.9357],[4.7222,46.93673],[4.72174,46.93727],[4.72174,46.93757],[4.72254,46.93869],[4.72369,46.93859],[4.72366,46.93848],[4.72393,46.93848],[4.72415,46.939],[4.72437,46.93921],[4.72476,46.93994],[4.72501,46.93988],[4.72527,46.94029],[4.72565,46.94027],[4.72565,46.94036],[4.72574,46.94037],[4.72646,46.94022],[4.72642,46.94013],[4.72667,46.94012],[4.72677,46.93996],[4.72627,46.93892]]],[[[4.72593,46.92088],[4.72344,46.91954],[4.72327,46.91928],[4.72273,46.91943],[4.72276,46.91996],[4.72293,46.92023],[4.72447,46.9217],[4.72506,46.92143],[4.72593,46.92088]]],[[[4.72472,46.92234],[4.72422,46.92156],[4.7227,46.92009],[4.72115,46.92122],[4.72212,46.92195],[4.72265,46.92204],[4.7232,46.92237],[4.72354,46.92247],[4.72424,46.92284],[4.72451,46.92305],[4.7248,46.92351],[4.72495,46.92359],[4.7251,46.92354],[4.72513,46.92314],[4.72472,46.92234]]],[[[4.72503,46.92868],[4.72438,46.92831],[4.72491,46.92938],[4.72521,46.92931],[4.72524,46.92911],[4.72503,46.92868]]],[[[4.72527,46.93061],[4.72451,46.92876],[4.72396,46.92825],[4.72331,46.92782],[4.72152,46.92697],[4.72055,46.92614],[4.71857,46.92689],[4.71873,46.92702],[4.7191,46.92741],[4.71933,46.92767],[4.71956,46.92757],[4.7211,46.92874],[4.72132,46.92897],[4.72139,46.92894],[4.72208,46.92939],[4.72241,46.92969],[4.72278,46.93006],[4.72291,46.93022],[4.72307,46.93045],[4.72355,46.93086],[4.72345,46.93109],[4.72391,46.9311],[4.72424,46.93096],[4.72483,46.93085],[4.72527,46.93061]]],[[[4.72431,46.92291],[4.72343,46.92245],[4.72307,46.92234],[4.72271,46.92209],[4.72208,46.92195],[4.72123,46.92133],[4.7202,46.92164],[4.72029,46.92176],[4.72045,46.92203],[4.72075,46.92229],[4.72171,46.92339],[4.72196,46.92381],[4.72204,46.92382],[4.72209,46.92391],[4.72196,46.92396],[4.7219,46.9242],[4.72196,46.92432],[4.7226,46.92416],[4.72279,46.92436],[4.72298,46.9248],[4.72344,46.92495],[4.72456,46.92427],[4.72484,46.92391],[4.7249,46.92376],[4.72482,46.92356],[4.72431,46.92291]]],[[[4.7251,46.93323],[4.72433,46.93245],[4.72425,46.93188],[4.72386,46.93115],[4.72325,46.9311],[4.72248,46.93119],[4.72234,46.93114],[4.7222,46.93105],[4.72234,46.93105],[4.72231,46.93093],[4.72202,46.93044],[4.72185,46.93026],[4.7214,46.93001],[4.7212,46.92982],[4.71987,46.93027],[4.71982,46.93033],[4.72085,46.93153],[4.72099,46.93204],[4.72117,46.93198],[4.72118,46.93218],[4.72095,46.93221],[4.72099,46.9323],[4.72127,46.93224],[4.72131,46.93239],[4.72143,46.93243],[4.72118,46.93248],[4.72122,46.93256],[4.72135,46.93255],[4.72139,46.93265],[4.72147,46.93264],[4.72144,46.93279],[4.72149,46.93278],[4.72158,46.93289],[4.7215,46.93291],[4.72176,46.93317],[4.72188,46.93351],[4.72219,46.93388],[4.72217,46.93394],[4.72191,46.934],[4.72209,46.93432],[4.72237,46.93519],[4.7228,46.9356],[4.7233,46.93554],[4.72392,46.93533],[4.72381,46.93521],[4.7237,46.93525],[4.72328,46.93472],[4.7233,46.93464],[4.72371,46.93443],[4.7236,46.93431],[4.72371,46.93425],[4.72382,46.93429],[4.72396,46.93422],[4.7242,46.93436],[4.72449,46.93432],[4.72433,46.93402],[4.72502,46.93378],[4.72515,46.9334],[4.7251,46.93323]]],[[[4.72356,46.92667],[4.72366,46.92656],[4.72342,46.92611],[4.72253,46.9255],[4.72089,46.92629],[4.72146,46.92682],[4.72175,46.92699],[4.72331,46.92771],[4.72339,46.92767],[4.72325,46.92746],[4.72371,46.92727],[4.72356,46.92667]]],[[[4.72288,46.92484],[4.72266,46.9249],[4.723,46.92535],[4.72342,46.92501],[4.72288,46.92484]]],[[[4.7231,46.93053],[4.72278,46.93008],[4.72207,46.9294],[4.72139,46.92895],[4.72131,46.92899],[4.71956,46.92758],[4.71932,46.92768],[4.71856,46.9269],[4.71835,46.92699],[4.71752,46.9269],[4.71705,46.92663],[4.71615,46.92673],[4.71536,46.92669],[4.71408,46.92611],[4.71366,46.92609],[4.7134,46.92617],[4.71491,46.92782],[4.71521,46.92798],[4.71527,46.92813],[4.71545,46.92814],[4.71648,46.92875],[4.71673,46.9286],[4.71643,46.92813],[4.71651,46.92809],[4.71662,46.92812],[4.71677,46.92807],[4.71689,46.92812],[4.71708,46.92805],[4.71725,46.92826],[4.7177,46.9282],[4.71829,46.92838],[4.71888,46.92829],[4.71909,46.92833],[4.71975,46.92864],[4.71954,46.92871],[4.7198,46.92896],[4.71905,46.92919],[4.71909,46.92923],[4.71915,46.9292],[4.71926,46.92937],[4.71937,46.92938],[4.71955,46.9298],[4.71998,46.93013],[4.72147,46.92963],[4.72154,46.92977],[4.72203,46.92986],[4.72223,46.93],[4.72242,46.9304],[4.7224,46.93068],[4.72253,46.93114],[4.72346,46.93096],[4.72349,46.93086],[4.7231,46.93053]]],[[[4.72289,46.94268],[4.72281,46.94264],[4.72238,46.94276],[4.72185,46.94164],[4.71896,46.94204],[4.71871,46.94234],[4.71917,46.94267],[4.72088,46.94362],[4.72115,46.94344],[4.72201,46.9436],[4.72301,46.94342],[4.72343,46.9427],[4.72341,46.94256],[4.72289,46.94268]]],[[[4.7223,46.92485],[4.72209,46.92472],[4.72189,46.92432],[4.72173,46.92425],[4.72181,46.92422],[4.72195,46.9238],[4.7217,46.9234],[4.72044,46.92204],[4.72019,46.92163],[4.72123,46.92133],[4.71979,46.92051],[4.71923,46.92008],[4.71851,46.91979],[4.71781,46.92055],[4.71785,46.92057],[4.71694,46.92175],[4.71758,46.92238],[4.7177,46.92303],[4.71797,46.92345],[4.71954,46.92499],[4.72008,46.92566],[4.72082,46.92624],[4.72256,46.92542],[4.7223,46.92485]],[[4.72076,46.92446],[4.72073,46.92441],[4.72098,46.92427],[4.72122,46.92451],[4.72079,46.92468],[4.72062,46.92454],[4.72076,46.92446]]],[[[4.7223,46.93518],[4.72217,46.93489],[4.722,46.93498],[4.72169,46.935],[4.7217,46.93488],[4.72129,46.93479],[4.72129,46.93485],[4.72101,46.93488],[4.721,46.93495],[4.72036,46.93493],[4.72026,46.935],[4.72031,46.93493],[4.7201,46.93492],[4.72029,46.93432],[4.71976,46.9343],[4.7197,46.93466],[4.71979,46.9349],[4.71938,46.93484],[4.71915,46.93524],[4.71913,46.93543],[4.7192,46.9355],[4.71874,46.93552],[4.71887,46.93563],[4.71939,46.93578],[4.71961,46.93593],[4.71954,46.93613],[4.71922,46.93627],[4.71928,46.93637],[4.72019,46.93673],[4.72043,46.93677],[4.72058,46.93674],[4.72052,46.93661],[4.72096,46.93648],[4.72109,46.93682],[4.72127,46.93699],[4.72163,46.93688],[4.72155,46.93677],[4.72201,46.93669],[4.7221,46.93672],[4.72227,46.93648],[4.72227,46.9362],[4.72243,46.93621],[4.72239,46.93594],[4.72255,46.93591],[4.72264,46.93557],[4.7223,46.93518]]],[[[4.72001,46.94015],[4.71985,46.9396],[4.71949,46.93961],[4.71917,46.93977],[4.71868,46.93984],[4.71827,46.94001],[4.71929,46.94197],[4.72104,46.94173],[4.72134,46.94163],[4.7201,46.94054],[4.72011,46.94023],[4.72001,46.94015]]],[[[4.72043,46.93132],[4.71968,46.93049],[4.71956,46.93056],[4.71942,46.9305],[4.71949,46.93046],[4.71916,46.93038],[4.71917,46.93045],[4.71872,46.93077],[4.71859,46.93143],[4.71845,46.93142],[4.71845,46.93146],[4.71853,46.93159],[4.71861,46.93155],[4.71853,46.93172],[4.71862,46.9318],[4.71955,46.93215],[4.71985,46.93216],[4.72018,46.93232],[4.72046,46.93212],[4.72071,46.93181],[4.72043,46.93132]]],[[[4.72003,46.92577],[4.71945,46.92507],[4.71794,46.92356],[4.71765,46.92317],[4.71725,46.92224],[4.7166,46.92165],[4.71551,46.92267],[4.71465,46.92325],[4.71458,46.92329],[4.71453,46.92325],[4.71285,46.92414],[4.7128,46.92411],[4.71264,46.92419],[4.71259,46.9243],[4.71221,46.92447],[4.71131,46.92506],[4.71038,46.9255],[4.7097,46.92569],[4.71023,46.92614],[4.71061,46.92618],[4.71104,46.92637],[4.71198,46.92642],[4.71366,46.92606],[4.7141,46.92609],[4.7154,46.92667],[4.71582,46.92671],[4.71703,46.9266],[4.71731,46.9267],[4.71752,46.92686],[4.71823,46.92695],[4.71849,46.92686],[4.71811,46.92621],[4.71752,46.92563],[4.71694,46.92481],[4.71673,46.92465],[4.7166,46.9245],[4.71694,46.92481],[4.71754,46.92563],[4.71812,46.92621],[4.7185,46.92686],[4.71882,46.92678],[4.72051,46.92612],[4.72003,46.92577]]],[[[4.71755,46.92921],[4.71702,46.92954],[4.71768,46.93],[4.71786,46.92981],[4.71757,46.9295],[4.71765,46.92942],[4.71755,46.92938],[4.71765,46.92932],[4.71755,46.92921]]]]}},{"type":"Feature","properties":{"id":"appellation-pommard","kind":"appellation","level":"village","name":"Pommard","full":"Pommard","app":"Pommard","region":"cote-de-beaune","communes":["Pommard"],"area_ha":336.12,"elev":[232.9,276.6,376.1],"slope":6.1,"slope_pct":10.8,"aspect":144,"aspect_label":"SE","aspect_hist":[0.012,0.127,0.211,0.255,0.267,0.104,0.024,0.001],"village":null,"pc_area_ha":124.91,"n_climats":28,"white":false},"geometry":{"type":"MultiPolygon","coordinates":[[[[4.81215,47.01309],[4.81211,47.01317],[4.81294,47.01394],[4.81334,47.01374],[4.8137,47.01332],[4.81215,47.01309]]],[[[4.81301,47.01268],[4.81018,47.01052],[4.80787,47.00833],[4.80695,47.00765],[4.80508,47.00864],[4.80541,47.00906],[4.80664,47.01021],[4.80736,47.01114],[4.80798,47.01132],[4.80865,47.01178],[4.80887,47.01202],[4.80925,47.0121],[4.81123,47.0128],[4.81253,47.013],[4.81301,47.01268]]],[[[4.81196,47.01312],[4.81101,47.01291],[4.80896,47.01222],[4.80876,47.0124],[4.80749,47.01308],[4.80725,47.01339],[4.80767,47.01379],[4.80764,47.01393],[4.80645,47.01476],[4.80734,47.01502],[4.80828,47.01584],[4.81277,47.01382],[4.81196,47.01312]]],[[[4.80829,47.01205],[4.80768,47.01197],[4.80614,47.01202],[4.80508,47.01181],[4.80369,47.01167],[4.80149,47.01096],[4.80003,47.01187],[4.79973,47.01196],[4.79876,47.01198],[4.79793,47.01227],[4.79816,47.01241],[4.79811,47.01246],[4.79894,47.01292],[4.79948,47.01285],[4.80004,47.01316],[4.8012,47.01355],[4.80207,47.01374],[4.80349,47.01417],[4.80483,47.01427],[4.80518,47.01443],[4.80605,47.01462],[4.80631,47.01474],[4.80761,47.0139],[4.80757,47.01378],[4.80719,47.0134],[4.80749,47.013],[4.80881,47.01232],[4.8089,47.01221],[4.80829,47.01205]]],[[[4.80794,47.01134],[4.80733,47.01116],[4.80659,47.01022],[4.80535,47.00906],[4.80491,47.00856],[4.8045,47.00826],[4.8033,47.00883],[4.80279,47.00939],[4.8021,47.01041],[4.80171,47.01075],[4.80315,47.01118],[4.80364,47.01147],[4.80395,47.01153],[4.80626,47.01189],[4.80785,47.01184],[4.80873,47.01199],[4.80872,47.01189],[4.80794,47.01134]]],[[[4.80861,47.01619],[4.80746,47.01515],[4.80673,47.01489],[4.80665,47.01493],[4.80627,47.01541],[4.80631,47.01564],[4.80619,47.01591],[4.80705,47.01621],[4.80741,47.01639],[4.80752,47.01654],[4.80769,47.01662],[4.80801,47.0164],[4.80861,47.01619]]],[[[4.80688,47.00761],[4.80441,47.00558],[4.80377,47.00578],[4.80272,47.00591],[4.80096,47.00624],[4.79974,47.00699],[4.79854,47.00748],[4.79882,47.00776],[4.79855,47.00783],[4.79864,47.00784],[4.79894,47.00815],[4.79819,47.00845],[4.79815,47.00841],[4.79807,47.0085],[4.79788,47.00855],[4.7977,47.0084],[4.79747,47.0085],[4.79822,47.00923],[4.79865,47.00955],[4.79902,47.00944],[4.79911,47.0092],[4.79905,47.0091],[4.79963,47.0087],[4.80027,47.00864],[4.80074,47.00885],[4.80092,47.00908],[4.8009,47.00923],[4.80063,47.00929],[4.80013,47.00957],[4.80017,47.00964],[4.7996,47.00981],[4.79948,47.00978],[4.79923,47.0095],[4.79886,47.00964],[4.79882,47.00971],[4.79909,47.00991],[4.79953,47.01003],[4.80038,47.01046],[4.80147,47.01087],[4.80191,47.0105],[4.80276,47.00932],[4.80326,47.0088],[4.80393,47.00843],[4.80446,47.00822],[4.80459,47.00824],[4.80497,47.00854],[4.80517,47.00853],[4.80688,47.00761]]],[[[4.80601,47.01466],[4.80528,47.0145],[4.80468,47.0143],[4.80362,47.01423],[4.8025,47.01395],[4.80218,47.01419],[4.80322,47.01487],[4.80373,47.01532],[4.80433,47.01565],[4.80497,47.01553],[4.80561,47.01564],[4.80612,47.01584],[4.80627,47.01564],[4.80619,47.01542],[4.80661,47.01492],[4.80601,47.01466]]],[[[4.80484,47.01558],[4.80461,47.01567],[4.8043,47.01569],[4.80367,47.01533],[4.80209,47.01421],[4.80239,47.01395],[4.80231,47.01389],[4.80104,47.01355],[4.8007,47.01338],[4.80005,47.01321],[4.79951,47.01289],[4.79888,47.01295],[4.79782,47.01237],[4.79752,47.01259],[4.79761,47.01288],[4.7973,47.01372],[4.79761,47.01408],[4.79776,47.01414],[4.79887,47.01436],[4.7991,47.01455],[4.79918,47.01478],[4.79993,47.01522],[4.80002,47.01534],[4.8,47.01551],[4.8002,47.01571],[4.80019,47.01584],[4.80067,47.01644],[4.80131,47.01707],[4.80156,47.01743],[4.80155,47.01755],[4.80183,47.01742],[4.80195,47.01727],[4.80188,47.01671],[4.80159,47.01637],[4.80173,47.01629],[4.80183,47.01633],[4.80192,47.01624],[4.80197,47.01628],[4.80179,47.0165],[4.80202,47.01685],[4.80195,47.01687],[4.802,47.01735],[4.80352,47.01657],[4.80312,47.01683],[4.80153,47.01762],[4.80139,47.01806],[4.80129,47.01817],[4.80174,47.0185],[4.80217,47.01845],[4.80347,47.01761],[4.80479,47.01712],[4.80531,47.01646],[4.80612,47.0159],[4.80556,47.01567],[4.80484,47.01558]]],[[[4.80436,47.00552],[4.80366,47.00492],[4.80273,47.0052],[4.80311,47.00582],[4.80374,47.00573],[4.80436,47.00552]]],[[[4.8033,47.00469],[4.80247,47.005],[4.80086,47.00582],[4.80111,47.0061],[4.80183,47.00596],[4.80204,47.00559],[4.8023,47.00539],[4.80281,47.00513],[4.80353,47.00492],[4.80359,47.00485],[4.8033,47.00469]]],[[[4.80199,47.00366],[4.80103,47.00352],[4.80012,47.00301],[4.79979,47.00291],[4.79844,47.0038],[4.79773,47.0045],[4.7973,47.00528],[4.79704,47.00615],[4.79748,47.00656],[4.7976,47.00649],[4.79776,47.00662],[4.79757,47.00673],[4.79766,47.0068],[4.79748,47.00695],[4.79765,47.00713],[4.79817,47.00692],[4.79869,47.00653],[4.80056,47.00589],[4.80246,47.00496],[4.80326,47.00465],[4.80328,47.00461],[4.80199,47.00366]]],[[[4.80191,47.00358],[4.80056,47.00222],[4.79982,47.00289],[4.80018,47.00301],[4.80101,47.00348],[4.80191,47.00358]]],[[[4.80122,47.0182],[4.80144,47.0178],[4.80148,47.01747],[4.80115,47.01698],[4.80065,47.01651],[4.80014,47.01587],[4.79991,47.01547],[4.7999,47.01527],[4.79918,47.01485],[4.79882,47.01442],[4.79837,47.01428],[4.79763,47.01415],[4.79726,47.0138],[4.79717,47.01403],[4.797,47.01405],[4.79694,47.01412],[4.79692,47.01446],[4.79705,47.0145],[4.79709,47.01513],[4.79779,47.01631],[4.79785,47.01656],[4.79762,47.01709],[4.79717,47.01757],[4.7978,47.01794],[4.79833,47.01837],[4.7984,47.01864],[4.79811,47.01991],[4.79746,47.02111],[4.79739,47.02108],[4.79724,47.02123],[4.79718,47.0214],[4.79763,47.02155],[4.79784,47.0215],[4.79851,47.02082],[4.79966,47.01983],[4.8014,47.01898],[4.80204,47.01855],[4.80171,47.01856],[4.80122,47.0182]]],[[[4.79904,47.00999],[4.79855,47.00965],[4.79751,47.00976],[4.79726,47.00985],[4.7978,47.01047],[4.79856,47.01191],[4.80127,47.01091],[4.79904,47.00999]]],[[[4.80111,47.01111],[4.79869,47.01195],[4.79961,47.01191],[4.79993,47.01184],[4.80111,47.01111]]],[[[4.80008,47.00179],[4.79931,47.00086],[4.7986,46.99983],[4.79766,47.0003],[4.79636,47.00067],[4.796,47.00083],[4.79505,47.00139],[4.7949,47.00172],[4.79696,47.00206],[4.79907,47.00259],[4.79972,47.00287],[4.8005,47.00218],[4.80008,47.00179]]],[[[4.79902,47.00262],[4.79821,47.00246],[4.79694,47.0021],[4.79391,47.00159],[4.7935,47.00186],[4.79216,47.00252],[4.79252,47.00291],[4.79302,47.00368],[4.79329,47.00434],[4.79372,47.00483],[4.79519,47.00501],[4.79564,47.00519],[4.7967,47.00489],[4.79716,47.0054],[4.79763,47.00445],[4.79838,47.00375],[4.79927,47.00323],[4.79967,47.00292],[4.79902,47.00262]]],[[[4.79861,47.00695],[4.79886,47.00725],[4.79907,47.00718],[4.79895,47.00685],[4.79881,47.00685],[4.79861,47.00695]]],[[[4.79794,47.00907],[4.79721,47.00941],[4.7974,47.00973],[4.79818,47.00967],[4.79846,47.00958],[4.79794,47.00907]]],[[[4.79849,47.0119],[4.7976,47.01026],[4.79675,47.00934],[4.79618,47.00961],[4.79615,47.00977],[4.79661,47.01022],[4.79638,47.01035],[4.79647,47.01043],[4.79621,47.01056],[4.79591,47.01052],[4.79644,47.01103],[4.79702,47.01172],[4.79718,47.01175],[4.79773,47.01223],[4.79849,47.0119]]],[[[4.79777,47.01796],[4.79712,47.01759],[4.79632,47.01841],[4.79573,47.01893],[4.79555,47.019],[4.79581,47.01925],[4.79554,47.01938],[4.79569,47.01963],[4.79592,47.01974],[4.79602,47.01971],[4.79618,47.01988],[4.79601,47.02025],[4.79581,47.02048],[4.79614,47.02063],[4.7963,47.02087],[4.79706,47.0214],[4.79744,47.02096],[4.79806,47.0199],[4.79807,47.01962],[4.79818,47.01945],[4.79834,47.01873],[4.7983,47.0184],[4.79777,47.01796]]],[[[4.79694,47.01268],[4.79624,47.01275],[4.79579,47.01281],[4.79608,47.01304],[4.79642,47.01282],[4.79694,47.01276],[4.79731,47.01264],[4.79777,47.01235],[4.79694,47.01268]]],[[[4.7973,47.0119],[4.79699,47.01175],[4.79627,47.01092],[4.79584,47.01052],[4.79568,47.01046],[4.79491,47.01088],[4.79486,47.01085],[4.79462,47.01089],[4.79458,47.01085],[4.79401,47.01115],[4.79485,47.01197],[4.79538,47.01261],[4.79571,47.01274],[4.797,47.01262],[4.79725,47.01252],[4.79768,47.01228],[4.7973,47.0119]]],[[[4.79779,47.01655],[4.7971,47.0153],[4.79666,47.01468],[4.79608,47.01487],[4.79559,47.01491],[4.79564,47.01575],[4.79513,47.01591],[4.79511,47.01596],[4.7952,47.01721],[4.79511,47.01805],[4.79499,47.01821],[4.79493,47.01822],[4.79493,47.01837],[4.7949,47.01823],[4.79509,47.01805],[4.79518,47.01722],[4.79509,47.01591],[4.79551,47.01574],[4.79557,47.01555],[4.79553,47.01483],[4.79498,47.0147],[4.79451,47.01498],[4.79403,47.01506],[4.79394,47.01517],[4.79352,47.01531],[4.79323,47.01556],[4.79329,47.01596],[4.79317,47.01659],[4.79339,47.01715],[4.79313,47.01659],[4.79323,47.01611],[4.79281,47.01646],[4.79234,47.01719],[4.7919,47.01766],[4.79049,47.01802],[4.78991,47.01823],[4.78788,47.01867],[4.78659,47.01893],[4.78619,47.01889],[4.7854,47.01908],[4.78484,47.01917],[4.78618,47.01888],[4.78659,47.01892],[4.78705,47.01883],[4.7899,47.01822],[4.79072,47.01792],[4.79188,47.0176],[4.79229,47.01717],[4.79266,47.01658],[4.79324,47.01602],[4.79305,47.01547],[4.79256,47.01528],[4.79265,47.01489],[4.79162,47.01562],[4.79107,47.01589],[4.79059,47.01624],[4.78937,47.01677],[4.78864,47.01733],[4.78717,47.01782],[4.78569,47.01816],[4.78479,47.01851],[4.78412,47.01901],[4.78381,47.01914],[4.78252,47.01964],[4.78136,47.01988],[4.78035,47.02029],[4.78099,47.02119],[4.78152,47.02093],[4.78201,47.02078],[4.78205,47.02085],[4.78235,47.02079],[4.78238,47.02084],[4.78262,47.02077],[4.78258,47.02071],[4.78271,47.02068],[4.7827,47.02062],[4.78286,47.02063],[4.78344,47.02049],[4.78348,47.02057],[4.78412,47.02047],[4.7841,47.02043],[4.78447,47.02034],[4.78443,47.02026],[4.78482,47.02018],[4.78486,47.02025],[4.78516,47.02019],[4.78574,47.02002],[4.78571,47.01994],[4.78588,47.01991],[4.78589,47.01995],[4.7861,47.01993],[4.78705,47.01975],[4.78851,47.01958],[4.78872,47.01951],[4.78876,47.01944],[4.78881,47.01965],[4.78906,47.01961],[4.78906,47.01954],[4.78934,47.01954],[4.78924,47.01938],[4.78943,47.01929],[4.78953,47.01927],[4.78958,47.01938],[4.78967,47.01935],[4.78965,47.01928],[4.79009,47.0192],[4.79016,47.01937],[4.79034,47.01936],[4.79027,47.01924],[4.79062,47.01917],[4.79058,47.01907],[4.79077,47.01905],[4.79087,47.01928],[4.79131,47.01918],[4.79123,47.01903],[4.79163,47.01893],[4.79165,47.01901],[4.79216,47.01888],[4.79219,47.01898],[4.79201,47.01901],[4.79205,47.01914],[4.793,47.01891],[4.79295,47.01881],[4.79255,47.0189],[4.79242,47.0187],[4.79291,47.01858],[4.79298,47.0187],[4.79318,47.01868],[4.79318,47.01861],[4.79392,47.0185],[4.79395,47.01857],[4.79351,47.01864],[4.79355,47.01884],[4.79441,47.01876],[4.79483,47.01879],[4.79493,47.01884],[4.7948,47.01901],[4.79487,47.01904],[4.79501,47.0189],[4.79514,47.01897],[4.7953,47.01888],[4.79539,47.01893],[4.79572,47.01881],[4.79608,47.01854],[4.79758,47.01706],[4.79779,47.01655]]],[[[4.79745,47.01258],[4.79712,47.01272],[4.79672,47.0128],[4.7965,47.01282],[4.79624,47.01294],[4.79613,47.01307],[4.79725,47.01369],[4.79745,47.01319],[4.79742,47.01305],[4.79755,47.01291],[4.79745,47.01258]]],[[[4.79671,47.00495],[4.79567,47.00521],[4.79427,47.00571],[4.7951,47.00672],[4.79582,47.00709],[4.79651,47.00671],[4.79689,47.00638],[4.79715,47.00543],[4.79671,47.00495]]],[[[4.7966,47.01335],[4.79628,47.01328],[4.79665,47.01389],[4.79682,47.01403],[4.7971,47.01398],[4.79719,47.0137],[4.7966,47.01335]]],[[[4.79634,47.01359],[4.79567,47.01429],[4.79558,47.01479],[4.79572,47.01483],[4.79618,47.01481],[4.79665,47.01465],[4.7966,47.01451],[4.79676,47.0145],[4.79634,47.01359]]],[[[4.79607,47.01316],[4.79496,47.01373],[4.79322,47.01447],[4.79284,47.01479],[4.79265,47.01506],[4.7926,47.01522],[4.79266,47.0153],[4.79306,47.01543],[4.79318,47.01554],[4.79351,47.01528],[4.79411,47.01497],[4.79466,47.01487],[4.79526,47.01439],[4.79538,47.01417],[4.79598,47.01391],[4.79629,47.01358],[4.79631,47.01349],[4.79607,47.01316]]],[[[4.796,47.00827],[4.79574,47.00837],[4.79549,47.00818],[4.79522,47.00835],[4.7955,47.00864],[4.79612,47.00844],[4.79612,47.00835],[4.796,47.00827]]],[[[4.79585,47.00788],[4.79541,47.00753],[4.79555,47.00743],[4.79553,47.00737],[4.79537,47.00722],[4.79459,47.00767],[4.79509,47.00795],[4.79462,47.00822],[4.7948,47.0084],[4.79533,47.00809],[4.79542,47.00813],[4.79585,47.00788]]],[[[4.79518,47.01273],[4.79278,47.01306],[4.7918,47.01355],[4.79097,47.01434],[4.79037,47.01479],[4.78876,47.01549],[4.78836,47.01577],[4.78751,47.01612],[4.78743,47.0163],[4.78728,47.01648],[4.7872,47.01651],[4.78706,47.01677],[4.78645,47.01692],[4.78642,47.0171],[4.78631,47.01715],[4.78626,47.01731],[4.78632,47.01758],[4.78586,47.01769],[4.78577,47.01808],[4.78731,47.01772],[4.7886,47.01726],[4.78926,47.01676],[4.79034,47.01628],[4.79159,47.01558],[4.79323,47.01439],[4.79596,47.01319],[4.79601,47.01311],[4.79561,47.01278],[4.79518,47.01273]]],[[[4.79505,47.00503],[4.79459,47.00501],[4.79356,47.00485],[4.79423,47.00568],[4.79561,47.00521],[4.79505,47.00503]]],[[[4.79501,47.01462],[4.79554,47.01479],[4.79564,47.01429],[4.79585,47.01406],[4.79551,47.01418],[4.79501,47.01462]]],[[[4.7951,47.00685],[4.79412,47.00575],[4.7932,47.00596],[4.79167,47.00621],[4.79193,47.00668],[4.79332,47.00826],[4.7949,47.00744],[4.79454,47.00715],[4.7951,47.00685]]],[[[4.79525,47.01264],[4.79439,47.01156],[4.79418,47.01163],[4.79413,47.0116],[4.79366,47.01188],[4.79359,47.01182],[4.79346,47.01189],[4.7935,47.01193],[4.79341,47.01202],[4.793,47.01229],[4.79275,47.0121],[4.79216,47.01278],[4.79266,47.01303],[4.79473,47.01278],[4.79525,47.01264]]],[[[4.79335,47.0083],[4.79358,47.00855],[4.79364,47.00852],[4.79376,47.00862],[4.79394,47.00852],[4.79388,47.00847],[4.79448,47.00819],[4.79419,47.0079],[4.79335,47.0083]]],[[[4.7937,47.00517],[4.79307,47.00475],[4.79029,47.00362],[4.78998,47.00339],[4.78873,47.00381],[4.78892,47.00401],[4.78825,47.00422],[4.78858,47.00462],[4.78886,47.00516],[4.7896,47.00614],[4.78986,47.00661],[4.79097,47.00709],[4.79153,47.00742],[4.79219,47.00764],[4.79262,47.00749],[4.79164,47.00637],[4.79158,47.00591],[4.79171,47.00574],[4.79167,47.00559],[4.79141,47.00536],[4.7909,47.00534],[4.79048,47.00481],[4.79054,47.00479],[4.79093,47.0053],[4.79146,47.00534],[4.79173,47.00559],[4.79176,47.00574],[4.79164,47.00618],[4.7932,47.00593],[4.7941,47.00572],[4.7937,47.00517]]],[[[4.79325,47.00437],[4.79305,47.00382],[4.79248,47.00295],[4.79208,47.00251],[4.79011,47.0033],[4.79032,47.00348],[4.79138,47.00391],[4.79189,47.00421],[4.79354,47.00481],[4.79357,47.00475],[4.79325,47.00437]]],[[[4.79336,47.00903],[4.79319,47.00908],[4.79324,47.00904],[4.79304,47.0088],[4.79248,47.00911],[4.79337,47.00954],[4.7937,47.00923],[4.79336,47.00903]]],[[[4.79245,47.00916],[4.79189,47.00956],[4.7917,47.00982],[4.79195,47.00995],[4.79228,47.01002],[4.79249,47.00976],[4.7929,47.00995],[4.79307,47.00974],[4.79281,47.0096],[4.79288,47.00953],[4.79297,47.00958],[4.7931,47.00945],[4.79245,47.00916]]],[[[4.79302,47.00874],[4.79222,47.00808],[4.7926,47.0079],[4.79146,47.00743],[4.79093,47.00712],[4.78997,47.00676],[4.78991,47.00683],[4.79049,47.00801],[4.79122,47.00854],[4.79182,47.00954],[4.7924,47.00909],[4.79229,47.00902],[4.79248,47.00892],[4.79256,47.00899],[4.79302,47.00874]]],[[[4.7923,47.01178],[4.79237,47.01172],[4.79214,47.01157],[4.79183,47.01179],[4.79146,47.01238],[4.79163,47.01265],[4.79182,47.01259],[4.79208,47.01275],[4.79266,47.01205],[4.7923,47.01178]]],[[[4.79214,47.01038],[4.79225,47.01023],[4.79208,47.01016],[4.79202,47.01022],[4.79189,47.01017],[4.79195,47.0101],[4.79145,47.00991],[4.79101,47.01031],[4.79091,47.01104],[4.79115,47.01182],[4.79138,47.01186],[4.79179,47.01132],[4.79229,47.01087],[4.79209,47.01077],[4.79239,47.01049],[4.79214,47.01038]]],[[[4.79168,47.01169],[4.79137,47.01205],[4.79154,47.01211],[4.79183,47.01171],[4.79227,47.01143],[4.79219,47.01137],[4.79168,47.01169]]],[[[4.79177,47.00956],[4.79112,47.00852],[4.79073,47.00828],[4.79041,47.00799],[4.78991,47.00689],[4.78972,47.0068],[4.78992,47.00671],[4.78837,47.00621],[4.78779,47.00573],[4.78717,47.00539],[4.78675,47.00549],[4.78803,47.00722],[4.78894,47.00816],[4.78981,47.00932],[4.79008,47.00954],[4.79162,47.00977],[4.79177,47.00956]]],[[[4.79051,47.00962],[4.79013,47.00963],[4.79018,47.0097],[4.79021,47.00997],[4.79057,47.01011],[4.79104,47.01017],[4.79149,47.00982],[4.79051,47.00962]]],[[[4.79056,47.01235],[4.78866,47.01314],[4.78824,47.01341],[4.78648,47.01367],[4.78485,47.01427],[4.78445,47.01429],[4.78353,47.01464],[4.78384,47.01516],[4.78396,47.01553],[4.78404,47.01551],[4.78435,47.01629],[4.78496,47.01613],[4.78608,47.01558],[4.78764,47.01505],[4.7893,47.01417],[4.78977,47.01375],[4.79056,47.0132],[4.79039,47.01314],[4.7905,47.01299],[4.79072,47.01306],[4.7908,47.01296],[4.79114,47.01229],[4.79081,47.01219],[4.79056,47.01235]]],[[[4.79107,47.01174],[4.79084,47.01091],[4.79089,47.01025],[4.79021,47.01003],[4.78935,47.01007],[4.78895,47.01014],[4.7886,47.01037],[4.78876,47.01054],[4.78834,47.01081],[4.78812,47.01134],[4.78736,47.01213],[4.78694,47.0123],[4.78642,47.0123],[4.78555,47.01244],[4.78497,47.01266],[4.78572,47.01334],[4.7858,47.01332],[4.78612,47.01375],[4.78658,47.01362],[4.78782,47.01343],[4.78832,47.01332],[4.78871,47.01308],[4.79033,47.01243],[4.79084,47.01211],[4.79107,47.01174]]],[[[4.79004,47.0096],[4.78748,47.00983],[4.78644,47.00985],[4.78442,47.01058],[4.78413,47.01055],[4.78412,47.0105],[4.78311,47.01023],[4.78146,47.01075],[4.78087,47.01088],[4.77868,47.01088],[4.77791,47.01065],[4.77807,47.01116],[4.77816,47.01124],[4.77875,47.01145],[4.77897,47.01181],[4.77903,47.01179],[4.77925,47.01235],[4.77916,47.01239],[4.77927,47.01247],[4.77952,47.01247],[4.77964,47.01258],[4.78039,47.01245],[4.78035,47.01238],[4.78094,47.01222],[4.78128,47.01202],[4.78194,47.01196],[4.78188,47.01168],[4.78197,47.01165],[4.7838,47.01149],[4.78446,47.01131],[4.78447,47.01136],[4.78459,47.01133],[4.78491,47.01192],[4.78504,47.01189],[4.7852,47.01234],[4.78535,47.01249],[4.78557,47.01242],[4.78646,47.01228],[4.78695,47.01227],[4.78728,47.01214],[4.78783,47.01159],[4.78824,47.01093],[4.78787,47.01067],[4.78798,47.01065],[4.78815,47.01079],[4.78859,47.01062],[4.78864,47.01058],[4.78845,47.0103],[4.78876,47.01021],[4.78891,47.01009],[4.79016,47.00999],[4.79015,47.0097],[4.79004,47.0096]]],[[[4.7897,47.00926],[4.78912,47.00853],[4.78797,47.00882],[4.7875,47.0084],[4.78676,47.00813],[4.78572,47.00759],[4.78538,47.00747],[4.78517,47.00753],[4.78544,47.00743],[4.78679,47.00811],[4.78716,47.00819],[4.78749,47.00835],[4.78796,47.00875],[4.7891,47.0085],[4.78842,47.00765],[4.78792,47.00716],[4.78651,47.00529],[4.78598,47.00486],[4.78352,47.00576],[4.78357,47.00583],[4.78316,47.00593],[4.78307,47.00586],[4.78262,47.00608],[4.78163,47.00639],[4.78214,47.00699],[4.78236,47.00764],[4.78209,47.00699],[4.78159,47.00643],[4.78044,47.00688],[4.78077,47.00735],[4.78099,47.00725],[4.78111,47.0074],[4.78074,47.00756],[4.78076,47.00764],[4.78121,47.00757],[4.78124,47.00764],[4.78085,47.00768],[4.78087,47.00796],[4.78103,47.00796],[4.781,47.0081],[4.78077,47.00833],[4.78091,47.00836],[4.78092,47.00841],[4.78023,47.00887],[4.77971,47.00909],[4.77918,47.00943],[4.77907,47.00926],[4.77882,47.00936],[4.77894,47.00948],[4.77818,47.00977],[4.77812,47.00963],[4.77798,47.00967],[4.77788,47.00957],[4.7777,47.00966],[4.77773,47.00971],[4.77727,47.0099],[4.77762,47.01014],[4.77786,47.01057],[4.77862,47.01083],[4.77971,47.01088],[4.78086,47.01085],[4.7832,47.01017],[4.78334,47.01016],[4.78337,47.01024],[4.78442,47.01052],[4.78548,47.0101],[4.7864,47.00982],[4.78782,47.00975],[4.78801,47.0097],[4.78724,47.00951],[4.78701,47.00944],[4.78674,47.00926],[4.78659,47.00923],[4.7867,47.00923],[4.78685,47.00929],[4.78702,47.00943],[4.78787,47.0096],[4.78806,47.00971],[4.78991,47.00955],[4.78997,47.00949],[4.7897,47.00926]]],[[[4.78975,47.00657],[4.78811,47.00407],[4.78664,47.00455],[4.78656,47.00443],[4.78597,47.00461],[4.7863,47.00506],[4.78672,47.00544],[4.78719,47.00535],[4.78777,47.00567],[4.78852,47.00622],[4.78975,47.00657]]],[[[4.78745,47.01617],[4.78476,47.0169],[4.78356,47.01712],[4.78095,47.01791],[4.77914,47.01838],[4.77626,47.01958],[4.77531,47.02031],[4.7751,47.02072],[4.77483,47.02181],[4.77464,47.02341],[4.77539,47.02336],[4.77538,47.02308],[4.77754,47.02308],[4.77786,47.02206],[4.77849,47.02126],[4.77875,47.02103],[4.77967,47.02053],[4.78134,47.01983],[4.78243,47.01959],[4.78375,47.0191],[4.78419,47.01887],[4.78464,47.01851],[4.78574,47.01808],[4.78584,47.01768],[4.78624,47.01759],[4.78623,47.01731],[4.78628,47.01714],[4.78639,47.01709],[4.78639,47.01692],[4.78698,47.01676],[4.78745,47.01617]]]]}},{"type":"Feature","properties":{"id":"appellation-aloxe-corton","kind":"appellation","level":"village","name":"Aloxe-Corton","full":"Aloxe-Corton","app":"Aloxe-Corton","region":"cote-de-beaune","communes":["Aloxe-Corton","Pernand-Vergelesses","Ladoix-Serrigny"],"area_ha":288.04,"elev":[217.1,265.8,362.5],"slope":6.1,"slope_pct":10.8,"aspect":154,"aspect_label":"SSE","aspect_hist":[0.009,0.028,0.109,0.489,0.162,0.111,0.069,0.024],"village":null,"pc_area_ha":198.49,"n_climats":14,"white":true},"geometry":{"type":"MultiPolygon","coordinates":[[[[4.87802,47.07527],[4.87761,47.07489],[4.87684,47.07454],[4.87597,47.07502],[4.87549,47.07522],[4.87535,47.07541],[4.87503,47.07559],[4.87436,47.07614],[4.87415,47.07653],[4.87397,47.07714],[4.87418,47.07784],[4.87411,47.07869],[4.87429,47.07899],[4.87462,47.07925],[4.87587,47.07867],[4.87624,47.07856],[4.87609,47.07847],[4.87691,47.07825],[4.87683,47.07802],[4.87742,47.07784],[4.87648,47.07646],[4.87695,47.07627],[4.87683,47.07617],[4.87806,47.07553],[4.87802,47.07527]]],[[[4.87679,47.0745],[4.87595,47.07343],[4.87538,47.07371],[4.87551,47.07383],[4.87526,47.07395],[4.87503,47.07378],[4.87456,47.07401],[4.87416,47.07399],[4.87351,47.07417],[4.87285,47.07455],[4.87405,47.07515],[4.87465,47.075],[4.87505,47.07519],[4.87534,47.07519],[4.87585,47.07501],[4.87679,47.0745]]],[[[4.87491,47.07264],[4.87498,47.0725],[4.87494,47.07247],[4.87483,47.07252],[4.87473,47.07243],[4.87484,47.07234],[4.8748,47.07231],[4.87494,47.07225],[4.87488,47.07198],[4.87469,47.07205],[4.87443,47.07189],[4.87387,47.0721],[4.87338,47.07136],[4.87248,47.07136],[4.87305,47.07186],[4.87325,47.07207],[4.87341,47.07227],[4.87245,47.07135],[4.87234,47.07135],[4.87113,47.07186],[4.86981,47.07229],[4.87112,47.07298],[4.87211,47.07362],[4.87236,47.07385],[4.87246,47.07409],[4.87281,47.07451],[4.8735,47.07413],[4.87415,47.07395],[4.87457,47.07396],[4.87581,47.07333],[4.87509,47.07264],[4.87498,47.0727],[4.87491,47.07264]]],[[[4.87408,47.07522],[4.87296,47.0747],[4.87278,47.07467],[4.87217,47.07502],[4.87145,47.07529],[4.87077,47.07582],[4.8707,47.07603],[4.87083,47.07629],[4.87114,47.07648],[4.87122,47.07661],[4.87081,47.07692],[4.87029,47.07721],[4.86998,47.07776],[4.86949,47.07915],[4.8699,47.07898],[4.87023,47.07966],[4.87011,47.0797],[4.87051,47.08004],[4.87019,47.08008],[4.87036,47.08066],[4.87011,47.08069],[4.87027,47.08146],[4.87206,47.08111],[4.87203,47.08074],[4.8721,47.08071],[4.87204,47.08063],[4.87315,47.08037],[4.87252,47.07953],[4.87289,47.07936],[4.87294,47.07927],[4.87283,47.07914],[4.87287,47.07908],[4.87283,47.07902],[4.87273,47.07907],[4.87265,47.07902],[4.87247,47.07881],[4.87287,47.07874],[4.87328,47.07889],[4.87341,47.0788],[4.87375,47.07919],[4.87412,47.07899],[4.87402,47.0787],[4.87403,47.07788],[4.87384,47.07705],[4.87427,47.07612],[4.8753,47.07532],[4.87463,47.07507],[4.87408,47.07522]]],[[[4.87407,47.07124],[4.8706,47.06772],[4.87005,47.06776],[4.86862,47.06774],[4.86762,47.06809],[4.86639,47.06837],[4.86586,47.06863],[4.86645,47.06911],[4.86649,47.06909],[4.86671,47.06917],[4.86771,47.06961],[4.86797,47.06967],[4.86819,47.06957],[4.86848,47.06946],[4.86946,47.07018],[4.8702,47.07021],[4.8704,47.07024],[4.87077,47.07035],[4.87102,47.07049],[4.8717,47.07066],[4.87236,47.0713],[4.87334,47.07133],[4.874,47.07127],[4.87407,47.07124]]],[[[4.87208,47.07369],[4.87108,47.07302],[4.87001,47.07249],[4.8695,47.07216],[4.86758,47.07071],[4.86708,47.07072],[4.86632,47.07054],[4.86474,47.06962],[4.86435,47.06959],[4.86346,47.07051],[4.86334,47.07066],[4.86339,47.07073],[4.86397,47.0712],[4.86524,47.07204],[4.86564,47.07243],[4.86589,47.07249],[4.866,47.07242],[4.86741,47.07336],[4.86808,47.07396],[4.86903,47.07467],[4.86935,47.0748],[4.86989,47.07527],[4.87042,47.07547],[4.87075,47.07568],[4.87086,47.07566],[4.8714,47.07525],[4.87209,47.07497],[4.87277,47.07457],[4.87208,47.07369]]],[[[4.87235,47.07131],[4.8717,47.07067],[4.87102,47.0705],[4.8704,47.07025],[4.86946,47.07019],[4.86848,47.06947],[4.86797,47.06968],[4.86772,47.06962],[4.86671,47.06918],[4.86645,47.06912],[4.86585,47.06863],[4.86456,47.06945],[4.86599,47.07022],[4.86631,47.07047],[4.86714,47.07066],[4.86762,47.07064],[4.86908,47.0718],[4.86971,47.07221],[4.87106,47.07183],[4.87235,47.07131]]],[[[4.8709,47.0764],[4.87064,47.07603],[4.87073,47.07574],[4.87011,47.0755],[4.86869,47.07449],[4.86707,47.07321],[4.86613,47.07259],[4.86561,47.07248],[4.86516,47.07206],[4.86392,47.07123],[4.86321,47.07069],[4.86337,47.07051],[4.86305,47.07035],[4.86254,47.06991],[4.86203,47.06963],[4.8619,47.06948],[4.86165,47.06909],[4.86046,47.06799],[4.86074,47.06781],[4.86021,47.06733],[4.85878,47.06798],[4.85921,47.06896],[4.85954,47.06948],[4.85933,47.06971],[4.85901,47.07049],[4.85943,47.07059],[4.86185,47.07162],[4.86213,47.0718],[4.86204,47.07197],[4.8613,47.07256],[4.86019,47.07277],[4.86093,47.07344],[4.86142,47.07357],[4.86189,47.07382],[4.86485,47.07569],[4.86503,47.07575],[4.86678,47.07702],[4.86804,47.07818],[4.8683,47.07855],[4.86888,47.07972],[4.86909,47.07973],[4.8694,47.07942],[4.86971,47.07828],[4.87025,47.07719],[4.87078,47.07691],[4.87112,47.07662],[4.8709,47.0764]]],[[[4.87052,47.06764],[4.86852,47.06565],[4.86583,47.06695],[4.86654,47.06724],[4.86762,47.06738],[4.86877,47.06767],[4.87009,47.0677],[4.87052,47.06764]]],[[[4.86851,47.06564],[4.86814,47.06526],[4.86771,47.06545],[4.86767,47.06541],[4.86756,47.06545],[4.86669,47.06447],[4.8637,47.06548],[4.86367,47.06557],[4.86468,47.06632],[4.86582,47.06694],[4.86851,47.06564]]],[[[4.86766,47.06745],[4.86638,47.06726],[4.86574,47.06697],[4.86404,47.06768],[4.86547,47.0688],[4.86591,47.06853],[4.86646,47.06828],[4.86749,47.06808],[4.86852,47.06773],[4.86766,47.06745]]],[[[4.86871,47.07939],[4.86807,47.07832],[4.86674,47.07703],[4.86506,47.07585],[4.86184,47.07385],[4.86143,47.07363],[4.86109,47.07354],[4.86121,47.07373],[4.86112,47.07379],[4.86098,47.07374],[4.86106,47.07369],[4.86092,47.07352],[4.86053,47.07378],[4.86073,47.07388],[4.86313,47.0758],[4.86349,47.07622],[4.8643,47.07685],[4.86668,47.07829],[4.86697,47.07863],[4.86691,47.0787],[4.86711,47.07917],[4.86768,47.07998],[4.86878,47.07975],[4.86871,47.07939]]],[[[4.86697,47.06408],[4.86523,47.06226],[4.8612,47.0639],[4.86122,47.064],[4.86107,47.06422],[4.86088,47.0643],[4.86109,47.06448],[4.86116,47.06429],[4.86149,47.06426],[4.86163,47.06441],[4.86148,47.06446],[4.86161,47.06462],[4.86211,47.0645],[4.86214,47.06455],[4.8627,47.06437],[4.86285,47.06454],[4.86286,47.06484],[4.86349,47.06469],[4.86306,47.06483],[4.86318,47.06503],[4.86369,47.06487],[4.86372,47.06493],[4.86428,47.06479],[4.86437,47.06495],[4.86552,47.0647],[4.86555,47.06474],[4.86697,47.06426],[4.86697,47.06408]]],[[[4.86493,47.06656],[4.86333,47.0654],[4.86282,47.06516],[4.86229,47.06517],[4.86187,47.06525],[4.86072,47.06566],[4.86081,47.06587],[4.86095,47.0659],[4.86086,47.06595],[4.86117,47.06624],[4.86103,47.06636],[4.86091,47.06629],[4.86081,47.06634],[4.86071,47.06664],[4.86164,47.06727],[4.86196,47.06757],[4.86305,47.06706],[4.86323,47.0672],[4.86334,47.06715],[4.86402,47.06768],[4.86572,47.06697],[4.86493,47.06656]]],[[[4.86553,47.06474],[4.86438,47.06497],[4.86362,47.06518],[4.86374,47.06534],[4.86553,47.06474]]],[[[4.86546,47.06881],[4.86334,47.06716],[4.86323,47.06721],[4.86305,47.06707],[4.862,47.06756],[4.86195,47.06764],[4.86384,47.06923],[4.86431,47.06954],[4.86546,47.06881]]],[[[4.86367,47.06063],[4.86173,47.05887],[4.86049,47.06337],[4.86089,47.06377],[4.86105,47.06373],[4.86114,47.06383],[4.8621,47.06344],[4.86192,47.06327],[4.86209,47.06321],[4.86208,47.06314],[4.8623,47.06335],[4.86516,47.06219],[4.86367,47.06063]]],[[[4.8642,47.06964],[4.86272,47.06839],[4.86202,47.0687],[4.86188,47.06905],[4.86165,47.06908],[4.86204,47.06963],[4.86255,47.06991],[4.863,47.07027],[4.8634,47.07049],[4.8642,47.06964]]],[[[4.86198,47.06781],[4.86174,47.06744],[4.86124,47.06706],[4.86045,47.06753],[4.86076,47.06781],[4.86048,47.06799],[4.86132,47.06877],[4.86141,47.06864],[4.86177,47.0686],[4.86195,47.06865],[4.8626,47.06834],[4.86198,47.06781]]],[[[4.86129,47.05849],[4.85973,47.05923],[4.86048,47.05994],[4.8612,47.06014],[4.86159,47.05874],[4.86129,47.05849]]],[[[4.86049,47.06411],[4.8599,47.06408],[4.85924,47.06444],[4.85912,47.0646],[4.85923,47.06495],[4.85963,47.06488],[4.85972,47.06507],[4.86011,47.065],[4.8604,47.06567],[4.86179,47.06521],[4.86049,47.06411]]],[[[4.86188,47.07169],[4.85942,47.07062],[4.85901,47.07053],[4.85775,47.07134],[4.85744,47.07132],[4.85761,47.07139],[4.85796,47.07137],[4.85821,47.07148],[4.85866,47.07172],[4.86016,47.07274],[4.86127,47.07253],[4.86199,47.0719],[4.86188,47.07169]]],[[[4.85994,47.05764],[4.86007,47.05785],[4.85907,47.05808],[4.85768,47.05825],[4.85603,47.05827],[4.85681,47.06046],[4.85826,47.0599],[4.86126,47.05846],[4.86027,47.05754],[4.85994,47.05764]]],[[[4.86047,47.05995],[4.85972,47.05924],[4.85808,47.06002],[4.85719,47.06033],[4.85684,47.06051],[4.85754,47.06159],[4.85759,47.06208],[4.85771,47.06236],[4.85928,47.06392],[4.85984,47.06398],[4.86005,47.06392],[4.86024,47.06367],[4.8612,47.06015],[4.86047,47.05995]]],[[[4.85986,47.07256],[4.85864,47.07175],[4.85818,47.07151],[4.85792,47.07139],[4.85761,47.07142],[4.85725,47.07132],[4.8555,47.07175],[4.85374,47.07278],[4.85347,47.07299],[4.85322,47.07414],[4.85328,47.07415],[4.85296,47.07499],[4.85281,47.07654],[4.85362,47.0773],[4.85439,47.0777],[4.85598,47.07867],[4.85637,47.07838],[4.85657,47.07835],[4.85679,47.07844],[4.85684,47.07823],[4.85666,47.07777],[4.85617,47.07723],[4.85567,47.07685],[4.85589,47.07674],[4.85543,47.07608],[4.85509,47.07484],[4.85519,47.07486],[4.85516,47.07457],[4.85538,47.07377],[4.85514,47.07363],[4.85579,47.07298],[4.85625,47.07272],[4.85676,47.07266],[4.85702,47.07273],[4.85728,47.07268],[4.85851,47.07288],[4.85925,47.07315],[4.8605,47.07375],[4.8609,47.07347],[4.85986,47.07256]]],[[[4.85911,47.05603],[4.85871,47.05628],[4.8558,47.05706],[4.85597,47.05777],[4.85762,47.05774],[4.85945,47.05748],[4.85952,47.0576],[4.86017,47.05743],[4.85911,47.05603]]],[[[4.8599,47.06679],[4.85971,47.06683],[4.85948,47.06656],[4.85928,47.06655],[4.859,47.06665],[4.85827,47.06726],[4.85876,47.06795],[4.86019,47.06732],[4.86003,47.06717],[4.86021,47.06711],[4.8599,47.06679]]],[[[4.85916,47.06531],[4.85911,47.06485],[4.85893,47.06443],[4.85822,47.0648],[4.85627,47.06571],[4.85646,47.06589],[4.85783,47.06732],[4.85812,47.06724],[4.85887,47.06669],[4.85881,47.06656],[4.85871,47.0666],[4.85861,47.06642],[4.85902,47.06637],[4.85903,47.06622],[4.85893,47.06622],[4.85897,47.06615],[4.85872,47.06611],[4.85865,47.06601],[4.85905,47.06587],[4.85899,47.06579],[4.85905,47.06574],[4.85933,47.06567],[4.85916,47.06531]]],[[[4.85945,47.0695],[4.85876,47.06814],[4.85805,47.06839],[4.85758,47.06874],[4.85742,47.0688],[4.85801,47.06837],[4.85874,47.0681],[4.85817,47.06729],[4.85618,47.06802],[4.85528,47.06816],[4.85476,47.06838],[4.8529,47.06961],[4.85085,47.07141],[4.85008,47.07297],[4.85008,47.07349],[4.85011,47.07353],[4.85101,47.07351],[4.85125,47.07351],[4.85012,47.07353],[4.85049,47.07401],[4.85099,47.07497],[4.8512,47.07524],[4.85146,47.07549],[4.85219,47.07597],[4.85264,47.07641],[4.85274,47.0764],[4.85291,47.07503],[4.85321,47.07413],[4.85339,47.0731],[4.85349,47.0729],[4.85547,47.07172],[4.8571,47.07131],[4.85741,47.07128],[4.8577,47.07131],[4.85879,47.07062],[4.85895,47.07048],[4.85925,47.06974],[4.85945,47.0695]]],[[[4.85873,47.06422],[4.85803,47.06434],[4.85761,47.06432],[4.85701,47.06417],[4.85647,47.06458],[4.85579,47.06498],[4.85527,47.0655],[4.85584,47.06596],[4.85626,47.06571],[4.85893,47.06442],[4.85873,47.06422]]],[[[4.85837,47.06313],[4.85759,47.06231],[4.85746,47.06156],[4.85682,47.06057],[4.8556,47.06097],[4.85528,47.06114],[4.8551,47.06139],[4.85569,47.06241],[4.85622,47.06269],[4.85661,47.06334],[4.85685,47.06405],[4.85755,47.06425],[4.85793,47.06429],[4.85799,47.06407],[4.85754,47.06386],[4.85745,47.06367],[4.85776,47.06325],[4.858,47.06314],[4.85837,47.06313]]],[[[4.85626,47.06572],[4.85584,47.06596],[4.85526,47.06551],[4.85424,47.06626],[4.85345,47.0664],[4.85259,47.06676],[4.85232,47.06768],[4.852,47.06812],[4.85168,47.06891],[4.85101,47.07018],[4.85084,47.07047],[4.84971,47.07178],[4.84992,47.0721],[4.84967,47.07271],[4.84993,47.07305],[4.85055,47.07167],[4.85075,47.07137],[4.85112,47.07096],[4.85119,47.07099],[4.85299,47.06944],[4.8549,47.06823],[4.85542,47.06805],[4.8561,47.06797],[4.85781,47.06733],[4.85626,47.06572]]],[[[4.85638,47.06396],[4.8543,47.06374],[4.85303,47.06326],[4.85279,47.06374],[4.85276,47.06467],[4.8524,47.06621],[4.85258,47.06666],[4.85266,47.06668],[4.85342,47.06638],[4.85432,47.06615],[4.85537,47.06535],[4.85577,47.06494],[4.85692,47.06416],[4.85638,47.06396]]],[[[4.85677,47.06052],[4.85599,47.05828],[4.8539,47.05847],[4.85214,47.05879],[4.85302,47.06029],[4.85366,47.06159],[4.85499,47.06136],[4.85544,47.06098],[4.85677,47.06052]]],[[[4.85653,47.06333],[4.85614,47.06271],[4.8556,47.06242],[4.85507,47.06143],[4.85374,47.06162],[4.85348,47.06171],[4.8535,47.06248],[4.8531,47.06321],[4.85438,47.06369],[4.85595,47.06383],[4.85675,47.06402],[4.85653,47.06333]]],[[[4.855,47.05711],[4.85271,47.05748],[4.8529,47.05788],[4.85587,47.05756],[4.85575,47.05707],[4.85503,47.05717],[4.855,47.05711]]],[[[4.85594,47.07869],[4.85381,47.07745],[4.85334,47.0781],[4.85362,47.07829],[4.85366,47.07821],[4.85476,47.07851],[4.85525,47.07877],[4.85522,47.07881],[4.85583,47.07902],[4.85594,47.07869]]],[[[4.85327,47.07711],[4.85236,47.07617],[4.85121,47.07532],[4.8509,47.0749],[4.85043,47.074],[4.85009,47.07357],[4.85001,47.07357],[4.84985,47.07451],[4.85011,47.07532],[4.85067,47.07602],[4.85094,47.07595],[4.85102,47.07607],[4.85076,47.07615],[4.85115,47.07664],[4.85167,47.07653],[4.85187,47.07721],[4.85226,47.07792],[4.85271,47.07815],[4.85338,47.07819],[4.8533,47.0781],[4.85332,47.07804],[4.85376,47.07743],[4.85327,47.07711]]]]}},{"type":"Feature","properties":{"id":"appellation-volnay","kind":"appellation","level":"village","name":"Volnay","full":"Volnay","app":"Volnay","region":"cote-de-beaune","communes":["Meursault","Volnay"],"area_ha":241.73,"elev":[229.9,268.2,375.9],"slope":5.1,"slope_pct":9.0,"aspect":124,"aspect_label":"SE","aspect_hist":[0.002,0.033,0.208,0.674,0.072,0.009,0.001,0.001],"village":null,"pc_area_ha":143.3,"n_climats":29,"white":false},"geometry":{"type":"MultiPolygon","coordinates":[[[[4.79858,46.99982],[4.79721,46.99757],[4.79545,46.99834],[4.79424,46.99909],[4.79064,47.00059],[4.79175,47.00099],[4.79369,47.00149],[4.79486,47.00171],[4.79505,47.00137],[4.79598,47.00082],[4.79634,47.00066],[4.79754,47.00032],[4.79858,46.99982]]],[[[4.79639,46.99692],[4.79522,46.99748],[4.79315,46.99832],[4.79384,46.99921],[4.79422,46.99906],[4.79542,46.9983],[4.79717,46.99753],[4.79647,46.99685],[4.79639,46.99692]]],[[[4.79646,46.99684],[4.79391,46.99435],[4.79344,46.99411],[4.79047,46.99556],[4.79108,46.99625],[4.79135,46.99664],[4.79168,46.9965],[4.79177,46.99658],[4.79314,46.99831],[4.79522,46.99747],[4.79639,46.99691],[4.79646,46.99684]]],[[[4.7939,47.00159],[4.79142,47.00098],[4.79122,47.00163],[4.79216,47.00251],[4.79348,47.00186],[4.7939,47.00159]]],[[[4.79378,46.99924],[4.79312,46.99834],[4.79228,46.99873],[4.79184,46.99891],[4.79234,46.99935],[4.79263,46.99973],[4.79378,46.99924]]],[[[4.79333,46.99405],[4.792,46.99318],[4.79156,46.99278],[4.79088,46.99299],[4.78938,46.99377],[4.78941,46.99386],[4.78941,46.99395],[4.78939,46.99409],[4.78918,46.99474],[4.78931,46.99514],[4.78917,46.99477],[4.7894,46.99395],[4.78937,46.99378],[4.7888,46.99414],[4.78853,46.9947],[4.78708,46.99543],[4.78693,46.99555],[4.78685,46.99584],[4.78585,46.99632],[4.78647,46.99692],[4.78731,46.99748],[4.78773,46.99691],[4.7884,46.99642],[4.79333,46.99405]]],[[[4.79311,46.99834],[4.7925,46.9976],[4.79183,46.99796],[4.79152,46.9981],[4.79136,46.99816],[4.79075,46.99834],[4.78942,46.99888],[4.79015,46.99963],[4.79311,46.99834]]],[[[4.79262,46.99974],[4.79183,46.99891],[4.79015,46.99963],[4.79044,47.0001],[4.79059,47.00053],[4.79262,46.99974]]],[[[4.79172,46.99661],[4.79155,46.99659],[4.78926,46.99752],[4.78807,46.9977],[4.78941,46.99887],[4.79075,46.99833],[4.79147,46.99811],[4.79249,46.9976],[4.79172,46.99661]]],[[[4.79116,47.00165],[4.79119,47.00139],[4.79135,47.00116],[4.79133,47.00097],[4.79061,47.00069],[4.78981,47.00059],[4.78901,47.00057],[4.78802,47.00037],[4.78654,47.00047],[4.78723,47.00121],[4.78821,47.00168],[4.78926,47.00247],[4.7901,47.00329],[4.79208,47.00251],[4.79116,47.00165]]],[[[4.79022,46.99222],[4.79003,46.99238],[4.78944,46.99332],[4.78943,46.9937],[4.79087,46.99296],[4.79154,46.99275],[4.79095,46.99204],[4.79022,46.99222]]],[[[4.79134,46.99664],[4.79046,46.99556],[4.78854,46.99641],[4.78788,46.99686],[4.78741,46.9975],[4.78782,46.99757],[4.78802,46.99767],[4.78932,46.99747],[4.79134,46.99664]]],[[[4.79086,46.99169],[4.78974,46.99016],[4.78842,46.99075],[4.78956,46.9913],[4.79024,46.9921],[4.79035,46.99213],[4.79098,46.99199],[4.79086,46.99169]]],[[[4.79028,46.9999],[4.78997,46.99949],[4.78895,46.99986],[4.78888,46.99979],[4.78628,47.00027],[4.78645,47.00039],[4.78665,47.00043],[4.78812,47.00032],[4.78891,47.00051],[4.79039,47.0006],[4.79054,47.00055],[4.79054,47.00045],[4.79028,46.9999]]],[[[4.78953,46.99133],[4.7889,46.99107],[4.78829,46.99073],[4.78767,46.99015],[4.78595,46.99087],[4.78616,46.99115],[4.7851,46.9916],[4.78405,46.992],[4.78395,46.9923],[4.7839,46.99238],[4.78381,46.99245],[4.78307,46.99276],[4.78341,46.99339],[4.78441,46.99458],[4.78505,46.99518],[4.78582,46.99628],[4.7868,46.99579],[4.78692,46.99547],[4.78843,46.9947],[4.78853,46.9946],[4.78865,46.9943],[4.78852,46.99418],[4.7882,46.9938],[4.78797,46.99346],[4.78769,46.99292],[4.78767,46.99278],[4.78798,46.99346],[4.78865,46.99429],[4.78884,46.99406],[4.78935,46.99376],[4.7894,46.99323],[4.78976,46.99279],[4.78991,46.99237],[4.79018,46.99217],[4.7898,46.99161],[4.78953,46.99133]]],[[[4.78907,46.99906],[4.78726,46.99947],[4.78878,46.99912],[4.78934,46.99886],[4.78798,46.99767],[4.7874,46.99753],[4.78653,46.99805],[4.78598,46.99848],[4.78511,46.99943],[4.78515,46.9996],[4.78627,47.00026],[4.78888,46.99978],[4.78895,46.99985],[4.78996,46.99948],[4.78938,46.99889],[4.78907,46.99906]]],[[[4.78969,47.00308],[4.7881,47.00284],[4.78809,47.0037],[4.78825,47.00422],[4.78891,47.00401],[4.78873,47.00381],[4.79,47.00339],[4.78969,47.00308]]],[[[4.78912,47.00249],[4.78797,47.00166],[4.78722,47.00138],[4.78764,47.00227],[4.78797,47.00276],[4.7892,47.00293],[4.7895,47.00287],[4.78912,47.00249]]],[[[4.78765,46.99014],[4.78647,46.98901],[4.7863,46.98905],[4.78558,46.98937],[4.78476,46.99012],[4.78423,46.99037],[4.78266,46.99092],[4.78232,46.99095],[4.78173,46.99086],[4.78252,46.99167],[4.78307,46.99275],[4.78389,46.99238],[4.78404,46.99199],[4.78614,46.99115],[4.78593,46.99087],[4.78765,46.99014]]],[[[4.78811,47.00406],[4.78806,47.00293],[4.78799,47.00282],[4.78738,47.00272],[4.78625,47.00237],[4.78569,47.00226],[4.78405,47.00177],[4.78367,47.00159],[4.78355,47.00159],[4.78373,47.00182],[4.78371,47.00193],[4.78337,47.00212],[4.78327,47.00205],[4.78309,47.00214],[4.78352,47.00253],[4.78407,47.00343],[4.78499,47.00405],[4.78554,47.00469],[4.78609,47.00479],[4.78596,47.00461],[4.78656,47.00443],[4.78664,47.00455],[4.78811,47.00406]]],[[[4.78786,47.00275],[4.78712,47.00132],[4.78625,47.00038],[4.78589,47.00051],[4.78468,47.00136],[4.78446,47.00143],[4.78478,47.00179],[4.78462,47.00188],[4.78631,47.00231],[4.78712,47.0026],[4.78786,47.00275]]],[[[4.78724,46.99753],[4.78626,46.9968],[4.7858,46.99635],[4.7855,46.99653],[4.78536,46.99686],[4.78492,46.99749],[4.78483,46.9979],[4.78373,46.99848],[4.78382,46.99856],[4.78429,46.99833],[4.78467,46.99872],[4.78428,46.99894],[4.78486,46.99939],[4.78502,46.99939],[4.78511,46.99931],[4.78606,46.99829],[4.78724,46.99753]]],[[[4.78611,47.00029],[4.78508,46.99969],[4.78492,46.99969],[4.78419,47.00012],[4.78282,47.0008],[4.78312,47.00114],[4.78339,47.0011],[4.78356,47.00129],[4.78377,47.0012],[4.78387,47.0013],[4.78444,47.00108],[4.78462,47.00129],[4.78611,47.00029]]],[[[4.78576,46.99631],[4.78499,46.9952],[4.78434,46.99461],[4.78334,46.9934],[4.78258,46.99187],[4.78234,46.99153],[4.78162,46.99081],[4.78131,46.99073],[4.78078,46.99073],[4.7796,46.99092],[4.77905,46.99095],[4.77914,46.99119],[4.77942,46.99153],[4.77934,46.99169],[4.77908,46.99188],[4.77842,46.99222],[4.77851,46.99246],[4.77838,46.99345],[4.77867,46.99371],[4.77929,46.99339],[4.77966,46.99327],[4.77865,46.99375],[4.77836,46.99359],[4.77799,46.99407],[4.778,46.99414],[4.77883,46.99457],[4.77955,46.9951],[4.78083,46.9959],[4.78369,46.99844],[4.78478,46.99782],[4.78488,46.99745],[4.7853,46.99686],[4.78537,46.99659],[4.78576,46.99631]]],[[[4.78545,47.00473],[4.78504,47.00419],[4.78397,47.00342],[4.78334,47.00243],[4.78297,47.00214],[4.78277,47.00227],[4.78243,47.00202],[4.78141,47.00252],[4.7814,47.00265],[4.78099,47.00287],[4.78078,47.00273],[4.78094,47.00261],[4.78064,47.00266],[4.78044,47.0025],[4.78,47.00293],[4.77998,47.00313],[4.78156,47.00465],[4.7818,47.00537],[4.78165,47.00639],[4.78261,47.00608],[4.78307,47.00587],[4.78316,47.00594],[4.78357,47.00582],[4.78353,47.00576],[4.78597,47.00486],[4.78545,47.00473]]],[[[4.78491,46.99958],[4.78379,46.99865],[4.78361,46.99869],[4.78205,46.99953],[4.78209,46.99958],[4.7815,46.99992],[4.78161,47.00002],[4.78143,47.00011],[4.78152,47.0002],[4.78123,47.00034],[4.78164,47.0008],[4.78217,47.00052],[4.78251,47.00085],[4.78427,47.0],[4.78491,46.99958]]],[[[4.78332,46.98908],[4.7844,46.98854],[4.78337,46.98749],[4.78239,46.98795],[4.78245,46.98802],[4.78189,46.98827],[4.78016,46.98887],[4.78029,46.98934],[4.78071,46.99012],[4.78066,46.99014],[4.78097,46.99048],[4.78129,46.99067],[4.78168,46.99078],[4.78247,46.9909],[4.78288,46.99082],[4.7845,46.99023],[4.78332,46.98908]]],[[[4.78363,46.99853],[4.78075,46.99598],[4.77941,46.99513],[4.77913,46.99566],[4.77966,46.99611],[4.78002,46.99659],[4.77998,46.99688],[4.78027,46.99726],[4.7802,46.99757],[4.78026,46.99784],[4.78078,46.99876],[4.7808,46.99893],[4.78038,46.99916],[4.78069,46.99941],[4.78098,46.99926],[4.78127,46.99945],[4.78145,46.99935],[4.7818,46.99958],[4.78353,46.99864],[4.78363,46.99853]]],[[[4.78167,47.00523],[4.78147,47.00465],[4.77987,47.00313],[4.77874,47.00393],[4.77842,47.00406],[4.77703,47.00427],[4.7765,47.00446],[4.77594,47.00518],[4.77609,47.00526],[4.77693,47.00522],[4.77729,47.0054],[4.77779,47.00531],[4.77776,47.0052],[4.77815,47.00524],[4.77816,47.00543],[4.77843,47.00543],[4.77844,47.00525],[4.77896,47.00528],[4.77895,47.0052],[4.77907,47.0052],[4.77898,47.00543],[4.77928,47.00558],[4.7796,47.00541],[4.78005,47.00599],[4.78019,47.00595],[4.78038,47.00613],[4.78057,47.00649],[4.78047,47.00659],[4.78051,47.00662],[4.78027,47.00668],[4.7803,47.00675],[4.78048,47.00669],[4.78054,47.00678],[4.78145,47.00644],[4.78161,47.00627],[4.78172,47.0058],[4.78167,47.00523]]],[[[4.78034,46.98968],[4.77981,46.98834],[4.77925,46.98777],[4.77892,46.98764],[4.77811,46.98779],[4.77759,46.98778],[4.77697,46.98791],[4.77672,46.98824],[4.7768,46.9887],[4.77637,46.98909],[4.77691,46.98937],[4.7775,46.99011],[4.77784,46.99038],[4.77817,46.99092],[4.77959,46.99088],[4.78115,46.99065],[4.78073,46.99035],[4.78034,46.98968]]],[[[4.78073,46.99876],[4.78019,46.99777],[4.78015,46.99757],[4.78022,46.99726],[4.7799,46.99689],[4.77994,46.99659],[4.77947,46.996],[4.77901,46.99572],[4.77869,46.99563],[4.77769,46.99484],[4.77688,46.99455],[4.77574,46.99378],[4.77492,46.99343],[4.77346,46.99557],[4.77355,46.99559],[4.77634,46.99712],[4.77704,46.99745],[4.77784,46.99789],[4.77811,46.99812],[4.77847,46.99853],[4.77872,46.99859],[4.77915,46.99883],[4.7794,46.99885],[4.77951,46.99888],[4.77995,46.99919],[4.78021,46.99919],[4.78074,46.99891],[4.78073,46.99876]]],[[[4.78058,47.00144],[4.78039,47.00129],[4.77998,47.00148],[4.77984,47.00135],[4.77995,47.00129],[4.77935,47.00067],[4.77876,47.00087],[4.77893,47.00129],[4.77922,47.00166],[4.77947,47.00165],[4.77996,47.00204],[4.78029,47.00182],[4.78068,47.00167],[4.78052,47.00146],[4.78058,47.00144]]],[[[4.78023,46.99971],[4.77987,46.99936],[4.78007,46.99923],[4.77993,46.99921],[4.7798,46.99915],[4.77954,46.9989],[4.77915,46.99884],[4.77867,46.99858],[4.77846,46.99854],[4.77781,46.99789],[4.77636,46.99714],[4.77393,46.99585],[4.77358,46.99562],[4.77338,46.99599],[4.77329,46.99599],[4.77309,46.99717],[4.77325,46.9972],[4.77329,46.9971],[4.77354,46.99708],[4.77395,46.99716],[4.77391,46.99727],[4.77441,46.9974],[4.77441,46.99745],[4.77505,46.99753],[4.77503,46.99758],[4.77525,46.99762],[4.77609,46.99805],[4.77604,46.9981],[4.77624,46.9984],[4.77646,46.99833],[4.77661,46.9985],[4.77678,46.99856],[4.77659,46.99858],[4.77682,46.99885],[4.7769,46.99883],[4.77695,46.99895],[4.77705,46.99889],[4.77739,46.99963],[4.77739,46.99971],[4.77687,47.00005],[4.77696,47.00029],[4.77717,47.00026],[4.77731,47.00012],[4.77749,47.00001],[4.77776,46.99994],[4.77796,47.00013],[4.7782,47.00061],[4.77834,47.00063],[4.77818,47.00012],[4.77828,46.99995],[4.77913,47.0006],[4.77942,47.00056],[4.7803,47.00014],[4.78009,46.99982],[4.78023,46.99971]]],[[[4.78009,47.00246],[4.77932,47.00236],[4.77911,47.00242],[4.77884,47.00266],[4.77856,47.0028],[4.77841,47.00286],[4.77813,47.00286],[4.77754,47.00281],[4.7775,47.00276],[4.77748,47.00255],[4.77755,47.0028],[4.77835,47.00285],[4.77882,47.00265],[4.77915,47.00239],[4.77944,47.00233],[4.77966,47.00237],[4.77971,47.002],[4.77959,47.00204],[4.77956,47.00199],[4.77973,47.00193],[4.77946,47.00171],[4.77923,47.00173],[4.77913,47.00164],[4.77883,47.00165],[4.77867,47.00144],[4.7789,47.00135],[4.77873,47.00109],[4.77855,47.00108],[4.77855,47.00102],[4.77869,47.00099],[4.77866,47.0009],[4.77843,47.00101],[4.77821,47.00102],[4.77816,47.00091],[4.77805,47.00092],[4.7781,47.00078],[4.77819,47.00079],[4.77815,47.00067],[4.77792,47.00064],[4.77798,47.00056],[4.77793,47.0004],[4.77801,47.00042],[4.77788,47.00015],[4.77764,46.99999],[4.77749,47.00003],[4.77718,47.00028],[4.77707,47.00073],[4.77683,47.00073],[4.77675,47.00085],[4.77694,47.00164],[4.77685,47.00165],[4.77748,47.00214],[4.77752,47.00224],[4.77684,47.00166],[4.77673,47.00168],[4.7767,47.00256],[4.77647,47.00256],[4.77648,47.00277],[4.77625,47.00276],[4.77609,47.00294],[4.7763,47.00301],[4.77616,47.00328],[4.77574,47.00354],[4.77565,47.00349],[4.77552,47.00352],[4.77534,47.00365],[4.77489,47.00382],[4.7746,47.00382],[4.77467,47.00437],[4.77594,47.0043],[4.77618,47.00424],[4.77649,47.00439],[4.77688,47.00424],[4.77843,47.00399],[4.77894,47.00369],[4.77874,47.0036],[4.77879,47.00354],[4.77902,47.00363],[4.77911,47.00357],[4.77883,47.00347],[4.77888,47.00341],[4.77895,47.00339],[4.77918,47.00351],[4.77945,47.00333],[4.77938,47.00331],[4.77946,47.00309],[4.77925,47.00305],[4.77929,47.00295],[4.77945,47.00299],[4.77948,47.00293],[4.77985,47.00303],[4.78013,47.0027],[4.77997,47.00256],[4.78009,47.00246]]],[[[4.77931,46.9915],[4.779,46.99095],[4.7778,46.991],[4.77636,46.99093],[4.77666,46.99118],[4.77695,46.99126],[4.77694,46.99148],[4.7774,46.99195],[4.77732,46.99215],[4.77752,46.99248],[4.77742,46.99258],[4.77744,46.99272],[4.77756,46.99283],[4.77772,46.99276],[4.77831,46.99354],[4.77843,46.99238],[4.77822,46.99221],[4.77888,46.99195],[4.7793,46.99161],[4.77931,46.9915]]],[[[4.77871,46.99461],[4.777,46.99374],[4.77604,46.99293],[4.77579,46.99305],[4.77525,46.9935],[4.77588,46.99381],[4.77678,46.99444],[4.77783,46.99487],[4.7788,46.99565],[4.77904,46.99568],[4.77937,46.99511],[4.77871,46.99461]]],[[[4.77783,46.99303],[4.7775,46.99286],[4.77724,46.99255],[4.77743,46.9925],[4.77715,46.99204],[4.77729,46.99199],[4.77669,46.99125],[4.77627,46.99092],[4.77514,46.99074],[4.77511,46.99084],[4.77569,46.99125],[4.77581,46.99126],[4.77584,46.99135],[4.77602,46.99144],[4.77615,46.99138],[4.77621,46.99152],[4.77512,46.99191],[4.7752,46.99206],[4.77702,46.99362],[4.7779,46.99409],[4.7783,46.9936],[4.77783,46.99303]]],[[[4.77763,46.9903],[4.77687,46.9895],[4.77631,46.98913],[4.77557,46.98972],[4.77523,46.98993],[4.77464,46.99017],[4.77488,46.99048],[4.77533,46.99072],[4.77631,46.99088],[4.77752,46.99095],[4.7781,46.99092],[4.77763,46.9903]]],[[[4.77657,46.98764],[4.77605,46.9869],[4.77567,46.98652],[4.77548,46.98644],[4.77502,46.98656],[4.77489,46.98651],[4.77402,46.98567],[4.77326,46.98532],[4.77117,46.98603],[4.77136,46.98618],[4.77156,46.98666],[4.772,46.98708],[4.77195,46.9871],[4.77206,46.98721],[4.77251,46.98751],[4.77244,46.98756],[4.77314,46.9881],[4.77363,46.98829],[4.77375,46.98824],[4.77425,46.98858],[4.7745,46.98884],[4.77501,46.98891],[4.77542,46.98911],[4.77594,46.98909],[4.77608,46.98919],[4.77673,46.9887],[4.77662,46.98833],[4.77689,46.98795],[4.77657,46.98764]]],[[[4.77541,46.98911],[4.77497,46.98894],[4.7746,46.98889],[4.77434,46.98912],[4.77503,46.98941],[4.77475,46.98955],[4.77506,46.98968],[4.77496,46.98977],[4.77508,46.9899],[4.77608,46.9892],[4.77594,46.9891],[4.77541,46.98911]]],[[[4.77618,47.0043],[4.77485,47.0044],[4.77476,47.00465],[4.77487,47.0052],[4.77531,47.00509],[4.77561,47.00528],[4.77641,47.00441],[4.77618,47.0043]]]]}},{"type":"Feature","properties":{"id":"appellation-saint-aubin","kind":"appellation","level":"village","name":"Saint-Aubin","full":"Saint-Aubin","app":"Saint-Aubin","region":"cote-de-beaune","communes":["Saint-Aubin"],"area_ha":238.56,"elev":[242.2,320.6,439.7],"slope":11.7,"slope_pct":21.2,"aspect":171,"aspect_label":"S","aspect_hist":[0.012,0.034,0.144,0.29,0.164,0.265,0.063,0.028],"village":"saint-aubin","pc_area_ha":157.38,"n_climats":30,"white":true},"geometry":{"type":"MultiPolygon","coordinates":[[[[4.73596,46.95136],[4.73587,46.95126],[4.73602,46.95119],[4.7351,46.94893],[4.73438,46.9491],[4.73238,46.9498],[4.73155,46.95004],[4.73118,46.95007],[4.73012,46.95041],[4.72986,46.95063],[4.72917,46.95086],[4.72924,46.95108],[4.72882,46.95206],[4.72816,46.95265],[4.72718,46.95325],[4.72464,46.9543],[4.72443,46.95444],[4.72494,46.95466],[4.72573,46.95471],[4.72595,46.95454],[4.72664,46.95426],[4.72754,46.95401],[4.72933,46.9528],[4.73083,46.95222],[4.73152,46.95202],[4.73153,46.95207],[4.73089,46.95224],[4.7293,46.95287],[4.72763,46.95402],[4.7267,46.95428],[4.726,46.95456],[4.7258,46.95471],[4.72679,46.95484],[4.72818,46.9547],[4.72877,46.95452],[4.72936,46.95444],[4.73037,46.9545],[4.73224,46.95443],[4.73418,46.95334],[4.73616,46.95236],[4.73596,46.95136]]],[[[4.73509,46.9489],[4.73391,46.94596],[4.7336,46.94559],[4.73269,46.94462],[4.73178,46.94418],[4.73076,46.94486],[4.73001,46.94546],[4.72894,46.94714],[4.72773,46.94823],[4.72761,46.94845],[4.72698,46.94897],[4.72655,46.94947],[4.72607,46.95029],[4.72533,46.95125],[4.72474,46.95233],[4.72434,46.95283],[4.7228,46.95403],[4.72511,46.95276],[4.72587,46.95255],[4.72646,46.952],[4.72821,46.95108],[4.72983,46.9506],[4.73024,46.9503],[4.73119,46.95],[4.73153,46.95],[4.73346,46.9494],[4.73405,46.94915],[4.73509,46.9489]]],[[[4.73168,46.94409],[4.73115,46.94371],[4.73076,46.94387],[4.73037,46.94337],[4.72935,46.94351],[4.72915,46.94334],[4.72834,46.94362],[4.72735,46.94383],[4.72692,46.94384],[4.72657,46.9437],[4.72638,46.94374],[4.72632,46.94395],[4.72638,46.94406],[4.7263,46.94406],[4.72625,46.94424],[4.72632,46.9444],[4.72622,46.94441],[4.72638,46.94583],[4.72636,46.9465],[4.72568,46.94804],[4.72536,46.94938],[4.72504,46.94977],[4.72508,46.95031],[4.72524,46.95041],[4.7269,46.94855],[4.72711,46.94847],[4.72795,46.94787],[4.7287,46.9472],[4.72901,46.94672],[4.72971,46.94519],[4.73029,46.94478],[4.73168,46.94409]]],[[[4.73114,46.95461],[4.72941,46.95448],[4.72868,46.9546],[4.72814,46.95476],[4.72678,46.9549],[4.72575,46.95477],[4.7249,46.9557],[4.72448,46.95645],[4.72431,46.95699],[4.72391,46.95708],[4.72398,46.95739],[4.7242,46.95765],[4.72394,46.95781],[4.72458,46.95834],[4.72473,46.95865],[4.72517,46.95889],[4.72576,46.95964],[4.726,46.95958],[4.72564,46.95904],[4.72587,46.95899],[4.72582,46.95876],[4.72622,46.9587],[4.72603,46.95835],[4.72618,46.95834],[4.72616,46.95819],[4.72603,46.95816],[4.72618,46.9576],[4.72633,46.9576],[4.72634,46.95735],[4.72611,46.95733],[4.72624,46.95687],[4.72644,46.95645],[4.72654,46.95647],[4.72714,46.95599],[4.72748,46.9556],[4.72738,46.9555],[4.72752,46.95536],[4.72799,46.95516],[4.72816,46.95515],[4.72823,46.95532],[4.72877,46.95515],[4.72908,46.9554],[4.72922,46.95535],[4.72958,46.9557],[4.73024,46.9556],[4.73097,46.9551],[4.73175,46.95487],[4.73151,46.95458],[4.73114,46.95461]]],[[[4.72911,46.95088],[4.72833,46.95109],[4.72715,46.95168],[4.72678,46.952],[4.72668,46.95194],[4.72583,46.95267],[4.72533,46.95282],[4.72521,46.9528],[4.72481,46.95297],[4.72254,46.95426],[4.72175,46.95454],[4.7214,46.95477],[4.72125,46.95499],[4.72175,46.95496],[4.72256,46.95504],[4.72417,46.95457],[4.72455,46.95429],[4.72587,46.95379],[4.7274,46.9531],[4.728,46.95272],[4.72877,46.95205],[4.72919,46.95107],[4.72911,46.95088]]],[[[4.72631,46.94565],[4.72616,46.94461],[4.72625,46.94381],[4.72473,46.94404],[4.72474,46.94418],[4.72437,46.94418],[4.72431,46.94407],[4.72421,46.94407],[4.72337,46.94422],[4.72363,46.94465],[4.72335,46.94422],[4.72304,46.94343],[4.72204,46.94362],[4.72117,46.94346],[4.72153,46.94385],[4.72203,46.94457],[4.72152,46.94482],[4.7215,46.94491],[4.72228,46.94606],[4.72239,46.94602],[4.72272,46.94654],[4.72298,46.94676],[4.72326,46.94733],[4.72397,46.94722],[4.72474,46.94722],[4.72471,46.94708],[4.726,46.94716],[4.72631,46.94652],[4.72631,46.94565]]],[[[4.72605,46.96015],[4.72511,46.95889],[4.72469,46.95869],[4.72454,46.95846],[4.72426,46.95861],[4.72396,46.95868],[4.72479,46.95924],[4.72558,46.96002],[4.72553,46.96006],[4.72587,46.96023],[4.72605,46.96015]]],[[[4.72501,46.95474],[4.72446,46.95456],[4.72287,46.95498],[4.72252,46.95521],[4.72253,46.95602],[4.72274,46.95601],[4.72265,46.95625],[4.72271,46.95654],[4.72285,46.95652],[4.72297,46.95672],[4.72275,46.95678],[4.72275,46.95694],[4.72301,46.95721],[4.72313,46.95716],[4.7231,46.9571],[4.72358,46.95696],[4.72365,46.9571],[4.72428,46.95695],[4.72445,46.95645],[4.72482,46.95574],[4.72569,46.95477],[4.72501,46.95474]]],[[[4.72329,46.95864],[4.72297,46.95855],[4.72268,46.95867],[4.72219,46.95814],[4.72204,46.9582],[4.72188,46.95807],[4.72166,46.95819],[4.72173,46.95823],[4.72145,46.95848],[4.72127,46.95841],[4.72029,46.96005],[4.71989,46.9604],[4.7196,46.96103],[4.72016,46.96053],[4.72122,46.96003],[4.72205,46.95925],[4.72244,46.95904],[4.72275,46.95894],[4.72309,46.95869],[4.72329,46.95864]]],[[[4.72309,46.95917],[4.72296,46.95913],[4.72286,46.95891],[4.72207,46.95927],[4.7212,46.96008],[4.7201,46.96059],[4.71956,46.96112],[4.7195,46.96128],[4.71992,46.96155],[4.72142,46.96088],[4.72194,46.96075],[4.72188,46.96069],[4.72277,46.9602],[4.72251,46.95997],[4.72318,46.95963],[4.72309,46.95917]]],[[[4.72121,46.95754],[4.72085,46.95722],[4.72073,46.95702],[4.72021,46.95692],[4.71955,46.9569],[4.71796,46.95718],[4.71767,46.95711],[4.71508,46.95828],[4.71416,46.95862],[4.7136,46.95893],[4.7129,46.95911],[4.70985,46.95957],[4.70987,46.95983],[4.71004,46.95986],[4.7101,46.95982],[4.71072,46.95994],[4.71173,46.95996],[4.71168,46.95976],[4.71252,46.95951],[4.71254,46.95959],[4.71271,46.95955],[4.71276,46.95991],[4.71306,46.95985],[4.71304,46.95979],[4.7133,46.95977],[4.71329,46.95968],[4.71359,46.95964],[4.71361,46.9597],[4.71378,46.95967],[4.71429,46.9595],[4.71439,46.95955],[4.71455,46.95949],[4.71452,46.95943],[4.71472,46.95939],[4.71474,46.95944],[4.71497,46.95936],[4.71494,46.95928],[4.71521,46.95928],[4.71518,46.95924],[4.71558,46.95912],[4.71582,46.95907],[4.71592,46.95921],[4.71624,46.95914],[4.7162,46.95892],[4.71659,46.95884],[4.71648,46.95868],[4.71668,46.95862],[4.71692,46.95895],[4.71722,46.95887],[4.71723,46.95881],[4.71768,46.95873],[4.71763,46.95862],[4.71773,46.95859],[4.71788,46.95856],[4.71791,46.95864],[4.71826,46.95861],[4.71817,46.95848],[4.71858,46.95839],[4.71853,46.95828],[4.71896,46.95817],[4.71904,46.95822],[4.72038,46.95801],[4.72088,46.9584],[4.72112,46.95847],[4.72155,46.95772],[4.72121,46.95754]]],[[[4.72083,46.95641],[4.72044,46.95609],[4.7194,46.95647],[4.71919,46.95626],[4.7187,46.95649],[4.71884,46.95657],[4.71826,46.95678],[4.71832,46.95684],[4.71803,46.95697],[4.71816,46.95711],[4.71976,46.95684],[4.72079,46.95699],[4.72093,46.95677],[4.72083,46.95641]]],[[[4.71899,46.9525],[4.71854,46.95184],[4.71783,46.95103],[4.71704,46.95152],[4.71649,46.95102],[4.71667,46.95068],[4.71651,46.95051],[4.71624,46.95068],[4.71608,46.95047],[4.71618,46.95041],[4.71593,46.95022],[4.71604,46.95014],[4.71486,46.94963],[4.71482,46.94967],[4.71462,46.94959],[4.7146,46.94977],[4.71437,46.94984],[4.71298,46.94978],[4.71245,46.94971],[4.71363,46.95067],[4.71726,46.95253],[4.7179,46.95271],[4.71903,46.9529],[4.71927,46.95278],[4.71899,46.9525]]],[[[4.71879,46.95536],[4.71729,46.95435],[4.71603,46.95362],[4.71448,46.95242],[4.714,46.95184],[4.71369,46.95167],[4.71197,46.95111],[4.70995,46.95062],[4.70945,46.95056],[4.70921,46.95126],[4.70936,46.95141],[4.70932,46.95151],[4.7094,46.95158],[4.70984,46.9518],[4.71108,46.95261],[4.7129,46.95361],[4.71427,46.95448],[4.71473,46.95422],[4.7154,46.95463],[4.71582,46.95497],[4.71618,46.95547],[4.71697,46.95613],[4.71754,46.95683],[4.71781,46.95653],[4.71817,46.95591],[4.71879,46.95536]]],[[[4.7176,46.95701],[4.7169,46.95611],[4.71615,46.95549],[4.7157,46.9549],[4.7147,46.95425],[4.71423,46.95452],[4.71454,46.95513],[4.71477,46.95537],[4.71495,46.95612],[4.71494,46.95637],[4.71478,46.95662],[4.71472,46.95696],[4.71463,46.95715],[4.71477,46.95661],[4.71492,46.95638],[4.71492,46.95606],[4.71475,46.95538],[4.71453,46.95514],[4.7142,46.95447],[4.7129,46.95365],[4.71107,46.95264],[4.70926,46.95151],[4.70871,46.95193],[4.7077,46.9532],[4.70805,46.95343],[4.70894,46.95378],[4.71026,46.95465],[4.71119,46.95515],[4.71124,46.95511],[4.71164,46.95523],[4.71196,46.95541],[4.71211,46.95558],[4.71322,46.95603],[4.7137,46.95647],[4.71362,46.95668],[4.7139,46.95695],[4.71369,46.95706],[4.7141,46.95732],[4.71354,46.95778],[4.71324,46.95755],[4.7131,46.95764],[4.71318,46.9577],[4.71294,46.95789],[4.71284,46.95782],[4.71255,46.95803],[4.71265,46.95812],[4.71259,46.95814],[4.71252,46.95808],[4.71245,46.95811],[4.7125,46.95816],[4.71213,46.9583],[4.71201,46.95829],[4.71164,46.95847],[4.71181,46.95863],[4.71201,46.95881],[4.71191,46.95872],[4.71115,46.95908],[4.71129,46.95932],[4.71247,46.95908],[4.71286,46.95908],[4.71349,46.95892],[4.71435,46.9585],[4.71503,46.95827],[4.71756,46.95711],[4.7176,46.95701]]],[[[4.71658,46.9525],[4.71395,46.95118],[4.71385,46.95118],[4.71445,46.9518],[4.71466,46.95193],[4.71531,46.95216],[4.71658,46.9525]]],[[[4.71454,46.9496],[4.71421,46.94926],[4.71402,46.94958],[4.71366,46.94975],[4.71443,46.94977],[4.71454,46.9497],[4.71454,46.9496]]],[[[4.71077,46.94858],[4.70971,46.94825],[4.70955,46.94841],[4.70925,46.94913],[4.70928,46.9493],[4.70919,46.94938],[4.70928,46.9496],[4.7092,46.94962],[4.70961,46.95048],[4.71082,46.95079],[4.71188,46.95023],[4.71195,46.9501],[4.71194,46.94952],[4.71119,46.94878],[4.71077,46.94858]]],[[[4.70939,46.94825],[4.70754,46.94763],[4.70739,46.94786],[4.70751,46.94791],[4.70748,46.94808],[4.70726,46.94805],[4.7072,46.9482],[4.7072,46.94814],[4.70702,46.94809],[4.70619,46.94794],[4.70516,46.94766],[4.70481,46.94762],[4.70479,46.94767],[4.70409,46.94747],[4.70413,46.94742],[4.70218,46.94692],[4.70032,46.94662],[4.69995,46.94678],[4.69912,46.94683],[4.69879,46.94744],[4.70359,46.94819],[4.70621,46.94904],[4.70766,46.94975],[4.70801,46.94983],[4.70884,46.94979],[4.70883,46.94969],[4.70914,46.9496],[4.70917,46.94915],[4.70948,46.94841],[4.70939,46.94825]]],[[[4.70945,46.9503],[4.70924,46.94994],[4.70895,46.9503],[4.70943,46.95043],[4.70945,46.9503]]],[[[4.70929,46.9505],[4.70918,46.95039],[4.70909,46.95042],[4.70891,46.95036],[4.70873,46.95057],[4.70928,46.95074],[4.70939,46.9505],[4.70929,46.9505]]],[[[4.70928,46.95077],[4.7087,46.95062],[4.70855,46.95078],[4.70905,46.95111],[4.70917,46.95105],[4.70928,46.95077]]],[[[4.70928,46.9514],[4.70821,46.95058],[4.70789,46.95078],[4.70821,46.95055],[4.70801,46.95038],[4.70808,46.95035],[4.70778,46.94991],[4.70741,46.95004],[4.70724,46.94995],[4.70682,46.95024],[4.70624,46.9506],[4.70614,46.95058],[4.70592,46.9507],[4.70492,46.95056],[4.70484,46.95059],[4.70455,46.95059],[4.70337,46.95026],[4.70284,46.95026],[4.70237,46.95015],[4.7021,46.95005],[4.70286,46.95024],[4.70336,46.95024],[4.70455,46.95057],[4.70495,46.95055],[4.70592,46.95068],[4.70613,46.95056],[4.70623,46.95058],[4.70723,46.94995],[4.70705,46.94982],[4.70739,46.95001],[4.70775,46.94989],[4.70633,46.94917],[4.7039,46.94836],[4.70267,46.9481],[4.70052,46.94784],[4.6985,46.94748],[4.69656,46.9473],[4.69552,46.9474],[4.69511,46.94749],[4.69436,46.94793],[4.69296,46.94859],[4.69205,46.94941],[4.69039,46.95058],[4.69008,46.95105],[4.69127,46.9515],[4.69189,46.95073],[4.69304,46.9502],[4.69448,46.94988],[4.69571,46.94968],[4.69654,46.94966],[4.69805,46.94978],[4.69889,46.95],[4.69941,46.9501],[4.69944,46.95007],[4.70036,46.95032],[4.70119,46.95076],[4.70263,46.95132],[4.70345,46.95202],[4.70362,46.95195],[4.70374,46.95207],[4.7036,46.95213],[4.70404,46.95263],[4.70462,46.95308],[4.70566,46.95377],[4.7062,46.95397],[4.70626,46.95385],[4.70645,46.95379],[4.70739,46.95366],[4.7074,46.95346],[4.70788,46.95339],[4.70763,46.95315],[4.70837,46.95225],[4.70812,46.95215],[4.70843,46.95204],[4.70904,46.95161],[4.70928,46.9514]]],[[[4.70895,46.94986],[4.70845,46.94986],[4.70868,46.95019],[4.70867,46.95023],[4.70886,46.95033],[4.70918,46.94992],[4.70895,46.94986]]],[[[4.70865,46.95023],[4.70842,46.94985],[4.70793,46.94988],[4.70797,46.94993],[4.70787,46.94997],[4.70847,46.95074],[4.70858,46.95071],[4.70885,46.95034],[4.70865,46.95023]]],[[[4.69909,46.94681],[4.69582,46.94648],[4.69592,46.94613],[4.69571,46.9461],[4.69472,46.94608],[4.69463,46.94617],[4.69363,46.94629],[4.69367,46.9464],[4.69272,46.94661],[4.69113,46.94721],[4.69119,46.94729],[4.69027,46.94776],[4.69009,46.94757],[4.68989,46.94774],[4.68978,46.94767],[4.68962,46.94787],[4.68979,46.94797],[4.68891,46.94895],[4.68881,46.94891],[4.68855,46.94916],[4.68846,46.94912],[4.688,46.94957],[4.68816,46.94962],[4.68812,46.94966],[4.68849,46.94969],[4.68941,46.94958],[4.68987,46.94934],[4.69096,46.94831],[4.69119,46.94817],[4.69162,46.94799],[4.69325,46.94763],[4.69408,46.9475],[4.6949,46.94746],[4.69548,46.94732],[4.69644,46.94722],[4.69735,46.94726],[4.69875,46.94744],[4.69909,46.94681]]],[[[4.69482,46.94754],[4.69409,46.94754],[4.69329,46.94767],[4.69147,46.94808],[4.69113,46.94826],[4.68964,46.94953],[4.68932,46.94963],[4.68859,46.94972],[4.6879,46.94967],[4.68799,46.95045],[4.68898,46.9503],[4.689,46.95035],[4.68947,46.95023],[4.68964,46.95042],[4.68977,46.95037],[4.68973,46.95032],[4.68994,46.95025],[4.69,46.95032],[4.69041,46.95014],[4.69059,46.95033],[4.6916,46.94966],[4.69288,46.94852],[4.69482,46.94754]]]]}},{"type":"Feature","properties":{"id":"appellation-puligny-montrachet","kind":"appellation","level":"village","name":"Puligny-Montrachet","full":"Puligny-Montrachet","app":"Puligny-Montrachet","region":"cote-de-beaune","communes":["Puligny-Montrachet"],"area_ha":236.75,"elev":[223.8,265.5,394.4],"slope":4.1,"slope_pct":7.3,"aspect":115,"aspect_label":"ESE","aspect_hist":[0.013,0.041,0.4,0.512,0.029,0.001,0.001,0.002],"village":"puligny-montrachet","pc_area_ha":122.13,"n_climats":17,"white":true},"geometry":{"type":"MultiPolygon","coordinates":[[[[4.76042,46.95533],[4.75969,46.95378],[4.75957,46.95315],[4.75932,46.95258],[4.7576,46.95001],[4.75684,46.95053],[4.75493,46.95109],[4.75416,46.95139],[4.75624,46.95401],[4.75644,46.9545],[4.75722,46.95572],[4.75737,46.95609],[4.75896,46.95586],[4.76021,46.95546],[4.76042,46.95533]]],[[[4.75711,46.94921],[4.75501,46.94976],[4.75477,46.94966],[4.75429,46.94976],[4.75336,46.95017],[4.75412,46.95133],[4.75684,46.95047],[4.75758,46.94994],[4.75711,46.94921]]],[[[4.75725,46.95609],[4.75619,46.95418],[4.7547,46.95472],[4.7536,46.95533],[4.75428,46.95578],[4.75468,46.9564],[4.755,46.95626],[4.75575,46.95613],[4.75633,46.95607],[4.75725,46.95609]]],[[[4.75617,46.95413],[4.7536,46.95079],[4.75302,46.94995],[4.75301,46.94973],[4.75265,46.9492],[4.75238,46.94918],[4.75185,46.9493],[4.75147,46.94951],[4.75133,46.94983],[4.75172,46.95068],[4.75253,46.95144],[4.75251,46.95206],[4.75231,46.95236],[4.75228,46.95304],[4.75295,46.95416],[4.75248,46.95454],[4.75354,46.9553],[4.75466,46.95469],[4.75617,46.95413]]],[[[4.7544,46.95602],[4.75405,46.95563],[4.7531,46.95508],[4.75221,46.95443],[4.7501,46.95335],[4.74904,46.95295],[4.74784,46.95389],[4.74833,46.95419],[4.7493,46.95462],[4.74974,46.95474],[4.74961,46.95488],[4.75056,46.95548],[4.7508,46.95554],[4.75131,46.95603],[4.75162,46.95622],[4.75154,46.95626],[4.75098,46.9558],[4.75037,46.95541],[4.75029,46.95544],[4.75009,46.95531],[4.75009,46.95524],[4.74938,46.95483],[4.74926,46.9549],[4.74915,46.95482],[4.7491,46.95485],[4.74894,46.95469],[4.74872,46.95477],[4.7483,46.95478],[4.7476,46.95497],[4.74744,46.95486],[4.74702,46.95497],[4.74713,46.95518],[4.74768,46.95577],[4.74944,46.95702],[4.75023,46.95775],[4.75325,46.95705],[4.75409,46.95674],[4.75464,46.95645],[4.7544,46.95602]]],[[[4.75288,46.95414],[4.75223,46.95303],[4.75223,46.95244],[4.75242,46.95204],[4.75245,46.95146],[4.75175,46.95079],[4.74908,46.95239],[4.74869,46.95273],[4.75073,46.9536],[4.75241,46.9545],[4.75288,46.95414]]],[[[4.7518,46.94851],[4.75167,46.94853],[4.75162,46.9484],[4.75183,46.94835],[4.75176,46.94824],[4.75168,46.94826],[4.75151,46.948],[4.75125,46.94804],[4.75122,46.94795],[4.75095,46.94801],[4.7512,46.94893],[4.75135,46.94921],[4.75199,46.94891],[4.7518,46.94851]]],[[[4.75145,46.94734],[4.75132,46.94706],[4.75123,46.94704],[4.75114,46.94686],[4.75104,46.94688],[4.75099,46.94674],[4.75075,46.94678],[4.75058,46.94741],[4.75092,46.94793],[4.75189,46.9478],[4.75166,46.9473],[4.75145,46.94734]]],[[[4.75071,46.94048],[4.74925,46.94082],[4.75073,46.94043],[4.75011,46.93939],[4.74616,46.94036],[4.74551,46.94061],[4.74558,46.9407],[4.74409,46.94122],[4.74499,46.94246],[4.74534,46.94246],[4.74848,46.94291],[4.74831,46.9425],[4.74949,46.9422],[4.74964,46.94246],[4.75165,46.94197],[4.75071,46.94048]]],[[[4.75145,46.9504],[4.75047,46.95072],[4.74718,46.95204],[4.74863,46.95272],[4.74927,46.95221],[4.7515,46.95089],[4.75156,46.95068],[4.75145,46.9504]]],[[[4.75134,46.9502],[4.751,46.9496],[4.75058,46.94967],[4.75041,46.9495],[4.75019,46.94952],[4.74847,46.94999],[4.74808,46.95006],[4.74853,46.95092],[4.74829,46.95107],[4.74838,46.95134],[4.74835,46.95153],[4.75014,46.95077],[4.75134,46.95035],[4.75134,46.9502]]],[[[4.75096,46.94832],[4.75042,46.94841],[4.74954,46.94836],[4.74884,46.94845],[4.74914,46.94928],[4.74887,46.94933],[4.74878,46.9491],[4.74901,46.94904],[4.74884,46.94865],[4.74842,46.94879],[4.74832,46.94858],[4.74771,46.94877],[4.745,46.94904],[4.74472,46.94911],[4.74497,46.95024],[4.74514,46.9505],[4.7465,46.95156],[4.74694,46.95205],[4.74824,46.95158],[4.74833,46.95135],[4.74821,46.95104],[4.74846,46.9509],[4.7479,46.94992],[4.74757,46.94997],[4.74746,46.94985],[4.74726,46.94949],[4.74698,46.94926],[4.74709,46.94929],[4.74732,46.94954],[4.74756,46.94993],[4.74792,46.9499],[4.74809,46.95005],[4.75019,46.94951],[4.75095,46.94949],[4.75091,46.94943],[4.7512,46.9494],[4.75133,46.94932],[4.75096,46.94832]]],[[[4.75084,46.94794],[4.75049,46.94734],[4.75034,46.94737],[4.75028,46.94731],[4.75017,46.94733],[4.75008,46.94715],[4.75016,46.94713],[4.75012,46.94701],[4.75063,46.9469],[4.75055,46.94668],[4.74969,46.94688],[4.74817,46.94721],[4.74688,46.94743],[4.74681,46.94725],[4.74657,46.9472],[4.74625,46.94724],[4.74449,46.94774],[4.74468,46.94902],[4.74761,46.94874],[4.74918,46.94834],[4.74966,46.94831],[4.75033,46.94838],[4.75073,46.94834],[4.75094,46.94826],[4.75084,46.94794]]],[[[4.75004,46.94678],[4.74918,46.94644],[4.74882,46.94608],[4.7486,46.94596],[4.74388,46.94652],[4.74423,46.94703],[4.74421,46.94742],[4.74449,46.94772],[4.74625,46.94723],[4.74657,46.94719],[4.74682,46.94724],[4.74688,46.94742],[4.74816,46.94721],[4.75004,46.94678]]],[[[4.74869,46.94306],[4.74831,46.94293],[4.74719,46.94282],[4.74708,46.94277],[4.74571,46.94258],[4.74603,46.94305],[4.74682,46.94389],[4.74737,46.94472],[4.74756,46.94517],[4.74815,46.94507],[4.74918,46.94493],[4.74969,46.94479],[4.74992,46.94462],[4.74969,46.9444],[4.74869,46.94306]]],[[[4.74953,46.94485],[4.74919,46.94494],[4.74955,46.9457],[4.74969,46.94566],[4.74965,46.94559],[4.74974,46.94559],[4.74961,46.94537],[4.74968,46.94535],[4.74978,46.94553],[4.74992,46.94547],[4.74953,46.94485]]],[[[4.75013,46.95776],[4.74945,46.95712],[4.7477,46.95589],[4.7467,46.9566],[4.74692,46.95679],[4.74668,46.95693],[4.74677,46.95713],[4.74691,46.95722],[4.74663,46.95735],[4.74732,46.9581],[4.74745,46.95804],[4.74753,46.95818],[4.74857,46.95807],[4.75013,46.95776]]],[[[4.74918,46.94495],[4.74757,46.94518],[4.74824,46.94589],[4.74837,46.94593],[4.74909,46.94585],[4.74902,46.94561],[4.74884,46.94564],[4.74882,46.94559],[4.74943,46.94549],[4.74918,46.94495]]],[[[4.7471,46.95205],[4.74542,46.95298],[4.74539,46.95306],[4.74605,46.954],[4.7468,46.95436],[4.74744,46.95414],[4.74897,46.95292],[4.7471,46.95205]]],[[[4.74823,46.94594],[4.74741,46.94521],[4.74635,46.94534],[4.7463,46.94525],[4.74559,46.94504],[4.74486,46.94494],[4.74383,46.94467],[4.74258,46.9445],[4.74302,46.94504],[4.74379,46.94644],[4.74526,46.94633],[4.74685,46.94612],[4.74692,46.94597],[4.74723,46.94592],[4.74721,46.94586],[4.7476,46.94581],[4.74756,46.94601],[4.74823,46.94594]]],[[[4.74677,46.94389],[4.74611,46.94322],[4.74569,46.94261],[4.74558,46.94255],[4.74483,46.94248],[4.74335,46.94204],[4.7423,46.94179],[4.74294,46.94274],[4.74132,46.94334],[4.74253,46.94444],[4.74383,46.94463],[4.74466,46.94486],[4.74569,46.94503],[4.74649,46.94527],[4.74751,46.94517],[4.74733,46.94474],[4.74677,46.94389]]],[[[4.74637,46.95153],[4.74506,46.95056],[4.74511,46.95054],[4.74489,46.95017],[4.74467,46.94916],[4.74433,46.94956],[4.74284,46.95002],[4.74319,46.95078],[4.74354,46.95114],[4.74376,46.95156],[4.74529,46.95299],[4.74689,46.95206],[4.74637,46.95153]]],[[[4.74642,46.95929],[4.74564,46.95865],[4.74547,46.95841],[4.74569,46.95815],[4.74598,46.95806],[4.74519,46.9572],[4.74557,46.95698],[4.74532,46.9568],[4.74438,46.95646],[4.74423,46.95652],[4.74407,46.95708],[4.74426,46.95717],[4.74479,46.95699],[4.74492,46.95713],[4.74461,46.95731],[4.74436,46.95737],[4.74427,46.95753],[4.74412,46.95746],[4.7439,46.95759],[4.74375,46.9584],[4.7432,46.95879],[4.74299,46.95907],[4.74166,46.95937],[4.74248,46.96011],[4.74277,46.96025],[4.74305,46.96028],[4.74435,46.96008],[4.74553,46.96019],[4.74588,46.96015],[4.74613,46.96001],[4.74695,46.95925],[4.7468,46.95913],[4.74654,46.95928],[4.74642,46.95929]]],[[[4.74632,46.95537],[4.74595,46.95502],[4.74605,46.95497],[4.74526,46.95436],[4.74451,46.95469],[4.74465,46.95519],[4.74473,46.95523],[4.74524,46.95538],[4.74606,46.95539],[4.74662,46.95569],[4.74672,46.95558],[4.74632,46.95537]]],[[[4.74533,46.95309],[4.7446,46.95357],[4.7445,46.95381],[4.74443,46.95428],[4.74448,46.95459],[4.74547,46.95391],[4.74556,46.95397],[4.74582,46.95384],[4.74533,46.95309]]],[[[4.74527,46.95303],[4.7438,46.95171],[4.74343,46.95119],[4.74282,46.95142],[4.74315,46.95197],[4.74302,46.95202],[4.74325,46.95255],[4.74354,46.95295],[4.7434,46.95293],[4.74333,46.95282],[4.74327,46.95285],[4.74317,46.95279],[4.74321,46.95269],[4.74281,46.9523],[4.74272,46.95204],[4.74237,46.9515],[4.7434,46.95114],[4.74308,46.9508],[4.74268,46.95004],[4.74117,46.95043],[4.7415,46.9508],[4.74143,46.95082],[4.74152,46.9511],[4.74143,46.95112],[4.74098,46.95122],[4.74061,46.95074],[4.74074,46.9507],[4.74048,46.95029],[4.73877,46.9509],[4.73969,46.95204],[4.73975,46.95202],[4.73981,46.95209],[4.73969,46.95213],[4.73978,46.95232],[4.74031,46.95311],[4.74022,46.95318],[4.74032,46.95332],[4.74011,46.95339],[4.74026,46.95354],[4.74039,46.95349],[4.74039,46.95355],[4.73965,46.95392],[4.73999,46.95417],[4.73984,46.95425],[4.74061,46.95468],[4.74218,46.95513],[4.7424,46.95526],[4.74265,46.95567],[4.74333,46.95596],[4.74377,46.95579],[4.74458,46.95562],[4.74436,46.95442],[4.74442,46.95407],[4.74437,46.95372],[4.7444,46.95362],[4.74527,46.95303]]],[[[4.74463,46.95579],[4.74432,46.95637],[4.74481,46.95659],[4.74532,46.9562],[4.7449,46.95569],[4.74463,46.95579]]],[[[4.74463,46.94912],[4.74445,46.94784],[4.74416,46.94743],[4.74419,46.94705],[4.74378,46.9465],[4.74331,46.94656],[4.74091,46.94731],[4.74165,46.94822],[4.74194,46.94897],[4.74256,46.94989],[4.74267,46.94996],[4.74391,46.94959],[4.74425,46.94942],[4.74463,46.94912]]],[[[4.74414,46.95661],[4.74381,46.95642],[4.74392,46.9563],[4.74261,46.95573],[4.742,46.95556],[4.74183,46.95561],[4.74145,46.95556],[4.7414,46.95566],[4.74078,46.95542],[4.74033,46.95509],[4.74018,46.95483],[4.73974,46.95441],[4.73881,46.95365],[4.73822,46.95388],[4.73792,46.9536],[4.73779,46.95326],[4.73822,46.95309],[4.73813,46.95297],[4.73757,46.9525],[4.73681,46.95207],[4.73646,46.9523],[4.73617,46.95239],[4.73412,46.95336],[4.73385,46.95357],[4.73264,46.95415],[4.73226,46.95443],[4.73265,46.95472],[4.73389,46.95507],[4.73484,46.95543],[4.73526,46.95567],[4.73619,46.95639],[4.73666,46.95694],[4.73723,46.95737],[4.73809,46.95796],[4.73897,46.95843],[4.73966,46.95937],[4.74028,46.95929],[4.74017,46.95907],[4.74012,46.95862],[4.74038,46.95858],[4.74046,46.95881],[4.74072,46.95877],[4.74072,46.95895],[4.74102,46.95889],[4.74081,46.95846],[4.74111,46.95834],[4.74112,46.95838],[4.74129,46.95834],[4.74149,46.95849],[4.74142,46.95854],[4.7415,46.95869],[4.74135,46.95873],[4.74134,46.95885],[4.74135,46.95892],[4.74145,46.95892],[4.7416,46.95935],[4.74262,46.95914],[4.743,46.95895],[4.74262,46.95825],[4.7421,46.95751],[4.74109,46.95641],[4.74075,46.95651],[4.74021,46.95678],[4.74051,46.95712],[4.74077,46.9572],[4.7414,46.95757],[4.74148,46.95776],[4.74135,46.95781],[4.74107,46.95753],[4.74034,46.95721],[4.73996,46.95667],[4.73916,46.95633],[4.73928,46.95626],[4.73917,46.95619],[4.73906,46.95627],[4.73889,46.95623],[4.73871,46.95596],[4.73761,46.95545],[4.7373,46.95523],[4.73761,46.95507],[4.73779,46.9552],[4.73785,46.95517],[4.73836,46.95564],[4.73885,46.95596],[4.739,46.95597],[4.7394,46.95572],[4.73955,46.95583],[4.74008,46.9559],[4.74035,46.95609],[4.74075,46.95618],[4.74079,46.95613],[4.74122,46.95608],[4.7416,46.95613],[4.74267,46.95652],[4.74337,46.95666],[4.74385,46.95687],[4.74412,46.95674],[4.74414,46.95661]]],[[[4.74365,46.94645],[4.74323,46.94546],[4.74262,46.9446],[4.74126,46.94335],[4.73945,46.94396],[4.73933,46.94381],[4.73838,46.94412],[4.73871,46.94465],[4.73958,46.94551],[4.73998,46.9463],[4.74089,46.94724],[4.74365,46.94645]]],[[[4.74255,46.94998],[4.74182,46.94892],[4.74167,46.94845],[4.74147,46.9481],[4.74067,46.94716],[4.73959,46.94757],[4.73962,46.94771],[4.73943,46.94782],[4.73824,46.94834],[4.73872,46.94901],[4.73995,46.94861],[4.74,46.94872],[4.73898,46.94912],[4.73912,46.94934],[4.74019,46.94897],[4.74107,46.9503],[4.74194,46.95016],[4.74255,46.94998]]],[[[4.73982,46.94616],[4.73944,46.94544],[4.73878,46.94484],[4.7384,46.94433],[4.73697,46.94472],[4.73602,46.94507],[4.73567,46.94527],[4.73578,46.94536],[4.73534,46.94585],[4.73456,46.9459],[4.73516,46.9462],[4.73544,46.94596],[4.73625,46.94678],[4.73655,46.94736],[4.7366,46.94768],[4.7368,46.94775],[4.73726,46.94759],[4.73771,46.9484],[4.73953,46.94771],[4.73897,46.94706],[4.7392,46.94722],[4.73945,46.94756],[4.74063,46.94711],[4.73982,46.94616]]],[[[4.73988,46.95041],[4.73921,46.94968],[4.7391,46.94967],[4.73868,46.94989],[4.73834,46.94977],[4.73792,46.94991],[4.73812,46.9502],[4.73889,46.95078],[4.73988,46.95041]]],[[[4.73973,46.9596],[4.73905,46.95857],[4.73882,46.95837],[4.7381,46.95801],[4.73718,46.95739],[4.73658,46.95693],[4.73618,46.95645],[4.73562,46.95598],[4.73501,46.95555],[4.7334,46.95495],[4.73265,46.95475],[4.73255,46.95481],[4.73275,46.95508],[4.73304,46.95576],[4.73378,46.95687],[4.73396,46.95731],[4.73396,46.95761],[4.73414,46.95787],[4.73408,46.95797],[4.73413,46.95823],[4.73443,46.9591],[4.73527,46.96004],[4.73577,46.96042],[4.73594,46.96033],[4.73664,46.96095],[4.73673,46.96092],[4.73667,46.9602],[4.73697,46.95994],[4.73631,46.95931],[4.73639,46.95929],[4.73708,46.95995],[4.73869,46.95979],[4.73973,46.9596]]]]}},{"type":"Feature","properties":{"id":"appellation-maranges","kind":"appellation","level":"village","name":"Maranges","full":"Maranges","app":"Maranges","region":"cote-de-beaune","communes":["Cheilly-lès-Maranges","Dezize-lès-Maranges","Sampigny-lès-Maranges"],"area_ha":233.2,"elev":[222.6,289.7,430.6],"slope":7.3,"slope_pct":13.0,"aspect":186,"aspect_label":"S","aspect_hist":[0.008,0.021,0.054,0.225,0.424,0.233,0.034,0.002],"village":null,"pc_area_ha":93.03,"n_climats":7,"white":true},"geometry":{"type":"MultiPolygon","coordinates":[[[[4.68354,46.90276],[4.68135,46.9011],[4.68064,46.90126],[4.68009,46.90172],[4.68123,46.90272],[4.68237,46.90347],[4.68354,46.90276]]],[[[4.68163,46.90024],[4.68095,46.89921],[4.68073,46.89834],[4.68035,46.89841],[4.67982,46.89764],[4.6804,46.89742],[4.6789,46.89602],[4.67609,46.897],[4.67606,46.89696],[4.67561,46.89711],[4.67595,46.89774],[4.67726,46.89868],[4.6783,46.89987],[4.67902,46.90054],[4.68005,46.90169],[4.68051,46.90128],[4.68072,46.90117],[4.68219,46.9009],[4.68163,46.90024]]],[[[4.68113,46.90314],[4.67978,46.90219],[4.67927,46.90192],[4.67841,46.90157],[4.67751,46.9013],[4.67651,46.90111],[4.67522,46.901],[4.67201,46.9011],[4.6724,46.90166],[4.67272,46.90251],[4.67396,46.90391],[4.67394,46.90428],[4.67403,46.9046],[4.67505,46.90536],[4.67568,46.90496],[4.67845,46.90366],[4.6803,46.90464],[4.68212,46.90372],[4.68113,46.90314]]],[[[4.68001,46.90177],[4.67968,46.9019],[4.68098,46.90266],[4.68102,46.90264],[4.68001,46.90177]]],[[[4.67998,46.90174],[4.67813,46.89983],[4.67733,46.89887],[4.67696,46.89856],[4.67588,46.89884],[4.67508,46.89913],[4.67432,46.89962],[4.67373,46.89982],[4.67363,46.89991],[4.67361,46.89979],[4.67315,46.89982],[4.67065,46.90036],[4.67178,46.90091],[4.67463,46.90074],[4.67576,46.90078],[4.67665,46.9009],[4.67811,46.90126],[4.67966,46.90189],[4.67998,46.90174]]],[[[4.67684,46.89854],[4.67586,46.89782],[4.67548,46.89715],[4.67381,46.89767],[4.67405,46.89793],[4.67347,46.89826],[4.67235,46.89861],[4.672,46.89856],[4.66966,46.89921],[4.66991,46.89998],[4.6699,46.90039],[4.67059,46.90033],[4.67269,46.89986],[4.67415,46.89964],[4.67448,46.89947],[4.67497,46.89907],[4.675,46.8991],[4.67563,46.89886],[4.67684,46.89854]]],[[[4.67496,46.90535],[4.67398,46.90463],[4.67386,46.90388],[4.67265,46.90248],[4.67235,46.90166],[4.67196,46.90112],[4.67117,46.90117],[4.66988,46.90148],[4.66981,46.90155],[4.66965,46.90239],[4.67027,46.90337],[4.67055,46.90465],[4.6725,46.90602],[4.67292,46.90644],[4.67496,46.90535]]],[[[4.67212,46.9058],[4.67131,46.90531],[4.67179,46.90705],[4.67286,46.90647],[4.67212,46.9058]]],[[[4.67194,46.91038],[4.67178,46.91042],[4.67177,46.91008],[4.67185,46.90884],[4.6712,46.90876],[4.67006,46.90882],[4.66782,46.90873],[4.6671,46.9088],[4.66695,46.90894],[4.66599,46.91201],[4.66632,46.91211],[4.66624,46.91225],[4.66721,46.9126],[4.66731,46.9126],[4.66743,46.91246],[4.66786,46.9126],[4.66878,46.9127],[4.66925,46.91222],[4.67186,46.91121],[4.67187,46.91091],[4.67196,46.91091],[4.67202,46.91057],[4.67194,46.91038]]],[[[4.67165,46.90093],[4.67061,46.90039],[4.66979,46.90047],[4.66973,46.90075],[4.66978,46.90116],[4.67058,46.901],[4.67165,46.90093]]],[[[4.66646,46.9068],[4.66595,46.90513],[4.66615,46.90493],[4.66608,46.90439],[4.66618,46.90455],[4.66619,46.90495],[4.66599,46.90514],[4.6662,46.90589],[4.66989,46.90595],[4.67047,46.90561],[4.67059,46.90549],[4.67058,46.90536],[4.67102,46.9051],[4.67063,46.90479],[4.67047,46.90486],[4.67028,46.90364],[4.66886,46.90378],[4.66718,46.90404],[4.66673,46.90405],[4.66575,46.90392],[4.66445,46.90523],[4.66461,46.90564],[4.66441,46.9052],[4.66573,46.90385],[4.66551,46.90371],[4.66539,46.90371],[4.66451,46.90383],[4.66403,46.90407],[4.66382,46.90406],[4.66222,46.90502],[4.66075,46.90608],[4.65937,46.9066],[4.65886,46.90695],[4.65862,46.90699],[4.65829,46.90723],[4.65809,46.90724],[4.65773,46.9074],[4.65605,46.9077],[4.65565,46.90839],[4.65567,46.90864],[4.656,46.90847],[4.65712,46.90811],[4.65751,46.90804],[4.65797,46.90785],[4.65878,46.90774],[4.66,46.90729],[4.65993,46.90721],[4.65997,46.90716],[4.6612,46.90658],[4.66147,46.90649],[4.66197,46.90641],[4.66147,46.9065],[4.66116,46.90663],[4.66003,46.90715],[4.66008,46.90727],[4.65997,46.90734],[4.65887,46.90776],[4.65929,46.90853],[4.65935,46.90874],[4.66057,46.90864],[4.6628,46.9087],[4.66313,46.90877],[4.66349,46.90897],[4.66381,46.90905],[4.66624,46.90877],[4.66807,46.90865],[4.67013,46.90877],[4.67109,46.9087],[4.67186,46.90875],[4.67175,46.90715],[4.6713,46.90545],[4.67123,46.90524],[4.6711,46.90513],[4.67069,46.90533],[4.67062,46.90554],[4.67032,46.90578],[4.66988,46.90599],[4.66621,46.90593],[4.66646,46.9068]]],[[[4.67026,46.90349],[4.66956,46.90234],[4.66973,46.90144],[4.66755,46.90204],[4.6652,46.9032],[4.66518,46.90315],[4.66428,46.90377],[4.66436,46.90383],[4.66542,46.90366],[4.66591,46.90387],[4.66677,46.90401],[4.66797,46.9039],[4.66865,46.90376],[4.67022,46.90358],[4.67026,46.90349]]],[[[4.66983,46.90005],[4.66967,46.89954],[4.66824,46.89999],[4.66738,46.90017],[4.66544,46.90085],[4.66489,46.90111],[4.66477,46.90107],[4.66405,46.90152],[4.66467,46.90212],[4.66512,46.90304],[4.66585,46.90261],[4.667,46.90208],[4.66857,46.90148],[4.66968,46.90119],[4.66962,46.90077],[4.66983,46.90005]]],[[[4.66698,46.90878],[4.66362,46.9092],[4.6626,46.90945],[4.66249,46.9096],[4.66307,46.90953],[4.66455,46.90922],[4.66645,46.90897],[4.66695,46.90887],[4.66698,46.90878]]],[[[4.66693,46.90892],[4.66228,46.90969],[4.66128,46.91015],[4.65918,46.91086],[4.65896,46.91098],[4.65896,46.91106],[4.65945,46.91114],[4.66,46.91113],[4.66044,46.91117],[4.66103,46.91103],[4.66196,46.91089],[4.66255,46.91085],[4.66328,46.91085],[4.66534,46.91051],[4.66588,46.91062],[4.66629,46.91093],[4.66693,46.90892]]],[[[4.666,46.91072],[4.66568,46.91058],[4.66514,46.91056],[4.66323,46.91088],[4.66198,46.91092],[4.66043,46.9112],[4.65945,46.91117],[4.65872,46.91108],[4.65837,46.91124],[4.65842,46.9113],[4.65813,46.91141],[4.65798,46.91158],[4.65771,46.91158],[4.65762,46.91174],[4.65734,46.9119],[4.65771,46.91232],[4.6584,46.91244],[4.65832,46.91255],[4.6585,46.91292],[4.6584,46.91296],[4.65857,46.91305],[4.65894,46.91356],[4.65911,46.91344],[4.65958,46.91333],[4.65972,46.91332],[4.65974,46.91337],[4.66,46.91328],[4.66008,46.91352],[4.6603,46.91347],[4.66023,46.91324],[4.66038,46.9132],[4.66056,46.91301],[4.66079,46.91296],[4.66084,46.91302],[4.66103,46.91299],[4.66114,46.91313],[4.66142,46.91307],[4.6618,46.91289],[4.66169,46.91281],[4.66264,46.91251],[4.66262,46.91246],[4.66282,46.91242],[4.6628,46.91233],[4.66319,46.91226],[4.66319,46.91207],[4.66352,46.91202],[4.6635,46.91235],[4.66374,46.91236],[4.66374,46.91227],[4.66399,46.91227],[4.664,46.91243],[4.66413,46.91244],[4.6642,46.91226],[4.66452,46.91232],[4.66453,46.91212],[4.6648,46.91215],[4.66477,46.91255],[4.66596,46.91201],[4.66629,46.91096],[4.666,46.91072]]],[[[4.6651,46.90301],[4.66464,46.90209],[4.66416,46.90163],[4.66397,46.90172],[4.66283,46.90267],[4.66323,46.90306],[4.66198,46.9038],[4.66175,46.90404],[4.66276,46.90402],[4.6635,46.90384],[4.6651,46.90301]]],[[[4.66356,46.90916],[4.66297,46.90881],[4.6627,46.90878],[4.66092,46.90871],[4.65993,46.90874],[4.65889,46.90887],[4.65861,46.90937],[4.65877,46.91002],[4.66271,46.90935],[4.66356,46.90916]]],[[[4.6629,46.90406],[4.66162,46.90412],[4.66007,46.90445],[4.65787,46.90516],[4.65747,46.90519],[4.65758,46.90547],[4.65723,46.90554],[4.65737,46.90631],[4.65722,46.90649],[4.65694,46.90659],[4.65625,46.90716],[4.65614,46.90744],[4.65653,46.90741],[4.65731,46.90724],[4.658,46.90695],[4.65864,46.90675],[4.65961,46.90623],[4.66031,46.90598],[4.66148,46.90527],[4.66144,46.90522],[4.66172,46.90508],[4.66208,46.90476],[4.6621,46.90462],[4.66259,46.90447],[4.663,46.90421],[4.6629,46.90406]]],[[[4.66245,46.90952],[4.65764,46.91031],[4.65779,46.9106],[4.65752,46.91068],[4.6576,46.91111],[4.65782,46.9111],[4.65789,46.91125],[4.65822,46.91126],[4.65939,46.91075],[4.66131,46.91011],[4.66239,46.90959],[4.66245,46.90952]]],[[[4.65932,46.90876],[4.65875,46.90777],[4.65797,46.90786],[4.6575,46.90805],[4.65595,46.9085],[4.65567,46.90866],[4.65569,46.90884],[4.65556,46.90913],[4.65932,46.90876]]],[[[4.65834,46.91324],[4.65824,46.91345],[4.65777,46.91342],[4.65786,46.91335],[4.65799,46.91299],[4.65811,46.91293],[4.65782,46.9127],[4.65804,46.91264],[4.65786,46.91236],[4.65747,46.91241],[4.65729,46.91249],[4.65696,46.91283],[4.65705,46.91288],[4.65679,46.91305],[4.65697,46.91392],[4.65688,46.91422],[4.65708,46.91452],[4.65703,46.91463],[4.65709,46.91469],[4.65701,46.91471],[4.65719,46.91503],[4.65754,46.9154],[4.65877,46.91554],[4.65892,46.91468],[4.65876,46.91411],[4.65881,46.91386],[4.65897,46.91381],[4.65834,46.91324]]],[[[4.65871,46.90892],[4.65572,46.90918],[4.65562,46.90925],[4.65598,46.90995],[4.65685,46.90994],[4.65735,46.91012],[4.65751,46.91027],[4.65866,46.91004],[4.65852,46.9094],[4.65871,46.90892]]],[[[4.65828,46.91646],[4.6578,46.91578],[4.65713,46.91507],[4.65646,46.91501],[4.65639,46.91504],[4.65621,46.91554],[4.65619,46.9156],[4.65633,46.91563],[4.65621,46.91583],[4.65642,46.9159],[4.65679,46.91584],[4.65702,46.91593],[4.65698,46.91603],[4.65672,46.9161],[4.65669,46.91602],[4.65647,46.91606],[4.65634,46.91616],[4.65617,46.91617],[4.65614,46.9161],[4.65602,46.91615],[4.65577,46.91691],[4.65612,46.91692],[4.65613,46.91718],[4.65665,46.91698],[4.65701,46.91716],[4.65767,46.91674],[4.65828,46.91646]]],[[[4.65709,46.90579],[4.65697,46.90537],[4.65675,46.90538],[4.65681,46.90571],[4.65646,46.90575],[4.65638,46.9055],[4.65627,46.90555],[4.65634,46.9058],[4.65617,46.90582],[4.65612,46.90561],[4.65436,46.90633],[4.65428,46.90624],[4.65396,46.90617],[4.65419,46.90655],[4.65388,46.90665],[4.65426,46.90706],[4.65406,46.90685],[4.65345,46.90701],[4.65366,46.90736],[4.65325,46.90754],[4.65354,46.90752],[4.65475,46.90763],[4.65537,46.90759],[4.65612,46.9074],[4.65626,46.90712],[4.65671,46.90671],[4.6573,46.9063],[4.65723,46.90577],[4.65709,46.90579]]],[[[4.65683,46.91393],[4.65666,46.91322],[4.65617,46.91323],[4.65591,46.91362],[4.65556,46.91389],[4.65539,46.91397],[4.65437,46.91419],[4.65458,46.91465],[4.65463,46.91497],[4.65457,46.91517],[4.65435,46.91544],[4.65502,46.91554],[4.65616,46.91545],[4.65637,46.91483],[4.65666,46.91444],[4.65678,46.91415],[4.65683,46.91393]]],[[[4.65609,46.91291],[4.65585,46.91293],[4.65587,46.91264],[4.65576,46.91221],[4.65515,46.91199],[4.6551,46.91217],[4.65451,46.91205],[4.65391,46.91227],[4.65401,46.91266],[4.65429,46.91291],[4.65438,46.91313],[4.65425,46.9136],[4.65435,46.91416],[4.65539,46.91394],[4.65575,46.91375],[4.65599,46.91345],[4.65608,46.9132],[4.65625,46.91319],[4.65624,46.91302],[4.65609,46.91291]]],[[[4.65595,46.90768],[4.65354,46.9081],[4.6538,46.90944],[4.65444,46.90928],[4.65457,46.90943],[4.65518,46.90919],[4.65547,46.90915],[4.65563,46.90889],[4.65558,46.90843],[4.65598,46.90777],[4.65595,46.90768]]],[[[4.65615,46.91548],[4.65478,46.91558],[4.65417,46.91542],[4.65397,46.91561],[4.65379,46.91601],[4.65386,46.91621],[4.6537,46.91638],[4.65358,46.91641],[4.65373,46.91663],[4.65422,46.91655],[4.65408,46.91626],[4.65446,46.9161],[4.6547,46.91623],[4.65596,46.91607],[4.65615,46.91548]]],[[[4.65528,46.91073],[4.65508,46.91017],[4.65523,46.91012],[4.65518,46.90999],[4.65453,46.90983],[4.65451,46.9099],[4.65411,46.90994],[4.65441,46.91061],[4.65507,46.91062],[4.65511,46.91075],[4.65528,46.91073]]],[[[4.65454,46.91462],[4.65434,46.91419],[4.65419,46.91419],[4.65433,46.91417],[4.65422,46.91362],[4.65435,46.91314],[4.65427,46.91296],[4.65397,46.91266],[4.65371,46.9116],[4.65317,46.91167],[4.65309,46.91173],[4.65269,46.91183],[4.65179,46.91182],[4.65048,46.91192],[4.64931,46.91207],[4.6488,46.91223],[4.64918,46.91387],[4.64953,46.91391],[4.65128,46.91378],[4.65187,46.91383],[4.65225,46.91402],[4.65311,46.91485],[4.6542,46.91539],[4.65439,46.91535],[4.65452,46.91518],[4.65459,46.91498],[4.65454,46.91462]]],[[[4.65383,46.90994],[4.65351,46.90973],[4.65305,46.90993],[4.65312,46.91002],[4.653,46.91006],[4.65353,46.91058],[4.65403,46.91044],[4.65383,46.90994]]],[[[4.65415,46.91542],[4.65308,46.91488],[4.65227,46.91408],[4.65183,46.91384],[4.65044,46.91384],[4.64926,46.91399],[4.64933,46.91412],[4.64923,46.91491],[4.64937,46.91526],[4.64933,46.91571],[4.6498,46.91571],[4.6507,46.91642],[4.65193,46.91705],[4.6522,46.91682],[4.65247,46.91671],[4.65295,46.91664],[4.65281,46.91642],[4.65163,46.91577],[4.65166,46.91569],[4.65141,46.91524],[4.65168,46.91572],[4.65288,46.91645],[4.65304,46.91632],[4.65328,46.91655],[4.65337,46.91644],[4.65376,46.91629],[4.65374,46.916],[4.65393,46.91565],[4.65415,46.91542]]],[[[4.65359,46.9108],[4.65337,46.91054],[4.65312,46.91064],[4.65294,46.91041],[4.65297,46.91047],[4.65267,46.91059],[4.65258,46.91111],[4.65259,46.91181],[4.65288,46.91178],[4.65316,46.91166],[4.6537,46.91157],[4.65359,46.9108]]],[[[4.65251,46.91179],[4.65261,46.91009],[4.65245,46.91011],[4.65245,46.91016],[4.65238,46.91011],[4.65209,46.91018],[4.65205,46.91003],[4.65072,46.91007],[4.64971,46.9102],[4.64918,46.91041],[4.6483,46.91058],[4.64821,46.91069],[4.64843,46.91113],[4.64876,46.91218],[4.64928,46.91204],[4.6502,46.91191],[4.65171,46.9118],[4.65251,46.91179]]]]}},{"type":"Feature","properties":{"id":"appellation-pernand-vergelesses","kind":"appellation","level":"village","name":"Pernand-Vergelesses","full":"Pernand-Vergelesses","app":"Pernand-Vergelesses","region":"cote-de-beaune","communes":["Pernand-Vergelesses"],"area_ha":182.71,"elev":[238.9,307.9,403.0],"slope":9.4,"slope_pct":16.8,"aspect":155,"aspect_label":"SSE","aspect_hist":[0.007,0.07,0.263,0.234,0.13,0.188,0.1,0.007],"village":"pernand-vergelesses","pc_area_ha":68.3,"n_climats":8,"white":true},"geometry":{"type":"MultiPolygon","coordinates":[[[[4.86648,47.08657],[4.86599,47.08635],[4.8634,47.08556],[4.86366,47.08607],[4.8636,47.08622],[4.86329,47.08652],[4.86273,47.08678],[4.86209,47.08729],[4.86165,47.08752],[4.86138,47.08876],[4.86183,47.08869],[4.86198,47.08879],[4.86269,47.08897],[4.8632,47.08872],[4.86526,47.08811],[4.86689,47.08787],[4.86679,47.08686],[4.86648,47.08657]]],[[[4.86327,47.0855],[4.86241,47.08489],[4.86144,47.08405],[4.86015,47.08313],[4.85965,47.08351],[4.85886,47.08393],[4.85832,47.08413],[4.85666,47.08456],[4.85521,47.08486],[4.85328,47.08543],[4.85396,47.08622],[4.85438,47.08626],[4.85542,47.08621],[4.85625,47.08626],[4.85741,47.08648],[4.85748,47.08656],[4.85805,47.08657],[4.85812,47.08617],[4.85868,47.08618],[4.85884,47.08558],[4.85972,47.08571],[4.86108,47.0861],[4.86146,47.08657],[4.86112,47.08702],[4.86052,47.08695],[4.86029,47.08746],[4.86042,47.08877],[4.86132,47.08874],[4.86163,47.08748],[4.86202,47.08729],[4.86251,47.08686],[4.86328,47.08649],[4.86357,47.08619],[4.8636,47.08607],[4.86327,47.0855]]],[[[4.86001,47.08302],[4.85823,47.08179],[4.85647,47.08082],[4.85528,47.08043],[4.85459,47.08011],[4.85409,47.07997],[4.85379,47.07998],[4.85386,47.08024],[4.85376,47.08032],[4.85383,47.08047],[4.85323,47.08064],[4.85329,47.08073],[4.85293,47.08099],[4.85273,47.08094],[4.85264,47.08113],[4.85251,47.08194],[4.85277,47.08208],[4.85338,47.08151],[4.8532,47.08136],[4.85332,47.08129],[4.85348,47.08144],[4.85413,47.0812],[4.85488,47.08112],[4.85622,47.08139],[4.85705,47.08185],[4.85795,47.0825],[4.85811,47.08281],[4.85811,47.08317],[4.85837,47.0834],[4.85888,47.08312],[4.8594,47.08324],[4.86001,47.08302]]],[[[4.85982,47.08243],[4.85926,47.08128],[4.85845,47.08059],[4.85713,47.07987],[4.8566,47.0795],[4.85638,47.07977],[4.85575,47.07943],[4.85566,47.0796],[4.85501,47.07945],[4.85512,47.07916],[4.85465,47.07907],[4.85456,47.0794],[4.85406,47.07938],[4.85416,47.07993],[4.8545,47.08],[4.85655,47.08079],[4.85811,47.08161],[4.8591,47.08226],[4.85982,47.08243]]],[[[4.85785,47.0825],[4.85695,47.08187],[4.85623,47.08146],[4.85572,47.0813],[4.8548,47.08116],[4.85385,47.08133],[4.85327,47.08165],[4.85269,47.08225],[4.85252,47.08283],[4.85336,47.08318],[4.85325,47.08284],[4.85315,47.0828],[4.85335,47.08258],[4.85349,47.08228],[4.85354,47.08232],[4.85384,47.08206],[4.85398,47.08226],[4.8551,47.08225],[4.8559,47.08252],[4.85624,47.08279],[4.8566,47.08327],[4.85678,47.08329],[4.85804,47.0828],[4.85785,47.0825]]],[[[4.85412,47.07992],[4.85395,47.079],[4.8531,47.07907],[4.85319,47.07925],[4.85331,47.07922],[4.85337,47.07941],[4.85282,47.0795],[4.85315,47.0801],[4.85381,47.07992],[4.85412,47.07992]]],[[[4.85345,47.06171],[4.85126,47.06217],[4.85187,47.06273],[4.85309,47.06316],[4.85348,47.06245],[4.85345,47.06171]]],[[[4.85189,47.06285],[4.85106,47.06227],[4.84795,47.06318],[4.84677,47.06341],[4.84627,47.06338],[4.84599,47.06312],[4.8458,47.06306],[4.84483,47.0632],[4.84374,47.06323],[4.84509,47.06495],[4.84666,47.06669],[4.8483,47.0702],[4.84839,47.07056],[4.84834,47.07195],[4.84912,47.07243],[4.84961,47.07264],[4.84988,47.07209],[4.84969,47.07185],[4.84975,47.07167],[4.85084,47.07039],[4.85166,47.06888],[4.85188,47.06825],[4.85207,47.06796],[4.85043,47.06748],[4.85045,47.06744],[4.8521,47.0679],[4.85225,47.06774],[4.85237,47.06733],[4.85253,47.06665],[4.85237,47.06627],[4.85248,47.06576],[4.85067,47.06573],[4.85098,47.06569],[4.85249,47.06573],[4.85274,47.06459],[4.85275,47.06381],[4.85285,47.06348],[4.8507,47.06368],[4.85068,47.06365],[4.85288,47.06343],[4.85301,47.06323],[4.85189,47.06285]]],[[[4.8526,47.0844],[4.85267,47.08436],[4.85264,47.0842],[4.85237,47.08326],[4.85232,47.08325],[4.85154,47.08457],[4.85104,47.0851],[4.8504,47.08553],[4.8501,47.08581],[4.8497,47.08624],[4.84943,47.08672],[4.84891,47.08803],[4.84889,47.08889],[4.84879,47.08954],[4.84864,47.08974],[4.84847,47.09045],[4.84846,47.0912],[4.84847,47.09116],[4.84988,47.09132],[4.85,47.09083],[4.85011,47.09084],[4.85018,47.09072],[4.85028,47.09072],[4.8506,47.09006],[4.85042,47.08996],[4.85109,47.08895],[4.85084,47.08887],[4.85066,47.08916],[4.85071,47.08932],[4.8507,47.08942],[4.85066,47.08941],[4.85062,47.08916],[4.85084,47.08872],[4.85114,47.08703],[4.85135,47.08698],[4.85135,47.08689],[4.85167,47.0867],[4.85228,47.08614],[4.85246,47.08583],[4.85272,47.08561],[4.85299,47.08513],[4.8527,47.08447],[4.8526,47.0844]]],[[[4.85233,47.07798],[4.85201,47.07748],[4.85194,47.07777],[4.85191,47.07781],[4.85139,47.07792],[4.85147,47.07813],[4.85193,47.07841],[4.85233,47.07798]]],[[[4.85006,47.08212],[4.84997,47.08226],[4.85042,47.0825],[4.84995,47.083],[4.84976,47.08328],[4.84981,47.08331],[4.84955,47.08354],[4.8489,47.0833],[4.84824,47.08427],[4.84768,47.08481],[4.8472,47.08544],[4.84705,47.08581],[4.84698,47.08628],[4.8465,47.0875],[4.84655,47.0878],[4.84706,47.08838],[4.84722,47.08886],[4.84683,47.09044],[4.84681,47.09105],[4.84823,47.09114],[4.84818,47.09152],[4.84836,47.09154],[4.84842,47.09131],[4.84839,47.0906],[4.84859,47.0897],[4.84873,47.08954],[4.84883,47.08805],[4.84933,47.08678],[4.84969,47.08616],[4.85034,47.08551],[4.8511,47.08495],[4.85145,47.08458],[4.85227,47.08326],[4.85244,47.08187],[4.85127,47.08129],[4.85006,47.08212]],[[4.84946,47.08416],[4.84904,47.08468],[4.84927,47.08486],[4.84871,47.08541],[4.84799,47.08631],[4.84795,47.08625],[4.84852,47.08558],[4.84919,47.08491],[4.84896,47.08464],[4.84946,47.08416]]],[[[4.852,47.07746],[4.85169,47.07673],[4.85176,47.07669],[4.85167,47.07653],[4.85115,47.07664],[4.85141,47.0773],[4.85139,47.07791],[4.85192,47.07777],[4.852,47.07746]]],[[[4.8511,47.07668],[4.85006,47.07532],[4.84981,47.07478],[4.8495,47.07548],[4.8503,47.07752],[4.85026,47.07806],[4.85001,47.07838],[4.85038,47.07853],[4.8513,47.07799],[4.85138,47.07742],[4.8511,47.07668]]],[[[4.84962,47.07272],[4.84833,47.072],[4.84846,47.07279],[4.84915,47.07431],[4.84944,47.07526],[4.84971,47.07475],[4.84995,47.07338],[4.84962,47.07272]]],[[[4.85004,47.07766],[4.84931,47.0777],[4.84818,47.07765],[4.8478,47.0782],[4.84869,47.07831],[4.84866,47.07844],[4.84924,47.07856],[4.84931,47.07842],[4.84963,47.0785],[4.84995,47.07814],[4.8498,47.07812],[4.8499,47.07783],[4.85004,47.07783],[4.85004,47.07766]]],[[[4.84997,47.07735],[4.84961,47.07737],[4.84958,47.07719],[4.84991,47.07717],[4.8499,47.07712],[4.84893,47.07421],[4.84849,47.07344],[4.84816,47.0724],[4.84813,47.07114],[4.84777,47.07092],[4.84609,47.07125],[4.84507,47.07107],[4.84418,47.07098],[4.8441,47.07157],[4.84482,47.07238],[4.84499,47.07232],[4.84519,47.07284],[4.84551,47.07532],[4.84555,47.07628],[4.84572,47.07658],[4.84648,47.07707],[4.84722,47.07737],[4.84697,47.07626],[4.84689,47.07548],[4.84657,47.07478],[4.84618,47.07357],[4.84695,47.07554],[4.84705,47.07636],[4.84733,47.07743],[4.84742,47.07752],[4.84791,47.0776],[4.84931,47.07766],[4.85003,47.0776],[4.84997,47.07735]]],[[[4.84947,47.07866],[4.84864,47.07845],[4.84867,47.07832],[4.8478,47.07821],[4.84673,47.07982],[4.84573,47.08118],[4.84516,47.08226],[4.84575,47.0821],[4.84619,47.08219],[4.84708,47.0822],[4.84724,47.08173],[4.84818,47.08036],[4.84786,47.08026],[4.84797,47.08009],[4.84829,47.08019],[4.84868,47.07964],[4.84835,47.07954],[4.84854,47.07925],[4.84887,47.07936],[4.84901,47.07918],[4.84866,47.07904],[4.84893,47.07872],[4.8493,47.07885],[4.84947,47.07866]]],[[[4.84792,47.08312],[4.84784,47.08354],[4.84749,47.08403],[4.8472,47.08436],[4.84626,47.08502],[4.84583,47.08543],[4.8447,47.08684],[4.8446,47.08706],[4.84448,47.08773],[4.84523,47.08887],[4.84531,47.08918],[4.84525,47.08979],[4.84494,47.09094],[4.845,47.09152],[4.84553,47.09143],[4.84553,47.09114],[4.84673,47.0911],[4.84679,47.09016],[4.84714,47.08886],[4.84707,47.08859],[4.84649,47.08785],[4.84643,47.0875],[4.84669,47.08664],[4.84694,47.08613],[4.84701,47.08565],[4.84712,47.08544],[4.84756,47.08485],[4.8482,47.08418],[4.84875,47.08341],[4.84792,47.08312]]],[[[4.84818,47.07044],[4.84635,47.06663],[4.84506,47.06523],[4.84396,47.06378],[4.8436,47.06463],[4.84313,47.06491],[4.84322,47.06564],[4.84347,47.06622],[4.84421,47.06709],[4.84496,47.06772],[4.84564,47.06868],[4.846,47.06892],[4.84656,47.06946],[4.84699,47.06973],[4.84777,47.07085],[4.84813,47.07106],[4.84821,47.07077],[4.84818,47.07044]]],[[[4.84728,47.07763],[4.84713,47.07811],[4.84774,47.07819],[4.84806,47.07764],[4.84743,47.07757],[4.84728,47.07763]]],[[[4.84769,47.07088],[4.84706,47.06987],[4.84662,47.06953],[4.84396,47.07008],[4.84411,47.07042],[4.84418,47.07096],[4.84508,47.07104],[4.84604,47.07122],[4.84769,47.07088]]],[[[4.84696,47.07837],[4.84492,47.07963],[4.84409,47.08061],[4.84304,47.08106],[4.84293,47.08099],[4.84258,47.08114],[4.8429,47.08149],[4.84243,47.08167],[4.84142,47.08187],[4.84184,47.08244],[4.84288,47.08276],[4.84311,47.08266],[4.84407,47.08258],[4.84461,47.08234],[4.84506,47.08227],[4.84565,47.08119],[4.84774,47.0782],[4.84712,47.07812],[4.84696,47.07837]]],[[[4.8464,47.07706],[4.84568,47.07658],[4.84552,47.07629],[4.84577,47.07733],[4.84715,47.0774],[4.8464,47.07706]]],[[[4.84618,47.08221],[4.84575,47.08212],[4.84513,47.08229],[4.84428,47.08349],[4.84495,47.08369],[4.84504,47.08386],[4.84604,47.08394],[4.84641,47.08384],[4.84675,47.0833],[4.84706,47.08224],[4.84618,47.08221]]],[[[4.84462,47.08236],[4.84412,47.08259],[4.84314,47.08267],[4.84286,47.0828],[4.84371,47.08334],[4.84418,47.08351],[4.84505,47.0823],[4.84462,47.08236]]]]}},{"type":"Feature","properties":{"id":"appellation-auxey-duresses","kind":"appellation","level":"village","name":"Auxey-Duresses","full":"Auxey-Duresses","app":"Auxey-Duresses","region":"cote-de-beaune","communes":["Auxey-Duresses"],"area_ha":172.58,"elev":[247.0,299.3,413.9],"slope":10.4,"slope_pct":18.8,"aspect":158,"aspect_label":"SSE","aspect_hist":[0.131,0.081,0.038,0.292,0.374,0.051,0.004,0.029],"village":"auxey-duresses","pc_area_ha":31.78,"n_climats":9,"white":true},"geometry":{"type":"MultiPolygon","coordinates":[[[[4.76212,46.98837],[4.76109,46.98764],[4.76035,46.98728],[4.75984,46.98736],[4.75564,46.9875],[4.75558,46.98757],[4.75661,46.98833],[4.75712,46.98853],[4.75778,46.98863],[4.75937,46.98872],[4.7622,46.98853],[4.76212,46.98837]]],[[[4.76218,46.98834],[4.76198,46.98714],[4.76134,46.98722],[4.76036,46.98723],[4.76106,46.98757],[4.76218,46.98834]]],[[[4.76084,46.98524],[4.76032,46.98535],[4.75919,46.98582],[4.7584,46.98604],[4.7568,46.98602],[4.75685,46.9863],[4.75711,46.98658],[4.75898,46.98662],[4.75987,46.98674],[4.75988,46.98654],[4.7601,46.98647],[4.76016,46.98652],[4.76057,46.98632],[4.76053,46.98626],[4.76091,46.98621],[4.76152,46.986],[4.76084,46.98524]]],[[[4.76092,46.98521],[4.75962,46.98413],[4.75944,46.98403],[4.75938,46.98409],[4.75913,46.98389],[4.75895,46.98386],[4.75875,46.98396],[4.75851,46.98374],[4.75834,46.98388],[4.75818,46.98389],[4.75761,46.98321],[4.75703,46.98341],[4.75691,46.98356],[4.75612,46.98393],[4.75558,46.98398],[4.75462,46.98422],[4.75335,46.98438],[4.75277,46.98429],[4.75225,46.98434],[4.75192,46.98428],[4.75145,46.98441],[4.75081,46.9847],[4.75085,46.98492],[4.75203,46.98519],[4.75552,46.98571],[4.75698,46.986],[4.75832,46.98602],[4.75905,46.98583],[4.76039,46.98528],[4.76092,46.98521]]],[[[4.75892,46.99077],[4.75857,46.98878],[4.75704,46.98866],[4.75781,46.99091],[4.75892,46.99077]]],[[[4.75794,46.99138],[4.75698,46.98866],[4.75636,46.98832],[4.75621,46.98847],[4.75599,46.98837],[4.75604,46.9883],[4.75585,46.98852],[4.75535,46.98833],[4.75404,46.98801],[4.75356,46.98796],[4.75114,46.98838],[4.75073,46.9884],[4.75079,46.98907],[4.75102,46.98947],[4.75136,46.98953],[4.7515,46.98934],[4.75184,46.98932],[4.75188,46.98945],[4.75255,46.98953],[4.75339,46.98977],[4.75335,46.98981],[4.7536,46.98989],[4.75352,46.98999],[4.75364,46.99003],[4.7536,46.99009],[4.75497,46.99113],[4.75531,46.99162],[4.75545,46.99198],[4.75794,46.99138]]],[[[4.75546,46.98084],[4.75483,46.98181],[4.7544,46.98231],[4.7543,46.9825],[4.75436,46.9825],[4.75384,46.98329],[4.75279,46.98398],[4.75215,46.98418],[4.75219,46.98429],[4.75286,46.98426],[4.7532,46.98434],[4.75497,46.98412],[4.75549,46.98395],[4.75617,46.98383],[4.75703,46.98337],[4.75751,46.98319],[4.75754,46.98315],[4.75623,46.98148],[4.75546,46.98084]]],[[[4.75611,46.98817],[4.75505,46.98743],[4.75455,46.98727],[4.75448,46.98748],[4.75417,46.98743],[4.75423,46.98728],[4.75411,46.98726],[4.75389,46.98796],[4.75512,46.98824],[4.75584,46.98849],[4.75611,46.98817]]],[[[4.75507,46.98074],[4.75467,46.98086],[4.75438,46.98081],[4.75365,46.98058],[4.7535,46.98059],[4.75252,46.98015],[4.75226,46.98011],[4.75186,46.98062],[4.75143,46.981],[4.75131,46.98128],[4.75104,46.98162],[4.75077,46.98182],[4.7509,46.98256],[4.75036,46.98375],[4.75031,46.98412],[4.75045,46.98429],[4.75046,46.98419],[4.75064,46.98416],[4.75066,46.98421],[4.75075,46.9842],[4.75097,46.98458],[4.75134,46.98441],[4.75104,46.98404],[4.75153,46.98375],[4.75153,46.9834],[4.75229,46.98295],[4.75213,46.98248],[4.75223,46.98255],[4.75233,46.98296],[4.75201,46.98324],[4.7516,46.98344],[4.75163,46.98378],[4.75111,46.98405],[4.75143,46.98436],[4.75283,46.9839],[4.75375,46.98332],[4.75403,46.98298],[4.75435,46.98231],[4.75493,46.98161],[4.75542,46.98082],[4.75507,46.98074]]],[[[4.75314,46.987],[4.75192,46.98705],[4.75145,46.98701],[4.75144,46.98735],[4.75059,46.98734],[4.75076,46.98838],[4.75124,46.98834],[4.75311,46.98799],[4.75355,46.98795],[4.75388,46.98796],[4.75412,46.98717],[4.75314,46.987]]],[[[4.75304,46.99015],[4.75241,46.98989],[4.75143,46.98963],[4.7511,46.98961],[4.75087,46.99016],[4.75107,46.99014],[4.75111,46.98991],[4.75146,46.98989],[4.75198,46.98997],[4.75286,46.99024],[4.75354,46.99065],[4.75343,46.99073],[4.75374,46.99097],[4.75382,46.99092],[4.75398,46.99102],[4.75403,46.991],[4.75365,46.9906],[4.75304,46.99015]]],[[[4.75127,46.97963],[4.75107,46.97957],[4.75105,46.97965],[4.75004,46.97936],[4.74993,46.97954],[4.75018,46.97964],[4.75017,46.97968],[4.75014,46.97973],[4.74972,46.97955],[4.74959,46.9798],[4.74979,46.9799],[4.74944,46.98021],[4.74925,46.98008],[4.74952,46.9799],[4.74932,46.97981],[4.74923,46.97984],[4.74906,46.98],[4.74921,46.9801],[4.74899,46.98025],[4.74883,46.98017],[4.74877,46.98024],[4.74893,46.98033],[4.74877,46.98028],[4.7487,46.98038],[4.74914,46.98068],[4.74877,46.98053],[4.74861,46.98078],[4.74892,46.98097],[4.74869,46.98111],[4.74886,46.98117],[4.74885,46.98127],[4.74876,46.98131],[4.74867,46.98124],[4.74856,46.98133],[4.74867,46.9814],[4.74847,46.98148],[4.74856,46.98155],[4.7477,46.98208],[4.74788,46.98225],[4.7478,46.98228],[4.7476,46.98204],[4.74716,46.98225],[4.74728,46.98241],[4.74737,46.98236],[4.74773,46.9829],[4.74796,46.98298],[4.74827,46.98325],[4.74836,46.98348],[4.74881,46.98402],[4.7489,46.98399],[4.74934,46.98426],[4.74973,46.98436],[4.75004,46.98487],[4.75029,46.9849],[4.75054,46.98484],[4.75058,46.98473],[4.75046,46.98442],[4.75022,46.98416],[4.75062,46.98297],[4.75085,46.98256],[4.75073,46.98201],[4.7497,46.98245],[4.74853,46.98312],[4.74851,46.98311],[4.74969,46.98244],[4.75071,46.98199],[4.75064,46.98177],[4.75012,46.98139],[4.74986,46.98107],[4.75001,46.98105],[4.75008,46.98124],[4.75076,46.9818],[4.75098,46.98164],[4.75138,46.98101],[4.75184,46.98059],[4.75239,46.97991],[4.75132,46.97956],[4.75127,46.97963]]],[[[4.75084,46.98644],[4.75086,46.98691],[4.7519,46.98696],[4.75188,46.98646],[4.75084,46.98644]]],[[[4.75062,46.9884],[4.75003,46.98838],[4.74878,46.98857],[4.74872,46.98873],[4.74833,46.98886],[4.74736,46.98895],[4.7464,46.98894],[4.74637,46.99017],[4.74519,46.99154],[4.74479,46.99175],[4.74492,46.99202],[4.7448,46.99209],[4.74485,46.99216],[4.74538,46.9921],[4.74535,46.992],[4.74604,46.99192],[4.74603,46.99183],[4.74614,46.9918],[4.74638,46.99222],[4.7491,46.99151],[4.75013,46.99113],[4.75063,46.99068],[4.75083,46.98995],[4.75088,46.98967],[4.75062,46.9884]]],[[[4.75049,46.98711],[4.74957,46.9872],[4.74949,46.98731],[4.74912,46.98735],[4.7491,46.9875],[4.74889,46.98762],[4.74875,46.9879],[4.74878,46.98851],[4.75005,46.98834],[4.75066,46.98832],[4.75049,46.98711]]],[[[4.74875,46.98758],[4.7486,46.98737],[4.74824,46.98745],[4.74709,46.98745],[4.74721,46.9889],[4.74835,46.98882],[4.74874,46.98866],[4.7487,46.98789],[4.74884,46.98758],[4.74875,46.98758]]],[[[4.74719,46.9889],[4.74706,46.98745],[4.74661,46.98745],[4.74658,46.98777],[4.74641,46.98776],[4.74641,46.98768],[4.74599,46.98742],[4.74599,46.98704],[4.74542,46.987],[4.74484,46.98686],[4.74417,46.98684],[4.74112,46.98717],[4.73975,46.9875],[4.73872,46.9876],[4.73858,46.98765],[4.73817,46.98803],[4.73849,46.98805],[4.73845,46.98826],[4.73866,46.98824],[4.73889,46.98916],[4.73977,46.98902],[4.74056,46.98895],[4.74169,46.98902],[4.74275,46.98892],[4.74719,46.9889]]],[[[4.74636,46.98894],[4.74272,46.98894],[4.74168,46.98904],[4.74041,46.98897],[4.73867,46.98922],[4.73871,46.98933],[4.73856,46.9894],[4.73833,46.98941],[4.73829,46.98931],[4.73771,46.98934],[4.73732,46.98927],[4.73706,46.98938],[4.73701,46.98934],[4.73672,46.98943],[4.73655,46.98971],[4.73657,46.99005],[4.73637,46.99007],[4.73662,46.99039],[4.73665,46.99061],[4.73701,46.99094],[4.73757,46.99124],[4.73781,46.99119],[4.73784,46.99109],[4.73812,46.991],[4.73813,46.99105],[4.73824,46.99103],[4.73821,46.99078],[4.73827,46.99079],[4.73829,46.99091],[4.73857,46.99085],[4.73851,46.99068],[4.73867,46.99092],[4.73859,46.99095],[4.73862,46.99103],[4.73935,46.9909],[4.73939,46.99099],[4.73947,46.99099],[4.73951,46.99094],[4.73938,46.99067],[4.73959,46.99064],[4.73947,46.99041],[4.7396,46.99037],[4.73986,46.99037],[4.73989,46.99042],[4.74023,46.9904],[4.74025,46.99052],[4.74041,46.99042],[4.74082,46.99039],[4.74143,46.99024],[4.74187,46.99029],[4.74275,46.99024],[4.74308,46.9903],[4.74309,46.99025],[4.74341,46.99026],[4.74342,46.99021],[4.74403,46.99029],[4.744,46.99043],[4.74423,46.99045],[4.74427,46.9903],[4.74462,46.99031],[4.74458,46.9904],[4.74468,46.99044],[4.74475,46.99069],[4.74467,46.99091],[4.74443,46.99112],[4.74418,46.99154],[4.74425,46.99157],[4.74396,46.9919],[4.744,46.99195],[4.74368,46.99193],[4.74383,46.99248],[4.74368,46.99256],[4.74333,46.99311],[4.74363,46.99297],[4.74431,46.99235],[4.7449,46.99202],[4.74474,46.99174],[4.74516,46.99153],[4.74634,46.99016],[4.74636,46.98894]]],[[[4.73688,46.98907],[4.73564,46.98906],[4.73529,46.98916],[4.73471,46.98946],[4.73422,46.98953],[4.7331,46.98985],[4.73231,46.98999],[4.73159,46.99004],[4.73065,46.9902],[4.73013,46.99021],[4.7295,46.99031],[4.73013,46.99019],[4.73069,46.99018],[4.73158,46.99002],[4.732,46.99001],[4.73313,46.98983],[4.73425,46.98949],[4.73473,46.98941],[4.7354,46.98908],[4.73598,46.98902],[4.7364,46.98902],[4.73644,46.98849],[4.7365,46.98848],[4.73647,46.98808],[4.73512,46.98805],[4.73409,46.98834],[4.73295,46.98854],[4.72959,46.9893],[4.72875,46.98957],[4.72669,46.98987],[4.72599,46.99016],[4.72752,46.9918],[4.72885,46.99144],[4.72926,46.99147],[4.72954,46.99136],[4.72996,46.99128],[4.73028,46.99128],[4.73037,46.99136],[4.73068,46.99131],[4.73098,46.99123],[4.73124,46.99103],[4.73145,46.99106],[4.73144,46.99099],[4.73168,46.9909],[4.73186,46.99086],[4.73189,46.99093],[4.73207,46.99092],[4.73206,46.99087],[4.73223,46.99089],[4.73261,46.99072],[4.73305,46.99074],[4.73304,46.99068],[4.73357,46.99057],[4.734,46.99056],[4.73403,46.99066],[4.73407,46.99058],[4.73422,46.9906],[4.73434,46.99046],[4.73437,46.99072],[4.73494,46.99035],[4.73535,46.99018],[4.73599,46.99003],[4.73649,46.99],[4.73652,46.98966],[4.73665,46.98941],[4.737,46.98923],[4.73688,46.98907]]],[[[4.7186,46.98665],[4.71558,46.98498],[4.71277,46.98393],[4.71266,46.98406],[4.71271,46.98422],[4.71295,46.98456],[4.71341,46.98496],[4.71426,46.98521],[4.71435,46.98535],[4.71476,46.98561],[4.71537,46.9859],[4.71478,46.98565],[4.71432,46.98537],[4.71423,46.98524],[4.71343,46.98499],[4.71359,46.9853],[4.71378,46.98544],[4.71336,46.98593],[4.71318,46.98605],[4.71437,46.98745],[4.71432,46.98788],[4.71487,46.98791],[4.71562,46.98763],[4.71684,46.98758],[4.71767,46.98745],[4.71905,46.98692],[4.71898,46.98679],[4.7186,46.98665]]],[[[4.71429,46.98749],[4.71305,46.98601],[4.71027,46.98395],[4.70993,46.98346],[4.70957,46.98315],[4.70897,46.98309],[4.70799,46.98279],[4.70771,46.98276],[4.70745,46.98283],[4.70773,46.98274],[4.70802,46.98277],[4.70898,46.98305],[4.7096,46.98311],[4.70909,46.98244],[4.70925,46.9821],[4.70921,46.98167],[4.70885,46.98119],[4.70867,46.98107],[4.70834,46.98106],[4.70751,46.98116],[4.70654,46.98136],[4.70513,46.98155],[4.70358,46.98164],[4.70197,46.98211],[4.7009,46.98265],[4.70066,46.98272],[4.70255,46.98298],[4.70284,46.98324],[4.70284,46.9834],[4.70242,46.98338],[4.70224,46.98323],[4.70185,46.98327],[4.70214,46.98341],[4.70213,46.98346],[4.70172,46.98344],[4.70166,46.98354],[4.70267,46.98383],[4.70375,46.98404],[4.70398,46.98397],[4.70438,46.98407],[4.70451,46.98397],[4.70492,46.9842],[4.70479,46.98442],[4.70623,46.98499],[4.70645,46.98494],[4.70674,46.98506],[4.70726,46.98516],[4.70722,46.98526],[4.70755,46.98525],[4.70793,46.98534],[4.70797,46.98526],[4.70815,46.9853],[4.70812,46.98546],[4.70838,46.98559],[4.70846,46.98551],[4.70852,46.98562],[4.70868,46.98557],[4.70901,46.98567],[4.70911,46.9856],[4.70913,46.98547],[4.70966,46.98578],[4.71016,46.98595],[4.71102,46.98656],[4.71188,46.98754],[4.71188,46.9878],[4.71219,46.98806],[4.7134,46.98821],[4.71422,46.98816],[4.71429,46.98749]]],[[[4.71353,46.98527],[4.71333,46.98494],[4.71292,46.98457],[4.71271,46.98428],[4.71262,46.98413],[4.71269,46.9839],[4.7121,46.98348],[4.71086,46.98285],[4.70979,46.98195],[4.7093,46.98183],[4.70933,46.98208],[4.70918,46.98244],[4.71044,46.984],[4.71092,46.98429],[4.7113,46.98466],[4.71313,46.98601],[4.71342,46.98581],[4.71373,46.98545],[4.71353,46.98527]]]]}},{"type":"Feature","properties":{"id":"appellation-chorey-les-beaune","kind":"appellation","level":"village","name":"Chorey-lès-Beaune","full":"Chorey-lès-Beaune","app":"Chorey-lès-Beaune","region":"cote-de-beaune","communes":["Chorey-les-Beaune"],"area_ha":152.39,"elev":[220.4,232.3,245.0],"slope":1.2,"slope_pct":2.1,"aspect":153,"aspect_label":"SSE","aspect_hist":[0.17,0.198,0.094,0.089,0.108,0.312,0.017,0.013],"village":null,"pc_area_ha":null,"n_climats":0,"white":true},"geometry":{"type":"MultiPolygon","coordinates":[[[[4.87209,47.05717],[4.87032,47.05465],[4.8698,47.05506],[4.87026,47.05579],[4.87151,47.05735],[4.87209,47.05717]]],[[[4.87066,47.0577],[4.86739,47.05942],[4.86681,47.05963],[4.86461,47.05736],[4.86213,47.05855],[4.86197,47.05873],[4.86385,47.06052],[4.86613,47.06287],[4.87074,47.06151],[4.86964,47.06007],[4.87191,47.05912],[4.87066,47.0577]]],[[[4.8714,47.05738],[4.8702,47.05579],[4.86975,47.05507],[4.86911,47.05516],[4.86817,47.05515],[4.86746,47.05529],[4.86809,47.05611],[4.86469,47.05734],[4.86679,47.05953],[4.86693,47.05957],[4.86758,47.05928],[4.87045,47.05777],[4.8714,47.05738]]],[[[4.86446,47.05731],[4.86332,47.05602],[4.86122,47.05694],[4.8605,47.05739],[4.86173,47.05853],[4.86186,47.05856],[4.86255,47.05829],[4.86442,47.05737],[4.86446,47.05731]]],[[[4.86305,47.05549],[4.86208,47.05381],[4.86198,47.05339],[4.86214,47.05193],[4.86009,47.05209],[4.8589,47.05225],[4.85889,47.05234],[4.85717,47.05268],[4.85814,47.05398],[4.85886,47.0552],[4.85959,47.05625],[4.86098,47.05574],[4.86137,47.05623],[4.86305,47.05549]]],[[[4.86238,47.04128],[4.86229,47.04116],[4.86201,47.04104],[4.86011,47.04063],[4.85937,47.04059],[4.85728,47.04061],[4.85666,47.04091],[4.85546,47.04176],[4.85633,47.04196],[4.85708,47.04233],[4.85763,47.0423],[4.85819,47.04238],[4.85903,47.04201],[4.85914,47.04213],[4.85951,47.04202],[4.85978,47.04238],[4.86087,47.04199],[4.86245,47.04183],[4.86238,47.04128]]],[[[4.86187,47.04953],[4.86142,47.04825],[4.8595,47.04847],[4.85451,47.04919],[4.85446,47.04932],[4.85455,47.04943],[4.85514,47.04927],[4.85613,47.051],[4.85589,47.05108],[4.85683,47.05223],[4.85865,47.05186],[4.85861,47.05176],[4.85979,47.05158],[4.85964,47.05101],[4.85944,47.05069],[4.85926,47.0498],[4.86187,47.04953]]],[[[4.86049,47.04335],[4.85957,47.04282],[4.85925,47.04273],[4.85862,47.04302],[4.85784,47.04354],[4.85951,47.04483],[4.86019,47.04464],[4.85987,47.04427],[4.86086,47.04395],[4.86049,47.04335]]],[[[4.85953,47.04495],[4.85823,47.04389],[4.85674,47.04287],[4.85515,47.04409],[4.85454,47.04439],[4.85627,47.0456],[4.85845,47.04446],[4.85909,47.04513],[4.85953,47.04495]]],[[[4.85915,47.04274],[4.8579,47.04241],[4.85707,47.04242],[4.85619,47.042],[4.8557,47.04197],[4.85612,47.04234],[4.85776,47.04348],[4.85915,47.04274]]],[[[4.85913,47.05598],[4.85776,47.05379],[4.85624,47.05179],[4.85551,47.05096],[4.85378,47.05191],[4.85294,47.05219],[4.85315,47.05286],[4.85407,47.05424],[4.85425,47.05542],[4.85464,47.05596],[4.85508,47.0571],[4.85612,47.05697],[4.85872,47.05624],[4.85913,47.05598]]],[[[4.85887,47.04847],[4.85863,47.04737],[4.85799,47.04644],[4.85785,47.04642],[4.85713,47.04665],[4.85695,47.04662],[4.85617,47.04585],[4.85609,47.04556],[4.85518,47.04493],[4.85506,47.04499],[4.85493,47.04497],[4.85424,47.04454],[4.8522,47.04568],[4.85168,47.0459],[4.85431,47.04912],[4.85887,47.04847]]],[[[4.85669,47.04286],[4.8555,47.04194],[4.85479,47.04222],[4.85496,47.0424],[4.85381,47.04298],[4.85158,47.04433],[4.85123,47.04444],[4.85112,47.04462],[4.85154,47.04522],[4.85128,47.04534],[4.85174,47.04583],[4.85217,47.04566],[4.85511,47.04405],[4.85669,47.04286]]],[[[4.85548,47.05092],[4.85411,47.04927],[4.85301,47.04936],[4.85186,47.04957],[4.8529,47.05067],[4.85315,47.05104],[4.85315,47.05153],[4.85296,47.05215],[4.85382,47.05185],[4.85533,47.05104],[4.85548,47.05092]]],[[[4.85429,47.04451],[4.85497,47.04495],[4.8552,47.04491],[4.85448,47.04441],[4.85429,47.04451]]],[[[4.85473,47.05623],[4.85446,47.05574],[4.85426,47.05562],[4.85316,47.05591],[4.85217,47.05602],[4.84979,47.05655],[4.85117,47.05803],[4.85279,47.05764],[4.85271,47.05748],[4.855,47.0571],[4.85473,47.05623]]],[[[4.85424,47.05558],[4.85401,47.0542],[4.85322,47.05305],[4.85289,47.05221],[4.85181,47.05274],[4.8507,47.05301],[4.84921,47.05377],[4.84876,47.05396],[4.84846,47.05401],[4.84943,47.05541],[4.84987,47.0565],[4.85222,47.05598],[4.85287,47.05593],[4.85349,47.0558],[4.85424,47.05558]]],[[[4.85311,47.05152],[4.85302,47.05088],[4.85114,47.05166],[4.85102,47.05172],[4.85117,47.05185],[4.85094,47.05202],[4.85008,47.0524],[4.84988,47.05226],[4.84787,47.05339],[4.84846,47.05398],[4.84863,47.05397],[4.84908,47.0538],[4.85066,47.053],[4.85181,47.05271],[4.85288,47.05218],[4.85311,47.05152]]]]}},{"type":"Feature","properties":{"id":"appellation-saint-romain","kind":"appellation","level":"village","name":"Saint-Romain","full":"Saint-Romain","app":"Saint-Romain","region":"cote-de-beaune","communes":["Saint-Romain"],"area_ha":147.05,"elev":[289.5,360.1,434.3],"slope":10.2,"slope_pct":18.2,"aspect":164,"aspect_label":"SSE","aspect_hist":[0.016,0.109,0.213,0.16,0.13,0.236,0.134,0.003],"village":null,"pc_area_ha":null,"n_climats":0,"white":true},"geometry":{"type":"MultiPolygon","coordinates":[[[[4.72521,46.99301],[4.72506,46.99299],[4.72422,46.99333],[4.72352,46.99351],[4.72322,46.99374],[4.72299,46.99415],[4.72247,46.99407],[4.7221,46.99482],[4.72191,46.99508],[4.72213,46.99509],[4.72289,46.9949],[4.72369,46.99484],[4.72468,46.99523],[4.72519,46.99491],[4.72548,46.99479],[4.72557,46.99468],[4.72556,46.99432],[4.72598,46.99375],[4.72616,46.99358],[4.72661,46.99337],[4.72678,46.99316],[4.72664,46.9934],[4.72618,46.99362],[4.72602,46.99376],[4.72559,46.99432],[4.72558,46.99473],[4.72538,46.99492],[4.72524,46.99492],[4.72474,46.99527],[4.72509,46.99543],[4.72563,46.99539],[4.7264,46.99569],[4.72737,46.99591],[4.72771,46.9961],[4.72783,46.99578],[4.7281,46.99543],[4.72859,46.995],[4.72806,46.99483],[4.72869,46.99435],[4.72823,46.99407],[4.72813,46.99409],[4.72822,46.99407],[4.72738,46.99357],[4.72734,46.9936],[4.72743,46.99354],[4.72735,46.99348],[4.72745,46.99349],[4.72772,46.99331],[4.72755,46.99318],[4.72796,46.99303],[4.72802,46.99308],[4.72835,46.99291],[4.7284,46.99294],[4.72872,46.99277],[4.72873,46.9927],[4.72763,46.99183],[4.72736,46.99197],[4.72731,46.99193],[4.72693,46.99206],[4.72628,46.99237],[4.72601,46.99252],[4.72607,46.99257],[4.72521,46.99301]]],[[[4.72561,46.99541],[4.72498,46.99546],[4.72517,46.99583],[4.7255,46.99608],[4.7256,46.99625],[4.72561,46.99636],[4.72534,46.99696],[4.72567,46.99747],[4.72576,46.99756],[4.72616,46.99717],[4.7265,46.99744],[4.72663,46.99738],[4.7273,46.99793],[4.72771,46.99729],[4.72796,46.99672],[4.72767,46.99611],[4.72746,46.99598],[4.72651,46.99576],[4.72561,46.99541]]],[[[4.72605,46.99015],[4.72343,46.99177],[4.72254,46.99246],[4.72265,46.99256],[4.72253,46.99247],[4.7216,46.99309],[4.72199,46.9934],[4.72286,46.99296],[4.72306,46.99307],[4.72322,46.99304],[4.72401,46.9926],[4.72466,46.99232],[4.72521,46.99197],[4.72564,46.99179],[4.72579,46.99194],[4.72602,46.99184],[4.72653,46.99179],[4.72644,46.9915],[4.727,46.99123],[4.72605,46.99015]]],[[[4.72066,46.99544],[4.71994,46.99577],[4.7199,46.99641],[4.71966,46.99734],[4.71941,46.99791],[4.71922,46.99991],[4.71893,47.00021],[4.71883,47.00066],[4.71868,47.00094],[4.71898,47.00207],[4.71892,47.00255],[4.71908,47.00257],[4.71898,47.00293],[4.71851,47.00295],[4.71824,47.00333],[4.71834,47.00345],[4.71855,47.00354],[4.71893,47.00355],[4.71861,47.00358],[4.71812,47.00334],[4.71797,47.00366],[4.71775,47.00359],[4.71751,47.004],[4.71752,47.00431],[4.71731,47.00433],[4.71728,47.00466],[4.71784,47.00465],[4.71815,47.00473],[4.71842,47.00466],[4.7182,47.00446],[4.71815,47.00418],[4.71823,47.00398],[4.71846,47.00401],[4.7185,47.00413],[4.71877,47.0043],[4.71891,47.00452],[4.71914,47.00452],[4.71972,47.00465],[4.72003,47.00491],[4.71971,47.00468],[4.71893,47.00454],[4.71926,47.0062],[4.72012,47.0064],[4.7208,47.00643],[4.72264,47.00681],[4.72388,47.00623],[4.72398,47.00591],[4.72393,47.00551],[4.72362,47.00493],[4.72202,47.00322],[4.72176,47.00263],[4.72172,47.00215],[4.72203,47.00137],[4.72215,47.0002],[4.7231,46.99849],[4.72229,46.99806],[4.72257,46.99793],[4.72304,46.99756],[4.72402,46.99715],[4.72424,46.99699],[4.72421,46.9969],[4.72428,46.99696],[4.72497,46.99673],[4.72538,46.9967],[4.72556,46.99627],[4.72545,46.99609],[4.72516,46.9959],[4.72492,46.99542],[4.72369,46.99487],[4.72289,46.99493],[4.72208,46.99512],[4.72163,46.99507],[4.72106,46.9952],[4.72066,46.99544]]],[[[4.72534,46.9968],[4.72536,46.99674],[4.72499,46.99676],[4.72439,46.99695],[4.72368,46.99738],[4.72321,46.99752],[4.72282,46.99776],[4.72262,46.99798],[4.72266,46.99811],[4.72305,46.99837],[4.72315,46.99852],[4.7232,46.99854],[4.72329,46.99845],[4.72337,46.9985],[4.72378,46.99794],[4.72406,46.99775],[4.72436,46.99771],[4.72433,46.99764],[4.72467,46.99753],[4.72461,46.99744],[4.72551,46.99734],[4.72533,46.99705],[4.72534,46.9968]]],[[[4.72254,46.99357],[4.7223,46.99404],[4.72255,46.99403],[4.72298,46.99412],[4.72319,46.99372],[4.7234,46.9935],[4.723,46.99325],[4.72254,46.99357]]],[[[4.72055,46.99414],[4.72001,46.99444],[4.71951,46.99451],[4.7196,46.99542],[4.71969,46.99557],[4.71994,46.99569],[4.72016,46.99564],[4.7211,46.99515],[4.72165,46.99503],[4.72185,46.99507],[4.72209,46.99477],[4.72174,46.99458],[4.72209,46.99438],[4.72149,46.99404],[4.7214,46.99393],[4.72163,46.99361],[4.72127,46.99338],[4.72083,46.99389],[4.72143,46.99427],[4.72083,46.99389],[4.72055,46.99414]]],[[[4.71623,46.98753],[4.7148,46.98791],[4.71472,46.98785],[4.71431,46.98786],[4.71429,46.98871],[4.71446,46.98945],[4.71439,46.99057],[4.71452,46.99106],[4.71436,46.99151],[4.71507,46.99143],[4.7151,46.99166],[4.71424,46.99168],[4.71382,46.99255],[4.71448,46.99262],[4.71474,46.99238],[4.71509,46.99223],[4.71566,46.99159],[4.71589,46.99156],[4.71614,46.9914],[4.7159,46.99157],[4.71568,46.9916],[4.71563,46.99172],[4.7151,46.99225],[4.71476,46.99239],[4.7145,46.99263],[4.71381,46.99257],[4.71339,46.99351],[4.71265,46.9941],[4.71317,46.99488],[4.71311,46.99489],[4.71311,46.99516],[4.71384,46.99518],[4.7144,46.99505],[4.71474,46.99479],[4.7153,46.99461],[4.71605,46.99419],[4.7164,46.99392],[4.71685,46.99341],[4.71734,46.99319],[4.71811,46.99263],[4.71817,46.99266],[4.71864,46.99212],[4.71934,46.99142],[4.71981,46.99073],[4.72005,46.99055],[4.71999,46.9903],[4.71971,46.99001],[4.71922,46.98992],[4.71878,46.98974],[4.71871,46.98994],[4.71852,46.99012],[4.71808,46.99029],[4.71795,46.99009],[4.71777,46.99012],[4.71772,46.99007],[4.71783,46.98969],[4.71672,46.99018],[4.71663,46.99032],[4.71684,46.99074],[4.71661,46.99031],[4.71674,46.99013],[4.71853,46.98937],[4.71866,46.98937],[4.71873,46.98921],[4.71866,46.989],[4.71871,46.98845],[4.71801,46.98775],[4.71784,46.98783],[4.71781,46.98779],[4.71736,46.98788],[4.71729,46.98774],[4.71704,46.98777],[4.71694,46.98747],[4.71623,46.98753]]],[[[4.71812,46.99265],[4.71734,46.99321],[4.71686,46.99341],[4.71648,46.99386],[4.71622,46.99408],[4.71648,46.9943],[4.71689,46.99407],[4.71724,46.99399],[4.71753,46.9938],[4.71834,46.99344],[4.71899,46.99304],[4.7191,46.99308],[4.71976,46.99268],[4.71993,46.99244],[4.71879,46.99198],[4.71817,46.99268],[4.71812,46.99265]]],[[[4.71904,46.99487],[4.71854,46.99474],[4.7179,46.99482],[4.71791,46.99486],[4.71743,46.99498],[4.71702,46.99502],[4.71645,46.99501],[4.71633,46.99484],[4.71464,46.99535],[4.71387,46.99544],[4.71324,46.99542],[4.71312,46.99572],[4.71372,46.99591],[4.71464,46.9961],[4.71565,46.99593],[4.71575,46.99608],[4.71591,46.99615],[4.717,46.99624],[4.71738,46.99633],[4.71767,46.99647],[4.71747,46.99666],[4.7185,46.99724],[4.71864,46.99737],[4.71903,46.99753],[4.71921,46.99779],[4.71938,46.99781],[4.71959,46.99743],[4.71985,46.9964],[4.71988,46.99577],[4.71963,46.9956],[4.71933,46.99567],[4.71915,46.99511],[4.71922,46.99509],[4.71908,46.99491],[4.71798,46.99536],[4.71904,46.99487]]],[[[4.71851,46.99472],[4.71907,46.99484],[4.71943,46.99531],[4.71951,46.9953],[4.71946,46.9945],[4.71879,46.99446],[4.7174,46.99456],[4.71636,46.99482],[4.71647,46.99499],[4.71702,46.99499],[4.71739,46.99496],[4.7179,46.9948],[4.71851,46.99472]]],[[[4.71552,46.99602],[4.71464,46.99614],[4.71494,46.99678],[4.71558,46.99668],[4.71573,46.99691],[4.71638,46.99694],[4.71672,46.9966],[4.71676,46.99663],[4.71643,46.99697],[4.71768,46.99754],[4.71813,46.99819],[4.71862,46.99867],[4.71884,46.99858],[4.71933,46.99857],[4.71937,46.99782],[4.71924,46.99782],[4.719,46.99753],[4.71863,46.99739],[4.71745,46.99666],[4.71764,46.99647],[4.717,46.99626],[4.71574,46.99618],[4.71569,46.99606],[4.71552,46.99602]]],[[[4.71885,46.99859],[4.71863,46.99868],[4.71872,46.99892],[4.7187,46.99908],[4.71856,46.99981],[4.71849,46.99994],[4.71857,47.00085],[4.7187,47.00086],[4.71889,47.00019],[4.71915,46.99983],[4.71933,46.99858],[4.71885,46.99859]]],[[[4.7186,46.9987],[4.7171,46.99904],[4.71652,46.99931],[4.71635,46.9993],[4.71623,46.99964],[4.71548,46.99983],[4.71558,47.00016],[4.71519,47.00046],[4.71482,47.00066],[4.71426,47.00078],[4.71439,47.00118],[4.7147,47.00121],[4.71489,47.00182],[4.71578,47.00164],[4.71593,47.00153],[4.71581,47.00166],[4.7151,47.0018],[4.71498,47.00227],[4.71508,47.0026],[4.71423,47.00276],[4.71423,47.003],[4.71519,47.00298],[4.71534,47.00289],[4.71588,47.00282],[4.71726,47.0028],[4.71776,47.00294],[4.71804,47.0029],[4.71807,47.00295],[4.71821,47.00283],[4.71835,47.00294],[4.71895,47.00286],[4.71903,47.0026],[4.71888,47.00255],[4.71894,47.00206],[4.71862,47.00093],[4.71854,47.00085],[4.71849,47.00048],[4.71846,46.99994],[4.71869,46.99891],[4.7186,46.9987]]],[[[4.71767,47.00467],[4.71701,47.00466],[4.71688,47.00482],[4.71706,47.0049],[4.71675,47.00484],[4.71665,47.00506],[4.71668,47.00554],[4.71653,47.00551],[4.71653,47.00578],[4.7163,47.00627],[4.71615,47.00624],[4.71603,47.00637],[4.71611,47.00656],[4.71604,47.00662],[4.71611,47.00666],[4.71687,47.00672],[4.71784,47.00663],[4.71821,47.00656],[4.71901,47.00622],[4.71875,47.00548],[4.71822,47.00558],[4.71819,47.00518],[4.71827,47.00504],[4.71827,47.00511],[4.71836,47.00504],[4.71844,47.00507],[4.71846,47.00475],[4.71828,47.00474],[4.71804,47.00475],[4.71767,47.00467]]],[[[4.71462,46.99907],[4.71463,46.99914],[4.715,46.99953],[4.71458,46.99913],[4.71459,46.99902],[4.71412,46.99856],[4.71402,46.99833],[4.71377,46.99836],[4.71301,46.99822],[4.71273,46.9983],[4.71338,46.99897],[4.71355,46.99889],[4.71396,46.9993],[4.71378,46.99939],[4.71384,46.99948],[4.71364,46.99954],[4.71425,47.00075],[4.71481,47.00062],[4.71515,47.00045],[4.71554,47.00015],[4.71544,46.99982],[4.71623,46.99963],[4.71626,46.99935],[4.71634,46.99929],[4.71656,46.99929],[4.71662,46.9992],[4.71711,46.99901],[4.71859,46.99868],[4.71831,46.99846],[4.71761,46.99759],[4.71632,46.99696],[4.71602,46.99717],[4.71578,46.99727],[4.71565,46.99749],[4.71588,46.99788],[4.71589,46.99817],[4.7158,46.99836],[4.71551,46.99849],[4.71592,46.99878],[4.71556,46.99889],[4.71538,46.99868],[4.7149,46.99891],[4.71461,46.99863],[4.71442,46.99872],[4.71472,46.99901],[4.71462,46.99907]]],[[[4.71733,47.00319],[4.7176,47.00319],[4.71769,47.00298],[4.71728,47.00285],[4.71579,47.00285],[4.71527,47.00298],[4.71562,47.00336],[4.71594,47.00356],[4.71638,47.00364],[4.71638,47.0034],[4.71638,47.00345],[4.71664,47.00353],[4.71699,47.00376],[4.71708,47.00375],[4.71733,47.00319]]],[[[4.71527,47.00303],[4.71463,47.00303],[4.71499,47.00367],[4.71535,47.00356],[4.71557,47.00418],[4.71586,47.00417],[4.71615,47.00497],[4.71639,47.00497],[4.71647,47.00446],[4.71632,47.004],[4.71665,47.00392],[4.71641,47.00371],[4.71582,47.00355],[4.71527,47.00303]]],[[[4.71452,46.99613],[4.71247,46.99565],[4.712,46.99566],[4.71208,46.99591],[4.71222,46.99595],[4.71277,46.99645],[4.71309,46.99661],[4.71294,46.99671],[4.71296,46.99676],[4.71251,46.99697],[4.71216,46.99697],[4.7122,46.99668],[4.71185,46.99649],[4.71181,46.99667],[4.71174,46.99669],[4.71209,46.9978],[4.7118,46.99751],[4.71139,46.99767],[4.71194,46.9982],[4.71231,46.99829],[4.71256,46.99831],[4.71302,46.99819],[4.71376,46.99833],[4.71415,46.99829],[4.71575,46.99835],[4.71585,46.99818],[4.71583,46.9979],[4.7156,46.99751],[4.71576,46.99723],[4.71629,46.99695],[4.71566,46.99695],[4.71554,46.99674],[4.71492,46.99685],[4.71463,46.99622],[4.71452,46.99613]]],[[[4.71134,46.98937],[4.71112,46.98934],[4.71102,46.98975],[4.71095,46.98975],[4.71089,46.98996],[4.71108,46.99012],[4.71108,46.99025],[4.71219,46.99101],[4.71206,46.99108],[4.71224,46.99143],[4.71212,46.99164],[4.71214,46.99191],[4.71189,46.99193],[4.7119,46.99213],[4.71173,46.99213],[4.71178,46.99264],[4.71215,46.9938],[4.71254,46.99409],[4.71299,46.9938],[4.71334,46.99344],[4.71401,46.99188],[4.71441,46.99126],[4.71443,46.99101],[4.7143,46.99058],[4.71437,46.98986],[4.71431,46.98978],[4.71438,46.98978],[4.71438,46.98956],[4.7142,46.98818],[4.71337,46.98823],[4.71204,46.98803],[4.71194,46.98816],[4.71184,46.98812],[4.71177,46.98821],[4.71188,46.98829],[4.71139,46.98929],[4.71162,46.98933],[4.71139,46.98929],[4.71134,46.98937]]],[[[4.71224,46.99854],[4.71173,46.99815],[4.71152,46.99824],[4.71138,46.99839],[4.71129,46.99836],[4.71116,46.99825],[4.71097,46.99832],[4.71114,46.99893],[4.71135,46.99914],[4.71158,46.99906],[4.71163,46.99913],[4.71187,46.9991],[4.71225,46.99899],[4.71284,46.99903],[4.71312,46.99897],[4.71224,46.99854]]],[[[4.71168,46.9981],[4.71114,46.99759],[4.71101,46.99766],[4.71126,46.99831],[4.71136,46.99836],[4.71168,46.9981]]]]}},{"type":"Feature","properties":{"id":"appellation-monthelie","kind":"appellation","level":"village","name":"Monthélie","full":"Monthélie","app":"Monthélie","region":"cote-de-beaune","communes":["Monthelie"],"area_ha":140.58,"elev":[250.0,293.4,378.5],"slope":7.4,"slope_pct":13.2,"aspect":168,"aspect_label":"SSE","aspect_hist":[0.001,0.007,0.166,0.269,0.174,0.175,0.204,0.004],"village":null,"pc_area_ha":40.11,"n_climats":15,"white":true},"geometry":{"type":"MultiPolygon","coordinates":[[[[4.77519,46.99218],[4.77373,46.99067],[4.77357,46.99056],[4.77301,46.99041],[4.77273,46.99079],[4.7725,46.99071],[4.7727,46.99039],[4.77182,46.99051],[4.77166,46.99077],[4.77142,46.99073],[4.77132,46.99097],[4.77107,46.99097],[4.77109,46.99061],[4.77095,46.99063],[4.77092,46.99107],[4.77062,46.9911],[4.77065,46.99131],[4.77046,46.99135],[4.77051,46.99139],[4.77039,46.99144],[4.76995,46.99093],[4.7698,46.99101],[4.77,46.99123],[4.76957,46.99151],[4.76963,46.99155],[4.76948,46.9917],[4.76984,46.99201],[4.77124,46.99254],[4.77172,46.99296],[4.77362,46.99314],[4.77429,46.99324],[4.77519,46.99346],[4.77599,46.99288],[4.77519,46.99218]]],[[[4.77436,46.99329],[4.77298,46.9931],[4.77243,46.99311],[4.77179,46.99301],[4.77054,46.99306],[4.77035,46.99298],[4.76908,46.99309],[4.76877,46.9933],[4.76887,46.99347],[4.76976,46.99398],[4.77001,46.99421],[4.77035,46.99439],[4.77076,46.99439],[4.77136,46.99428],[4.77135,46.99434],[4.77036,46.99443],[4.76997,46.99424],[4.76975,46.99401],[4.76909,46.99364],[4.76938,46.99504],[4.76912,46.99508],[4.76964,46.99546],[4.76963,46.99556],[4.76847,46.99466],[4.76779,46.99434],[4.76761,46.99436],[4.76758,46.99529],[4.76776,46.99612],[4.76815,46.99695],[4.76833,46.99696],[4.76839,46.997],[4.76885,46.99744],[4.76887,46.99763],[4.76905,46.9979],[4.76911,46.99813],[4.76935,46.9984],[4.76957,46.99883],[4.7691,46.99813],[4.76885,46.99762],[4.76884,46.99744],[4.76831,46.99698],[4.76791,46.99704],[4.76795,46.99714],[4.76819,46.99723],[4.76816,46.99731],[4.76825,46.99734],[4.76836,46.99755],[4.76854,46.99858],[4.76862,46.99857],[4.76864,46.99864],[4.76853,46.99868],[4.76856,46.99918],[4.76847,46.99923],[4.7685,46.99963],[4.76858,46.99971],[4.76845,46.99973],[4.76846,46.99979],[4.76857,46.99978],[4.76874,47.0002],[4.76898,47.00028],[4.76888,47.00035],[4.769,47.00061],[4.76912,47.00062],[4.76915,47.00098],[4.7705,47.00099],[4.77062,47.00131],[4.77196,46.99922],[4.77182,46.99921],[4.77166,46.99869],[4.7715,46.99869],[4.7715,46.99838],[4.77161,46.99837],[4.77162,46.99819],[4.77151,46.9982],[4.77158,46.99815],[4.77153,46.998],[4.77143,46.99801],[4.77144,46.99795],[4.77161,46.99794],[4.77161,46.99774],[4.77134,46.99775],[4.77134,46.99768],[4.77205,46.99725],[4.77225,46.9972],[4.77223,46.99716],[4.77278,46.9971],[4.77307,46.99715],[4.77326,46.99629],[4.77357,46.99564],[4.77345,46.99557],[4.77489,46.99342],[4.77436,46.99329]]],[[[4.77243,46.98989],[4.77113,46.98955],[4.77031,46.99072],[4.77115,46.99049],[4.77248,46.99033],[4.77325,46.99033],[4.77243,46.98989]]],[[[4.77161,46.993],[4.77111,46.99252],[4.76974,46.992],[4.76919,46.99153],[4.76813,46.99268],[4.76848,46.99307],[4.76873,46.99324],[4.76923,46.99301],[4.77003,46.99299],[4.77032,46.99291],[4.77092,46.99301],[4.77161,46.993]]],[[[4.77021,46.99075],[4.77105,46.98952],[4.77066,46.98941],[4.76988,46.98905],[4.76826,46.98874],[4.76707,46.9887],[4.76697,46.98877],[4.76686,46.98937],[4.76718,46.98937],[4.76717,46.98954],[4.76685,46.98952],[4.76685,46.99024],[4.76674,46.99043],[4.76724,46.99042],[4.76724,46.99052],[4.76667,46.99055],[4.7665,46.99108],[4.76661,46.9915],[4.76685,46.99146],[4.76691,46.99158],[4.767,46.99157],[4.76712,46.99181],[4.76889,46.99139],[4.76873,46.99078],[4.76922,46.99083],[4.76913,46.99096],[4.76931,46.99119],[4.77021,46.99075]],[[4.77028,46.99065],[4.77012,46.99059],[4.77004,46.99075],[4.76985,46.99087],[4.76968,46.99077],[4.77,46.99038],[4.76997,46.99044],[4.77036,46.99049],[4.77028,46.99065]]],[[[4.76934,46.99502],[4.76905,46.99362],[4.7688,46.99346],[4.76874,46.99332],[4.76831,46.99297],[4.7679,46.99319],[4.76797,46.99328],[4.76778,46.99334],[4.7679,46.9935],[4.76742,46.99368],[4.76716,46.99386],[4.76707,46.99383],[4.76693,46.99396],[4.76762,46.99427],[4.76776,46.99429],[4.76794,46.99418],[4.76819,46.99446],[4.7685,46.9946],[4.76911,46.99506],[4.76934,46.99502]]],[[[4.76828,46.99167],[4.76813,46.99169],[4.76812,46.99164],[4.7673,46.99183],[4.76745,46.99207],[4.76735,46.9921],[4.76748,46.99253],[4.76749,46.99246],[4.76784,46.99237],[4.76803,46.99269],[4.76872,46.99181],[4.76829,46.99177],[4.76828,46.99167]]],[[[4.7675,46.99427],[4.76679,46.99399],[4.76656,46.99424],[4.76587,46.9947],[4.76565,46.99495],[4.76521,46.99626],[4.76433,46.99772],[4.76404,46.99867],[4.76377,47.00079],[4.76374,47.00221],[4.76388,47.00299],[4.76452,47.00406],[4.76449,47.00465],[4.765,47.00461],[4.76514,47.00443],[4.76527,47.00391],[4.76579,47.00375],[4.76576,47.0037],[4.7655,47.00375],[4.76548,47.0037],[4.7652,47.00372],[4.76513,47.00359],[4.76522,47.00355],[4.76507,47.00297],[4.76509,47.00269],[4.76522,47.00263],[4.76513,47.0023],[4.76493,47.00229],[4.76491,47.00213],[4.7648,47.00206],[4.76493,47.00202],[4.76489,47.00192],[4.76473,47.00194],[4.76473,47.00182],[4.76487,47.00181],[4.76488,47.00147],[4.7647,47.00147],[4.76481,47.00137],[4.76476,47.00135],[4.76493,47.00131],[4.76494,47.00123],[4.76477,47.00117],[4.76492,47.00117],[4.76497,47.00098],[4.76482,47.00096],[4.76484,47.00089],[4.76501,47.00091],[4.76518,47.0003],[4.76487,47.00026],[4.76488,47.00018],[4.76518,47.00016],[4.76529,46.99996],[4.765,46.99989],[4.76517,46.99992],[4.76523,46.99967],[4.76508,46.9996],[4.76524,46.99936],[4.76513,46.99931],[4.7654,46.99933],[4.76579,46.99785],[4.76593,46.99787],[4.76601,46.99765],[4.76593,46.99755],[4.76615,46.9972],[4.76609,46.99718],[4.76618,46.99669],[4.76597,46.99666],[4.76608,46.99651],[4.76591,46.99648],[4.76592,46.99642],[4.76603,46.99644],[4.76604,46.9963],[4.7659,46.99627],[4.76602,46.99625],[4.76607,46.99606],[4.76597,46.99598],[4.76595,46.99571],[4.76584,46.99567],[4.76585,46.99562],[4.7661,46.99562],[4.76607,46.99539],[4.76615,46.99526],[4.76608,46.99524],[4.7661,46.99516],[4.76592,46.99511],[4.76605,46.99495],[4.76622,46.99501],[4.76633,46.99488],[4.76651,46.99486],[4.76654,46.99476],[4.76706,46.99472],[4.76731,46.99498],[4.76751,46.99498],[4.7675,46.99427]]],[[[4.76622,46.98887],[4.76533,46.98893],[4.76385,46.9889],[4.76273,46.98877],[4.76287,46.98931],[4.76327,46.98964],[4.76344,46.98989],[4.76347,46.99119],[4.76355,46.99158],[4.76362,46.99162],[4.76401,46.99166],[4.76403,46.99154],[4.76477,46.99161],[4.76483,46.99132],[4.76538,46.99116],[4.76583,46.99093],[4.7664,46.99084],[4.76671,46.99025],[4.76674,46.98932],[4.76687,46.9888],[4.76681,46.98876],[4.76622,46.98887]]],[[[4.76673,46.99388],[4.76604,46.9932],[4.7658,46.99327],[4.76563,46.99343],[4.76556,46.99343],[4.76551,46.99324],[4.76521,46.99325],[4.76522,46.99329],[4.76518,46.99318],[4.76472,46.99326],[4.76477,46.99345],[4.76418,46.9934],[4.76383,46.99377],[4.76369,46.99375],[4.76351,46.99439],[4.76354,46.99566],[4.76341,46.99706],[4.76371,46.99771],[4.76404,46.99813],[4.76429,46.99755],[4.76501,46.99633],[4.76548,46.99494],[4.76576,46.99462],[4.76651,46.99413],[4.76673,46.99388]]],[[[4.76623,46.99179],[4.76604,46.99178],[4.76603,46.99095],[4.76542,46.99124],[4.76504,46.99131],[4.76491,46.99141],[4.76484,46.99161],[4.76522,46.9916],[4.76534,46.99222],[4.76527,46.99258],[4.76551,46.99267],[4.76589,46.99253],[4.76579,46.99201],[4.76613,46.99207],[4.76633,46.99189],[4.76623,46.99179]]],[[[4.76428,46.99265],[4.76415,46.99235],[4.764,46.99236],[4.76404,46.99206],[4.76393,46.99204],[4.76393,46.99191],[4.76411,46.99187],[4.7641,46.99173],[4.76351,46.99167],[4.76334,46.99167],[4.76336,46.99179],[4.76263,46.99192],[4.7614,46.99192],[4.75947,46.99216],[4.75931,46.99246],[4.75984,46.99372],[4.76054,46.99358],[4.76192,46.99345],[4.76188,46.99309],[4.76205,46.99374],[4.7636,46.99372],[4.76377,46.99339],[4.76367,46.99335],[4.76377,46.99325],[4.76387,46.9933],[4.76425,46.99307],[4.7642,46.99275],[4.76409,46.99275],[4.76409,46.99265],[4.76428,46.99265]]],[[[4.76436,47.00405],[4.76394,47.00338],[4.76235,47.00374],[4.76228,47.00359],[4.76232,47.00333],[4.76198,47.0029],[4.76169,47.00166],[4.76172,47.00146],[4.76188,47.00119],[4.76191,47.00043],[4.76175,46.99989],[4.76162,46.99872],[4.76101,46.99751],[4.76109,46.99714],[4.76095,46.99658],[4.76022,46.99582],[4.76136,46.99527],[4.76087,46.99463],[4.76018,46.99412],[4.75986,46.99379],[4.75914,46.9941],[4.75757,46.99461],[4.75648,46.99484],[4.75556,46.99499],[4.75514,46.9951],[4.75564,46.99496],[4.75761,46.99458],[4.75915,46.99407],[4.75977,46.9938],[4.75924,46.99247],[4.75934,46.99219],[4.75864,46.99229],[4.7579,46.99138],[4.75555,46.9919],[4.75574,46.99223],[4.75578,46.99279],[4.75571,46.99298],[4.75578,46.99324],[4.75571,46.9936],[4.75544,46.99439],[4.75559,46.99439],[4.75558,46.99445],[4.75538,46.99448],[4.75528,46.99469],[4.7552,46.99466],[4.75508,46.99479],[4.75475,46.99491],[4.75436,46.99492],[4.75439,46.99528],[4.75468,46.99535],[4.75563,46.9953],[4.75742,46.99585],[4.75747,46.99573],[4.75789,46.99582],[4.75818,46.99594],[4.75864,46.99627],[4.75887,46.99656],[4.75878,46.9966],[4.75889,46.99676],[4.7587,46.99682],[4.75889,46.99695],[4.75888,46.99686],[4.75898,46.99682],[4.75905,46.99693],[4.75891,46.99698],[4.7591,46.99734],[4.75923,46.99732],[4.75957,46.99778],[4.75958,46.99794],[4.75942,46.99796],[4.7595,46.99814],[4.75925,46.99816],[4.7593,46.99828],[4.75949,46.99826],[4.75956,46.99847],[4.75945,46.99849],[4.75948,46.99876],[4.7594,46.9988],[4.75949,46.99893],[4.7594,46.99904],[4.75943,46.99913],[4.75956,46.99911],[4.75959,46.99929],[4.75972,46.99927],[4.75973,46.99931],[4.75953,46.99934],[4.75961,46.99957],[4.75979,46.99959],[4.75989,46.99969],[4.75982,46.99995],[4.75991,47.00012],[4.75994,47.00061],[4.76004,47.00066],[4.76005,47.00087],[4.75998,47.00092],[4.76005,47.00091],[4.76019,47.00111],[4.76033,47.00152],[4.76045,47.0015],[4.76066,47.002],[4.76045,47.00207],[4.76047,47.00218],[4.76054,47.00218],[4.76098,47.00296],[4.76089,47.00296],[4.76078,47.00358],[4.76061,47.00379],[4.76125,47.00392],[4.76114,47.00407],[4.76132,47.00408],[4.76026,47.00465],[4.76048,47.0048],[4.76126,47.00466],[4.7614,47.00485],[4.76214,47.0047],[4.76293,47.00445],[4.76307,47.00446],[4.7631,47.00458],[4.76301,47.0046],[4.76308,47.00476],[4.76367,47.00465],[4.76431,47.00465],[4.76439,47.00437],[4.76436,47.00405]]],[[[4.76401,46.99834],[4.76357,46.99766],[4.76334,46.99711],[4.76345,46.99583],[4.76342,46.99464],[4.7636,46.99381],[4.76312,46.99376],[4.76198,46.99378],[4.76183,46.99349],[4.76036,46.99364],[4.75988,46.99375],[4.76021,46.9941],[4.76091,46.99462],[4.76142,46.99528],[4.76029,46.99582],[4.76102,46.99662],[4.76114,46.99714],[4.76105,46.99751],[4.76167,46.99873],[4.7618,46.99988],[4.76196,47.00053],[4.76194,47.00118],[4.76171,47.00163],[4.76204,47.00293],[4.76238,47.00339],[4.76233,47.00359],[4.76239,47.00372],[4.76392,47.00335],[4.7638,47.00318],[4.76364,47.00249],[4.7636,47.00096],[4.76401,46.99834]]],[[[4.76347,46.99161],[4.76341,46.99121],[4.76278,46.99119],[4.76278,46.99114],[4.76192,46.99084],[4.76111,46.99015],[4.76016,46.98978],[4.75953,46.9894],[4.75863,46.98913],[4.7589,46.99077],[4.75776,46.99091],[4.75793,46.99136],[4.75866,46.99225],[4.76131,46.9919],[4.76224,46.9919],[4.76282,46.99183],[4.76326,46.99164],[4.76347,46.99161]]],[[[4.7612,46.99015],[4.76096,46.9887],[4.75938,46.98882],[4.75863,46.98879],[4.75867,46.98902],[4.75879,46.98913],[4.75941,46.98928],[4.75992,46.9896],[4.7612,46.99015]]]]}},{"type":"Feature","properties":{"id":"appellation-ladoix","kind":"appellation","level":"village","name":"Ladoix","full":"Ladoix","app":"Ladoix","region":"cote-de-beaune","communes":["Ladoix-Serrigny"],"area_ha":134.12,"elev":[220.5,260.5,349.6],"slope":6.0,"slope_pct":10.9,"aspect":127,"aspect_label":"SE","aspect_hist":[0.005,0.039,0.252,0.323,0.249,0.093,0.036,0.004],"village":null,"pc_area_ha":21.02,"n_climats":11,"white":true},"geometry":{"type":"MultiPolygon","coordinates":[[[[4.89768,47.08354],[4.89244,47.08145],[4.88862,47.07911],[4.88785,47.07979],[4.88725,47.08019],[4.88617,47.08057],[4.88631,47.08094],[4.88732,47.08174],[4.88825,47.08269],[4.88866,47.08328],[4.88981,47.08331],[4.89018,47.08289],[4.89057,47.08306],[4.89053,47.08309],[4.89074,47.08321],[4.89108,47.08329],[4.89129,47.08341],[4.89143,47.08323],[4.89312,47.08379],[4.89341,47.08368],[4.89416,47.08385],[4.89467,47.08412],[4.89513,47.08407],[4.89524,47.08397],[4.89542,47.08411],[4.89546,47.0846],[4.89586,47.08518],[4.89768,47.08354]]],[[[4.88886,47.08389],[4.88812,47.08272],[4.88721,47.08177],[4.88621,47.08098],[4.88602,47.08064],[4.88489,47.08085],[4.88397,47.08075],[4.8829,47.08116],[4.88285,47.08129],[4.88295,47.08153],[4.88389,47.08249],[4.88432,47.08356],[4.88457,47.08389],[4.88549,47.08484],[4.88886,47.08389]]],[[[4.88854,47.07906],[4.88717,47.07832],[4.88681,47.07876],[4.88711,47.07894],[4.887,47.07899],[4.88714,47.07934],[4.88699,47.07936],[4.88715,47.07952],[4.88699,47.07965],[4.8871,47.07974],[4.887,47.07981],[4.88741,47.08],[4.88787,47.07969],[4.88854,47.07906]]],[[[4.88697,47.07983],[4.88685,47.07997],[4.88675,47.07992],[4.88654,47.08006],[4.88636,47.07999],[4.88649,47.08009],[4.88634,47.08021],[4.88656,47.08038],[4.88689,47.08029],[4.88733,47.08006],[4.88697,47.07983]]],[[[4.88713,47.0783],[4.88637,47.07801],[4.88627,47.07804],[4.88634,47.07837],[4.8869,47.07857],[4.88713,47.0783]]],[[[4.88578,47.07781],[4.8834,47.07681],[4.88262,47.07748],[4.88245,47.07775],[4.88195,47.07825],[4.88267,47.0788],[4.88285,47.07931],[4.88342,47.08011],[4.88382,47.0805],[4.88417,47.07984],[4.88421,47.07954],[4.8841,47.07927],[4.88409,47.0791],[4.88416,47.07883],[4.88442,47.07831],[4.88411,47.07908],[4.8841,47.07922],[4.88423,47.07954],[4.88422,47.07965],[4.88419,47.07982],[4.88404,47.08016],[4.88456,47.08021],[4.88453,47.0801],[4.88494,47.08003],[4.88498,47.07976],[4.8851,47.07973],[4.88504,47.07967],[4.88514,47.07961],[4.885,47.07948],[4.88508,47.0794],[4.88515,47.07945],[4.88527,47.07939],[4.88501,47.07918],[4.88519,47.07904],[4.88529,47.07911],[4.8854,47.07905],[4.88504,47.0787],[4.88517,47.07868],[4.88518,47.0786],[4.8854,47.07858],[4.88534,47.0782],[4.88553,47.07819],[4.88562,47.07812],[4.88578,47.07781]]],[[[4.88557,47.08041],[4.88506,47.08052],[4.88498,47.0804],[4.88458,47.0805],[4.88458,47.08039],[4.88449,47.08038],[4.88454,47.08022],[4.88404,47.08016],[4.88383,47.08051],[4.88407,47.08071],[4.88492,47.08079],[4.8857,47.08064],[4.88557,47.08041]]],[[[4.88424,47.08357],[4.8838,47.08247],[4.88289,47.08156],[4.88272,47.08116],[4.88215,47.08115],[4.8809,47.08131],[4.88113,47.08403],[4.88149,47.08404],[4.88154,47.08434],[4.88177,47.08435],[4.88167,47.0848],[4.88159,47.08482],[4.88167,47.08551],[4.88159,47.08593],[4.88543,47.08485],[4.88449,47.08392],[4.88424,47.08357]]],[[[4.88358,47.08035],[4.88278,47.07933],[4.88262,47.07882],[4.88192,47.07829],[4.88147,47.07877],[4.88033,47.0792],[4.88078,47.08068],[4.88084,47.08113],[4.88093,47.08121],[4.88199,47.08109],[4.88302,47.08106],[4.88396,47.0807],[4.88358,47.08035]]],[[[4.88244,47.07642],[4.88187,47.07692],[4.88167,47.0768],[4.8816,47.07685],[4.88123,47.07661],[4.8816,47.07595],[4.88093,47.07553],[4.88073,47.07568],[4.88021,47.07535],[4.88006,47.0755],[4.87979,47.0761],[4.87932,47.0768],[4.87947,47.0774],[4.88031,47.07916],[4.88152,47.07868],[4.8824,47.07772],[4.88256,47.07746],[4.88333,47.07679],[4.88244,47.07642]]],[[[4.88243,47.07638],[4.88165,47.07598],[4.88145,47.07639],[4.88181,47.07669],[4.88202,47.07657],[4.88212,47.07665],[4.88243,47.07638]]],[[[4.88105,47.08395],[4.8807,47.08071],[4.88024,47.07932],[4.87991,47.07946],[4.87844,47.07978],[4.87727,47.07997],[4.87714,47.08006],[4.87705,47.08055],[4.8769,47.08079],[4.87656,47.08103],[4.87676,47.08127],[4.87675,47.08215],[4.87697,47.08253],[4.87687,47.08255],[4.87669,47.08282],[4.87639,47.08302],[4.87649,47.08403],[4.8764,47.08404],[4.87646,47.0839],[4.87634,47.08303],[4.87641,47.08293],[4.87666,47.0828],[4.87683,47.08254],[4.8767,47.08212],[4.87581,47.08232],[4.87525,47.08255],[4.87426,47.08282],[4.87476,47.08361],[4.87494,47.08401],[4.87555,47.08455],[4.8758,47.08503],[4.87583,47.08549],[4.87554,47.08461],[4.8749,47.08403],[4.87471,47.08361],[4.87414,47.08278],[4.87365,47.08264],[4.87287,47.08258],[4.87188,47.08262],[4.87082,47.08278],[4.87187,47.08259],[4.87286,47.08255],[4.8737,47.08261],[4.87428,47.08273],[4.8746,47.08272],[4.87579,47.08229],[4.87665,47.08208],[4.87675,47.08165],[4.87672,47.08128],[4.87649,47.08107],[4.87634,47.08073],[4.87597,47.0807],[4.87534,47.08092],[4.87468,47.08102],[4.87439,47.08161],[4.87424,47.08186],[4.87416,47.08189],[4.8744,47.08153],[4.8744,47.08138],[4.87464,47.08094],[4.87437,47.08053],[4.87397,47.08012],[4.87344,47.08044],[4.87317,47.0804],[4.87238,47.0806],[4.87199,47.08076],[4.87192,47.08085],[4.87204,47.08082],[4.87206,47.08111],[4.87027,47.08146],[4.87011,47.08069],[4.87036,47.08066],[4.87019,47.08008],[4.87051,47.08004],[4.87011,47.0797],[4.87023,47.07966],[4.8699,47.07898],[4.86949,47.07915],[4.86943,47.07944],[4.8691,47.07976],[4.86883,47.07975],[4.86909,47.08106],[4.86907,47.08141],[4.86893,47.08186],[4.86868,47.08216],[4.86823,47.08253],[4.86879,47.08292],[4.86903,47.08279],[4.86918,47.08298],[4.86984,47.08288],[4.87005,47.08309],[4.87192,47.08406],[4.87291,47.08501],[4.87353,47.08609],[4.87368,47.08606],[4.87415,47.08663],[4.87419,47.08684],[4.8768,47.08715],[4.87772,47.0872],[4.87789,47.08679],[4.87987,47.08495],[4.88053,47.08442],[4.88079,47.08416],[4.88071,47.08407],[4.88105,47.08395]]],[[[4.88004,47.07489],[4.87929,47.0743],[4.87906,47.07444],[4.87889,47.0743],[4.87871,47.0744],[4.87859,47.07422],[4.87836,47.07437],[4.87824,47.07428],[4.87881,47.07393],[4.87864,47.0738],[4.8785,47.07389],[4.87838,47.0738],[4.8777,47.07421],[4.878,47.07443],[4.87745,47.07477],[4.87771,47.07491],[4.87809,47.07526],[4.87817,47.07561],[4.87933,47.07658],[4.87959,47.07628],[4.8799,47.07558],[4.88015,47.07527],[4.8798,47.07504],[4.88004,47.07489]]],[[[4.88023,47.07928],[4.87936,47.07734],[4.87925,47.07704],[4.87925,47.07661],[4.87806,47.07553],[4.87683,47.07617],[4.87695,47.07627],[4.87648,47.07646],[4.87742,47.07784],[4.87683,47.07802],[4.87691,47.07825],[4.87609,47.07847],[4.87624,47.07856],[4.87587,47.07867],[4.87462,47.07925],[4.87424,47.07892],[4.87419,47.07903],[4.87386,47.07923],[4.87404,47.07949],[4.87401,47.08006],[4.87452,47.08064],[4.8747,47.08097],[4.87533,47.08089],[4.87598,47.08067],[4.87634,47.08069],[4.87653,47.0809],[4.87698,47.08054],[4.87707,47.08001],[4.87716,47.07995],[4.8799,47.07941],[4.88023,47.07928]]],[[[4.87764,47.07302],[4.87691,47.07339],[4.87681,47.0732],[4.87655,47.07303],[4.87635,47.07313],[4.8763,47.0731],[4.87601,47.07329],[4.87599,47.07341],[4.87633,47.07375],[4.87668,47.07427],[4.87674,47.07424],[4.87691,47.07442],[4.87833,47.07355],[4.87764,47.07302]]],[[[4.87417,47.07199],[4.87393,47.07176],[4.87398,47.07174],[4.87382,47.07151],[4.87372,47.07153],[4.87364,47.07135],[4.87338,47.07136],[4.87387,47.0721],[4.87417,47.07199]]],[[[4.87399,47.07956],[4.87341,47.0788],[4.87328,47.07889],[4.87287,47.07874],[4.87247,47.07881],[4.87265,47.07902],[4.87273,47.07907],[4.87283,47.07902],[4.87287,47.07908],[4.87283,47.07914],[4.87294,47.07927],[4.87289,47.07936],[4.87252,47.07953],[4.87315,47.08037],[4.87354,47.08036],[4.87394,47.08007],[4.87399,47.07956]]]]}},{"type":"Feature","properties":{"id":"appellation-blagny-ou-blagny-cote-de-beaune","kind":"appellation","level":"village","name":"Blagny","full":"Blagny ou Blagny Côte de Beaune","app":"Blagny","region":"cote-de-beaune","communes":["Meursault","Puligny-Montrachet"],"area_ha":56.15,"elev":[280.4,342.8,394.4],"slope":7.9,"slope_pct":14.0,"aspect":121,"aspect_label":"ESE","aspect_hist":[0.001,0.031,0.444,0.45,0.055,0.016,0.002,0.0],"village":null,"pc_area_ha":44.77,"n_climats":7,"white":false},"geometry":{"type":"MultiPolygon","coordinates":[[[[4.73976,46.95959],[4.73898,46.95849],[4.7381,46.95801],[4.73718,46.95739],[4.73658,46.95693],[4.73614,46.95642],[4.73511,46.95562],[4.73479,46.95545],[4.7334,46.95495],[4.73265,46.95475],[4.73255,46.95481],[4.73275,46.95508],[4.73304,46.95576],[4.73378,46.95687],[4.73396,46.95731],[4.73396,46.95761],[4.73414,46.95787],[4.73408,46.95797],[4.73435,46.95882],[4.73433,46.95893],[4.73518,46.95995],[4.73577,46.96042],[4.73594,46.96033],[4.73664,46.96095],[4.73673,46.96092],[4.73667,46.9602],[4.7368,46.96005],[4.73673,46.96023],[4.73678,46.96089],[4.73703,46.96074],[4.73712,46.96078],[4.73775,46.9612],[4.73842,46.96195],[4.73899,46.96234],[4.74007,46.96269],[4.74062,46.96268],[4.74132,46.96296],[4.74264,46.96331],[4.74274,46.96316],[4.74336,46.9634],[4.74351,46.96332],[4.74382,46.96338],[4.74383,46.96357],[4.7442,46.96378],[4.74491,46.96402],[4.74503,46.96388],[4.74558,46.96411],[4.74617,46.96418],[4.74729,46.96452],[4.7474,46.96447],[4.74797,46.96357],[4.7485,46.96341],[4.7484,46.96324],[4.7481,46.96301],[4.74821,46.96288],[4.74855,46.96269],[4.74849,46.96264],[4.74802,46.96249],[4.74799,46.96265],[4.74771,46.96283],[4.74725,46.9627],[4.74717,46.96261],[4.74695,46.96261],[4.74638,46.96246],[4.74469,46.96187],[4.74384,46.96151],[4.74194,46.96094],[4.74161,46.96076],[4.74108,46.96027],[4.74103,46.95978],[4.74062,46.95943],[4.73856,46.95986],[4.73763,46.95992],[4.73825,46.96059],[4.73895,46.9616],[4.73803,46.9604],[4.73757,46.95993],[4.7369,46.95999],[4.73697,46.95994],[4.73686,46.9598],[4.73631,46.95931],[4.73639,46.95929],[4.73708,46.95995],[4.73869,46.95979],[4.73965,46.95962],[4.73976,46.95959]]],[[[4.74781,46.9596],[4.74714,46.95953],[4.74694,46.95943],[4.74684,46.95946],[4.74612,46.96007],[4.7458,46.96021],[4.74442,46.96011],[4.74301,46.9603],[4.74249,46.9602],[4.74163,46.9595],[4.74144,46.95945],[4.74097,46.95962],[4.74113,46.95993],[4.74114,46.96025],[4.74166,46.96074],[4.74196,46.96089],[4.74388,46.96148],[4.74472,46.96184],[4.74643,46.96243],[4.747,46.96256],[4.74709,46.96253],[4.74633,46.96129],[4.74602,46.96132],[4.74653,46.96076],[4.74712,46.96034],[4.74749,46.96018],[4.74781,46.9596]]],[[[4.743,46.95895],[4.74211,46.95754],[4.74135,46.95781],[4.74107,46.95753],[4.74034,46.95721],[4.73996,46.95667],[4.73916,46.95633],[4.73928,46.95626],[4.73917,46.95619],[4.73906,46.95627],[4.73889,46.95623],[4.73871,46.95596],[4.73825,46.95577],[4.7367,46.95495],[4.73475,46.95422],[4.73412,46.95392],[4.7335,46.95375],[4.73264,46.95415],[4.73226,46.95443],[4.73265,46.95472],[4.73389,46.95507],[4.73484,46.95543],[4.73526,46.95567],[4.73619,46.95639],[4.73666,46.95694],[4.73723,46.95737],[4.73809,46.95796],[4.73897,46.95843],[4.73966,46.95937],[4.74028,46.95929],[4.74017,46.95907],[4.74012,46.95862],[4.74038,46.95858],[4.74046,46.95881],[4.74072,46.95877],[4.74072,46.95895],[4.74102,46.95889],[4.74081,46.95846],[4.74111,46.95834],[4.74112,46.95838],[4.74129,46.95834],[4.74149,46.95849],[4.74142,46.95854],[4.7415,46.95869],[4.74135,46.95873],[4.74134,46.95885],[4.74135,46.95892],[4.74145,46.95892],[4.7416,46.95935],[4.74283,46.95907],[4.743,46.95895]]]]}},{"type":"Feature","properties":{"id":"climat-chassagne-montrachet-premier-cru-morgeot","kind":"climat","level":"premier-cru","name":"Morgeot","full":"Chassagne-Montrachet premier cru Morgeot","app":"Chassagne-Montrachet","region":"cote-de-beaune","communes":["Chassagne-Montrachet"],"area_ha":56.44,"elev":[223.6,245.0,269.8],"slope":3.9,"slope_pct":6.9,"aspect":117,"aspect_label":"ESE","aspect_hist":[0.015,0.06,0.325,0.499,0.09,0.006,0.003,0.002],"village":"chassagne-montrachet","white":true},"geometry":{"type":"MultiPolygon","coordinates":[[[[4.72863,46.9273],[4.72803,46.92661],[4.72712,46.92586],[4.72678,46.9255],[4.72525,46.92403],[4.72326,46.92522],[4.72353,46.92553],[4.72343,46.92557],[4.72363,46.92577],[4.72343,46.92586],[4.7237,46.92631],[4.72375,46.92645],[4.72384,46.92704],[4.72379,46.92708],[4.72391,46.92719],[4.72409,46.92761],[4.72527,46.9285],[4.72556,46.92868],[4.72675,46.92818],[4.72683,46.92821],[4.72734,46.92803],[4.72789,46.92781],[4.72868,46.92742],[4.72863,46.9273]]],[[[4.72503,46.92868],[4.72477,46.92852],[4.72462,46.92839],[4.72445,46.92831],[4.72438,46.92831],[4.72466,46.92877],[4.72491,46.92938],[4.72521,46.92931],[4.72524,46.92911],[4.72503,46.92868]]],[[[4.72507,46.93021],[4.725,46.92996],[4.72482,46.92956],[4.72475,46.92938],[4.72477,46.92937],[4.72465,46.92923],[4.72471,46.92921],[4.72451,46.92876],[4.72414,46.9284],[4.7236,46.92797],[4.72221,46.92725],[4.72162,46.92703],[4.72152,46.92697],[4.72055,46.92614],[4.72019,46.92625],[4.71915,46.92669],[4.71857,46.92689],[4.7187,46.92703],[4.71873,46.92702],[4.7191,46.92741],[4.71933,46.92767],[4.71956,46.92757],[4.71968,46.9277],[4.72031,46.92815],[4.72074,46.92852],[4.7211,46.92874],[4.72132,46.92897],[4.72139,46.92894],[4.72155,46.92908],[4.72208,46.92939],[4.72241,46.92969],[4.72278,46.93006],[4.72291,46.93022],[4.72307,46.93045],[4.72355,46.93086],[4.72355,46.9309],[4.72343,46.93103],[4.72345,46.93109],[4.72391,46.9311],[4.72424,46.93096],[4.72472,46.93088],[4.725,46.93078],[4.72528,46.93059],[4.72507,46.93021]]],[[[4.72357,46.92673],[4.72356,46.92661],[4.72366,46.92656],[4.72358,46.92634],[4.72342,46.92611],[4.72314,46.92588],[4.72253,46.9255],[4.72089,46.92629],[4.72146,46.92682],[4.72175,46.92699],[4.72229,46.9272],[4.72331,46.92771],[4.72339,46.92767],[4.72331,46.92759],[4.72333,46.92756],[4.72325,46.92746],[4.72371,46.92727],[4.72357,46.92673]]],[[[4.7234,46.92499],[4.72288,46.92484],[4.72266,46.9249],[4.723,46.92535],[4.72321,46.92516],[4.72341,46.92503],[4.7234,46.92499]]],[[[4.72351,46.93089],[4.7231,46.93053],[4.72278,46.93008],[4.72207,46.9294],[4.7216,46.92913],[4.72139,46.92895],[4.72131,46.92899],[4.72109,46.92875],[4.72097,46.92867],[4.72118,46.9289],[4.72132,46.9291],[4.72147,46.92952],[4.72148,46.92972],[4.72154,46.92977],[4.72166,46.92981],[4.72178,46.92981],[4.72188,46.92986],[4.72203,46.92986],[4.72223,46.93],[4.72242,46.9304],[4.72238,46.93058],[4.7224,46.93068],[4.72253,46.93114],[4.72334,46.93102],[4.72346,46.93096],[4.72351,46.93089]]],[[[4.72271,46.92209],[4.72254,46.92204],[4.72241,46.92204],[4.72208,46.92195],[4.72183,46.92181],[4.72171,46.92168],[4.72123,46.92133],[4.7202,46.92164],[4.72029,46.92176],[4.72045,46.92203],[4.72075,46.92229],[4.72129,46.92295],[4.72171,46.92339],[4.7222,46.92266],[4.72245,46.92241],[4.72281,46.92215],[4.72271,46.92209]]],[[[4.72256,46.92542],[4.7223,46.92485],[4.72215,46.92478],[4.72205,46.92467],[4.72189,46.92432],[4.72173,46.92425],[4.72181,46.92422],[4.72181,46.9241],[4.72192,46.9238],[4.72185,46.92381],[4.72152,46.9237],[4.7217,46.9234],[4.72127,46.92295],[4.72074,46.92229],[4.72044,46.92204],[4.72019,46.92163],[4.72123,46.92133],[4.72059,46.92093],[4.71979,46.92051],[4.71949,46.92025],[4.71923,46.92008],[4.71851,46.91979],[4.71781,46.92055],[4.71785,46.92057],[4.71735,46.92118],[4.71694,46.92175],[4.71728,46.92207],[4.71725,46.92209],[4.71758,46.92238],[4.71766,46.92257],[4.71763,46.92258],[4.71761,46.92272],[4.7177,46.92303],[4.71797,46.92345],[4.71868,46.92419],[4.71954,46.92499],[4.72008,46.92566],[4.7203,46.92586],[4.72082,46.92624],[4.72144,46.92597],[4.72256,46.92542]],[[4.72079,46.92468],[4.72062,46.92454],[4.72078,46.92445],[4.72073,46.92441],[4.72098,46.92427],[4.72105,46.92433],[4.72109,46.92433],[4.72106,46.92437],[4.72111,46.92441],[4.72114,46.92439],[4.72118,46.92442],[4.72115,46.92444],[4.72122,46.92451],[4.72103,46.92461],[4.72079,46.92468]]],[[[4.72196,46.92396],[4.7219,46.9242],[4.72196,46.92432],[4.72229,46.92424],[4.72209,46.92391],[4.72196,46.92396]]],[[[4.72031,46.926],[4.71988,46.92561],[4.71945,46.92507],[4.71794,46.92356],[4.71765,46.92317],[4.71756,46.92299],[4.71745,46.9226],[4.71725,46.92224],[4.71682,46.92183],[4.7166,46.92165],[4.71657,46.92165],[4.71551,46.92267],[4.71458,46.92329],[4.71461,46.92335],[4.71499,46.92366],[4.71507,46.9236],[4.7158,46.92431],[4.71602,46.92459],[4.71609,46.92458],[4.71618,46.9246],[4.7162,46.92469],[4.71617,46.92483],[4.71623,46.92503],[4.71621,46.92505],[4.7164,46.92542],[4.71632,46.92552],[4.71631,46.92557],[4.71613,46.92574],[4.71622,46.92587],[4.71634,46.92599],[4.71656,46.92607],[4.71691,46.92633],[4.71704,46.92629],[4.71722,46.92641],[4.71726,46.92639],[4.71735,46.92655],[4.71731,46.92656],[4.71738,46.92674],[4.71743,46.92681],[4.71752,46.92686],[4.71823,46.92695],[4.71844,46.92692],[4.71849,46.92686],[4.71811,46.92621],[4.71752,46.92563],[4.71694,46.92481],[4.71679,46.92467],[4.71673,46.92465],[4.71661,46.92449],[4.71673,46.92465],[4.71681,46.92467],[4.71694,46.92481],[4.71754,46.92563],[4.71812,46.92621],[4.7185,46.92686],[4.7186,46.92685],[4.71882,46.92678],[4.7198,46.92637],[4.72051,46.92612],[4.72031,46.926]]],[[[4.72052,46.92833],[4.71967,46.92771],[4.71956,46.92758],[4.71932,46.92768],[4.71872,46.92703],[4.71869,46.92704],[4.71856,46.9269],[4.71835,46.92699],[4.71859,46.92716],[4.71881,46.9274],[4.71895,46.92773],[4.71897,46.92783],[4.71893,46.92794],[4.71881,46.92806],[4.71866,46.92812],[4.71888,46.92829],[4.71909,46.92833],[4.71929,46.92844],[4.71968,46.92857],[4.71975,46.92864],[4.72,46.92849],[4.72019,46.92854],[4.72052,46.92833]]]]}},{"type":"Feature","properties":{"id":"climat-maranges-premier-cru-la-fussiere","kind":"climat","level":"premier-cru","name":"La Fussière","full":"Maranges premier cru La Fussière","app":"Maranges","region":"cote-de-beaune","communes":["Cheilly-lès-Maranges","Dezize-lès-Maranges"],"area_ha":42.59,"elev":[293.1,335.9,402.3],"slope":10.2,"slope_pct":18.2,"aspect":180,"aspect_label":"S","aspect_hist":[0.0,0.001,0.001,0.23,0.508,0.259,0.001,0.0],"village":null,"white":true},"geometry":{"type":"MultiPolygon","coordinates":[[[[4.67202,46.91061],[4.67194,46.91038],[4.67185,46.91039],[4.67185,46.91043],[4.67178,46.91042],[4.67177,46.91008],[4.67179,46.90964],[4.67189,46.90887],[4.67185,46.90884],[4.6712,46.90876],[4.67014,46.90882],[4.66782,46.90873],[4.66713,46.90879],[4.66709,46.9088],[4.66702,46.90893],[4.66695,46.90894],[4.66599,46.91201],[4.66632,46.91211],[4.66624,46.91225],[4.66721,46.9126],[4.66731,46.9126],[4.66743,46.91246],[4.66769,46.91256],[4.66786,46.9126],[4.66844,46.91266],[4.66855,46.9127],[4.66878,46.9127],[4.66925,46.91222],[4.67181,46.9112],[4.67186,46.91121],[4.67187,46.91091],[4.67196,46.91091],[4.67202,46.91061]]],[[[4.66698,46.90878],[4.66461,46.90904],[4.66393,46.90914],[4.6626,46.90945],[4.66251,46.90953],[4.66249,46.9096],[4.66307,46.90953],[4.66381,46.90936],[4.66455,46.90922],[4.66645,46.90897],[4.66695,46.90887],[4.66698,46.90878]]],[[[4.66593,46.90908],[4.66532,46.90914],[4.66451,46.90926],[4.66374,46.90941],[4.66329,46.90952],[4.66228,46.90969],[4.66128,46.91015],[4.66089,46.91026],[4.65918,46.91086],[4.65896,46.91098],[4.65896,46.91106],[4.65945,46.91114],[4.66,46.91113],[4.66044,46.91117],[4.66063,46.91114],[4.66103,46.91103],[4.66196,46.91089],[4.66255,46.91085],[4.66304,46.91087],[4.66328,46.91085],[4.66441,46.91068],[4.66502,46.91054],[4.66534,46.91051],[4.66563,46.91054],[4.66588,46.91062],[4.66602,46.91069],[4.66629,46.91093],[4.66693,46.90892],[4.66593,46.90908]]],[[[4.66629,46.91096],[4.666,46.91072],[4.66575,46.91061],[4.66555,46.91056],[4.66524,46.91055],[4.6651,46.91056],[4.66445,46.9107],[4.66323,46.91088],[4.66262,46.91087],[4.66198,46.91092],[4.66104,46.91106],[4.66067,46.91116],[4.66043,46.9112],[4.65996,46.91115],[4.65945,46.91117],[4.65877,46.91108],[4.6587,46.91109],[4.65837,46.91124],[4.65842,46.9113],[4.65813,46.91141],[4.65798,46.91158],[4.65775,46.91156],[4.65763,46.91165],[4.65808,46.91225],[4.6584,46.91244],[4.65869,46.9123],[4.65884,46.9123],[4.65907,46.91225],[4.65883,46.9119],[4.65906,46.91183],[4.65921,46.91205],[4.65952,46.91263],[4.6594,46.91266],[4.65974,46.91337],[4.66,46.91328],[4.66008,46.91352],[4.6603,46.91347],[4.66029,46.91333],[4.66023,46.91324],[4.66038,46.9132],[4.66038,46.91315],[4.66048,46.91311],[4.66056,46.91301],[4.66079,46.91296],[4.66084,46.91302],[4.66103,46.91299],[4.66114,46.91313],[4.66142,46.91307],[4.6614,46.91305],[4.6618,46.91289],[4.66169,46.91281],[4.66264,46.91251],[4.66262,46.91246],[4.66282,46.91242],[4.6628,46.91233],[4.66319,46.91226],[4.66319,46.91207],[4.66352,46.91202],[4.6635,46.91235],[4.66374,46.91236],[4.66374,46.91227],[4.66399,46.91227],[4.664,46.91243],[4.66413,46.91244],[4.66413,46.91241],[4.6642,46.91239],[4.6642,46.91226],[4.66452,46.91232],[4.66453,46.91212],[4.6648,46.91215],[4.66477,46.91255],[4.66596,46.91201],[4.66629,46.91096]]],[[[4.66356,46.90916],[4.66303,46.90883],[4.66293,46.9088],[4.66262,46.90877],[4.66092,46.90871],[4.65993,46.90874],[4.65892,46.90886],[4.65884,46.9089],[4.65875,46.90902],[4.65864,46.90925],[4.65861,46.90937],[4.65877,46.91002],[4.66271,46.90935],[4.66356,46.90916]]],[[[4.66243,46.9095],[4.65986,46.9099],[4.65878,46.9101],[4.65816,46.91019],[4.65764,46.91031],[4.65779,46.9106],[4.65777,46.91063],[4.65752,46.91068],[4.6576,46.91111],[4.65782,46.9111],[4.65789,46.91125],[4.65809,46.91128],[4.65822,46.91126],[4.65939,46.91075],[4.66077,46.91025],[4.66131,46.91011],[4.66178,46.90986],[4.66212,46.90973],[4.66239,46.90959],[4.66245,46.90952],[4.66243,46.9095]]],[[[4.65869,46.9089],[4.65789,46.90899],[4.65736,46.909],[4.65642,46.90913],[4.65586,46.90915],[4.65572,46.90918],[4.65562,46.90925],[4.65598,46.90995],[4.65629,46.90991],[4.65685,46.90994],[4.65735,46.91012],[4.65751,46.91027],[4.658,46.91015],[4.65866,46.91004],[4.65852,46.9094],[4.65854,46.90926],[4.6587,46.90893],[4.65869,46.9089]]]]}},{"type":"Feature","properties":{"id":"climat-beaune-premier-cru-les-greves","kind":"climat","level":"premier-cru","name":"Les Grèves","full":"Beaune premier cru Les Grèves","app":"Beaune","region":"cote-de-beaune","communes":["Beaune"],"area_ha":31.3,"elev":[222.8,249.4,304.7],"slope":7.7,"slope_pct":13.6,"aspect":99,"aspect_label":"E","aspect_hist":[0.001,0.032,0.775,0.185,0.005,0.001,0.001,0.0],"village":null,"white":true},"geometry":{"type":"Polygon","coordinates":[[[4.82769,47.03534],[4.82767,47.03511],[4.82756,47.03476],[4.82742,47.03408],[4.82744,47.0337],[4.82718,47.03376],[4.82706,47.0336],[4.82666,47.03391],[4.82632,47.03407],[4.82604,47.03423],[4.82583,47.03431],[4.82391,47.03466],[4.82377,47.03471],[4.82375,47.03465],[4.82563,47.03434],[4.82585,47.03427],[4.82664,47.03388],[4.82704,47.03357],[4.82745,47.03341],[4.82748,47.03313],[4.82735,47.03251],[4.82678,47.03276],[4.82682,47.03295],[4.82679,47.03299],[4.8268,47.03294],[4.82675,47.03276],[4.82674,47.03277],[4.82655,47.0322],[4.82588,47.03235],[4.82553,47.0324],[4.82492,47.0326],[4.8247,47.03236],[4.82453,47.03205],[4.82436,47.0319],[4.82204,47.03252],[4.82194,47.03241],[4.8219,47.03242],[4.82175,47.03214],[4.82134,47.03229],[4.82109,47.0325],[4.82098,47.03263],[4.82076,47.03321],[4.82066,47.03328],[4.82059,47.03341],[4.82023,47.03412],[4.8201,47.03418],[4.82004,47.03426],[4.82002,47.03435],[4.82007,47.03446],[4.81989,47.03449],[4.81981,47.03462],[4.81987,47.03483],[4.81984,47.03527],[4.82002,47.03574],[4.82014,47.03637],[4.82017,47.03722],[4.82022,47.03754],[4.82032,47.03769],[4.82054,47.03765],[4.82078,47.03797],[4.82099,47.03794],[4.82106,47.03806],[4.82126,47.03804],[4.82127,47.03812],[4.82139,47.0381],[4.82145,47.03835],[4.82272,47.03815],[4.82295,47.03804],[4.82311,47.03791],[4.82382,47.03778],[4.82388,47.03771],[4.82391,47.03738],[4.824,47.03737],[4.82397,47.03747],[4.82402,47.03749],[4.82471,47.03724],[4.82518,47.03711],[4.82575,47.03685],[4.82671,47.03659],[4.82755,47.03643],[4.82762,47.03622],[4.82761,47.03614],[4.82747,47.03578],[4.82769,47.03534]]]}},{"type":"Feature","properties":{"id":"climat-meursault-premier-cru-charmes","kind":"climat","level":"premier-cru","name":"Charmes","full":"Meursault premier cru Charmes","app":"Meursault","region":"cote-de-beaune","communes":["Meursault"],"area_ha":31.18,"elev":[231.7,244.6,258.9],"slope":2.7,"slope_pct":4.8,"aspect":110,"aspect_label":"ESE","aspect_hist":[0.0,0.026,0.528,0.445,0.001,0.0,0.0,0.0],"village":"meursault","white":true},"geometry":{"type":"MultiPolygon","coordinates":[[[[4.7606,46.96212],[4.76004,46.96147],[4.75944,46.9607],[4.7593,46.96061],[4.75912,46.96054],[4.75878,46.96035],[4.7585,46.96009],[4.75769,46.95945],[4.75681,46.95863],[4.75545,46.9569],[4.75469,46.95648],[4.75414,46.95677],[4.75324,46.9571],[4.75252,46.9573],[4.7518,46.95747],[4.75165,46.95747],[4.75073,46.95767],[4.75035,46.95778],[4.7506,46.95794],[4.75078,46.95812],[4.75096,46.95838],[4.7514,46.95888],[4.75177,46.95944],[4.75291,46.96078],[4.75391,46.96187],[4.75431,46.9624],[4.75454,46.96261],[4.75494,46.96283],[4.7552,46.96303],[4.75569,46.96282],[4.75629,46.9626],[4.75694,46.96246],[4.75774,46.96232],[4.75754,46.96216],[4.7573,46.96189],[4.75722,46.9617],[4.75718,46.96134],[4.75687,46.96081],[4.75666,46.96052],[4.75625,46.96012],[4.75614,46.95991],[4.75619,46.95989],[4.75558,46.95923],[4.75563,46.95921],[4.75623,46.95987],[4.7563,46.96011],[4.75644,46.96026],[4.75646,46.96025],[4.75693,46.96079],[4.75699,46.96094],[4.75722,46.96129],[4.75725,46.96138],[4.75726,46.96169],[4.75734,46.96186],[4.75759,46.96215],[4.75791,46.96238],[4.75873,46.96227],[4.75876,46.96231],[4.75988,46.96225],[4.76037,46.96218],[4.7606,46.96212]]],[[[4.75842,46.95847],[4.75761,46.95717],[4.75736,46.95662],[4.75726,46.95615],[4.75721,46.95613],[4.75647,46.95611],[4.75574,46.95617],[4.75496,46.95632],[4.75472,46.95646],[4.75505,46.95665],[4.75528,46.95674],[4.75551,46.95688],[4.75672,46.95845],[4.7571,46.95887],[4.75842,46.95847]]]]}},{"type":"Feature","properties":{"id":"climat-saint-aubin-premier-cru-en-remilly","kind":"climat","level":"premier-cru","name":"En Remilly","full":"Saint-Aubin premier cru En Remilly","app":"Saint-Aubin","region":"cote-de-beaune","communes":["Saint-Aubin"],"area_ha":29.53,"elev":[245.6,292.0,324.5],"slope":11.0,"slope_pct":19.7,"aspect":229,"aspect_label":"SW","aspect_hist":[0.0,0.0,0.001,0.011,0.121,0.746,0.12,0.001],"village":"saint-aubin","white":true},"geometry":{"type":"Polygon","coordinates":[[[4.73405,46.94915],[4.73509,46.9489],[4.73391,46.94596],[4.7336,46.94559],[4.73356,46.9456],[4.73313,46.94504],[4.73269,46.94462],[4.73178,46.94418],[4.73076,46.94486],[4.73032,46.94518],[4.73001,46.94546],[4.72974,46.94581],[4.72894,46.94714],[4.72842,46.94765],[4.72773,46.94823],[4.72761,46.94845],[4.72698,46.94897],[4.72655,46.94947],[4.72607,46.95029],[4.72533,46.95125],[4.72549,46.95131],[4.72542,46.95143],[4.72547,46.95144],[4.72543,46.95149],[4.7263,46.9518],[4.72657,46.95187],[4.72663,46.95191],[4.72756,46.95146],[4.72821,46.95108],[4.7287,46.95093],[4.72889,46.9509],[4.72921,46.95077],[4.72959,46.95064],[4.72983,46.9506],[4.72998,46.95046],[4.73024,46.9503],[4.73119,46.95],[4.73132,46.95003],[4.73153,46.95],[4.7318,46.9499],[4.73233,46.94976],[4.73262,46.94965],[4.73346,46.9494],[4.73405,46.94915]]]}},{"type":"Feature","properties":{"id":"climat-santenay-premier-cru-les-gravieres","kind":"climat","level":"premier-cru","name":"Les Gravières","full":"Santenay premier cru Les Gravières","app":"Santenay","region":"cote-de-beaune","communes":["Santenay"],"area_ha":29.47,"elev":[222.3,239.6,276.1],"slope":6.7,"slope_pct":11.8,"aspect":143,"aspect_label":"SE","aspect_hist":[0.0,0.002,0.113,0.707,0.162,0.013,0.002,0.001],"village":null,"white":true},"geometry":{"type":"MultiPolygon","coordinates":[[[[4.71809,46.91962],[4.71772,46.92019],[4.71699,46.92109],[4.71688,46.9214],[4.71689,46.92163],[4.71694,46.92175],[4.71785,46.92057],[4.71781,46.92055],[4.71851,46.91979],[4.71809,46.91962]]],[[[4.71767,46.91982],[4.7176,46.91957],[4.71735,46.91929],[4.71474,46.9175],[4.71252,46.91611],[4.71006,46.91431],[4.70976,46.91416],[4.70929,46.91405],[4.70915,46.91406],[4.70899,46.91424],[4.7091,46.91409],[4.70842,46.91417],[4.70819,46.91416],[4.70751,46.91407],[4.70741,46.91402],[4.70726,46.91399],[4.70614,46.9138],[4.7054,46.91493],[4.70516,46.91538],[4.70541,46.91546],[4.70604,46.91582],[4.70651,46.91601],[4.70706,46.91631],[4.7072,46.91639],[4.70737,46.91655],[4.70761,46.91669],[4.70792,46.91701],[4.70848,46.91726],[4.70935,46.91774],[4.71027,46.91808],[4.71055,46.91813],[4.71099,46.91825],[4.7113,46.91828],[4.7114,46.91831],[4.71198,46.9183],[4.71206,46.91827],[4.71214,46.9183],[4.71235,46.91848],[4.71259,46.91877],[4.71297,46.9191],[4.71304,46.9191],[4.71344,46.91939],[4.71393,46.91965],[4.71405,46.91973],[4.71403,46.91974],[4.71417,46.91979],[4.71454,46.92004],[4.71481,46.9201],[4.71504,46.91989],[4.71515,46.92021],[4.71558,46.92056],[4.71576,46.92062],[4.7158,46.92065],[4.71595,46.92084],[4.71611,46.92096],[4.71604,46.92104],[4.71648,46.92145],[4.71656,46.92144],[4.71716,46.92074],[4.71755,46.92022],[4.71766,46.92],[4.71767,46.91982]]],[[[4.71298,46.91915],[4.712,46.91972],[4.71218,46.91993],[4.7122,46.91998],[4.71216,46.92002],[4.71219,46.92007],[4.71336,46.91948],[4.71298,46.91915]]],[[[4.7087,46.91387],[4.70831,46.91352],[4.70812,46.91342],[4.70783,46.91333],[4.70711,46.91317],[4.70661,46.91383],[4.70695,46.91391],[4.70746,46.91398],[4.70779,46.91408],[4.70824,46.91413],[4.70853,46.91413],[4.70902,46.91403],[4.70905,46.914],[4.7087,46.91387]]]]}},{"type":"Feature","properties":{"id":"climat-volnay-premier-cru-santenots","kind":"climat","level":"premier-cru","name":"Santenots","full":"Volnay premier cru Santenots","app":"Volnay","region":"cote-de-beaune","communes":["Meursault"],"area_ha":29.01,"elev":[231.5,249.6,281.0],"slope":4.1,"slope_pct":7.2,"aspect":135,"aspect_label":"SE","aspect_hist":[0.0,0.002,0.065,0.892,0.039,0.001,0.001,0.001],"village":null,"white":false},"geometry":{"type":"MultiPolygon","coordinates":[[[[4.78332,46.98908],[4.7844,46.98854],[4.78357,46.98766],[4.78337,46.98749],[4.78239,46.98795],[4.78245,46.98802],[4.78189,46.98827],[4.78016,46.98887],[4.78029,46.98934],[4.78051,46.98979],[4.78071,46.99012],[4.78066,46.99014],[4.78084,46.99036],[4.78097,46.99048],[4.78129,46.99067],[4.78168,46.99078],[4.78236,46.9909],[4.78256,46.9909],[4.78288,46.99082],[4.78338,46.99062],[4.78403,46.99041],[4.7845,46.99023],[4.78332,46.98908]]],[[[4.78073,46.99035],[4.78029,46.98959],[4.7801,46.989],[4.77992,46.98868],[4.77981,46.98834],[4.77971,46.9882],[4.77925,46.98777],[4.77905,46.98767],[4.77892,46.98764],[4.77863,46.98772],[4.77811,46.98779],[4.77759,46.98778],[4.77705,46.98788],[4.77697,46.98791],[4.77692,46.98803],[4.77672,46.98824],[4.7767,46.98834],[4.77678,46.98854],[4.7768,46.9887],[4.77637,46.98909],[4.77691,46.98937],[4.77728,46.98978],[4.7775,46.99011],[4.77774,46.99026],[4.77784,46.99038],[4.77799,46.99066],[4.77817,46.99092],[4.77959,46.99088],[4.78038,46.99074],[4.78107,46.99068],[4.78115,46.99065],[4.78095,46.99052],[4.78073,46.99035]]],[[[4.77786,46.99054],[4.77729,46.98997],[4.77719,46.98982],[4.77687,46.9895],[4.77653,46.98924],[4.77631,46.98913],[4.77605,46.98931],[4.77557,46.98972],[4.77523,46.98993],[4.77464,46.99017],[4.77488,46.99048],[4.77522,46.99069],[4.77557,46.99077],[4.77631,46.99088],[4.77752,46.99095],[4.77785,46.99095],[4.7781,46.99092],[4.77786,46.99054]]],[[[4.7767,46.98778],[4.77626,46.98726],[4.77605,46.9869],[4.77567,46.98652],[4.77548,46.98644],[4.77529,46.98646],[4.77502,46.98656],[4.77489,46.98651],[4.77481,46.98647],[4.77455,46.98624],[4.77402,46.98567],[4.77358,46.98544],[4.77326,46.98532],[4.77243,46.98562],[4.77117,46.98603],[4.77136,46.98618],[4.7715,46.98647],[4.77152,46.9866],[4.77156,46.98666],[4.772,46.98708],[4.77195,46.9871],[4.77206,46.98721],[4.77251,46.98751],[4.77244,46.98756],[4.77282,46.98781],[4.77314,46.9881],[4.77363,46.98829],[4.77375,46.98824],[4.77425,46.98858],[4.77443,46.98879],[4.7745,46.98884],[4.77501,46.98891],[4.77515,46.989],[4.77542,46.98911],[4.77559,46.98912],[4.77594,46.98909],[4.77608,46.98919],[4.77638,46.989],[4.77673,46.9887],[4.7767,46.98853],[4.77662,46.98833],[4.77668,46.9882],[4.77684,46.98805],[4.77689,46.98795],[4.77688,46.98791],[4.7767,46.98778]]],[[[4.77559,46.98913],[4.77541,46.98911],[4.77514,46.989],[4.7751,46.98903],[4.77497,46.98894],[4.7746,46.98889],[4.77434,46.98912],[4.77503,46.98941],[4.77495,46.98943],[4.77475,46.98955],[4.77506,46.98968],[4.77507,46.9897],[4.77496,46.98977],[4.77508,46.9899],[4.77538,46.98973],[4.77608,46.9892],[4.77594,46.9891],[4.77559,46.98913]]]]}},{"type":"Feature","properties":{"id":"climat-maranges-premier-cru-les-clos-roussots","kind":"climat","level":"premier-cru","name":"Les Clos Roussots","full":"Maranges premier cru Les Clos Roussots","app":"Maranges","region":"cote-de-beaune","communes":["Cheilly-lès-Maranges","Sampigny-lès-Maranges"],"area_ha":27.98,"elev":[258.0,283.4,314.6],"slope":4.7,"slope_pct":8.3,"aspect":161,"aspect_label":"SSE","aspect_hist":[0.0,0.0,0.004,0.425,0.53,0.041,0.001,0.0],"village":null,"white":true},"geometry":{"type":"MultiPolygon","coordinates":[[[[4.67286,46.90647],[4.67225,46.9059],[4.67179,46.90555],[4.67131,46.90531],[4.67139,46.90577],[4.67179,46.90705],[4.67286,46.90647]]],[[[4.67102,46.90506],[4.67063,46.90479],[4.67047,46.90486],[4.67041,46.90442],[4.67035,46.90426],[4.67037,46.90405],[4.67031,46.90371],[4.67026,46.90363],[4.66868,46.9038],[4.66778,46.90398],[4.66718,46.90404],[4.66673,46.90405],[4.6661,46.90394],[4.66584,46.90391],[4.66576,46.90394],[4.66618,46.90455],[4.66619,46.90495],[4.66615,46.90495],[4.66599,46.90514],[4.6662,46.90589],[4.66671,46.90592],[4.66736,46.90589],[4.6678,46.90592],[4.66947,46.90597],[4.66989,46.90595],[4.6702,46.90581],[4.67047,46.90561],[4.67059,46.90549],[4.67058,46.90536],[4.67102,46.9051],[4.67102,46.90506]]],[[[4.67043,46.90794],[4.67065,46.9072],[4.67071,46.90661],[4.6706,46.90557],[4.67022,46.90584],[4.66997,46.90597],[4.66983,46.90599],[4.66797,46.90597],[4.66734,46.90593],[4.66672,46.90595],[4.66621,46.90593],[4.66646,46.9068],[4.66616,46.90581],[4.66577,46.90584],[4.66535,46.90594],[4.66414,46.90616],[4.66365,46.90623],[4.6636,46.90621],[4.66356,46.90611],[4.66344,46.90611],[4.66343,46.90607],[4.66306,46.90614],[4.66292,46.90619],[4.6621,46.90626],[4.66193,46.90635],[4.66228,46.90678],[4.66256,46.90741],[4.66286,46.9079],[4.66291,46.90871],[4.66313,46.90877],[4.66349,46.90897],[4.66377,46.90905],[4.66585,46.90881],[4.66701,46.9087],[4.66702,46.90873],[4.66807,46.90865],[4.67013,46.90877],[4.67082,46.90872],[4.67093,46.90808],[4.67043,46.90794]]]]}},{"type":"Feature","properties":{"id":"climat-saint-aubin-premier-cru-les-combes","kind":"climat","level":"premier-cru","name":"Les Combes","full":"Saint-Aubin premier cru Les Combes","app":"Saint-Aubin","region":"cote-de-beaune","communes":["Saint-Aubin"],"area_ha":25.79,"elev":[242.2,276.8,342.2],"slope":9.0,"slope_pct":15.9,"aspect":89,"aspect_label":"E","aspect_hist":[0.008,0.157,0.731,0.025,0.022,0.053,0.004,0.0],"village":"saint-aubin","white":true},"geometry":{"type":"MultiPolygon","coordinates":[[[[4.73168,46.94409],[4.73115,46.94371],[4.73076,46.94387],[4.73068,46.94382],[4.73041,46.94341],[4.73034,46.94337],[4.72935,46.94351],[4.72915,46.94334],[4.72867,46.94349],[4.72834,46.94362],[4.72824,46.94362],[4.72769,46.94377],[4.72735,46.94383],[4.72692,46.94384],[4.72657,46.9437],[4.72638,46.94374],[4.72632,46.94395],[4.72638,46.94406],[4.7263,46.94406],[4.72625,46.94424],[4.7263,46.94428],[4.72632,46.9444],[4.72622,46.94441],[4.72625,46.94502],[4.72638,46.94583],[4.7264,46.9462],[4.72636,46.9465],[4.72613,46.94696],[4.72568,46.94804],[4.72553,46.94855],[4.72536,46.94938],[4.72504,46.94977],[4.72501,46.95002],[4.72508,46.95031],[4.72524,46.95041],[4.72669,46.94875],[4.7269,46.94855],[4.72694,46.94856],[4.72711,46.94847],[4.72795,46.94787],[4.7287,46.9472],[4.72901,46.94672],[4.72951,46.94556],[4.72971,46.94519],[4.72992,46.94501],[4.73029,46.94478],[4.73125,46.94433],[4.73168,46.94409]]],[[[4.72635,46.94619],[4.72634,46.94583],[4.72624,46.9453],[4.72616,46.94461],[4.72618,46.94422],[4.72625,46.94381],[4.72582,46.94386],[4.72473,46.94404],[4.72474,46.94418],[4.72437,46.94418],[4.72431,46.94407],[4.72421,46.94407],[4.72397,46.94413],[4.72337,46.94422],[4.72363,46.94465],[4.72335,46.94422],[4.72315,46.94373],[4.72318,46.94373],[4.72304,46.94343],[4.72227,46.94358],[4.7224,46.94374],[4.72254,46.94401],[4.72171,46.94415],[4.72203,46.94457],[4.72187,46.94462],[4.72189,46.94468],[4.72152,46.94482],[4.7215,46.94491],[4.72203,46.94565],[4.72228,46.94606],[4.72239,46.94602],[4.72272,46.94654],[4.72294,46.94677],[4.72298,46.94676],[4.72326,46.94733],[4.72397,46.94722],[4.72474,46.94722],[4.72471,46.94708],[4.72566,46.94717],[4.726,46.94716],[4.72631,46.94652],[4.72635,46.94619]]]]}},{"type":"Feature","properties":{"id":"climat-beaune-premier-cru-le-clos-des-mouches","kind":"climat","level":"premier-cru","name":"Le Clos des Mouches","full":"Beaune premier cru Le Clos des Mouches","app":"Beaune","region":"cote-de-beaune","communes":["Beaune"],"area_ha":25.3,"elev":[249.1,281.5,313.7],"slope":7.1,"slope_pct":12.5,"aspect":135,"aspect_label":"SE","aspect_hist":[0.0,0.0,0.123,0.751,0.123,0.002,0.0,0.0],"village":null,"white":true},"geometry":{"type":"Polygon","coordinates":[[[4.81011,47.02028],[4.81046,47.02006],[4.81037,47.01961],[4.81015,47.01921],[4.80989,47.01895],[4.80942,47.01831],[4.80928,47.01817],[4.80832,47.01745],[4.80843,47.01738],[4.80849,47.01743],[4.80892,47.01715],[4.80814,47.01645],[4.8079,47.01656],[4.8077,47.01679],[4.80766,47.01676],[4.80766,47.01666],[4.80747,47.01655],[4.80736,47.01639],[4.80698,47.0162],[4.80618,47.01593],[4.80592,47.01606],[4.80539,47.01648],[4.80523,47.01668],[4.80507,47.01699],[4.80494,47.01711],[4.80443,47.01737],[4.80392,47.01756],[4.80411,47.01767],[4.80461,47.01785],[4.80512,47.01822],[4.80565,47.01887],[4.80572,47.01903],[4.8057,47.01915],[4.80574,47.01922],[4.80604,47.01943],[4.80639,47.01957],[4.80672,47.01966],[4.80705,47.01994],[4.80698,47.01997],[4.80668,47.01968],[4.8063,47.01958],[4.80599,47.01945],[4.80582,47.01934],[4.80565,47.01918],[4.80567,47.01904],[4.80557,47.01884],[4.80504,47.0182],[4.80464,47.01792],[4.80416,47.01773],[4.80385,47.01758],[4.80373,47.0176],[4.80354,47.01768],[4.80296,47.01801],[4.80229,47.01842],[4.80195,47.01869],[4.80208,47.01881],[4.80228,47.01894],[4.80255,47.01921],[4.8032,47.01964],[4.8036,47.02007],[4.80424,47.02051],[4.8043,47.0206],[4.80434,47.02078],[4.80472,47.02111],[4.80492,47.02121],[4.80549,47.02142],[4.80643,47.02163],[4.80656,47.02169],[4.80666,47.02178],[4.80678,47.02199],[4.80775,47.02168],[4.80777,47.02171],[4.80817,47.02158],[4.8082,47.02154],[4.80843,47.02154],[4.80866,47.02145],[4.80882,47.02175],[4.80921,47.02166],[4.80986,47.02139],[4.80991,47.02132],[4.8099,47.02124],[4.80942,47.0205],[4.81,47.02035],[4.80998,47.02032],[4.81011,47.02028]]]}},{"type":"Feature","properties":{"id":"climat-meursault-premier-cru-blagny","kind":"climat","level":"premier-cru","name":"Blagny","full":"Meursault premier cru Blagny","app":"Meursault","region":"cote-de-beaune","communes":["Meursault"],"area_ha":25.0,"elev":[280.4,325.3,372.3],"slope":7.9,"slope_pct":14.0,"aspect":132,"aspect_label":"SE","aspect_hist":[0.002,0.052,0.265,0.535,0.106,0.035,0.005,0.0],"village":"meursault","white":true},"geometry":{"type":"MultiPolygon","coordinates":[[[[4.74836,46.96259],[4.74802,46.96249],[4.74799,46.96265],[4.74789,46.96273],[4.74771,46.96283],[4.74725,46.9627],[4.74717,46.96261],[4.74695,46.96261],[4.74638,46.96246],[4.74469,46.96187],[4.74384,46.96151],[4.7434,46.96137],[4.74286,46.96124],[4.74194,46.96094],[4.74161,46.96076],[4.74108,46.96027],[4.74102,46.96009],[4.74106,46.95994],[4.74103,46.95978],[4.74095,46.95967],[4.74071,46.95951],[4.74065,46.95943],[4.74044,46.95945],[4.73979,46.95964],[4.73856,46.95986],[4.73821,46.95986],[4.73763,46.95992],[4.73825,46.96059],[4.73863,46.96114],[4.73898,46.96157],[4.73886,46.96163],[4.73894,46.96186],[4.73912,46.96206],[4.73932,46.96217],[4.74016,46.9624],[4.74107,46.96257],[4.74295,46.963],[4.74437,46.96351],[4.74475,46.96363],[4.74477,46.96361],[4.7455,46.96391],[4.74611,46.96413],[4.74617,46.96418],[4.74729,46.96452],[4.7474,46.96447],[4.74738,46.96443],[4.74743,46.96435],[4.74759,46.96417],[4.74788,46.96367],[4.74797,46.96357],[4.74804,46.96351],[4.7485,46.96341],[4.7484,46.96324],[4.7481,46.96301],[4.74821,46.96288],[4.74837,46.96282],[4.74842,46.96275],[4.74847,46.96275],[4.74855,46.96269],[4.74836,46.96259]]],[[[4.74781,46.9596],[4.74714,46.95953],[4.74694,46.95943],[4.74691,46.95945],[4.74684,46.95946],[4.74612,46.96007],[4.74596,46.96017],[4.7458,46.96021],[4.74554,46.96022],[4.74506,46.96019],[4.74462,46.96011],[4.74442,46.96011],[4.74377,46.96017],[4.74325,46.96028],[4.74301,46.9603],[4.7427,46.96027],[4.74249,46.9602],[4.7419,46.9597],[4.74163,46.9595],[4.74144,46.95945],[4.74101,46.95959],[4.74097,46.95962],[4.74107,46.95977],[4.74113,46.95993],[4.74108,46.96005],[4.74114,46.96025],[4.74166,46.96074],[4.74196,46.96089],[4.74289,46.96121],[4.74388,46.96148],[4.74472,46.96184],[4.74643,46.96243],[4.74691,46.96256],[4.747,46.96256],[4.74709,46.96253],[4.74692,46.96234],[4.74662,46.96172],[4.7465,46.96159],[4.74633,46.96129],[4.74609,46.96134],[4.74602,46.96132],[4.74633,46.96092],[4.74653,46.96076],[4.74712,46.96034],[4.74749,46.96018],[4.7477,46.95991],[4.74775,46.95967],[4.74781,46.9596]],[[4.74533,46.96107],[4.74529,46.96077],[4.74507,46.96068],[4.74516,46.96061],[4.74537,46.96059],[4.74538,46.96067],[4.74533,46.96071],[4.74559,46.96095],[4.74538,46.96109],[4.74533,46.96107]]],[[[4.73856,46.96114],[4.73803,46.9604],[4.73757,46.95993],[4.73703,46.95997],[4.73688,46.96],[4.7368,46.96005],[4.73673,46.96023],[4.73677,46.96055],[4.73712,46.96078],[4.7374,46.96102],[4.73761,46.96092],[4.73765,46.96096],[4.73749,46.96104],[4.73773,46.96122],[4.73775,46.9612],[4.73793,46.96138],[4.73856,46.96114]]]]}},{"type":"Feature","properties":{"id":"climat-beaune-premier-cru-les-cents-vignes","kind":"climat","level":"premier-cru","name":"Les Cents Vignes","full":"Beaune premier cru Les Cents Vignes","app":"Beaune","region":"cote-de-beaune","communes":["Beaune"],"area_ha":23.5,"elev":[225.3,232.0,244.6],"slope":1.9,"slope_pct":3.3,"aspect":117,"aspect_label":"ESE","aspect_hist":[0.001,0.016,0.429,0.527,0.018,0.01,0.0,0.0],"village":null,"white":true},"geometry":{"type":"Polygon","coordinates":[[[4.83093,47.03945],[4.83072,47.03828],[4.83069,47.03812],[4.83056,47.03785],[4.83052,47.03756],[4.83054,47.03742],[4.83035,47.03682],[4.83022,47.03613],[4.83016,47.03609],[4.83006,47.03609],[4.82971,47.03618],[4.82912,47.03647],[4.82886,47.03666],[4.82883,47.03665],[4.82825,47.03701],[4.82773,47.03738],[4.82701,47.03817],[4.82639,47.03892],[4.82623,47.03915],[4.82608,47.03951],[4.82585,47.03989],[4.82571,47.04004],[4.82528,47.0404],[4.8251,47.04071],[4.82558,47.04124],[4.82614,47.04171],[4.82632,47.04168],[4.82653,47.04189],[4.82669,47.04215],[4.82684,47.0423],[4.82699,47.04241],[4.82744,47.04263],[4.82776,47.04285],[4.8279,47.04279],[4.82801,47.04294],[4.82776,47.04302],[4.82797,47.04326],[4.82803,47.04324],[4.82811,47.04337],[4.82826,47.04336],[4.82838,47.04337],[4.82864,47.04351],[4.82886,47.04359],[4.82917,47.04359],[4.82984,47.04334],[4.83052,47.04321],[4.83063,47.04311],[4.83064,47.04293],[4.83062,47.0425],[4.83065,47.0423],[4.83095,47.04117],[4.83093,47.03945]]]}},{"type":"Feature","properties":{"id":"climat-santenay-premier-cru-la-comme","kind":"climat","level":"premier-cru","name":"La Comme","full":"Santenay premier cru La Comme","app":"Santenay","region":"cote-de-beaune","communes":["Santenay"],"area_ha":22.04,"elev":[252.1,276.9,309.0],"slope":7.0,"slope_pct":12.4,"aspect":106,"aspect_label":"ESE","aspect_hist":[0.005,0.044,0.628,0.239,0.076,0.007,0.001,0.001],"village":null,"white":true},"geometry":{"type":"Polygon","coordinates":[[[4.71635,46.92179],[4.71652,46.92159],[4.71635,46.92147],[4.71609,46.9212],[4.71585,46.92092],[4.71582,46.92094],[4.71543,46.92063],[4.71533,46.92057],[4.71523,46.9204],[4.71505,46.92026],[4.71496,46.92021],[4.71455,46.92011],[4.71419,46.91993],[4.71404,46.92003],[4.71357,46.91956],[4.71347,46.91951],[4.71336,46.91948],[4.71219,46.92007],[4.71216,46.92002],[4.7122,46.91998],[4.71218,46.91993],[4.712,46.91972],[4.71298,46.91915],[4.71243,46.91871],[4.71231,46.91859],[4.71234,46.91857],[4.71215,46.91839],[4.71187,46.91833],[4.7118,46.91835],[4.71173,46.91842],[4.71157,46.91851],[4.71154,46.91856],[4.71157,46.91861],[4.7114,46.91894],[4.71132,46.919],[4.71094,46.91922],[4.71086,46.91922],[4.71084,46.91919],[4.71079,46.9192],[4.71063,46.91934],[4.71056,46.91935],[4.71042,46.91931],[4.7107,46.91956],[4.71058,46.91954],[4.71032,46.91962],[4.71026,46.91958],[4.70844,46.92069],[4.70872,46.92087],[4.70891,46.92102],[4.70891,46.92104],[4.70949,46.92156],[4.70974,46.92188],[4.71016,46.9228],[4.71018,46.92301],[4.71031,46.92331],[4.71026,46.92333],[4.71026,46.92337],[4.71146,46.9248],[4.71244,46.9242],[4.71289,46.924],[4.71315,46.92385],[4.71335,46.92376],[4.71337,46.92379],[4.71384,46.92356],[4.71407,46.92344],[4.71437,46.92324],[4.71513,46.92287],[4.71528,46.92277],[4.71551,46.92255],[4.71572,46.92232],[4.71576,46.92231],[4.71602,46.92205],[4.71635,46.92179]],[[4.71299,46.92323],[4.71202,46.92371],[4.71201,46.9237],[4.71299,46.92323]]]}},{"type":"Feature","properties":{"id":"climat-beaune-premier-cru-les-teurons","kind":"climat","level":"premier-cru","name":"Les Teurons","full":"Beaune premier cru Les Teurons","app":"Beaune","region":"cote-de-beaune","communes":["Beaune"],"area_ha":21.51,"elev":[219.7,237.1,273.5],"slope":4.6,"slope_pct":8.1,"aspect":112,"aspect_label":"ESE","aspect_hist":[0.026,0.075,0.485,0.32,0.044,0.011,0.016,0.023],"village":null,"white":true},"geometry":{"type":"MultiPolygon","coordinates":[[[[4.82741,47.02888],[4.82668,47.02889],[4.82623,47.02895],[4.82567,47.02914],[4.82518,47.02921],[4.82515,47.02926],[4.82534,47.0294],[4.82566,47.02958],[4.82589,47.02965],[4.82651,47.02978],[4.82692,47.02959],[4.82697,47.02954],[4.82699,47.02937],[4.82728,47.02914],[4.82735,47.02904],[4.82741,47.02888]]],[[[4.8269,47.02732],[4.82656,47.02657],[4.82539,47.02673],[4.82507,47.02679],[4.82499,47.02665],[4.82488,47.0267],[4.82411,47.02604],[4.82324,47.02653],[4.82254,47.0269],[4.82258,47.02692],[4.82309,47.027],[4.82335,47.02715],[4.82399,47.02789],[4.82486,47.02879],[4.82515,47.02916],[4.82567,47.02908],[4.82618,47.02889],[4.82633,47.02887],[4.82608,47.02773],[4.82693,47.02748],[4.8269,47.02732]]],[[[4.82506,47.02919],[4.82493,47.02897],[4.8246,47.02861],[4.8241,47.02813],[4.82333,47.02725],[4.82314,47.0271],[4.82294,47.02703],[4.82277,47.02703],[4.82273,47.02701],[4.82233,47.02724],[4.82138,47.02739],[4.82136,47.02734],[4.82038,47.0276],[4.82018,47.02768],[4.82001,47.02779],[4.82034,47.0281],[4.82023,47.02816],[4.81985,47.02792],[4.81958,47.02815],[4.8197,47.02811],[4.81989,47.02834],[4.81974,47.02842],[4.81989,47.02859],[4.82002,47.0287],[4.82011,47.02871],[4.82033,47.02893],[4.82042,47.02914],[4.82045,47.0293],[4.82048,47.02929],[4.82078,47.02965],[4.82095,47.02989],[4.8212,47.03009],[4.82151,47.02997],[4.82269,47.02979],[4.82276,47.02976],[4.82324,47.02984],[4.8234,47.02982],[4.82396,47.02968],[4.82447,47.02953],[4.82472,47.02943],[4.8248,47.02933],[4.82481,47.02927],[4.82506,47.02919]]],[[[4.82476,47.02959],[4.82474,47.02949],[4.82442,47.02962],[4.82404,47.02971],[4.8229,47.02996],[4.82287,47.02982],[4.82241,47.02988],[4.82143,47.03007],[4.82092,47.03023],[4.82002,47.03042],[4.81916,47.03069],[4.81927,47.03098],[4.81922,47.03103],[4.81961,47.03122],[4.81973,47.03115],[4.82028,47.03189],[4.82058,47.0318],[4.82069,47.032],[4.82097,47.03237],[4.82163,47.0321],[4.82202,47.03201],[4.82231,47.03188],[4.82304,47.03126],[4.82339,47.03099],[4.82341,47.03093],[4.82378,47.03081],[4.82385,47.03069],[4.82373,47.03052],[4.82392,47.03052],[4.82397,47.03053],[4.82435,47.0301],[4.82452,47.02986],[4.82469,47.02971],[4.82476,47.02959]]]]}},{"type":"Feature","properties":{"id":"climat-beaune-premier-cru-les-aigrots","kind":"climat","level":"premier-cru","name":"Les Aigrots","full":"Beaune premier cru Les Aigrots","app":"Beaune","region":"cote-de-beaune","communes":["Beaune"],"area_ha":18.71,"elev":[250.3,275.4,317.0],"slope":7.7,"slope_pct":13.6,"aspect":81,"aspect_label":"E","aspect_hist":[0.002,0.174,0.704,0.109,0.01,0.001,0.0,0.0],"village":null,"white":true},"geometry":{"type":"MultiPolygon","coordinates":[[[[4.81283,47.02363],[4.81273,47.02343],[4.81253,47.02326],[4.81238,47.02328],[4.81229,47.02323],[4.81206,47.02329],[4.8118,47.02341],[4.81174,47.02347],[4.81144,47.0232],[4.81117,47.02247],[4.81109,47.02237],[4.81038,47.02249],[4.8103,47.02243],[4.81043,47.02239],[4.81015,47.02207],[4.80978,47.02191],[4.80958,47.02185],[4.80944,47.02183],[4.80931,47.02162],[4.80882,47.02175],[4.80866,47.02145],[4.80843,47.02154],[4.8082,47.02154],[4.80817,47.02158],[4.80777,47.02171],[4.80775,47.02168],[4.80678,47.02199],[4.80696,47.02231],[4.80712,47.02278],[4.80725,47.02306],[4.80788,47.02396],[4.80851,47.02499],[4.80933,47.02588],[4.81002,47.02608],[4.81125,47.02608],[4.81255,47.02584],[4.81173,47.02472],[4.8126,47.0244],[4.81224,47.02384],[4.81283,47.02363]]],[[[4.80918,47.02579],[4.80849,47.02503],[4.80846,47.02504],[4.80793,47.02419],[4.80748,47.02359],[4.80717,47.02302],[4.80688,47.02301],[4.80685,47.02313],[4.80688,47.0232],[4.8065,47.02325],[4.80599,47.02324],[4.80589,47.02336],[4.80584,47.02389],[4.80589,47.02416],[4.80586,47.02443],[4.80612,47.02441],[4.80617,47.02456],[4.8063,47.02454],[4.80637,47.02484],[4.80641,47.02482],[4.80653,47.02508],[4.80664,47.02551],[4.80672,47.02549],[4.80678,47.02568],[4.80688,47.02582],[4.80714,47.02579],[4.80735,47.02573],[4.80743,47.02591],[4.80729,47.02594],[4.80726,47.0259],[4.80681,47.02604],[4.80679,47.02611],[4.80661,47.02615],[4.80644,47.02623],[4.80624,47.02628],[4.80645,47.02637],[4.80816,47.02593],[4.80843,47.02595],[4.80875,47.02586],[4.80906,47.02587],[4.80918,47.02579]]]]}},{"type":"Feature","properties":{"id":"climat-santenay-premier-cru-beauregard","kind":"climat","level":"premier-cru","name":"Beauregard","full":"Santenay premier cru Beauregard","app":"Santenay","region":"cote-de-beaune","communes":["Santenay"],"area_ha":18.07,"elev":[251.1,288.6,334.8],"slope":11.2,"slope_pct":20.4,"aspect":150,"aspect_label":"SSE","aspect_hist":[0.001,0.007,0.088,0.607,0.22,0.058,0.019,0.001],"village":null,"white":true},"geometry":{"type":"MultiPolygon","coordinates":[[[[4.71187,46.91833],[4.71141,46.91833],[4.71068,46.91822],[4.70996,46.91801],[4.70925,46.91775],[4.70861,46.91738],[4.70802,46.91712],[4.70785,46.91701],[4.70757,46.91672],[4.70673,46.91618],[4.7063,46.91596],[4.70613,46.91591],[4.70575,46.91573],[4.70557,46.9156],[4.70542,46.91553],[4.7045,46.91697],[4.70483,46.91736],[4.70491,46.91739],[4.70504,46.91751],[4.70498,46.91759],[4.70553,46.91828],[4.70567,46.91841],[4.70585,46.91863],[4.70617,46.91892],[4.70639,46.91917],[4.70649,46.91944],[4.7065,46.91968],[4.70663,46.91973],[4.70678,46.91974],[4.70713,46.91987],[4.70813,46.92052],[4.70844,46.92069],[4.71026,46.91958],[4.71032,46.91962],[4.71058,46.91954],[4.7107,46.91956],[4.71042,46.91931],[4.71056,46.91935],[4.71063,46.91934],[4.71079,46.9192],[4.71084,46.91919],[4.71086,46.91922],[4.71094,46.91922],[4.71132,46.919],[4.7114,46.91894],[4.71157,46.91861],[4.71154,46.91856],[4.71157,46.91851],[4.71173,46.91842],[4.7118,46.91835],[4.71187,46.91833]]],[[[4.70841,46.92072],[4.70808,46.92054],[4.70711,46.91991],[4.70679,46.91978],[4.70661,46.91977],[4.70649,46.91973],[4.7064,46.91959],[4.70645,46.91956],[4.70634,46.91918],[4.70609,46.91892],[4.70608,46.91898],[4.70594,46.91901],[4.70581,46.919],[4.70579,46.91901],[4.70549,46.91887],[4.70547,46.91889],[4.70543,46.91888],[4.70537,46.91882],[4.70539,46.9188],[4.70528,46.91875],[4.70529,46.91873],[4.70518,46.9187],[4.70517,46.91872],[4.70468,46.91855],[4.70452,46.91844],[4.70409,46.91825],[4.70386,46.91848],[4.70388,46.91853],[4.70406,46.9186],[4.70395,46.91874],[4.70426,46.91887],[4.70448,46.91907],[4.70438,46.91913],[4.70447,46.91923],[4.70456,46.9191],[4.70464,46.91913],[4.70484,46.91933],[4.70482,46.91935],[4.70497,46.91945],[4.70515,46.91955],[4.70521,46.91955],[4.70532,46.91959],[4.70528,46.91971],[4.70518,46.91979],[4.70534,46.91989],[4.70542,46.91987],[4.70546,46.9199],[4.70524,46.92001],[4.70579,46.92044],[4.70595,46.92048],[4.70596,46.92046],[4.70601,46.92047],[4.70593,46.92056],[4.70596,46.92058],[4.70649,46.92091],[4.70645,46.92094],[4.7066,46.92098],[4.70661,46.92109],[4.70659,46.92112],[4.70678,46.92128],[4.70681,46.92134],[4.70674,46.92138],[4.70686,46.92148],[4.70677,46.92156],[4.70708,46.92171],[4.70725,46.92157],[4.70748,46.92128],[4.70767,46.92122],[4.70797,46.92104],[4.70841,46.92072]]]]}},{"type":"Feature","properties":{"id":"climat-saint-aubin-premier-cru-sur-le-sentier-du-clou","kind":"climat","level":"premier-cru","name":"Sur le sentier du Clou","full":"Saint-Aubin premier cru Sur le sentier du Clou","app":"Saint-Aubin","region":"cote-de-beaune","communes":["Saint-Aubin"],"area_ha":17.97,"elev":[278.1,313.2,373.0],"slope":15.3,"slope_pct":28.6,"aspect":128,"aspect_label":"SE","aspect_hist":[0.0,0.017,0.252,0.708,0.023,0.0,0.0,0.0],"village":"saint-aubin","white":true},"geometry":{"type":"Polygon","coordinates":[[[4.7176,46.95705],[4.71727,46.95655],[4.7169,46.95611],[4.71615,46.95549],[4.71586,46.95508],[4.7157,46.9549],[4.71545,46.9547],[4.7147,46.95425],[4.71423,46.95452],[4.71454,46.95513],[4.71477,46.95537],[4.71495,46.95612],[4.71494,46.95637],[4.71478,46.95662],[4.71472,46.95696],[4.71463,46.95715],[4.71471,46.95696],[4.71477,46.95661],[4.71492,46.95638],[4.71492,46.95606],[4.71475,46.95538],[4.71453,46.95514],[4.7142,46.95447],[4.7129,46.95365],[4.71222,46.95328],[4.7116,46.9529],[4.71107,46.95264],[4.71011,46.95201],[4.70948,46.95167],[4.70926,46.95151],[4.70911,46.95163],[4.7091,46.95162],[4.70849,46.95214],[4.70812,46.95269],[4.70771,46.95316],[4.7077,46.9532],[4.70791,46.95336],[4.70894,46.95378],[4.71026,46.95465],[4.71119,46.95515],[4.71124,46.95511],[4.71164,46.95523],[4.71196,46.95541],[4.71208,46.95551],[4.71211,46.95558],[4.71235,46.95565],[4.7129,46.95585],[4.71315,46.95602],[4.71322,46.95603],[4.71336,46.95613],[4.71347,46.95629],[4.7137,46.95647],[4.71362,46.95668],[4.7139,46.95695],[4.71431,46.95719],[4.71506,46.95749],[4.71509,46.95744],[4.71521,46.95748],[4.7152,46.9575],[4.71611,46.95778],[4.71756,46.95711],[4.7176,46.95705]]]}},{"type":"Feature","properties":{"id":"climat-savigny-les-beaune-premier-cru-les-lavieres","kind":"climat","level":"premier-cru","name":"Les Lavières","full":"Savigny-lès-Beaune premier cru Les Lavières","app":"Savigny-lès-Beaune","region":"cote-de-beaune","communes":["Savigny-lès-Beaune"],"area_ha":17.92,"elev":[252.1,263.0,277.1],"slope":3.2,"slope_pct":5.5,"aspect":177,"aspect_label":"S","aspect_hist":[0.0,0.001,0.006,0.146,0.779,0.061,0.004,0.003],"village":null,"white":true},"geometry":{"type":"MultiPolygon","coordinates":[[[[4.84289,47.06274],[4.84265,47.0627],[4.84235,47.06269],[4.84114,47.06272],[4.83988,47.06258],[4.84019,47.06299],[4.84074,47.06325],[4.84081,47.06324],[4.84099,47.06332],[4.84148,47.06357],[4.84191,47.06395],[4.84218,47.0638],[4.84221,47.06375],[4.84215,47.06367],[4.84226,47.06357],[4.84246,47.06352],[4.84345,47.06314],[4.84326,47.06288],[4.84289,47.06274]]],[[[4.84264,47.06191],[4.84221,47.06112],[4.84179,47.0602],[4.84053,47.06053],[4.84,47.06064],[4.8393,47.06081],[4.83859,47.06094],[4.83744,47.06125],[4.83748,47.06129],[4.83776,47.06139],[4.83815,47.06164],[4.83855,47.06204],[4.83884,47.06225],[4.83904,47.06233],[4.83985,47.06246],[4.83985,47.06248],[4.84013,47.06249],[4.84012,47.06244],[4.8406,47.06251],[4.8406,47.06247],[4.8408,47.06247],[4.84082,47.06257],[4.84115,47.06261],[4.84146,47.06259],[4.84165,47.06262],[4.84227,47.06253],[4.84229,47.06258],[4.84262,47.06257],[4.84302,47.06249],[4.84264,47.06191]]],[[[4.83624,47.06326],[4.83702,47.06315],[4.83755,47.06301],[4.83814,47.06297],[4.83816,47.06401],[4.83877,47.06378],[4.83912,47.06371],[4.83929,47.06371],[4.83958,47.06373],[4.84018,47.06388],[4.84057,47.06395],[4.8416,47.06403],[4.84136,47.0638],[4.84119,47.06374],[4.84114,47.06376],[4.84082,47.06357],[4.84064,47.0634],[4.84066,47.06338],[4.84055,47.06324],[4.84011,47.06298],[4.83994,47.06273],[4.83979,47.06257],[4.83905,47.06242],[4.83876,47.06232],[4.83858,47.0622],[4.838,47.06164],[4.83768,47.06147],[4.83741,47.06138],[4.8372,47.06135],[4.83658,47.06139],[4.83567,47.06125],[4.83554,47.0613],[4.8353,47.06147],[4.83522,47.06158],[4.83517,47.06174],[4.83513,47.06235],[4.83486,47.063],[4.8347,47.0632],[4.83414,47.06371],[4.83423,47.06407],[4.83438,47.0645],[4.83465,47.06451],[4.83585,47.06443],[4.83601,47.06393],[4.83601,47.06376],[4.8362,47.06373],[4.83615,47.06327],[4.83604,47.06329],[4.83624,47.06326]]]]}},{"type":"Feature","properties":{"id":"climat-puligny-montrachet-premier-cru-les-folatieres","kind":"climat","level":"premier-cru","name":"Les Folatières","full":"Puligny-Montrachet premier cru Les Folatières","app":"Puligny-Montrachet","region":"cote-de-beaune","communes":["Puligny-Montrachet"],"area_ha":17.74,"elev":[249.8,276.3,312.9],"slope":8.9,"slope_pct":15.7,"aspect":123,"aspect_label":"ESE","aspect_hist":[0.0,0.0,0.241,0.729,0.03,0.0,0.0,0.0],"village":"puligny-montrachet","white":true},"geometry":{"type":"MultiPolygon","coordinates":[[[[4.74527,46.95303],[4.74446,46.95232],[4.74404,46.95188],[4.7438,46.95171],[4.74358,46.95144],[4.74343,46.95119],[4.74282,46.95142],[4.74315,46.95197],[4.74302,46.95202],[4.74327,46.95254],[4.74385,46.9523],[4.74437,46.95276],[4.74375,46.95314],[4.74354,46.95295],[4.74351,46.95298],[4.7434,46.95293],[4.74333,46.95282],[4.74327,46.95285],[4.74317,46.95279],[4.74314,46.95273],[4.74321,46.95269],[4.74314,46.95262],[4.74309,46.95263],[4.74281,46.9523],[4.74269,46.95205],[4.74272,46.95204],[4.74237,46.9515],[4.74246,46.95148],[4.74272,46.95138],[4.74292,46.95134],[4.74338,46.95117],[4.7434,46.95114],[4.74308,46.9508],[4.74294,46.95043],[4.74268,46.95004],[4.74117,46.95043],[4.7415,46.9508],[4.74143,46.95082],[4.74152,46.9511],[4.74143,46.95112],[4.74098,46.95122],[4.74061,46.95074],[4.74074,46.9507],[4.74048,46.95029],[4.74032,46.95032],[4.73979,46.9505],[4.73953,46.95063],[4.73914,46.95075],[4.73877,46.9509],[4.73969,46.95204],[4.73975,46.95202],[4.73981,46.95209],[4.73969,46.95213],[4.73978,46.95232],[4.74031,46.95311],[4.74021,46.95316],[4.74022,46.95318],[4.74032,46.95332],[4.74011,46.95339],[4.74026,46.95354],[4.74039,46.95349],[4.74039,46.95355],[4.73984,46.95385],[4.7398,46.95381],[4.73974,46.95384],[4.73977,46.95387],[4.73965,46.95392],[4.73973,46.95401],[4.73999,46.95417],[4.73984,46.95425],[4.74007,46.95436],[4.74061,46.95468],[4.74153,46.95491],[4.74218,46.95513],[4.7424,46.95526],[4.74258,46.95552],[4.74265,46.95567],[4.74279,46.95571],[4.74333,46.95596],[4.7437,46.95584],[4.74377,46.95579],[4.74458,46.95562],[4.74454,46.9551],[4.74446,46.95493],[4.74436,46.95442],[4.74442,46.95407],[4.74437,46.95372],[4.7444,46.95362],[4.74527,46.95303]]],[[[4.73838,46.95035],[4.73889,46.95078],[4.73969,46.95046],[4.73988,46.95041],[4.73985,46.95032],[4.73974,46.95025],[4.73948,46.94995],[4.73838,46.95035]]]]}},{"type":"Feature","properties":{"id":"climat-pernand-vergelesses-premier-cru-vergelesses","kind":"climat","level":"premier-cru","name":"Vergelesses","full":"Pernand-Vergelesses premier cru Vergelesses","app":"Pernand-Vergelesses","region":"cote-de-beaune","communes":["Pernand-Vergelesses"],"area_ha":17.57,"elev":[242.5,256.3,269.1],"slope":4.0,"slope_pct":7.1,"aspect":120,"aspect_label":"ESE","aspect_hist":[0.0,0.0,0.246,0.744,0.01,0.0,0.0,0.0],"village":"pernand-vergelesses","white":true},"geometry":{"type":"Polygon","coordinates":[[[4.85068,47.06684],[4.85067,47.06572],[4.85022,47.06575],[4.85017,47.06532],[4.84969,47.06439],[4.84949,47.06409],[4.8494,47.06391],[4.84897,47.06399],[4.84849,47.063],[4.84765,47.06326],[4.8466,47.06343],[4.84646,47.06342],[4.84627,47.06338],[4.84599,47.06312],[4.8458,47.06306],[4.84526,47.06312],[4.84483,47.0632],[4.84459,47.06322],[4.84397,47.06321],[4.84374,47.06323],[4.84509,47.06495],[4.84666,47.06669],[4.84731,47.06814],[4.84809,47.06796],[4.84885,47.06785],[4.8496,47.0678],[4.85029,47.06779],[4.85049,47.06749],[4.85043,47.06748],[4.85045,47.06744],[4.85061,47.06749],[4.85075,47.06684],[4.85068,47.06684]]]}},{"type":"Feature","properties":{"id":"climat-beaune-premier-cru-les-bressandes","kind":"climat","level":"premier-cru","name":"Les Bressandes","full":"Beaune premier cru Les Bressandes","app":"Beaune","region":"cote-de-beaune","communes":["Beaune"],"area_ha":17.18,"elev":[235.5,273.3,313.9],"slope":11.1,"slope_pct":19.8,"aspect":102,"aspect_label":"ESE","aspect_hist":[0.0,0.033,0.719,0.208,0.037,0.003,0.0,0.0],"village":null,"white":true},"geometry":{"type":"Polygon","coordinates":[[[4.82601,47.03949],[4.82613,47.03918],[4.82448,47.03949],[4.82413,47.03883],[4.82406,47.03877],[4.82401,47.03837],[4.82264,47.03855],[4.82259,47.03839],[4.82215,47.03843],[4.82237,47.03878],[4.82233,47.03887],[4.82218,47.03893],[4.82229,47.03907],[4.8224,47.03914],[4.8221,47.03921],[4.8221,47.03882],[4.82166,47.03896],[4.82163,47.03902],[4.82134,47.03894],[4.82082,47.03902],[4.82101,47.03944],[4.82051,47.03952],[4.8205,47.03963],[4.82042,47.03983],[4.82037,47.04016],[4.82059,47.04087],[4.8206,47.0412],[4.82052,47.04152],[4.82055,47.04182],[4.82063,47.04207],[4.82089,47.04204],[4.82091,47.04211],[4.82078,47.04212],[4.82083,47.04222],[4.82077,47.04223],[4.82081,47.04236],[4.82071,47.04237],[4.82075,47.04257],[4.82066,47.0426],[4.82101,47.04315],[4.82146,47.04303],[4.8215,47.04315],[4.82105,47.04352],[4.82109,47.04355],[4.82092,47.0437],[4.82073,47.04382],[4.82061,47.04394],[4.82058,47.04384],[4.82057,47.04369],[4.82046,47.04366],[4.82029,47.0437],[4.82035,47.04385],[4.82024,47.04392],[4.82028,47.04409],[4.82022,47.04412],[4.82027,47.04418],[4.82042,47.04409],[4.82066,47.04407],[4.82063,47.04399],[4.82081,47.04397],[4.82106,47.04387],[4.82129,47.04371],[4.82195,47.04348],[4.82206,47.04343],[4.82206,47.04339],[4.82219,47.04334],[4.82227,47.04339],[4.82229,47.04352],[4.822,47.04366],[4.82192,47.04364],[4.82194,47.0437],[4.82189,47.04376],[4.82175,47.04386],[4.82146,47.044],[4.82187,47.04418],[4.82195,47.0442],[4.82273,47.04404],[4.82261,47.04396],[4.82259,47.04392],[4.82267,47.04388],[4.82306,47.04381],[4.8231,47.04376],[4.82317,47.0438],[4.82354,47.04357],[4.82366,47.04354],[4.82371,47.04388],[4.82389,47.04396],[4.82413,47.04382],[4.82409,47.04352],[4.8238,47.04343],[4.82381,47.04335],[4.82377,47.04326],[4.82387,47.04318],[4.82367,47.04308],[4.82368,47.04305],[4.8238,47.0429],[4.82417,47.04256],[4.82426,47.04242],[4.82451,47.04169],[4.82498,47.04079],[4.82526,47.04034],[4.82579,47.03988],[4.82601,47.03949]]]}},{"type":"Feature","properties":{"id":"climat-meursault-premier-cru-genevrieres","kind":"climat","level":"premier-cru","name":"Genevrières","full":"Meursault premier cru Genevrières","app":"Meursault","region":"cote-de-beaune","communes":["Meursault"],"area_ha":16.56,"elev":[237.7,254.3,284.2],"slope":6.2,"slope_pct":11.0,"aspect":115,"aspect_label":"ESE","aspect_hist":[0.0,0.002,0.412,0.585,0.001,0.0,0.0,0.0],"village":"meursault","white":true},"geometry":{"type":"MultiPolygon","coordinates":[[[[4.76061,46.96631],[4.76051,46.96621],[4.76028,46.96603],[4.7598,46.96584],[4.75794,46.96491],[4.75738,46.96471],[4.75721,46.96462],[4.75668,46.9642],[4.7559,46.9637],[4.75521,46.96315],[4.75517,46.96315],[4.75507,46.96321],[4.75454,46.9634],[4.75372,46.96362],[4.75394,46.96375],[4.7542,46.96401],[4.75416,46.96403],[4.75426,46.96412],[4.75431,46.9641],[4.75439,46.96417],[4.7545,46.96428],[4.75464,46.96451],[4.75456,46.96454],[4.75451,46.9645],[4.75428,46.96424],[4.75382,46.96383],[4.75325,46.96406],[4.75399,46.9649],[4.75443,46.96545],[4.75499,46.96648],[4.75534,46.96634],[4.75567,46.96696],[4.75576,46.96706],[4.7566,46.96686],[4.75666,46.96701],[4.75738,46.96686],[4.75847,46.96661],[4.75901,46.96654],[4.75902,46.96656],[4.75982,46.96647],[4.76061,46.96631]]],[[[4.75989,46.96565],[4.75979,46.96538],[4.75942,46.9647],[4.75914,46.96425],[4.759,46.9643],[4.75845,46.96337],[4.75811,46.96264],[4.75782,46.96238],[4.75694,46.96249],[4.75653,46.96259],[4.75529,46.96306],[4.75526,46.9631],[4.75599,46.96368],[4.75633,46.9639],[4.75671,46.9641],[4.75727,46.96459],[4.75798,46.96486],[4.75868,46.96524],[4.75982,46.9658],[4.75988,46.96573],[4.75989,46.96565]]]]}},{"type":"Feature","properties":{"id":"climat-beaune-premier-cru-champs-pimont","kind":"climat","level":"premier-cru","name":"Champs Pimont","full":"Beaune premier cru Champs Pimont","app":"Beaune","region":"cote-de-beaune","communes":["Beaune"],"area_ha":16.37,"elev":[238.4,263.4,306.1],"slope":6.5,"slope_pct":11.4,"aspect":126,"aspect_label":"SE","aspect_hist":[0.005,0.048,0.354,0.456,0.108,0.02,0.006,0.003],"village":null,"white":true},"geometry":{"type":"MultiPolygon","coordinates":[[[[4.82046,47.02741],[4.82021,47.02705],[4.82014,47.02703],[4.81946,47.02727],[4.81912,47.02742],[4.81853,47.0274],[4.81846,47.02743],[4.8181,47.02701],[4.8168,47.02771],[4.81691,47.0278],[4.81709,47.02781],[4.81729,47.02772],[4.81744,47.02769],[4.81752,47.02777],[4.81797,47.02762],[4.81826,47.02785],[4.81819,47.02793],[4.81833,47.02812],[4.8185,47.02826],[4.81871,47.0284],[4.81907,47.0283],[4.81931,47.02818],[4.81949,47.02807],[4.82012,47.02757],[4.82046,47.02749],[4.82046,47.02741]]],[[[4.81648,47.02785],[4.81606,47.02763],[4.81598,47.02767],[4.81573,47.02755],[4.81532,47.0274],[4.81507,47.02724],[4.81545,47.02691],[4.81472,47.02653],[4.81405,47.02645],[4.81383,47.02651],[4.81337,47.02604],[4.81305,47.02593],[4.8127,47.02588],[4.81238,47.02591],[4.81171,47.02605],[4.81125,47.02612],[4.81099,47.02614],[4.81002,47.02613],[4.80921,47.02594],[4.80896,47.02592],[4.80874,47.02593],[4.80817,47.02608],[4.80628,47.02669],[4.80658,47.02711],[4.80638,47.02717],[4.80648,47.02734],[4.80671,47.0276],[4.807,47.02745],[4.80734,47.0276],[4.80805,47.02722],[4.80813,47.02726],[4.80851,47.02715],[4.80918,47.02776],[4.80895,47.02786],[4.80911,47.02812],[4.80941,47.02844],[4.80953,47.02838],[4.80959,47.02841],[4.80978,47.02864],[4.81136,47.02786],[4.81181,47.02812],[4.8119,47.02808],[4.81199,47.02815],[4.81227,47.02821],[4.81233,47.02819],[4.81239,47.02825],[4.81261,47.02828],[4.81319,47.0283],[4.81334,47.02841],[4.81382,47.02855],[4.81435,47.02875],[4.81476,47.02855],[4.81537,47.02835],[4.81621,47.02799],[4.81648,47.02785]]]]}},{"type":"Feature","properties":{"id":"climat-savigny-les-beaune-premier-cru-les-peuillets","kind":"climat","level":"premier-cru","name":"Les Peuillets","full":"Savigny-lès-Beaune premier cru Les Peuillets","app":"Savigny-lès-Beaune","region":"cote-de-beaune","communes":["Savigny-lès-Beaune"],"area_ha":15.99,"elev":[240.9,245.7,251.1],"slope":1.8,"slope_pct":3.1,"aspect":106,"aspect_label":"ESE","aspect_hist":[0.0,0.017,0.601,0.367,0.015,0.0,0.0,0.0],"village":null,"white":true},"geometry":{"type":"Polygon","coordinates":[[[4.83895,47.05098],[4.83912,47.05009],[4.83842,47.05011],[4.83824,47.04908],[4.83817,47.04887],[4.83802,47.04857],[4.83804,47.04857],[4.8379,47.04842],[4.83777,47.04819],[4.83767,47.04793],[4.83775,47.04759],[4.83768,47.04741],[4.8376,47.04723],[4.83755,47.04725],[4.8373,47.04669],[4.8369,47.04625],[4.83522,47.04694],[4.83383,47.04755],[4.83366,47.04765],[4.83434,47.04794],[4.83486,47.04823],[4.83487,47.04826],[4.83485,47.04827],[4.83431,47.04797],[4.83375,47.04775],[4.83359,47.04769],[4.83343,47.04779],[4.83379,47.04827],[4.83411,47.04882],[4.83478,47.04978],[4.83497,47.05019],[4.83523,47.05057],[4.83567,47.05099],[4.83576,47.05112],[4.83575,47.05126],[4.83566,47.05159],[4.83639,47.05178],[4.83767,47.05205],[4.83803,47.05211],[4.83881,47.05219],[4.83895,47.05098]]]}},{"type":"Feature","properties":{"id":"climat-saint-aubin-premier-cru-les-murgers-des-dents-de-chien","kind":"climat","level":"premier-cru","name":"Les Murgers des dents de chien","full":"Saint-Aubin premier cru Les Murgers des dents de chien","app":"Saint-Aubin","region":"cote-de-beaune","communes":["Saint-Aubin"],"area_ha":15.99,"elev":[315.5,340.0,373.4],"slope":7.1,"slope_pct":12.5,"aspect":181,"aspect_label":"S","aspect_hist":[0.0,0.0,0.006,0.501,0.217,0.19,0.083,0.002],"village":"saint-aubin","white":true},"geometry":{"type":"Polygon","coordinates":[[[4.735,46.95295],[4.73616,46.95236],[4.73596,46.95136],[4.73587,46.95126],[4.73602,46.95119],[4.7351,46.94893],[4.73438,46.9491],[4.73395,46.94924],[4.73382,46.94933],[4.73364,46.94936],[4.73344,46.94945],[4.73269,46.94967],[4.73238,46.9498],[4.73183,46.94993],[4.73155,46.95004],[4.73118,46.95007],[4.73031,46.95035],[4.73013,46.95043],[4.73016,46.95047],[4.73026,46.95053],[4.73025,46.95069],[4.73021,46.95079],[4.73056,46.95103],[4.73055,46.95111],[4.73071,46.95134],[4.73102,46.95151],[4.73116,46.95178],[4.73147,46.95204],[4.73152,46.95202],[4.73153,46.95207],[4.73127,46.95215],[4.73133,46.9523],[4.73158,46.95261],[4.73162,46.95304],[4.73176,46.95326],[4.73199,46.95383],[4.73221,46.9542],[4.73243,46.95431],[4.73286,46.95405],[4.73338,46.95381],[4.73353,46.95369],[4.73395,46.9535],[4.73418,46.95334],[4.735,46.95295]]]}},{"type":"Feature","properties":{"id":"climat-santenay-premier-cru-clos-rousseau","kind":"climat","level":"premier-cru","name":"Clos Rousseau","full":"Santenay premier cru Clos Rousseau","app":"Santenay","region":"cote-de-beaune","communes":["Santenay"],"area_ha":15.83,"elev":[255.9,277.8,311.6],"slope":7.0,"slope_pct":12.3,"aspect":129,"aspect_label":"SE","aspect_hist":[0.0,0.002,0.229,0.68,0.089,0.001,0.0,0.0],"village":null,"white":true},"geometry":{"type":"MultiPolygon","coordinates":[[[[4.68015,46.91151],[4.67851,46.9104],[4.67834,46.91021],[4.6781,46.91007],[4.67805,46.90994],[4.67799,46.90988],[4.67828,46.90959],[4.67789,46.90954],[4.6774,46.90951],[4.67712,46.90945],[4.67673,46.9094],[4.67662,46.90956],[4.67641,46.90976],[4.67632,46.90981],[4.67621,46.90993],[4.67593,46.91009],[4.67597,46.91015],[4.67591,46.91017],[4.67647,46.91102],[4.67697,46.91149],[4.67757,46.91212],[4.67819,46.9129],[4.67835,46.91278],[4.6785,46.9126],[4.67867,46.91259],[4.68015,46.91151]]],[[[4.67619,46.91071],[4.67552,46.90965],[4.67541,46.90953],[4.6753,46.90948],[4.67459,46.90933],[4.6742,46.90932],[4.67336,46.90922],[4.67193,46.90887],[4.67185,46.90991],[4.67203,46.91029],[4.67234,46.91034],[4.67257,46.91041],[4.67308,46.91041],[4.67355,46.91046],[4.67415,46.9104],[4.67434,46.9104],[4.67481,46.9105],[4.6753,46.91051],[4.67619,46.91071]]],[[[4.67592,46.90877],[4.67587,46.90862],[4.67563,46.90834],[4.67512,46.90797],[4.67434,46.90747],[4.6739,46.90725],[4.67382,46.90733],[4.67384,46.90752],[4.6739,46.90769],[4.67416,46.90809],[4.6746,46.9086],[4.67466,46.90878],[4.67464,46.90879],[4.67466,46.90898],[4.67457,46.90924],[4.67573,46.90926],[4.6758,46.90921],[4.67582,46.90899],[4.67591,46.90881],[4.67592,46.90877]]],[[[4.67457,46.90878],[4.67452,46.90859],[4.67408,46.90808],[4.67388,46.90775],[4.67377,46.90733],[4.67369,46.90718],[4.67303,46.90664],[4.67287,46.90648],[4.67179,46.90705],[4.67186,46.90746],[4.67188,46.90804],[4.67196,46.90849],[4.67194,46.90876],[4.6724,46.90888],[4.67264,46.90892],[4.67312,46.90906],[4.67353,46.90914],[4.67445,46.90925],[4.67456,46.90902],[4.67457,46.90878]]]]}},{"type":"Feature","properties":{"id":"climat-chassagne-montrachet-premier-cru-les-brussonnes","kind":"climat","level":"premier-cru","name":"Les Brussonnes","full":"Chassagne-Montrachet premier cru Les Brussonnes","app":"Chassagne-Montrachet","region":"cote-de-beaune","communes":["Chassagne-Montrachet"],"area_ha":15.79,"elev":[234.0,250.1,268.2],"slope":3.5,"slope_pct":6.1,"aspect":104,"aspect_label":"ESE","aspect_hist":[0.003,0.081,0.48,0.342,0.087,0.003,0.002,0.002],"village":"chassagne-montrachet","white":true},"geometry":{"type":"MultiPolygon","coordinates":[[[[4.72281,46.92215],[4.72262,46.92205],[4.72241,46.92204],[4.72208,46.92195],[4.72183,46.92181],[4.72171,46.92168],[4.72123,46.92133],[4.7202,46.92164],[4.72029,46.92176],[4.72045,46.92203],[4.72075,46.92229],[4.72129,46.92295],[4.72171,46.92339],[4.7222,46.92266],[4.72245,46.92241],[4.72281,46.92215]]],[[[4.7217,46.9234],[4.72127,46.92295],[4.721,46.92261],[4.72074,46.92269],[4.72062,46.92281],[4.72046,46.92306],[4.72044,46.92336],[4.72046,46.92354],[4.72053,46.92357],[4.72104,46.92361],[4.72152,46.9237],[4.7217,46.9234]]],[[[4.72123,46.92133],[4.72059,46.92093],[4.71979,46.92051],[4.71949,46.92025],[4.71923,46.92008],[4.71851,46.91979],[4.71781,46.92055],[4.71785,46.92057],[4.71735,46.92118],[4.71694,46.92175],[4.71728,46.92207],[4.71725,46.92209],[4.71758,46.92238],[4.71766,46.92257],[4.71763,46.92258],[4.71761,46.92272],[4.7177,46.92303],[4.71797,46.92345],[4.71822,46.92373],[4.71911,46.92332],[4.72008,46.92277],[4.72006,46.92276],[4.72084,46.92241],[4.72044,46.92204],[4.72019,46.92163],[4.72123,46.92133]]],[[[4.71857,46.92422],[4.71794,46.92356],[4.71765,46.92317],[4.71756,46.92299],[4.71745,46.9226],[4.71723,46.92221],[4.7166,46.92165],[4.71654,46.92166],[4.71551,46.92267],[4.71458,46.92329],[4.71461,46.92335],[4.71499,46.92366],[4.71507,46.9236],[4.7158,46.92431],[4.71602,46.92459],[4.71609,46.92458],[4.71618,46.9246],[4.71619,46.92467],[4.71661,46.92449],[4.71673,46.92465],[4.71681,46.92467],[4.71694,46.92481],[4.71857,46.92422]]]]}},{"type":"Feature","properties":{"id":"climat-chassagne-montrachet-premier-cru-la-boudriotte","kind":"climat","level":"premier-cru","name":"La Boudriotte","full":"Chassagne-Montrachet premier cru La Boudriotte","app":"Chassagne-Montrachet","region":"cote-de-beaune","communes":["Chassagne-Montrachet"],"area_ha":15.62,"elev":[223.7,241.8,262.5],"slope":3.6,"slope_pct":6.3,"aspect":124,"aspect_label":"SE","aspect_hist":[0.006,0.032,0.203,0.702,0.057,0.0,0.0,0.0],"village":"chassagne-montrachet","white":true},"geometry":{"type":"MultiPolygon","coordinates":[[[[4.72863,46.9273],[4.72833,46.92693],[4.72803,46.92661],[4.72731,46.92603],[4.7266,46.92533],[4.72522,46.92606],[4.7254,46.92627],[4.72592,46.9268],[4.72508,46.92717],[4.72434,46.92673],[4.72427,46.92674],[4.72398,46.92642],[4.7239,46.92626],[4.72383,46.92624],[4.7237,46.92631],[4.72378,46.92653],[4.72384,46.92704],[4.72379,46.92708],[4.72391,46.92719],[4.72409,46.92761],[4.72527,46.9285],[4.72556,46.92868],[4.72675,46.92818],[4.72683,46.92821],[4.72695,46.92818],[4.72789,46.92781],[4.72868,46.92742],[4.72863,46.9273]]],[[[4.72528,46.93059],[4.72507,46.93021],[4.725,46.92996],[4.72482,46.92956],[4.72475,46.92938],[4.72477,46.92937],[4.72465,46.92923],[4.72471,46.92921],[4.72451,46.92876],[4.72441,46.92865],[4.72396,46.92825],[4.7236,46.92797],[4.72221,46.92725],[4.72159,46.92767],[4.7221,46.92804],[4.72216,46.928],[4.7226,46.92832],[4.72238,46.92843],[4.72193,46.92817],[4.72155,46.9284],[4.7215,46.92836],[4.72098,46.92867],[4.7211,46.92874],[4.72132,46.92897],[4.72139,46.92894],[4.72155,46.92908],[4.72208,46.92939],[4.72241,46.92969],[4.72278,46.93006],[4.72291,46.93022],[4.72307,46.93045],[4.72355,46.93086],[4.72355,46.9309],[4.72343,46.93103],[4.72345,46.93109],[4.72391,46.9311],[4.72424,46.93096],[4.72483,46.93085],[4.725,46.93078],[4.72527,46.93061],[4.72528,46.93059]]],[[[4.72371,46.92727],[4.72357,46.92676],[4.72356,46.92661],[4.72229,46.9272],[4.72331,46.92771],[4.72339,46.92767],[4.72331,46.92759],[4.72333,46.92756],[4.72325,46.92746],[4.72371,46.92727]]],[[[4.72351,46.93089],[4.7231,46.93053],[4.72278,46.93008],[4.72207,46.9294],[4.7216,46.92913],[4.72139,46.92895],[4.72131,46.92899],[4.72109,46.92875],[4.72097,46.92867],[4.72118,46.9289],[4.72132,46.9291],[4.72147,46.92952],[4.72148,46.92972],[4.72154,46.92977],[4.72166,46.92981],[4.72178,46.92981],[4.72188,46.92986],[4.72203,46.92986],[4.72223,46.93],[4.72242,46.9304],[4.72238,46.93058],[4.7224,46.93068],[4.72253,46.93114],[4.72334,46.93102],[4.72346,46.93096],[4.72351,46.93089]]]]}},{"type":"Feature","properties":{"id":"climat-volnay-premier-cru-clos-des-chenes","kind":"climat","level":"premier-cru","name":"Clos des Chênes","full":"Volnay premier cru Clos des Chênes","app":"Volnay","region":"cote-de-beaune","communes":["Volnay"],"area_ha":15.39,"elev":[281.8,301.9,323.5],"slope":5.3,"slope_pct":9.4,"aspect":137,"aspect_label":"SE","aspect_hist":[0.0,0.0,0.051,0.877,0.072,0.0,0.0,0.0],"village":null,"white":false},"geometry":{"type":"MultiPolygon","coordinates":[[[[4.78061,46.99587],[4.77984,46.99542],[4.77941,46.99513],[4.77934,46.99523],[4.77929,46.99543],[4.77913,46.99566],[4.77966,46.99611],[4.77994,46.99646],[4.78043,46.9963],[4.78089,46.99611],[4.78061,46.99587]]],[[[4.77987,46.99648],[4.77947,46.996],[4.7793,46.99587],[4.77901,46.99572],[4.77877,46.99568],[4.77869,46.99563],[4.77805,46.99508],[4.77774,46.99487],[4.77688,46.99455],[4.77674,46.99446],[4.77639,46.99419],[4.77609,46.99402],[4.77574,46.99378],[4.77516,46.99351],[4.77492,46.99343],[4.77424,46.99444],[4.77375,46.99508],[4.77346,46.99557],[4.77355,46.99559],[4.77394,46.99584],[4.77517,46.99647],[4.77634,46.99712],[4.77704,46.99745],[4.77769,46.99782],[4.77846,46.99744],[4.77992,46.99691],[4.77996,46.99663],[4.77987,46.99648]]],[[[4.77937,46.99511],[4.77871,46.99461],[4.777,46.99374],[4.77673,46.99354],[4.77604,46.99293],[4.77596,46.99294],[4.77579,46.99305],[4.77525,46.9935],[4.77588,46.99381],[4.77612,46.99399],[4.77644,46.99417],[4.77678,46.99444],[4.77692,46.99451],[4.77769,46.9948],[4.77783,46.99487],[4.77837,46.99528],[4.7788,46.99565],[4.77904,46.99568],[4.77927,46.99538],[4.7793,46.99522],[4.77937,46.99511]]]]}},{"type":"Feature","properties":{"id":"climat-savigny-les-beaune-premier-cru-les-vergelesses","kind":"climat","level":"premier-cru","name":"Les Vergelesses","full":"Savigny-lès-Beaune premier cru Les Vergelesses","app":"Savigny-lès-Beaune","region":"cote-de-beaune","communes":["Savigny-lès-Beaune"],"area_ha":15.18,"elev":[275.0,300.5,329.9],"slope":10.0,"slope_pct":17.7,"aspect":129,"aspect_label":"SE","aspect_hist":[0.0,0.001,0.256,0.577,0.165,0.0,0.0,0.0],"village":null,"white":true},"geometry":{"type":"Polygon","coordinates":[[[4.84552,47.06862],[4.84522,47.06816],[4.84488,47.06771],[4.84451,47.06736],[4.84406,47.067],[4.84347,47.06632],[4.8432,47.06579],[4.84313,47.06547],[4.84269,47.06557],[4.84212,47.06565],[4.84154,47.06583],[4.84123,47.06586],[4.84109,47.06584],[4.8416,47.06409],[4.84042,47.06397],[4.83995,47.06387],[4.83989,47.06481],[4.8397,47.06478],[4.83951,47.06562],[4.83928,47.06626],[4.83961,47.0664],[4.83959,47.06643],[4.84013,47.06669],[4.8403,47.06678],[4.84038,47.06687],[4.84051,47.06689],[4.84094,47.06724],[4.84113,47.06745],[4.8412,47.06756],[4.84117,47.06757],[4.8413,47.06769],[4.84137,47.06781],[4.84155,47.06797],[4.84189,47.06818],[4.84183,47.0682],[4.84195,47.06833],[4.84198,47.06831],[4.84215,47.06858],[4.84241,47.06889],[4.8425,47.06913],[4.84314,47.07001],[4.84319,47.0702],[4.84359,47.07012],[4.84423,47.07006],[4.84661,47.06953],[4.84552,47.06862]]]}},{"type":"Feature","properties":{"id":"climat-pommard-premier-cru-les-petits-epenots","kind":"climat","level":"premier-cru","name":"Les Petits Epenots","full":"Pommard premier cru Les Petits Epenots","app":"Pommard","region":"cote-de-beaune","communes":["Pommard"],"area_ha":15.12,"elev":[234.8,244.2,259.0],"slope":2.3,"slope_pct":4.1,"aspect":137,"aspect_label":"SE","aspect_hist":[0.0,0.004,0.146,0.683,0.166,0.0,0.0,0.0],"village":null,"white":false},"geometry":{"type":"MultiPolygon","coordinates":[[[[4.81261,47.01366],[4.81192,47.01311],[4.81145,47.01302],[4.81101,47.01291],[4.80934,47.01231],[4.80898,47.01221],[4.80885,47.01234],[4.80876,47.0124],[4.80766,47.01296],[4.80749,47.01308],[4.80725,47.01339],[4.8073,47.01347],[4.80767,47.01379],[4.80764,47.01393],[4.80646,47.0147],[4.80645,47.01476],[4.80734,47.01502],[4.80759,47.01518],[4.80828,47.01584],[4.81039,47.01486],[4.81277,47.01382],[4.81261,47.01366]]],[[[4.80757,47.01378],[4.80721,47.01345],[4.80719,47.01338],[4.80693,47.0134],[4.80665,47.01313],[4.80553,47.01384],[4.80497,47.01431],[4.80518,47.01443],[4.80566,47.01456],[4.80605,47.01462],[4.80631,47.01474],[4.80761,47.0139],[4.80757,47.01378]]],[[[4.80373,47.01532],[4.8042,47.01554],[4.80433,47.01565],[4.80462,47.01563],[4.80482,47.01553],[4.80497,47.01553],[4.80561,47.01564],[4.80582,47.01571],[4.80612,47.01584],[4.80616,47.01584],[4.80627,47.01564],[4.80619,47.01542],[4.80625,47.01538],[4.80643,47.01512],[4.80659,47.01496],[4.8066,47.01489],[4.80601,47.01466],[4.80528,47.0145],[4.80481,47.01434],[4.80483,47.01433],[4.80468,47.0143],[4.80427,47.01426],[4.80362,47.01423],[4.80341,47.0142],[4.8025,47.01395],[4.80226,47.01412],[4.80218,47.01419],[4.80222,47.01423],[4.80292,47.01468],[4.80298,47.01474],[4.80322,47.01487],[4.80373,47.01532]]]]}},{"type":"Feature","properties":{"id":"climat-saint-aubin-premier-cru-le-charmois","kind":"climat","level":"premier-cru","name":"Le Charmois","full":"Saint-Aubin premier cru Le Charmois","app":"Saint-Aubin","region":"cote-de-beaune","communes":["Saint-Aubin"],"area_ha":15.0,"elev":[248.7,296.8,344.5],"slope":11.4,"slope_pct":20.4,"aspect":92,"aspect_label":"E","aspect_hist":[0.002,0.07,0.909,0.019,0.0,0.0,0.0,0.0],"village":"saint-aubin","white":true},"geometry":{"type":"MultiPolygon","coordinates":[[[[4.72823,46.94615],[4.72774,46.94603],[4.72772,46.94582],[4.72777,46.94576],[4.72794,46.94578],[4.728,46.94568],[4.72791,46.94564],[4.72792,46.94562],[4.72789,46.94555],[4.72794,46.9455],[4.72789,46.94544],[4.72779,46.9454],[4.72779,46.94538],[4.72764,46.94535],[4.72737,46.94526],[4.72742,46.94507],[4.72738,46.94507],[4.7274,46.94497],[4.72732,46.94484],[4.72717,46.94484],[4.72707,46.94459],[4.72707,46.94433],[4.72717,46.94406],[4.72713,46.94389],[4.72691,46.94387],[4.72692,46.94384],[4.72657,46.9437],[4.72638,46.94374],[4.72632,46.94395],[4.72638,46.94406],[4.7263,46.94406],[4.72625,46.94424],[4.7263,46.94428],[4.72632,46.9444],[4.72622,46.94441],[4.72625,46.94502],[4.72638,46.94583],[4.7264,46.9462],[4.72637,46.94648],[4.72586,46.94759],[4.72605,46.94763],[4.72642,46.94717],[4.72662,46.94703],[4.72689,46.94701],[4.72716,46.94688],[4.72735,46.94691],[4.72782,46.94664],[4.72787,46.94665],[4.72813,46.94647],[4.7282,46.9464],[4.72813,46.94634],[4.72823,46.94615]]],[[[4.72635,46.94619],[4.72634,46.94583],[4.72624,46.9453],[4.72616,46.94461],[4.72618,46.94422],[4.72625,46.94381],[4.72582,46.94386],[4.72473,46.94404],[4.72474,46.94418],[4.72437,46.94418],[4.72431,46.94407],[4.72421,46.94407],[4.72397,46.94413],[4.72337,46.94422],[4.72363,46.94465],[4.72335,46.94422],[4.72315,46.94373],[4.72318,46.94373],[4.72304,46.94343],[4.72204,46.94362],[4.72117,46.94346],[4.72132,46.94358],[4.72153,46.94385],[4.72166,46.94408],[4.72203,46.94457],[4.72187,46.94462],[4.72189,46.94468],[4.72152,46.94482],[4.7215,46.94491],[4.72203,46.94565],[4.72228,46.94606],[4.72239,46.94602],[4.72272,46.94654],[4.72294,46.94677],[4.72298,46.94676],[4.72326,46.94733],[4.72397,46.94722],[4.72474,46.94722],[4.72471,46.94708],[4.72566,46.94717],[4.726,46.94716],[4.72631,46.94652],[4.72635,46.94619]]]]}},{"type":"Feature","properties":{"id":"climat-saint-aubin-premier-cru-sur-gamay","kind":"climat","level":"premier-cru","name":"Sur Gamay","full":"Saint-Aubin premier cru Sur Gamay","app":"Saint-Aubin","region":"cote-de-beaune","communes":["Saint-Aubin"],"area_ha":14.73,"elev":[308.1,341.5,398.6],"slope":9.8,"slope_pct":17.6,"aspect":217,"aspect_label":"SW","aspect_hist":[0.0,0.0,0.0,0.019,0.223,0.692,0.063,0.003],"village":"saint-aubin","white":true},"geometry":{"type":"MultiPolygon","coordinates":[[[[4.73221,46.9542],[4.73199,46.95383],[4.73176,46.95326],[4.73162,46.95304],[4.73158,46.95261],[4.73133,46.9523],[4.73127,46.95215],[4.73089,46.95224],[4.7293,46.95287],[4.72904,46.95302],[4.72843,46.95347],[4.72763,46.95402],[4.72746,46.9541],[4.7267,46.95428],[4.72636,46.95444],[4.726,46.95456],[4.7258,46.95471],[4.72679,46.95484],[4.72818,46.9547],[4.72877,46.95452],[4.72936,46.95444],[4.73001,46.95449],[4.73037,46.9545],[4.73159,46.95443],[4.73224,46.95443],[4.73243,46.95431],[4.73221,46.9542]]],[[[4.73219,46.95447],[4.73162,46.95447],[4.73049,46.95454],[4.73094,46.95457],[4.73128,46.95457],[4.73215,46.95449],[4.73219,46.95447]]],[[[4.73151,46.95458],[4.73127,46.9546],[4.73083,46.95461],[4.72941,46.95448],[4.72868,46.9546],[4.72842,46.95469],[4.72806,46.95476],[4.72827,46.95515],[4.72816,46.95515],[4.72818,46.95523],[4.72823,46.95532],[4.72857,46.95524],[4.72856,46.95519],[4.72877,46.95515],[4.72908,46.9554],[4.72922,46.95535],[4.72958,46.9557],[4.73024,46.9556],[4.73079,46.95519],[4.73097,46.9551],[4.73137,46.95497],[4.73153,46.95496],[4.73175,46.95487],[4.73151,46.95458]]],[[[4.73147,46.95204],[4.73116,46.95178],[4.73102,46.95151],[4.73071,46.95134],[4.73055,46.95111],[4.73056,46.95103],[4.73021,46.95079],[4.73025,46.95069],[4.73026,46.95053],[4.73016,46.95047],[4.73012,46.95041],[4.72994,46.95055],[4.73004,46.95063],[4.72959,46.95084],[4.72938,46.95091],[4.72944,46.95103],[4.72942,46.95121],[4.72927,46.95143],[4.72892,46.95184],[4.72882,46.95206],[4.72825,46.95257],[4.7279,46.95284],[4.72718,46.95325],[4.7269,46.95334],[4.72647,46.95352],[4.72632,46.95362],[4.72592,46.95381],[4.72557,46.95392],[4.72464,46.9543],[4.72443,46.95444],[4.72462,46.95455],[4.72494,46.95466],[4.72573,46.95471],[4.72595,46.95454],[4.72613,46.95446],[4.72632,46.95441],[4.72664,46.95426],[4.72748,46.95405],[4.72778,46.95388],[4.72905,46.95296],[4.72933,46.9528],[4.73083,46.95222],[4.73147,46.95204]]]]}},{"type":"Feature","properties":{"id":"climat-santenay-premier-cru-beaurepaire","kind":"climat","level":"premier-cru","name":"Beaurepaire","full":"Santenay premier cru Beaurepaire","app":"Santenay","region":"cote-de-beaune","communes":["Santenay"],"area_ha":14.7,"elev":[245.9,301.7,356.5],"slope":14.6,"slope_pct":26.5,"aspect":166,"aspect_label":"SSE","aspect_hist":[0.0,0.0,0.018,0.246,0.667,0.066,0.003,0.0],"village":null,"white":true},"geometry":{"type":"MultiPolygon","coordinates":[[[[4.69998,46.91901],[4.69992,46.91902],[4.69988,46.91899],[4.69989,46.91888],[4.69984,46.91872],[4.69979,46.91869],[4.69956,46.91862],[4.69954,46.91854],[4.69906,46.91842],[4.6988,46.91834],[4.69871,46.91827],[4.69871,46.91814],[4.6988,46.91797],[4.69887,46.91791],[4.699,46.91793],[4.69909,46.91791],[4.69915,46.91765],[4.69891,46.91764],[4.6987,46.91746],[4.69868,46.91723],[4.69839,46.91691],[4.69768,46.91657],[4.69705,46.91635],[4.69638,46.91606],[4.69632,46.91622],[4.69638,46.91626],[4.69621,46.9166],[4.69622,46.91672],[4.69627,46.91682],[4.69619,46.91683],[4.69618,46.91659],[4.69634,46.91603],[4.69584,46.91578],[4.69559,46.91563],[4.69547,46.91566],[4.69532,46.91564],[4.69521,46.91566],[4.69514,46.91586],[4.69518,46.91573],[4.69487,46.91567],[4.69485,46.9157],[4.6948,46.91569],[4.69486,46.91561],[4.69476,46.91557],[4.69473,46.9156],[4.69435,46.91547],[4.69436,46.91544],[4.69421,46.91541],[4.69417,46.91542],[4.69407,46.9154],[4.69393,46.91576],[4.69402,46.91552],[4.69389,46.91549],[4.69373,46.91577],[4.69381,46.9158],[4.69353,46.91646],[4.69323,46.91708],[4.69317,46.91706],[4.69289,46.91769],[4.69369,46.91788],[4.69423,46.91807],[4.69508,46.91863],[4.69525,46.9187],[4.69527,46.91879],[4.69552,46.919],[4.69621,46.91951],[4.69637,46.91958],[4.69645,46.91952],[4.69637,46.91931],[4.69639,46.9191],[4.69679,46.91892],[4.69677,46.91899],[4.69682,46.91904],[4.69752,46.91946],[4.69758,46.91948],[4.69766,46.91957],[4.69777,46.91961],[4.69764,46.9198],[4.69803,46.91984],[4.69822,46.9199],[4.69869,46.91989],[4.6987,46.91987],[4.69891,46.91988],[4.6989,46.91991],[4.69904,46.91994],[4.69908,46.91989],[4.69944,46.91992],[4.69981,46.91992],[4.69998,46.91901]]],[[[4.6941,46.91518],[4.69399,46.91512],[4.69384,46.9154],[4.69392,46.91542],[4.6941,46.91518]]]]}},{"type":"Feature","properties":{"id":"climat-savigny-les-beaune-premier-cru-aux-guettes","kind":"climat","level":"premier-cru","name":"Aux Guettes","full":"Savigny-lès-Beaune premier cru Aux Guettes","app":"Savigny-lès-Beaune","region":"cote-de-beaune","communes":["Savigny-lès-Beaune"],"area_ha":14.51,"elev":[272.7,297.9,337.7],"slope":11.4,"slope_pct":20.3,"aspect":190,"aspect_label":"S","aspect_hist":[0.0,0.0,0.0,0.059,0.618,0.317,0.006,0.0],"village":null,"white":true},"geometry":{"type":"MultiPolygon","coordinates":[[[[4.83123,47.06462],[4.8309,47.06458],[4.83063,47.06458],[4.83046,47.06463],[4.82981,47.06469],[4.8292,47.06479],[4.82759,47.06483],[4.82599,47.06491],[4.82534,47.06491],[4.82524,47.06594],[4.82588,47.0659],[4.82588,47.06585],[4.8265,47.0658],[4.82649,47.06596],[4.8272,47.06594],[4.82718,47.0658],[4.82885,47.06557],[4.82885,47.06546],[4.82884,47.06603],[4.82943,47.06605],[4.82944,47.06599],[4.82951,47.06599],[4.82985,47.066],[4.83016,47.06606],[4.83064,47.06609],[4.83071,47.06608],[4.83078,47.06602],[4.831,47.06615],[4.83091,47.06629],[4.83134,47.06644],[4.83149,47.06619],[4.83146,47.06608],[4.83149,47.06601],[4.83146,47.066],[4.83151,47.06592],[4.83127,47.06586],[4.83114,47.0658],[4.83116,47.06569],[4.83035,47.06551],[4.83037,47.06538],[4.83123,47.06546],[4.83122,47.06549],[4.83136,47.06554],[4.83143,47.06549],[4.83152,47.06551],[4.83169,47.06519],[4.8318,47.06475],[4.83123,47.06462]],[[4.83018,47.06546],[4.82998,47.06543],[4.82999,47.06537],[4.82983,47.06536],[4.82985,47.06546],[4.82962,47.06548],[4.82965,47.06512],[4.82978,47.06496],[4.82976,47.06514],[4.83029,47.06517],[4.83018,47.06546]],[[4.82885,47.06543],[4.82879,47.06543],[4.82882,47.06509],[4.82887,47.06493],[4.8289,47.06492],[4.82889,47.06539],[4.82885,47.06543]]],[[[4.82034,47.065],[4.82102,47.0665],[4.82139,47.06709],[4.82151,47.0672],[4.82157,47.06723],[4.82185,47.06703],[4.82193,47.06705],[4.82205,47.067],[4.82202,47.06713],[4.82206,47.06721],[4.8228,47.06714],[4.82297,47.06698],[4.82331,47.06674],[4.82302,47.06642],[4.82276,47.06652],[4.82241,47.06647],[4.82321,47.06628],[4.82401,47.06604],[4.82429,47.06654],[4.82375,47.06665],[4.8235,47.06672],[4.82337,47.06679],[4.82311,47.06695],[4.82322,47.06712],[4.82346,47.06711],[4.82393,47.06702],[4.82476,47.06699],[4.82534,47.06686],[4.82505,47.06629],[4.82519,47.06605],[4.82527,47.06517],[4.8253,47.06517],[4.82533,47.06489],[4.82486,47.06476],[4.82357,47.06451],[4.82207,47.06405],[4.82212,47.06419],[4.82209,47.06423],[4.822,47.06425],[4.82211,47.0645],[4.82208,47.0646],[4.82167,47.06471],[4.8216,47.06464],[4.82034,47.065]]]]}},{"type":"Feature","properties":{"id":"climat-pernand-vergelesses-premier-cru-en-caradeux","kind":"climat","level":"premier-cru","name":"En Caradeux","full":"Pernand-Vergelesses premier cru En Caradeux","app":"Pernand-Vergelesses","region":"cote-de-beaune","communes":["Pernand-Vergelesses"],"area_ha":14.5,"elev":[263.9,284.1,330.4],"slope":11.3,"slope_pct":20.2,"aspect":103,"aspect_label":"ESE","aspect_hist":[0.0,0.01,0.757,0.229,0.003,0.0,0.0,0.0],"village":"pernand-vergelesses","white":true},"geometry":{"type":"Polygon","coordinates":[[[4.84991,47.07717],[4.8492,47.07509],[4.84893,47.07421],[4.84865,47.07377],[4.84849,47.07344],[4.84823,47.07265],[4.84812,47.07213],[4.84816,47.07119],[4.84813,47.07114],[4.84785,47.07093],[4.84777,47.07092],[4.84621,47.07124],[4.84546,47.07122],[4.84484,47.07126],[4.84413,47.07135],[4.8441,47.07157],[4.8445,47.07199],[4.84466,47.07224],[4.84482,47.07238],[4.84607,47.07196],[4.84609,47.07216],[4.84585,47.07219],[4.84611,47.07313],[4.84618,47.07357],[4.84662,47.07478],[4.84695,47.07554],[4.84705,47.07636],[4.84721,47.07687],[4.84725,47.07727],[4.8473,47.07739],[4.84742,47.07752],[4.84791,47.0776],[4.84837,47.07763],[4.84875,47.07763],[4.84931,47.07766],[4.84966,47.07765],[4.85003,47.0776],[4.84997,47.07735],[4.84961,47.07737],[4.84958,47.07719],[4.84991,47.07717]]]}},{"type":"Feature","properties":{"id":"climat-chassagne-montrachet-premier-cru-bois-de-chassagne","kind":"climat","level":"premier-cru","name":"Bois de Chassagne","full":"Chassagne-Montrachet premier cru Bois de Chassagne","app":"Chassagne-Montrachet","region":"cote-de-beaune","communes":["Chassagne-Montrachet"],"area_ha":13.57,"elev":[264.0,290.4,335.8],"slope":10.4,"slope_pct":18.5,"aspect":138,"aspect_label":"SE","aspect_hist":[0.0,0.001,0.064,0.782,0.15,0.001,0.001,0.001],"village":"chassagne-montrachet","white":true},"geometry":{"type":"MultiPolygon","coordinates":[[[[4.71743,46.92681],[4.71731,46.92656],[4.71735,46.92655],[4.71726,46.92639],[4.71722,46.92641],[4.71704,46.92629],[4.71691,46.92633],[4.71656,46.92607],[4.71634,46.92599],[4.71622,46.92587],[4.71613,46.92574],[4.71631,46.92557],[4.71632,46.92552],[4.7164,46.92542],[4.71621,46.92505],[4.71623,46.92503],[4.71617,46.92483],[4.7162,46.92469],[4.71618,46.9246],[4.71609,46.92458],[4.71602,46.92459],[4.7158,46.92431],[4.71507,46.9236],[4.71499,46.92366],[4.71453,46.92325],[4.71378,46.92368],[4.71367,46.92369],[4.71324,46.92389],[4.71301,46.92406],[4.71298,46.92406],[4.71285,46.92414],[4.7128,46.92411],[4.71264,46.92419],[4.71266,46.92422],[4.71257,46.92426],[4.71259,46.9243],[4.7125,46.92435],[4.71238,46.92437],[4.71221,46.92447],[4.71198,46.9246],[4.71194,46.92466],[4.71166,46.92479],[4.71168,46.9248],[4.71131,46.92506],[4.71082,46.92527],[4.71038,46.9255],[4.70999,46.92564],[4.7097,46.92569],[4.70991,46.92589],[4.71023,46.92614],[4.71061,46.92618],[4.71104,46.92637],[4.71198,46.92642],[4.71303,46.92622],[4.71366,46.92606],[4.7141,46.92609],[4.71427,46.92614],[4.7147,46.92632],[4.71517,46.92658],[4.7154,46.92667],[4.71582,46.92671],[4.71656,46.92668],[4.71703,46.9266],[4.7172,46.92664],[4.71731,46.9267],[4.71743,46.92681]]],[[[4.71734,46.92681],[4.71719,46.92667],[4.71705,46.92663],[4.71657,46.92671],[4.71615,46.92673],[4.71582,46.92673],[4.71536,46.92669],[4.71514,46.9266],[4.71466,46.92633],[4.71439,46.92622],[4.71408,46.92611],[4.71366,46.92609],[4.7134,46.92617],[4.71491,46.92782],[4.71517,46.92794],[4.71518,46.9279],[4.7153,46.92779],[4.71555,46.92762],[4.71575,46.92755],[4.71585,46.92749],[4.71619,46.92744],[4.71627,46.92753],[4.71633,46.92755],[4.71643,46.92752],[4.71659,46.92728],[4.71685,46.92712],[4.71691,46.92702],[4.71707,46.92686],[4.7172,46.92682],[4.71725,46.92684],[4.71734,46.92681]]]]}},{"type":"Feature","properties":{"id":"climat-santenay-premier-cru-la-maladiere","kind":"climat","level":"premier-cru","name":"La Maladière","full":"Santenay premier cru La Maladière","app":"Santenay","region":"cote-de-beaune","communes":["Santenay"],"area_ha":13.57,"elev":[246.0,279.9,311.7],"slope":9.1,"slope_pct":16.2,"aspect":159,"aspect_label":"SSE","aspect_hist":[0.0,0.0,0.006,0.453,0.54,0.001,0.0,0.0],"village":null,"white":true},"geometry":{"type":"Polygon","coordinates":[[[4.69384,46.9154],[4.69399,46.91512],[4.69373,46.91494],[4.69358,46.91477],[4.6932,46.91497],[4.69301,46.91512],[4.69284,46.9154],[4.69283,46.9154],[4.69299,46.91512],[4.69318,46.91496],[4.69357,46.91476],[4.69354,46.91472],[4.69316,46.91494],[4.69299,46.91484],[4.69297,46.91486],[4.69335,46.91457],[4.69323,46.91445],[4.69318,46.91443],[4.69264,46.91423],[4.69247,46.9142],[4.69119,46.91437],[4.69088,46.91438],[4.69037,46.91436],[4.68953,46.91443],[4.68914,46.91444],[4.68885,46.91447],[4.68809,46.91462],[4.68784,46.91461],[4.68722,46.91462],[4.68708,46.91469],[4.68616,46.91542],[4.68617,46.91545],[4.68653,46.91559],[4.68729,46.91578],[4.68791,46.91599],[4.68837,46.91623],[4.68863,46.91632],[4.6897,46.91659],[4.68982,46.91663],[4.69051,46.91702],[4.69063,46.91706],[4.69088,46.91712],[4.69225,46.91756],[4.69289,46.91769],[4.69317,46.91706],[4.69323,46.91708],[4.69343,46.91668],[4.69372,46.91602],[4.69381,46.9158],[4.69373,46.91577],[4.69392,46.91542],[4.69384,46.9154]]]}},{"type":"Feature","properties":{"id":"climat-chassagne-montrachet-premier-cru-clos-saint-jean","kind":"climat","level":"premier-cru","name":"Clos Saint-Jean","full":"Chassagne-Montrachet premier cru Clos Saint-Jean","app":"Chassagne-Montrachet","region":"cote-de-beaune","communes":["Chassagne-Montrachet"],"area_ha":13.45,"elev":[255.3,268.4,284.1],"slope":4.8,"slope_pct":8.5,"aspect":105,"aspect_label":"ESE","aspect_hist":[0.001,0.014,0.683,0.296,0.006,0.001,0.0,0.0],"village":"chassagne-montrachet","white":true},"geometry":{"type":"MultiPolygon","coordinates":[[[[4.7286,46.93947],[4.72857,46.93889],[4.72823,46.93872],[4.72799,46.93868],[4.72799,46.93858],[4.72791,46.93836],[4.72779,46.93814],[4.72737,46.93762],[4.72714,46.93768],[4.72633,46.93685],[4.7267,46.93668],[4.72671,46.93669],[4.72744,46.93632],[4.72715,46.93621],[4.72685,46.93605],[4.72643,46.93575],[4.72611,46.93588],[4.72608,46.93582],[4.72561,46.93595],[4.72561,46.93596],[4.72509,46.93602],[4.7251,46.93611],[4.72514,46.93608],[4.72518,46.93632],[4.72518,46.93653],[4.72527,46.93653],[4.72529,46.93661],[4.72521,46.93662],[4.7253,46.93683],[4.72526,46.93683],[4.72529,46.93696],[4.72537,46.93711],[4.72539,46.93728],[4.72554,46.93759],[4.72554,46.93769],[4.72567,46.93798],[4.72584,46.9385],[4.7259,46.93862],[4.726,46.93874],[4.72605,46.93877],[4.72615,46.93872],[4.72635,46.93892],[4.72642,46.93892],[4.72655,46.93916],[4.7265,46.93917],[4.72665,46.9395],[4.7268,46.93973],[4.72686,46.93993],[4.72683,46.94005],[4.72672,46.94019],[4.72729,46.94015],[4.7277,46.94005],[4.72776,46.93996],[4.72774,46.93983],[4.72852,46.93959],[4.72857,46.93955],[4.7286,46.93947]]],[[[4.72804,46.937],[4.72773,46.93671],[4.72741,46.93642],[4.7273,46.93659],[4.72731,46.93661],[4.72777,46.93709],[4.72804,46.937]]],[[[4.72674,46.93979],[4.72639,46.93908],[4.72627,46.93892],[4.72589,46.93874],[4.72568,46.93827],[4.7251,46.93678],[4.72503,46.93657],[4.72502,46.93632],[4.72454,46.93635],[4.72444,46.93567],[4.7243,46.93541],[4.72416,46.93535],[4.72409,46.93536],[4.72402,46.93533],[4.72336,46.93558],[4.72289,46.9357],[4.72283,46.93576],[4.72303,46.9361],[4.72321,46.93606],[4.72326,46.93634],[4.72319,46.93635],[4.72344,46.93731],[4.7235,46.93742],[4.72355,46.93742],[4.72358,46.93748],[4.72384,46.93742],[4.72388,46.93757],[4.72395,46.93756],[4.72399,46.93758],[4.72395,46.93778],[4.72386,46.93792],[4.72391,46.93821],[4.72384,46.93822],[4.72411,46.93891],[4.72415,46.939],[4.72426,46.93906],[4.72437,46.93921],[4.72463,46.93976],[4.72471,46.93982],[4.72476,46.93994],[4.7248,46.93994],[4.72501,46.93988],[4.72519,46.94012],[4.72519,46.94019],[4.72527,46.94029],[4.72565,46.94027],[4.72565,46.94036],[4.72571,46.94034],[4.72574,46.94037],[4.72603,46.94031],[4.72614,46.94028],[4.72613,46.94026],[4.72646,46.94022],[4.72642,46.94013],[4.72658,46.94009],[4.7266,46.94013],[4.72667,46.94012],[4.72671,46.94001],[4.72677,46.93996],[4.72674,46.93979]]]]}},{"type":"Feature","properties":{"id":"climat-meursault-premier-cru-perrieres","kind":"climat","level":"premier-cru","name":"Perrières","full":"Meursault premier cru Perrières","app":"Meursault","region":"cote-de-beaune","communes":["Meursault"],"area_ha":13.33,"elev":[255.5,272.5,308.1],"slope":8.0,"slope_pct":14.2,"aspect":128,"aspect_label":"SE","aspect_hist":[0.0,0.005,0.215,0.747,0.03,0.002,0.0,0.0],"village":"meursault","white":true},"geometry":{"type":"MultiPolygon","coordinates":[[[[4.75485,46.96286],[4.75451,46.96267],[4.75425,46.96243],[4.75377,46.96182],[4.7525,46.96043],[4.75244,46.96042],[4.75215,46.96054],[4.75166,46.96114],[4.75164,46.96115],[4.75131,46.96094],[4.75112,46.96105],[4.75077,46.96086],[4.75082,46.96072],[4.7506,46.96059],[4.75005,46.96038],[4.74967,46.96016],[4.74948,46.96009],[4.74946,46.96008],[4.74914,46.96038],[4.74854,46.96003],[4.74858,46.95998],[4.74828,46.9599],[4.74817,46.95978],[4.74811,46.95966],[4.7479,46.9595],[4.74775,46.95967],[4.74773,46.95974],[4.74763,46.96019],[4.74766,46.96031],[4.7476,46.96032],[4.74738,46.96053],[4.74717,46.96078],[4.74765,46.96095],[4.74773,46.96083],[4.74822,46.96109],[4.74833,46.96102],[4.74849,46.96107],[4.74874,46.96123],[4.74924,46.96159],[4.7492,46.96161],[4.74898,46.96151],[4.74868,46.96133],[4.74845,46.96134],[4.74832,46.96138],[4.74823,46.96146],[4.74875,46.96186],[4.7489,46.96192],[4.74915,46.96176],[4.74925,46.96183],[4.74958,46.96162],[4.74965,46.96167],[4.74955,46.96173],[4.74974,46.96189],[4.74987,46.96181],[4.75035,46.96211],[4.75074,46.96187],[4.75095,46.96217],[4.75096,46.96222],[4.7509,46.96227],[4.75091,46.9623],[4.75131,46.96267],[4.75139,46.9627],[4.75169,46.96301],[4.75223,46.9628],[4.75186,46.96244],[4.75184,46.96237],[4.75167,46.9622],[4.75126,46.96189],[4.75096,46.96173],[4.75113,46.96165],[4.75191,46.96223],[4.75217,46.96252],[4.75231,46.96246],[4.75247,46.9626],[4.75226,46.96267],[4.75235,46.96301],[4.75263,46.96294],[4.7529,46.96319],[4.75307,46.96329],[4.75354,46.96347],[4.75372,46.9635],[4.7538,46.96349],[4.75415,46.96338],[4.75447,46.96331],[4.75473,46.96323],[4.7551,46.96306],[4.75485,46.96286]]],[[[4.75246,46.96037],[4.75188,46.9597],[4.75084,46.95999],[4.75135,46.96019],[4.75172,46.9606],[4.75233,46.96043],[4.75246,46.96037]]],[[[4.75123,46.95878],[4.75065,46.95809],[4.75046,46.95792],[4.75025,46.95781],[4.74911,46.95811],[4.74845,46.95824],[4.74796,46.95844],[4.7479,46.9585],[4.74789,46.95858],[4.7482,46.95894],[4.74859,46.95883],[4.74863,46.95887],[4.7486,46.9589],[4.74872,46.95901],[4.74899,46.95914],[4.74935,46.95923],[4.74966,46.9594],[4.75018,46.95912],[4.75024,46.95919],[4.75123,46.95878]]],[[[4.74814,46.95898],[4.7477,46.95847],[4.74714,46.95908],[4.74694,46.95943],[4.74722,46.95955],[4.7475,46.95934],[4.74761,46.95929],[4.74781,46.95931],[4.74787,46.95935],[4.74798,46.95917],[4.748,46.95906],[4.74814,46.95898]]]]}},{"type":"Feature","properties":{"id":"climat-beaune-premier-cru-clos-du-roi","kind":"climat","level":"premier-cru","name":"Clos du Roi","full":"Beaune premier cru Clos du Roi","app":"Beaune","region":"cote-de-beaune","communes":["Beaune"],"area_ha":13.27,"elev":[231.3,236.0,249.4],"slope":1.9,"slope_pct":3.2,"aspect":157,"aspect_label":"SSE","aspect_hist":[0.0,0.01,0.007,0.5,0.418,0.061,0.005,0.0],"village":null,"white":true},"geometry":{"type":"MultiPolygon","coordinates":[[[[4.83637,47.04371],[4.83517,47.04264],[4.83526,47.04262],[4.83511,47.04241],[4.83496,47.04247],[4.83315,47.04271],[4.8331,47.04285],[4.83305,47.04287],[4.83295,47.04318],[4.83275,47.04329],[4.83183,47.04416],[4.8317,47.04435],[4.83168,47.04443],[4.83203,47.04537],[4.83201,47.0458],[4.83204,47.04596],[4.83212,47.04609],[4.83272,47.04671],[4.83286,47.04689],[4.83295,47.0471],[4.83314,47.04735],[4.83355,47.04711],[4.83382,47.04677],[4.8341,47.04633],[4.83421,47.04606],[4.83464,47.04554],[4.83471,47.04527],[4.83477,47.04517],[4.83495,47.04504],[4.83573,47.04464],[4.83583,47.04457],[4.8359,47.04449],[4.8361,47.04396],[4.83624,47.04392],[4.83637,47.04371]]],[[[4.83304,47.04272],[4.83075,47.04303],[4.83087,47.04346],[4.8309,47.04397],[4.83099,47.04424],[4.83096,47.04429],[4.83107,47.04458],[4.83101,47.0446],[4.83099,47.04492],[4.83114,47.04519],[4.83117,47.04537],[4.83156,47.04571],[4.83197,47.04564],[4.83198,47.04542],[4.83173,47.04468],[4.83163,47.04449],[4.83155,47.04448],[4.83153,47.04445],[4.83162,47.04438],[4.83184,47.04409],[4.83284,47.04314],[4.83304,47.04272]]]]}},{"type":"Feature","properties":{"id":"climat-savigny-les-beaune-premier-cru-aux-serpentieres","kind":"climat","level":"premier-cru","name":"Aux Serpentières","full":"Savigny-lès-Beaune premier cru Aux Serpentières","app":"Savigny-lès-Beaune","region":"cote-de-beaune","communes":["Savigny-lès-Beaune"],"area_ha":12.7,"elev":[256.1,266.3,284.8],"slope":3.5,"slope_pct":6.2,"aspect":174,"aspect_label":"S","aspect_hist":[0.0,0.0,0.0,0.079,0.854,0.065,0.001,0.0],"village":null,"white":true},"geometry":{"type":"Polygon","coordinates":[[[4.83331,47.06387],[4.83366,47.06379],[4.83366,47.06373],[4.83356,47.06361],[4.83285,47.0632],[4.83241,47.0628],[4.83169,47.06247],[4.83149,47.06235],[4.83131,47.06217],[4.83123,47.06187],[4.83112,47.0611],[4.83063,47.061],[4.83005,47.06094],[4.82842,47.06098],[4.82851,47.0623],[4.82787,47.06232],[4.82801,47.06476],[4.82923,47.06473],[4.82943,47.06471],[4.82975,47.06464],[4.83019,47.06461],[4.8308,47.06453],[4.83131,47.06458],[4.83169,47.06466],[4.83189,47.06468],[4.83212,47.06467],[4.83254,47.0646],[4.83295,47.06461],[4.83297,47.06411],[4.83313,47.06395],[4.83331,47.06387]]]}},{"type":"Feature","properties":{"id":"climat-saint-aubin-premier-cru-les-frionnes","kind":"climat","level":"premier-cru","name":"Les Frionnes","full":"Saint-Aubin premier cru Les Frionnes","app":"Saint-Aubin","region":"cote-de-beaune","communes":["Saint-Aubin"],"area_ha":12.61,"elev":[270.2,282.4,304.0],"slope":6.7,"slope_pct":11.7,"aspect":126,"aspect_label":"SE","aspect_hist":[0.007,0.012,0.148,0.822,0.005,0.0,0.002,0.004],"village":"saint-aubin","white":true},"geometry":{"type":"Polygon","coordinates":[[[4.7188,46.95539],[4.71879,46.95536],[4.71773,46.95467],[4.71729,46.95435],[4.71603,46.95362],[4.71572,46.95337],[4.71522,46.95302],[4.71448,46.95242],[4.714,46.95184],[4.71369,46.95167],[4.7124,46.95123],[4.71197,46.95111],[4.71138,46.95098],[4.71136,46.95102],[4.71145,46.95106],[4.71117,46.9513],[4.71101,46.95123],[4.71098,46.95126],[4.71074,46.95115],[4.71062,46.95125],[4.71055,46.95122],[4.71013,46.95153],[4.70984,46.9518],[4.71108,46.95261],[4.71161,46.95287],[4.71239,46.95334],[4.7129,46.95361],[4.71427,46.95448],[4.71473,46.95422],[4.7154,46.95463],[4.71582,46.95497],[4.71618,46.95547],[4.71697,46.95613],[4.71754,46.95683],[4.71758,46.95682],[4.71781,46.95653],[4.71817,46.95591],[4.71855,46.95556],[4.7188,46.95539]]]}},{"type":"Feature","properties":{"id":"climat-volnay-premier-cru-les-caillerets","kind":"climat","level":"premier-cru","name":"Les Caillerets","full":"Volnay premier cru Les Caillerets","app":"Volnay","region":"cote-de-beaune","communes":["Volnay"],"area_ha":12.1,"elev":[247.0,269.3,292.0],"slope":7.1,"slope_pct":12.4,"aspect":124,"aspect_label":"ESE","aspect_hist":[0.0,0.0,0.118,0.879,0.003,0.0,0.0,0.0],"village":null,"white":false},"geometry":{"type":"MultiPolygon","coordinates":[[[[4.78334,46.9934],[4.78307,46.99292],[4.78183,46.99342],[4.78174,46.99327],[4.78043,46.99381],[4.78024,46.99365],[4.78015,46.99369],[4.78001,46.99347],[4.78045,46.99328],[4.78012,46.99273],[4.77999,46.99224],[4.77977,46.99203],[4.77963,46.99179],[4.77941,46.99156],[4.77934,46.99169],[4.77908,46.99188],[4.77876,46.99208],[4.77842,46.99222],[4.77851,46.99246],[4.77843,46.99271],[4.77839,46.99303],[4.77843,46.99326],[4.77838,46.99345],[4.77859,46.99367],[4.77867,46.99371],[4.77929,46.99339],[4.77955,46.99328],[4.77965,46.99326],[4.77966,46.99327],[4.7788,46.9937],[4.77865,46.99375],[4.77836,46.99359],[4.77799,46.99407],[4.778,46.99414],[4.77883,46.99457],[4.77955,46.9951],[4.78022,46.99552],[4.78367,46.99377],[4.78334,46.9934]]],[[[4.77932,46.99153],[4.7791,46.99122],[4.779,46.99095],[4.7778,46.991],[4.77636,46.99093],[4.77649,46.99106],[4.77666,46.99118],[4.77681,46.99125],[4.77695,46.99126],[4.77694,46.99148],[4.7774,46.99195],[4.77732,46.99215],[4.7774,46.99229],[4.77747,46.99233],[4.77752,46.99248],[4.77742,46.99258],[4.77749,46.99269],[4.77744,46.99272],[4.77756,46.99283],[4.77772,46.99276],[4.7778,46.99293],[4.77786,46.99296],[4.77804,46.99323],[4.77831,46.99354],[4.77836,46.99325],[4.77834,46.99304],[4.77843,46.99238],[4.77834,46.99226],[4.77822,46.99221],[4.77874,46.99202],[4.7792,46.99172],[4.7793,46.99161],[4.77932,46.99153]]],[[[4.7783,46.9936],[4.77796,46.99321],[4.77783,46.99303],[4.77769,46.99292],[4.7768,46.99346],[4.7771,46.99367],[4.7779,46.99409],[4.7783,46.9936]]],[[[4.77638,46.99103],[4.77627,46.99092],[4.77595,46.99089],[4.77514,46.99074],[4.77507,46.99079],[4.77534,46.99099],[4.77557,46.99112],[4.77569,46.99125],[4.77581,46.99126],[4.77579,46.99129],[4.77584,46.99135],[4.77602,46.99144],[4.77665,46.99122],[4.77638,46.99103]]]]}},{"type":"Feature","properties":{"id":"climat-santenay-premier-cru-passetemps","kind":"climat","level":"premier-cru","name":"Passetemps","full":"Santenay premier cru Passetemps","app":"Santenay","region":"cote-de-beaune","communes":["Santenay"],"area_ha":11.68,"elev":[224.7,235.5,256.4],"slope":4.6,"slope_pct":8.0,"aspect":170,"aspect_label":"S","aspect_hist":[0.0,0.0,0.002,0.207,0.712,0.073,0.006,0.0],"village":null,"white":true},"geometry":{"type":"MultiPolygon","coordinates":[[[[4.70711,46.91317],[4.70605,46.91279],[4.7058,46.91272],[4.70468,46.91251],[4.70379,46.91229],[4.70307,46.91221],[4.70306,46.91226],[4.70271,46.91222],[4.70265,46.91253],[4.70207,46.91248],[4.70208,46.91238],[4.70204,46.91238],[4.70114,46.91235],[4.70111,46.91236],[4.70112,46.91241],[4.70096,46.91243],[4.70133,46.91365],[4.70139,46.91372],[4.70213,46.91387],[4.70292,46.91396],[4.70428,46.91395],[4.7052,46.91377],[4.7058,46.91371],[4.7059,46.91372],[4.70661,46.91383],[4.70711,46.91317]]],[[[4.7058,46.91377],[4.70547,46.91383],[4.70534,46.91381],[4.70492,46.91385],[4.7043,46.914],[4.70328,46.91402],[4.70291,46.91401],[4.70225,46.91393],[4.7017,46.91382],[4.70165,46.91384],[4.70169,46.91405],[4.70172,46.9141],[4.70214,46.91442],[4.7022,46.91442],[4.70223,46.91437],[4.70225,46.9144],[4.70233,46.91441],[4.70241,46.91452],[4.70251,46.91457],[4.70257,46.91466],[4.70266,46.91468],[4.70269,46.91479],[4.70284,46.91493],[4.70354,46.91506],[4.70392,46.91514],[4.7042,46.91524],[4.70422,46.9152],[4.70459,46.91525],[4.70516,46.91538],[4.7054,46.91493],[4.70614,46.9138],[4.7058,46.91377]]],[[[4.70075,46.91257],[4.70072,46.91251],[4.70088,46.91247],[4.70084,46.91236],[4.70081,46.91236],[4.70081,46.91234],[4.70029,46.91244],[4.70002,46.91201],[4.69986,46.91206],[4.69981,46.91199],[4.69961,46.9121],[4.69945,46.91194],[4.69919,46.91211],[4.69925,46.91217],[4.69921,46.91219],[4.6999,46.91294],[4.69873,46.91352],[4.70097,46.91368],[4.70083,46.91332],[4.70056,46.91337],[4.70051,46.9133],[4.70076,46.91322],[4.70061,46.91294],[4.701,46.91287],[4.70096,46.91278],[4.70056,46.91286],[4.70043,46.91264],[4.70075,46.91257]]],[[[4.7007,46.91231],[4.70062,46.91213],[4.70041,46.9119],[4.70021,46.91195],[4.70048,46.91235],[4.7007,46.91231]]]]}},{"type":"Feature","properties":{"id":"climat-chassagne-montrachet-premier-cru-la-maltroie","kind":"climat","level":"premier-cru","name":"La Maltroie","full":"Chassagne-Montrachet premier cru La Maltroie","app":"Chassagne-Montrachet","region":"cote-de-beaune","communes":["Chassagne-Montrachet"],"area_ha":11.67,"elev":[240.8,248.4,260.1],"slope":3.5,"slope_pct":6.2,"aspect":120,"aspect_label":"ESE","aspect_hist":[0.0,0.03,0.313,0.608,0.043,0.003,0.0,0.002],"village":"chassagne-montrachet","white":true},"geometry":{"type":"MultiPolygon","coordinates":[[[[4.73215,46.93657],[4.73199,46.93629],[4.73162,46.93598],[4.73133,46.93609],[4.73132,46.93607],[4.73141,46.93604],[4.73131,46.93594],[4.73147,46.93586],[4.73135,46.93577],[4.73116,46.93587],[4.73098,46.93571],[4.73116,46.93562],[4.73088,46.93532],[4.73067,46.93518],[4.72986,46.93478],[4.72946,46.93462],[4.72927,46.9346],[4.72888,46.93478],[4.72898,46.93487],[4.72883,46.93495],[4.72889,46.93502],[4.7285,46.9352],[4.72834,46.93503],[4.72779,46.93528],[4.72799,46.93544],[4.72837,46.93565],[4.72869,46.93551],[4.72895,46.93565],[4.72908,46.93577],[4.72944,46.93599],[4.72967,46.93632],[4.72965,46.93633],[4.72969,46.93647],[4.72994,46.93672],[4.72993,46.93681],[4.72991,46.93672],[4.72967,46.93648],[4.72961,46.93635],[4.72932,46.93594],[4.72905,46.93577],[4.72894,46.93566],[4.72868,46.93552],[4.7283,46.9357],[4.72827,46.93567],[4.72823,46.93568],[4.72818,46.93561],[4.72805,46.93553],[4.72777,46.93528],[4.72717,46.93555],[4.72737,46.93573],[4.72724,46.9358],[4.72733,46.93587],[4.72751,46.93579],[4.72755,46.93583],[4.72734,46.93592],[4.72739,46.93596],[4.72749,46.93591],[4.72752,46.93593],[4.72771,46.93584],[4.72778,46.93592],[4.72762,46.936],[4.72777,46.93612],[4.7278,46.93615],[4.72791,46.93611],[4.72795,46.93615],[4.72791,46.93616],[4.72803,46.93628],[4.72821,46.93619],[4.72858,46.93657],[4.72862,46.93657],[4.72869,46.93653],[4.72874,46.93658],[4.72894,46.93651],[4.72917,46.93676],[4.72931,46.93671],[4.72942,46.93684],[4.72952,46.9368],[4.72965,46.93692],[4.7296,46.93695],[4.72959,46.93697],[4.72967,46.93706],[4.72971,46.93706],[4.73004,46.93694],[4.73013,46.93708],[4.73015,46.93713],[4.73008,46.93715],[4.73016,46.93728],[4.72977,46.93741],[4.72996,46.93767],[4.73017,46.93761],[4.73031,46.93779],[4.73031,46.93772],[4.73047,46.93766],[4.7315,46.93738],[4.73139,46.93708],[4.73178,46.937],[4.73171,46.93685],[4.73221,46.93673],[4.73215,46.93657]]],[[[4.73076,46.93941],[4.7304,46.93886],[4.7303,46.93888],[4.73029,46.93886],[4.72996,46.93893],[4.73,46.93897],[4.72996,46.93899],[4.72994,46.93896],[4.72978,46.939],[4.72982,46.93905],[4.72938,46.93916],[4.7294,46.93919],[4.73003,46.93907],[4.73038,46.93952],[4.73076,46.93941]]],[[[4.72921,46.93453],[4.72873,46.93418],[4.72816,46.93364],[4.72786,46.93345],[4.72774,46.93348],[4.7267,46.93392],[4.72549,46.93428],[4.7256,46.93448],[4.72543,46.9345],[4.72547,46.93462],[4.7261,46.9355],[4.72629,46.93557],[4.72644,46.93568],[4.72657,46.93572],[4.72681,46.93564],[4.72848,46.93492],[4.72915,46.9346],[4.72921,46.93453]]],[[[4.72919,46.93906],[4.72911,46.93889],[4.72903,46.93889],[4.72866,46.93899],[4.7287,46.93918],[4.72919,46.93906]]],[[[4.7286,46.9373],[4.7284,46.93738],[4.72834,46.93731],[4.72824,46.93734],[4.72808,46.93716],[4.72806,46.93717],[4.72805,46.93715],[4.72787,46.93722],[4.72785,46.9372],[4.72776,46.93723],[4.72772,46.93717],[4.72728,46.93731],[4.72739,46.93751],[4.72736,46.93754],[4.72743,46.93766],[4.72768,46.93795],[4.7277,46.93795],[4.72789,46.93825],[4.72796,46.93827],[4.72857,46.93808],[4.72833,46.93773],[4.72882,46.93758],[4.7286,46.9373]]]]}},{"type":"Feature","properties":{"id":"climat-chassagne-montrachet-premier-cru-abbaye-de-morgeot","kind":"climat","level":"premier-cru","name":"Abbaye de Morgeot","full":"Chassagne-Montrachet premier cru Abbaye de Morgeot","app":"Chassagne-Montrachet","region":"cote-de-beaune","communes":["Chassagne-Montrachet"],"area_ha":11.38,"elev":[225.1,237.1,250.2],"slope":3.3,"slope_pct":5.8,"aspect":89,"aspect_label":"E","aspect_hist":[0.061,0.164,0.57,0.125,0.049,0.016,0.011,0.003],"village":"chassagne-montrachet","white":true},"geometry":{"type":"MultiPolygon","coordinates":[[[[4.7249,46.92376],[4.72467,46.92333],[4.7245,46.92308],[4.72431,46.92291],[4.72343,46.92245],[4.72307,46.92234],[4.72281,46.92215],[4.72245,46.92241],[4.7222,46.92266],[4.72171,46.92339],[4.72196,46.92381],[4.72204,46.92382],[4.72209,46.92391],[4.72196,46.92396],[4.7219,46.9242],[4.72196,46.92432],[4.7226,46.92416],[4.72279,46.92436],[4.723,46.92481],[4.72298,46.9248],[4.72344,46.92495],[4.72416,46.92454],[4.72462,46.92423],[4.72484,46.92391],[4.7249,46.92376]]],[[[4.72386,46.92615],[4.72389,46.92615],[4.72363,46.92577],[4.72343,46.92586],[4.7237,46.92631],[4.72383,46.92624],[4.7239,46.92626],[4.72386,46.92615]]],[[[4.72342,46.925],[4.72288,46.92484],[4.72266,46.9249],[4.723,46.92535],[4.72321,46.92516],[4.72341,46.92503],[4.72342,46.925]]],[[[4.72248,46.92529],[4.7223,46.92485],[4.72209,46.92472],[4.72189,46.92432],[4.72173,46.92425],[4.72181,46.92422],[4.72181,46.9241],[4.72192,46.9238],[4.72195,46.9238],[4.7217,46.9234],[4.72152,46.9237],[4.72104,46.92361],[4.72053,46.92357],[4.72046,46.92354],[4.72044,46.92336],[4.72046,46.92306],[4.72062,46.92281],[4.72074,46.92269],[4.721,46.92261],[4.72084,46.92241],[4.72006,46.92276],[4.72008,46.92277],[4.71911,46.92332],[4.71822,46.92373],[4.71894,46.92444],[4.71954,46.92499],[4.72008,46.92566],[4.7203,46.92586],[4.72082,46.92624],[4.72144,46.92597],[4.72256,46.92542],[4.72248,46.92529]],[[4.72103,46.92461],[4.72079,46.92468],[4.72062,46.92454],[4.72078,46.92445],[4.72073,46.92441],[4.72098,46.92427],[4.72105,46.92433],[4.72109,46.92433],[4.72106,46.92437],[4.72111,46.92441],[4.72114,46.92439],[4.72118,46.92442],[4.72115,46.92444],[4.72122,46.92451],[4.72103,46.92461]]]]}},{"type":"Feature","properties":{"id":"climat-maranges-premier-cru-le-clos-des-loyeres","kind":"climat","level":"premier-cru","name":"Le Clos des Loyères","full":"Maranges premier cru Le Clos des Loyères","app":"Maranges","region":"cote-de-beaune","communes":["Sampigny-lès-Maranges"],"area_ha":11.37,"elev":[262.9,294.5,313.0],"slope":10.1,"slope_pct":18.0,"aspect":201,"aspect_label":"SSW","aspect_hist":[0.003,0.0,0.0,0.053,0.474,0.453,0.012,0.004],"village":null,"white":true},"geometry":{"type":"MultiPolygon","coordinates":[[[[4.66291,46.90871],[4.66286,46.9079],[4.66256,46.90741],[4.66228,46.90678],[4.66198,46.90642],[4.66147,46.9065],[4.66116,46.90663],[4.66003,46.90715],[4.66008,46.90727],[4.65997,46.90734],[4.65897,46.90771],[4.65886,46.90779],[4.65921,46.90838],[4.65935,46.90874],[4.66057,46.90864],[4.66197,46.90867],[4.66291,46.90871]]],[[[4.6612,46.90643],[4.66089,46.90599],[4.66069,46.90611],[4.66014,46.90629],[4.65961,46.90654],[4.65937,46.9066],[4.65886,46.90695],[4.65862,46.90699],[4.65849,46.90711],[4.65829,46.90723],[4.65809,46.90724],[4.65773,46.9074],[4.65605,46.9077],[4.65592,46.908],[4.65575,46.9082],[4.65565,46.90839],[4.65563,46.90846],[4.65567,46.90864],[4.65596,46.90848],[4.65686,46.90823],[4.65712,46.90811],[4.65751,46.90804],[4.65797,46.90785],[4.65814,46.90785],[4.65838,46.90779],[4.65862,46.90778],[4.65878,46.90774],[4.66,46.90729],[4.65993,46.90721],[4.65997,46.90716],[4.6612,46.90658],[4.66113,46.90647],[4.6612,46.90643]]],[[[4.65932,46.90876],[4.65914,46.90831],[4.65875,46.90777],[4.65836,46.90781],[4.65814,46.90787],[4.65797,46.90786],[4.6575,46.90805],[4.65714,46.90812],[4.65688,46.90823],[4.65601,46.90847],[4.65567,46.90866],[4.65569,46.90884],[4.65556,46.90913],[4.65579,46.90908],[4.65639,46.90907],[4.65724,46.90895],[4.65792,46.90892],[4.65908,46.9088],[4.65932,46.90876]]],[[[4.65595,46.90768],[4.65495,46.90782],[4.65558,46.90846],[4.65564,46.90831],[4.65592,46.90791],[4.65598,46.90777],[4.65595,46.90768]]]]}},{"type":"Feature","properties":{"id":"climat-blagny-premier-cru-la-piece-sous-le-bois","kind":"climat","level":"premier-cru","name":"La Pièce sous le Bois","full":"Blagny premier cru La Pièce sous le Bois","app":"Blagny","region":"cote-de-beaune","communes":["Meursault"],"area_ha":11.31,"elev":[308.3,326.8,351.3],"slope":8.9,"slope_pct":15.7,"aspect":150,"aspect_label":"SSE","aspect_hist":[0.0,0.0,0.037,0.724,0.177,0.055,0.007,0.0],"village":null,"white":false},"geometry":{"type":"Polygon","coordinates":[[[4.7481,46.96301],[4.74821,46.96288],[4.74837,46.96282],[4.74842,46.96275],[4.74847,46.96275],[4.74855,46.96269],[4.74849,46.96264],[4.74825,46.96255],[4.74802,46.96249],[4.74799,46.96265],[4.74789,46.96273],[4.74771,46.96283],[4.74725,46.9627],[4.74717,46.96261],[4.74695,46.96261],[4.74638,46.96246],[4.74469,46.96187],[4.74384,46.96151],[4.7434,46.96137],[4.74286,46.96124],[4.74194,46.96094],[4.74161,46.96076],[4.73954,46.96223],[4.74016,46.9624],[4.74107,46.96257],[4.74295,46.963],[4.74437,46.96351],[4.74475,46.96363],[4.74477,46.96361],[4.7455,46.96391],[4.74611,46.96413],[4.74617,46.96418],[4.74729,46.96452],[4.7474,46.96447],[4.74738,46.96443],[4.74743,46.96435],[4.74759,46.96417],[4.74788,46.96367],[4.74797,46.96357],[4.74804,46.96351],[4.7485,46.96341],[4.7484,46.96324],[4.74813,46.96306],[4.7481,46.96301]]]}},{"type":"Feature","properties":{"id":"climat-meursault-premier-cru-la-piece-sous-le-bois","kind":"climat","level":"premier-cru","name":"La Pièce sous le Bois","full":"Meursault premier cru La Pièce sous le Bois","app":"Meursault","region":"cote-de-beaune","communes":["Meursault"],"area_ha":11.31,"elev":[308.3,326.8,351.3],"slope":8.9,"slope_pct":15.7,"aspect":150,"aspect_label":"SSE","aspect_hist":[0.0,0.0,0.037,0.724,0.177,0.055,0.007,0.0],"village":"meursault","white":true},"geometry":{"type":"Polygon","coordinates":[[[4.74855,46.96269],[4.74849,46.96264],[4.74825,46.96255],[4.74802,46.96249],[4.74799,46.96265],[4.74789,46.96273],[4.74771,46.96283],[4.74725,46.9627],[4.74717,46.96261],[4.74695,46.96261],[4.74638,46.96246],[4.74469,46.96187],[4.74384,46.96151],[4.7434,46.96137],[4.74286,46.96124],[4.74194,46.96094],[4.74161,46.96076],[4.73954,46.96223],[4.74016,46.9624],[4.74107,46.96257],[4.74295,46.963],[4.74437,46.96351],[4.74475,46.96363],[4.74477,46.96361],[4.7455,46.96391],[4.74611,46.96413],[4.74617,46.96418],[4.74729,46.96452],[4.7474,46.96447],[4.74738,46.96443],[4.74743,46.96435],[4.74759,46.96417],[4.74788,46.96367],[4.74797,46.96357],[4.74804,46.96351],[4.7485,46.96341],[4.7484,46.96324],[4.7481,46.96301],[4.74821,46.96288],[4.74837,46.96282],[4.74842,46.96275],[4.74847,46.96275],[4.74855,46.96269]]]}},{"type":"Feature","properties":{"id":"climat-volnay-premier-cru-champans","kind":"climat","level":"premier-cru","name":"Champans","full":"Volnay premier cru Champans","app":"Volnay","region":"cote-de-beaune","communes":["Volnay"],"area_ha":11.11,"elev":[248.4,261.0,282.6],"slope":5.0,"slope_pct":8.7,"aspect":121,"aspect_label":"ESE","aspect_hist":[0.005,0.009,0.137,0.841,0.006,0.0,0.0,0.002],"village":null,"white":false},"geometry":{"type":"Polygon","coordinates":[[[4.78576,46.99631],[4.78499,46.9952],[4.7848,46.99499],[4.78434,46.99461],[4.78367,46.99377],[4.78022,46.99552],[4.78083,46.9959],[4.78113,46.99614],[4.78139,46.99641],[4.78234,46.99724],[4.78259,46.9975],[4.78331,46.99808],[4.78369,46.99844],[4.78377,46.99836],[4.78453,46.998],[4.78474,46.99787],[4.7848,46.99778],[4.78488,46.99745],[4.78504,46.99726],[4.78518,46.99699],[4.7853,46.99686],[4.7853,46.99675],[4.78537,46.99659],[4.78543,46.99652],[4.78576,46.99631]]]}},{"type":"Feature","properties":{"id":"climat-beaune-premier-cru-les-avaux","kind":"climat","level":"premier-cru","name":"Les Avaux","full":"Beaune premier cru Les Avaux","app":"Beaune","region":"cote-de-beaune","communes":["Beaune"],"area_ha":11.09,"elev":[229.9,238.3,251.3],"slope":2.6,"slope_pct":4.6,"aspect":88,"aspect_label":"E","aspect_hist":[0.002,0.438,0.203,0.126,0.148,0.061,0.021,0.0],"village":null,"white":true},"geometry":{"type":"MultiPolygon","coordinates":[[[[4.82158,47.02452],[4.8205,47.02377],[4.82037,47.02371],[4.82015,47.02369],[4.81988,47.02369],[4.81931,47.02375],[4.81898,47.02382],[4.81821,47.02404],[4.81776,47.02421],[4.81778,47.02423],[4.81769,47.02428],[4.81743,47.02437],[4.81732,47.02432],[4.81714,47.02429],[4.81706,47.02433],[4.81693,47.02439],[4.81719,47.02458],[4.81737,47.02477],[4.81695,47.02502],[4.81638,47.02523],[4.81779,47.02614],[4.81764,47.02624],[4.81772,47.02652],[4.81808,47.02676],[4.81813,47.02683],[4.81817,47.02694],[4.81852,47.02679],[4.81917,47.02636],[4.81904,47.02616],[4.81916,47.02608],[4.81927,47.02605],[4.81947,47.02611],[4.81969,47.02607],[4.81965,47.02601],[4.81984,47.02597],[4.82042,47.02556],[4.82099,47.02506],[4.82144,47.02476],[4.82158,47.02452]]],[[[4.82041,47.02363],[4.82025,47.02338],[4.81996,47.02304],[4.81979,47.02291],[4.81961,47.02282],[4.81849,47.02315],[4.8182,47.02326],[4.81791,47.02342],[4.81834,47.02377],[4.81844,47.02383],[4.81857,47.02386],[4.81948,47.02368],[4.81992,47.02366],[4.82037,47.02366],[4.82041,47.02363]]],[[[4.81592,47.02562],[4.81554,47.02529],[4.81562,47.02525],[4.81508,47.02477],[4.81414,47.0251],[4.81336,47.02557],[4.81308,47.02575],[4.81308,47.02577],[4.81332,47.02593],[4.81337,47.0259],[4.81347,47.02593],[4.81365,47.02619],[4.81386,47.02639],[4.81497,47.02653],[4.81455,47.0264],[4.81592,47.02562]]]]}},{"type":"Feature","properties":{"id":"climat-chassagne-montrachet-premier-cru-les-chenevottes","kind":"climat","level":"premier-cru","name":"Les Chenevottes","full":"Chassagne-Montrachet premier cru Les Chenevottes","app":"Chassagne-Montrachet","region":"cote-de-beaune","communes":["Chassagne-Montrachet"],"area_ha":11.0,"elev":[238.2,244.2,253.1],"slope":2.6,"slope_pct":4.6,"aspect":84,"aspect_label":"E","aspect_hist":[0.021,0.349,0.348,0.227,0.011,0.04,0.004,0.0],"village":"chassagne-montrachet","white":true},"geometry":{"type":"Polygon","coordinates":[[[4.73529,46.94035],[4.73547,46.94015],[4.73532,46.93997],[4.73494,46.94013],[4.73424,46.94033],[4.73392,46.94041],[4.73329,46.94052],[4.73295,46.94053],[4.7327,46.94057],[4.73149,46.94094],[4.73112,46.94054],[4.73105,46.94056],[4.731,46.94048],[4.73071,46.94055],[4.72978,46.94087],[4.72915,46.941],[4.7291,46.94103],[4.7291,46.94112],[4.72918,46.94126],[4.72923,46.94126],[4.72941,46.9414],[4.72932,46.94144],[4.72941,46.94158],[4.72949,46.94157],[4.7296,46.94175],[4.72963,46.94177],[4.72972,46.94177],[4.72979,46.94207],[4.72963,46.94212],[4.72974,46.9423],[4.72989,46.94242],[4.72995,46.94263],[4.72997,46.94266],[4.73066,46.94253],[4.73079,46.94278],[4.73151,46.9436],[4.73117,46.94373],[4.73166,46.94414],[4.73289,46.94341],[4.73396,46.94267],[4.73392,46.94261],[4.73442,46.94201],[4.73451,46.94169],[4.73468,46.94149],[4.73529,46.94035]]]}},{"type":"Feature","properties":{"id":"climat-pernand-vergelesses-premier-cru-les-fichots","kind":"climat","level":"premier-cru","name":"Les Fichots","full":"Pernand-Vergelesses premier cru Les Fichots","app":"Pernand-Vergelesses","region":"cote-de-beaune","communes":["Pernand-Vergelesses"],"area_ha":10.93,"elev":[251.8,258.7,268.7],"slope":3.5,"slope_pct":6.1,"aspect":92,"aspect_label":"E","aspect_hist":[0.004,0.191,0.599,0.178,0.024,0.003,0.001,0.0],"village":"pernand-vergelesses","white":true},"geometry":{"type":"Polygon","coordinates":[[[4.85196,47.06809],[4.85207,47.06796],[4.85205,47.06793],[4.85049,47.06749],[4.85029,47.06779],[4.8496,47.0678],[4.84885,47.06785],[4.84809,47.06796],[4.84731,47.06814],[4.84819,47.06992],[4.8483,47.0702],[4.84839,47.07056],[4.84834,47.07195],[4.84865,47.07211],[4.84912,47.07243],[4.8496,47.07264],[4.84966,47.07262],[4.84988,47.07209],[4.84984,47.072],[4.84969,47.07185],[4.84975,47.07167],[4.85038,47.07098],[4.85084,47.07039],[4.85166,47.06888],[4.85188,47.06825],[4.85196,47.06809]]]}},{"type":"Feature","properties":{"id":"climat-saint-aubin-premier-cru-les-champlots","kind":"climat","level":"premier-cru","name":"Les Champlots","full":"Saint-Aubin premier cru Les Champlots","app":"Saint-Aubin","region":"cote-de-beaune","communes":["Saint-Aubin"],"area_ha":10.76,"elev":[294.5,326.8,365.8],"slope":13.3,"slope_pct":24.1,"aspect":257,"aspect_label":"WSW","aspect_hist":[0.001,0.0,0.0,0.0,0.013,0.433,0.491,0.062],"village":"saint-aubin","white":true},"geometry":{"type":"MultiPolygon","coordinates":[[[[4.72827,46.95515],[4.72806,46.95476],[4.72725,46.95483],[4.72678,46.9549],[4.72575,46.95477],[4.7249,46.9557],[4.72448,46.95645],[4.72431,46.95699],[4.72391,46.95708],[4.72398,46.95739],[4.7242,46.95765],[4.72394,46.95781],[4.72434,46.95817],[4.72458,46.95834],[4.72473,46.95865],[4.72517,46.95889],[4.72576,46.95964],[4.726,46.95958],[4.72564,46.95904],[4.72587,46.95899],[4.72582,46.95876],[4.72622,46.9587],[4.72603,46.95835],[4.72618,46.95834],[4.72616,46.95819],[4.7261,46.9582],[4.7261,46.95816],[4.72603,46.95816],[4.72618,46.9576],[4.72633,46.9576],[4.72634,46.95735],[4.72611,46.95733],[4.72612,46.95715],[4.72617,46.95716],[4.72624,46.95687],[4.72644,46.95645],[4.72654,46.95647],[4.72667,46.95634],[4.72714,46.95599],[4.72711,46.95597],[4.72748,46.9556],[4.72738,46.9555],[4.72752,46.95536],[4.72799,46.95516],[4.72827,46.95515]]],[[[4.72569,46.95477],[4.72539,46.95474],[4.72501,46.95474],[4.72446,46.95456],[4.72348,46.95484],[4.72287,46.95498],[4.72269,46.95505],[4.72255,46.95518],[4.72249,46.95525],[4.72248,46.95532],[4.72252,46.95581],[4.72312,46.95587],[4.72349,46.95603],[4.72352,46.95607],[4.72355,46.95636],[4.72358,46.95635],[4.72364,46.95647],[4.72334,46.95655],[4.72365,46.95694],[4.72358,46.95696],[4.72365,46.9571],[4.72421,46.95699],[4.72428,46.95695],[4.72445,46.95645],[4.72482,46.95574],[4.72569,46.95477]]]]}},{"type":"Feature","properties":{"id":"climat-puligny-montrachet-premier-cru-champ-gain","kind":"climat","level":"premier-cru","name":"Champ Gain","full":"Puligny-Montrachet premier cru Champ Gain","app":"Puligny-Montrachet","region":"cote-de-beaune","communes":["Puligny-Montrachet"],"area_ha":10.71,"elev":[309.6,334.7,365.9],"slope":7.7,"slope_pct":13.6,"aspect":114,"aspect_label":"ESE","aspect_hist":[0.0,0.0,0.466,0.532,0.001,0.0,0.0,0.0],"village":"puligny-montrachet","white":true},"geometry":{"type":"Polygon","coordinates":[[[4.74078,46.95542],[4.74043,46.95514],[4.74041,46.95515],[4.74033,46.95509],[4.74034,46.95505],[4.74018,46.95483],[4.73974,46.95441],[4.73933,46.9541],[4.73881,46.95365],[4.73822,46.95388],[4.73792,46.9536],[4.73779,46.95326],[4.73822,46.95309],[4.73813,46.95297],[4.73757,46.9525],[4.73681,46.95207],[4.73667,46.95215],[4.73646,46.9523],[4.73617,46.95239],[4.73509,46.9529],[4.73441,46.95326],[4.73412,46.95336],[4.73385,46.95357],[4.73352,46.95369],[4.7335,46.95375],[4.73394,46.9539],[4.73412,46.95392],[4.73475,46.95422],[4.73579,46.95461],[4.7358,46.95459],[4.73708,46.95511],[4.7373,46.95523],[4.73761,46.95507],[4.73779,46.9552],[4.73785,46.95517],[4.73804,46.95537],[4.73836,46.95564],[4.73885,46.95596],[4.73897,46.95594],[4.739,46.95597],[4.7394,46.95572],[4.73956,46.95581],[4.73955,46.95583],[4.73985,46.95589],[4.74008,46.9559],[4.74035,46.95609],[4.74075,46.95618],[4.74079,46.95613],[4.74104,46.95612],[4.74107,46.95606],[4.7414,46.95566],[4.7408,46.95541],[4.74078,46.95542]]]}},{"type":"Feature","properties":{"id":"climat-meursault-premier-cru-les-plures","kind":"climat","level":"premier-cru","name":"Les Plures","full":"Meursault premier cru Les Plures","app":"Meursault","region":"cote-de-beaune","communes":["Meursault"],"area_ha":10.44,"elev":[246.1,253.7,273.5],"slope":4.7,"slope_pct":8.3,"aspect":141,"aspect_label":"SE","aspect_hist":[0.0,0.002,0.039,0.901,0.051,0.002,0.003,0.002],"village":"meursault","white":true},"geometry":{"type":"MultiPolygon","coordinates":[[[[4.77688,46.98791],[4.77657,46.98764],[4.77626,46.98726],[4.77605,46.9869],[4.77567,46.98652],[4.77548,46.98644],[4.77529,46.98646],[4.77502,46.98656],[4.77489,46.98651],[4.77481,46.98647],[4.77455,46.98624],[4.77402,46.98567],[4.77358,46.98544],[4.77326,46.98532],[4.77243,46.98562],[4.77117,46.98603],[4.77136,46.98618],[4.7715,46.98647],[4.77152,46.9866],[4.77156,46.98666],[4.772,46.98708],[4.77195,46.9871],[4.77206,46.98721],[4.77251,46.98751],[4.77244,46.98756],[4.77282,46.98781],[4.77314,46.9881],[4.77363,46.98829],[4.77375,46.98824],[4.77425,46.98858],[4.77443,46.98879],[4.7745,46.98884],[4.77501,46.98891],[4.77515,46.989],[4.77542,46.98911],[4.77559,46.98912],[4.77594,46.98909],[4.77608,46.98919],[4.77638,46.989],[4.77673,46.9887],[4.7767,46.98853],[4.77662,46.98833],[4.77668,46.9882],[4.77687,46.98801],[4.77688,46.98791]]],[[[4.77594,46.9891],[4.77559,46.98913],[4.77541,46.98911],[4.77514,46.989],[4.7751,46.98903],[4.77497,46.98894],[4.7746,46.98889],[4.77434,46.98912],[4.77503,46.98941],[4.77495,46.98943],[4.77475,46.98955],[4.77506,46.98968],[4.77507,46.9897],[4.77496,46.98977],[4.77508,46.9899],[4.77538,46.98973],[4.77608,46.9892],[4.77594,46.9891]]]]}},{"type":"Feature","properties":{"id":"climat-pernand-vergelesses-premier-cru-sous-fretille","kind":"climat","level":"premier-cru","name":"Sous Frétille","full":"Pernand-Vergelesses premier cru Sous Frétille","app":"Pernand-Vergelesses","region":"cote-de-beaune","communes":["Pernand-Vergelesses"],"area_ha":10.32,"elev":[298.6,339.8,367.6],"slope":13.3,"slope_pct":23.8,"aspect":183,"aspect_label":"S","aspect_hist":[0.0,0.001,0.019,0.309,0.365,0.249,0.056,0.0],"village":"pernand-vergelesses","white":true},"geometry":{"type":"MultiPolygon","coordinates":[[[[4.85785,47.0825],[4.85759,47.0823],[4.85695,47.08187],[4.85623,47.08146],[4.85596,47.08136],[4.85572,47.0813],[4.85497,47.08117],[4.8548,47.08116],[4.85425,47.08123],[4.85385,47.08133],[4.85369,47.08139],[4.85327,47.08165],[4.85292,47.08196],[4.85269,47.08225],[4.85259,47.08245],[4.85252,47.08283],[4.85336,47.08318],[4.85336,47.08308],[4.85327,47.0829],[4.85323,47.08288],[4.85325,47.08284],[4.85315,47.0828],[4.85335,47.08258],[4.85349,47.08228],[4.85354,47.08232],[4.85384,47.08206],[4.85398,47.08226],[4.85469,47.08223],[4.8551,47.08225],[4.85518,47.08226],[4.8559,47.08252],[4.85624,47.08279],[4.85656,47.08317],[4.8566,47.08327],[4.85678,47.08329],[4.85804,47.0828],[4.85801,47.08272],[4.85785,47.0825]]],[[[4.85304,47.08177],[4.85338,47.08151],[4.8532,47.08136],[4.85332,47.08129],[4.85348,47.08144],[4.85362,47.08136],[4.85404,47.08123],[4.85454,47.08114],[4.85488,47.08112],[4.85503,47.08113],[4.85587,47.08128],[4.85629,47.08142],[4.85684,47.08173],[4.85735,47.08133],[4.85647,47.08082],[4.85528,47.08043],[4.85516,47.08063],[4.85494,47.0806],[4.85434,47.08058],[4.85427,47.08022],[4.85404,47.08026],[4.854,47.08016],[4.85383,47.08017],[4.85386,47.08024],[4.85383,47.08024],[4.85384,47.0803],[4.85376,47.08032],[4.85383,47.08047],[4.85323,47.08064],[4.85329,47.08073],[4.85293,47.08099],[4.85273,47.08094],[4.85259,47.08131],[4.85251,47.08194],[4.85277,47.08208],[4.85304,47.08177]]],[[[4.85678,47.08012],[4.85629,47.07995],[4.85622,47.08005],[4.85575,47.07987],[4.85553,47.07981],[4.85566,47.0796],[4.85538,47.07953],[4.85522,47.07947],[4.85456,47.0794],[4.85406,47.07938],[4.85416,47.07993],[4.8545,47.08],[4.85473,47.07997],[4.85475,47.07978],[4.85504,47.07985],[4.8549,47.08017],[4.85493,47.08019],[4.85665,47.08084],[4.8571,47.08036],[4.85671,47.08023],[4.85678,47.08012]]],[[[4.85163,47.08429],[4.85227,47.08326],[4.85229,47.08311],[4.85223,47.08308],[4.85222,47.08303],[4.85146,47.08273],[4.85074,47.08367],[4.85116,47.08379],[4.85096,47.08418],[4.85128,47.0843],[4.85133,47.08421],[4.85163,47.08429]]]]}},{"type":"Feature","properties":{"id":"climat-pommard-premier-cru-les-grands-epenots","kind":"climat","level":"premier-cru","name":"Les Grands Epenots","full":"Pommard premier cru Les Grands Epenots","app":"Pommard","region":"cote-de-beaune","communes":["Pommard"],"area_ha":10.13,"elev":[242.5,248.8,260.3],"slope":2.4,"slope_pct":4.1,"aspect":140,"aspect_label":"SE","aspect_hist":[0.0,0.0,0.047,0.812,0.138,0.002,0.0,0.0],"village":null,"white":false},"geometry":{"type":"Polygon","coordinates":[[[4.80611,47.01202],[4.80508,47.01181],[4.80465,47.01176],[4.80395,47.01171],[4.80369,47.01167],[4.80149,47.01096],[4.80142,47.01098],[4.80003,47.01187],[4.79973,47.01196],[4.79876,47.01198],[4.79842,47.01208],[4.79821,47.01218],[4.79793,47.01227],[4.79816,47.01241],[4.79811,47.01246],[4.79824,47.0125],[4.79894,47.01292],[4.79914,47.01293],[4.79948,47.01285],[4.79968,47.01292],[4.80004,47.01316],[4.80073,47.01335],[4.8012,47.01355],[4.80207,47.01374],[4.80272,47.01396],[4.80577,47.01224],[4.80611,47.01202]]]}},{"type":"Feature","properties":{"id":"climat-savigny-les-beaune-premier-cru-aux-clous","kind":"climat","level":"premier-cru","name":"Aux Clous","full":"Savigny-lès-Beaune premier cru Aux Clous","app":"Savigny-lès-Beaune","region":"cote-de-beaune","communes":["Savigny-lès-Beaune"],"area_ha":9.97,"elev":[257.2,267.8,287.3],"slope":4.1,"slope_pct":7.3,"aspect":180,"aspect_label":"S","aspect_hist":[0.0,0.0,0.0,0.028,0.959,0.012,0.0,0.0],"village":null,"white":true},"geometry":{"type":"Polygon","coordinates":[[[4.82801,47.06476],[4.8278,47.06116],[4.82592,47.06137],[4.82566,47.06132],[4.82538,47.06124],[4.82525,47.06118],[4.82425,47.06155],[4.82482,47.06469],[4.82527,47.06478],[4.82558,47.06478],[4.82636,47.06481],[4.82641,47.06484],[4.82755,47.06477],[4.82801,47.06476]]]}},{"type":"Feature","properties":{"id":"climat-blagny-premier-cru-la-garenne-ou-sur-la-garenne","kind":"climat","level":"premier-cru","name":"La Garenne ou sur la Garenne","full":"Blagny premier cru La Garenne ou sur la Garenne","app":"Blagny","region":"cote-de-beaune","communes":["Puligny-Montrachet"],"area_ha":9.92,"elev":[332.9,353.9,377.2],"slope":6.5,"slope_pct":11.3,"aspect":113,"aspect_label":"ESE","aspect_hist":[0.0,0.01,0.471,0.513,0.006,0.0,0.0,0.0],"village":null,"white":false},"geometry":{"type":"Polygon","coordinates":[[[4.74028,46.95929],[4.74015,46.95899],[4.74011,46.95875],[4.74012,46.9586],[4.74014,46.9586],[4.74008,46.95837],[4.73994,46.9582],[4.7392,46.95763],[4.7391,46.95752],[4.73901,46.9573],[4.73905,46.95708],[4.73901,46.95643],[4.73903,46.95638],[4.73913,46.95632],[4.73916,46.95633],[4.73928,46.95626],[4.73923,46.95622],[4.73917,46.95619],[4.73906,46.95627],[4.73897,46.95627],[4.73889,46.95623],[4.73871,46.95596],[4.73825,46.95577],[4.73761,46.95545],[4.73731,46.95524],[4.73708,46.95511],[4.7358,46.95459],[4.73579,46.95461],[4.73475,46.95422],[4.73412,46.95392],[4.73394,46.9539],[4.7335,46.95375],[4.73264,46.95415],[4.73226,46.95443],[4.73265,46.95472],[4.73307,46.95482],[4.73389,46.95507],[4.73432,46.95526],[4.73484,46.95543],[4.73526,46.95567],[4.73619,46.95639],[4.73666,46.95694],[4.73723,46.95737],[4.73809,46.95796],[4.73868,46.95825],[4.73897,46.95843],[4.73907,46.95853],[4.73966,46.95937],[4.74028,46.95929]]]}},{"type":"Feature","properties":{"id":"climat-puligny-montrachet-premier-cru-la-garenne","kind":"climat","level":"premier-cru","name":"La Garenne","full":"Puligny-Montrachet premier cru La Garenne","app":"Puligny-Montrachet","region":"cote-de-beaune","communes":["Puligny-Montrachet"],"area_ha":9.92,"elev":[332.9,353.9,377.2],"slope":6.5,"slope_pct":11.3,"aspect":113,"aspect_label":"ESE","aspect_hist":[0.0,0.01,0.471,0.513,0.006,0.0,0.0,0.0],"village":"puligny-montrachet","white":true},"geometry":{"type":"Polygon","coordinates":[[[4.74028,46.95929],[4.74015,46.95899],[4.74011,46.95875],[4.74012,46.9586],[4.74014,46.9586],[4.74008,46.95837],[4.73994,46.9582],[4.7392,46.95763],[4.7391,46.95752],[4.73901,46.9573],[4.73905,46.95708],[4.73901,46.95643],[4.73903,46.95638],[4.73913,46.95632],[4.73916,46.95633],[4.73928,46.95626],[4.73923,46.95622],[4.73917,46.95619],[4.73906,46.95627],[4.73897,46.95627],[4.73889,46.95623],[4.73871,46.95596],[4.73825,46.95577],[4.73761,46.95545],[4.73731,46.95524],[4.73708,46.95511],[4.7358,46.95459],[4.73579,46.95461],[4.73475,46.95422],[4.73412,46.95392],[4.73394,46.9539],[4.7335,46.95375],[4.73264,46.95415],[4.73226,46.95443],[4.73265,46.95472],[4.73307,46.95482],[4.73389,46.95507],[4.73432,46.95526],[4.73484,46.95543],[4.73526,46.95567],[4.73619,46.95639],[4.73666,46.95694],[4.73723,46.95737],[4.73809,46.95796],[4.73868,46.95825],[4.73897,46.95843],[4.73907,46.95853],[4.73966,46.95937],[4.74028,46.95929]]]}},{"type":"Feature","properties":{"id":"climat-pommard-premier-cru-les-charmots","kind":"climat","level":"premier-cru","name":"Les Charmots","full":"Pommard premier cru Les Charmots","app":"Pommard","region":"cote-de-beaune","communes":["Pommard"],"area_ha":9.64,"elev":[258.1,278.9,297.0],"slope":8.6,"slope_pct":15.2,"aspect":171,"aspect_label":"S","aspect_hist":[0.0,0.001,0.008,0.384,0.505,0.097,0.005,0.0],"village":null,"white":false},"geometry":{"type":"MultiPolygon","coordinates":[[[[4.79991,47.01473],[4.79928,47.01397],[4.79956,47.01379],[4.79866,47.01307],[4.79864,47.01305],[4.79881,47.01292],[4.79834,47.01261],[4.7982,47.01254],[4.79818,47.01256],[4.79782,47.01237],[4.79776,47.01238],[4.79752,47.01259],[4.79761,47.01288],[4.7973,47.01372],[4.79761,47.01408],[4.79776,47.01414],[4.7979,47.01417],[4.79836,47.01423],[4.79887,47.01436],[4.79895,47.01442],[4.7991,47.01455],[4.79907,47.01457],[4.79918,47.01478],[4.79993,47.01522],[4.8,47.01529],[4.8,47.01551],[4.80004,47.01557],[4.8002,47.01571],[4.80017,47.01573],[4.80019,47.01576],[4.80062,47.0155],[4.79991,47.01473]]],[[[4.79914,47.01481],[4.79897,47.01453],[4.79882,47.01442],[4.79837,47.01428],[4.79792,47.01423],[4.79763,47.01415],[4.7975,47.01405],[4.79728,47.0138],[4.79726,47.0138],[4.79717,47.01403],[4.797,47.01405],[4.79694,47.01412],[4.79691,47.01418],[4.79691,47.01441],[4.79696,47.01448],[4.79705,47.0145],[4.79703,47.01484],[4.79706,47.01504],[4.79709,47.01513],[4.79723,47.01533],[4.79743,47.01526],[4.79741,47.01524],[4.79784,47.01523],[4.79799,47.01513],[4.79801,47.01506],[4.79842,47.01524],[4.79843,47.01528],[4.79856,47.01537],[4.79911,47.01559],[4.79973,47.01516],[4.79914,47.01481]]],[[[4.79711,47.01271],[4.79749,47.01255],[4.79777,47.01235],[4.79766,47.01237],[4.79745,47.01249],[4.79707,47.01265],[4.79579,47.01281],[4.79591,47.01293],[4.79608,47.01304],[4.79624,47.0129],[4.79642,47.01282],[4.79694,47.01276],[4.79711,47.01271]]],[[[4.79712,47.01272],[4.79672,47.0128],[4.7965,47.01282],[4.79624,47.01294],[4.79615,47.01304],[4.79613,47.01311],[4.79633,47.01321],[4.79669,47.01334],[4.79725,47.01369],[4.79745,47.01319],[4.79748,47.01308],[4.79742,47.01305],[4.7975,47.01301],[4.79756,47.01286],[4.79745,47.01258],[4.79712,47.01272]]],[[[4.79679,47.01344],[4.7966,47.01335],[4.79631,47.01326],[4.79628,47.01328],[4.79662,47.01385],[4.79682,47.01403],[4.7971,47.01398],[4.79713,47.01396],[4.7972,47.01373],[4.79719,47.0137],[4.79679,47.01344]]],[[[4.79676,47.0145],[4.79642,47.0137],[4.79634,47.01359],[4.79567,47.01429],[4.79561,47.01445],[4.79567,47.01447],[4.79558,47.01479],[4.79586,47.01485],[4.79607,47.01483],[4.79618,47.01481],[4.79628,47.01473],[4.79665,47.01465],[4.7966,47.01451],[4.79676,47.0145]]],[[[4.79306,47.01543],[4.79318,47.01554],[4.79327,47.01549],[4.79351,47.01528],[4.79412,47.01499],[4.79411,47.01497],[4.79429,47.01496],[4.79466,47.01487],[4.79487,47.01473],[4.79492,47.01468],[4.7949,47.01467],[4.79508,47.01451],[4.79526,47.01439],[4.7954,47.01421],[4.79538,47.01417],[4.7955,47.01415],[4.79598,47.01391],[4.79629,47.01358],[4.79631,47.01349],[4.7961,47.01317],[4.79557,47.01341],[4.79496,47.01373],[4.79322,47.01447],[4.79284,47.01479],[4.79265,47.01506],[4.7926,47.01522],[4.79266,47.0153],[4.79306,47.01543]]],[[[4.79501,47.01465],[4.7952,47.01472],[4.79554,47.01479],[4.79562,47.01453],[4.79559,47.01444],[4.79564,47.01429],[4.79585,47.01406],[4.79582,47.01404],[4.79544,47.01423],[4.7953,47.01441],[4.79501,47.01462],[4.79501,47.01465]]]]}},{"type":"Feature","properties":{"id":"climat-savigny-les-beaune-premier-cru-les-narbantons","kind":"climat","level":"premier-cru","name":"Les Narbantons","full":"Savigny-lès-Beaune premier cru Les Narbantons","app":"Savigny-lès-Beaune","region":"cote-de-beaune","communes":["Savigny-lès-Beaune"],"area_ha":9.62,"elev":[243.6,248.0,253.2],"slope":1.6,"slope_pct":2.8,"aspect":66,"aspect_label":"ENE","aspect_hist":[0.013,0.474,0.485,0.027,0.002,0.0,0.0,0.0],"village":null,"white":true},"geometry":{"type":"MultiPolygon","coordinates":[[[[4.83863,47.05296],[4.83906,47.05226],[4.83763,47.05207],[4.83653,47.05184],[4.83598,47.0517],[4.83569,47.05234],[4.83512,47.05316],[4.83509,47.05344],[4.83684,47.05384],[4.83745,47.05403],[4.83836,47.05328],[4.83863,47.05296]]],[[[4.83393,47.05627],[4.8352,47.05562],[4.83582,47.05527],[4.83623,47.05499],[4.83743,47.05405],[4.83668,47.05383],[4.83508,47.05346],[4.83499,47.05374],[4.83479,47.05402],[4.8343,47.05436],[4.83427,47.05435],[4.83381,47.05465],[4.83335,47.05511],[4.83301,47.05538],[4.83285,47.05557],[4.83348,47.05591],[4.83393,47.05627]]]]}},{"type":"Feature","properties":{"id":"climat-chassagne-montrachet-premier-cru-les-vergers","kind":"climat","level":"premier-cru","name":"Les Vergers","full":"Chassagne-Montrachet premier cru Les Vergers","app":"Chassagne-Montrachet","region":"cote-de-beaune","communes":["Chassagne-Montrachet"],"area_ha":9.53,"elev":[242.9,258.5,270.7],"slope":4.4,"slope_pct":7.7,"aspect":86,"aspect_label":"E","aspect_hist":[0.004,0.131,0.792,0.064,0.006,0.0,0.0,0.002],"village":"chassagne-montrachet","white":true},"geometry":{"type":"MultiPolygon","coordinates":[[[[4.73151,46.9436],[4.73079,46.94278],[4.73066,46.94253],[4.72986,46.94269],[4.72972,46.9425],[4.72898,46.941],[4.72905,46.94099],[4.72906,46.94094],[4.72902,46.94055],[4.72896,46.94032],[4.72887,46.94019],[4.72864,46.93962],[4.72792,46.93983],[4.72785,46.9399],[4.72783,46.94002],[4.72777,46.94007],[4.72779,46.9401],[4.7273,46.94021],[4.72695,46.94021],[4.72671,46.94025],[4.72666,46.9403],[4.72664,46.94041],[4.7271,46.94142],[4.72712,46.9416],[4.72698,46.94162],[4.72691,46.94179],[4.72682,46.94188],[4.72673,46.94205],[4.72669,46.94218],[4.72658,46.94218],[4.72652,46.94236],[4.72649,46.94237],[4.72648,46.94242],[4.72646,46.94242],[4.72638,46.94263],[4.7264,46.94354],[4.72676,46.94376],[4.72703,46.94385],[4.72744,46.94378],[4.72797,46.94365],[4.72832,46.94361],[4.7286,46.94349],[4.72915,46.94334],[4.72931,46.94354],[4.72972,46.94346],[4.73009,46.94342],[4.73037,46.94335],[4.73067,46.9438],[4.73079,46.94389],[4.73151,46.9436]]],[[[4.72995,46.94263],[4.72989,46.94242],[4.72974,46.9423],[4.72963,46.94212],[4.72979,46.94207],[4.72972,46.94177],[4.72963,46.94177],[4.7296,46.94175],[4.72949,46.94157],[4.72941,46.94158],[4.72932,46.94144],[4.72941,46.9414],[4.72923,46.94126],[4.72918,46.94126],[4.72934,46.94166],[4.72948,46.94192],[4.72981,46.94248],[4.72995,46.94263]]]]}},{"type":"Feature","properties":{"id":"climat-pernand-vergelesses-premier-cru-ile-des-vergelesses","kind":"climat","level":"premier-cru","name":"Ile des Vergelesses","full":"Pernand-Vergelesses premier cru Ile des Vergelesses","app":"Pernand-Vergelesses","region":"cote-de-beaune","communes":["Pernand-Vergelesses"],"area_ha":9.38,"elev":[266.7,275.9,287.9],"slope":5.9,"slope_pct":10.3,"aspect":115,"aspect_label":"ESE","aspect_hist":[0.0,0.009,0.426,0.556,0.01,0.0,0.0,0.0],"village":"pernand-vergelesses","white":true},"geometry":{"type":"Polygon","coordinates":[[[4.84794,47.06982],[4.8472,47.06839],[4.84672,47.06729],[4.84635,47.06663],[4.84506,47.06523],[4.84457,47.06453],[4.84396,47.06378],[4.84391,47.06381],[4.84387,47.06388],[4.84377,47.06437],[4.8436,47.06463],[4.84341,47.06476],[4.84313,47.06491],[4.84323,47.0655],[4.8432,47.06556],[4.84322,47.06564],[4.84347,47.06622],[4.84421,47.06709],[4.84458,47.06737],[4.84496,47.06772],[4.8452,47.068],[4.84552,47.06852],[4.84564,47.06868],[4.84592,47.0689],[4.846,47.06892],[4.84617,47.0691],[4.84642,47.06928],[4.84656,47.06946],[4.84699,47.06973],[4.84718,47.06996],[4.84744,47.0704],[4.84777,47.07085],[4.84808,47.07105],[4.84818,47.07105],[4.84821,47.07077],[4.84818,47.07044],[4.84794,47.06982]]]}},{"type":"Feature","properties":{"id":"climat-beaune-premier-cru-les-marconnets","kind":"climat","level":"premier-cru","name":"Les Marconnets","full":"Beaune premier cru Les Marconnets","app":"Beaune","region":"cote-de-beaune","communes":["Beaune"],"area_ha":9.37,"elev":[241.8,261.0,294.3],"slope":8.7,"slope_pct":15.4,"aspect":134,"aspect_label":"SE","aspect_hist":[0.0,0.0,0.084,0.841,0.071,0.004,0.0,0.0],"village":null,"white":true},"geometry":{"type":"Polygon","coordinates":[[[4.8315,47.0486],[4.83308,47.04738],[4.83278,47.04693],[4.83281,47.0469],[4.83279,47.04687],[4.83265,47.04668],[4.83211,47.04615],[4.83201,47.04601],[4.83196,47.04586],[4.83197,47.04564],[4.83156,47.04571],[4.83161,47.04577],[4.83106,47.04603],[4.83068,47.04568],[4.8303,47.04547],[4.82994,47.04518],[4.8298,47.04502],[4.82865,47.04557],[4.829,47.04592],[4.82875,47.04608],[4.82826,47.04644],[4.82826,47.04653],[4.82819,47.04658],[4.82844,47.04666],[4.82862,47.0468],[4.82871,47.04692],[4.82876,47.0469],[4.82903,47.04738],[4.8291,47.04743],[4.82916,47.04751],[4.82916,47.0476],[4.82908,47.04771],[4.82921,47.04796],[4.82926,47.04801],[4.8294,47.0481],[4.82952,47.04833],[4.82963,47.04831],[4.82979,47.04833],[4.82989,47.04831],[4.82993,47.04836],[4.82998,47.04846],[4.82999,47.04883],[4.82993,47.04898],[4.82992,47.04912],[4.83,47.04941],[4.83134,47.04869],[4.83128,47.04861],[4.8314,47.04866],[4.8315,47.0486]]]}},{"type":"Feature","properties":{"id":"climat-auxey-duresses-premier-cru-climat-du-val","kind":"climat","level":"premier-cru","name":"Climat du Val","full":"Auxey-Duresses premier cru Climat du Val","app":"Auxey-Duresses","region":"cote-de-beaune","communes":["Auxey-Duresses"],"area_ha":9.3,"elev":[274.4,297.3,344.0],"slope":10.7,"slope_pct":19.1,"aspect":196,"aspect_label":"SSW","aspect_hist":[0.0,0.0,0.0,0.004,0.662,0.334,0.0,0.0],"village":"auxey-duresses","white":true},"geometry":{"type":"Polygon","coordinates":[[[4.75063,46.99068],[4.75088,46.98967],[4.75075,46.98925],[4.75062,46.9884],[4.75003,46.98838],[4.74968,46.98846],[4.74878,46.98857],[4.74879,46.98865],[4.74872,46.98873],[4.74853,46.98881],[4.74833,46.98886],[4.74736,46.98895],[4.74729,46.98893],[4.74668,46.98894],[4.74678,46.98985],[4.74693,46.99033],[4.74669,46.99036],[4.74728,46.99195],[4.74798,46.99181],[4.7491,46.99151],[4.75013,46.99113],[4.75031,46.991],[4.75058,46.99076],[4.75063,46.99068]]]}},{"type":"Feature","properties":{"id":"climat-beaune-premier-cru-les-tuvilains","kind":"climat","level":"premier-cru","name":"Les Tuvilains","full":"Beaune premier cru Les Tuvilains","app":"Beaune","region":"cote-de-beaune","communes":["Beaune"],"area_ha":8.94,"elev":[228.5,235.2,240.9],"slope":2.1,"slope_pct":3.7,"aspect":123,"aspect_label":"ESE","aspect_hist":[0.001,0.038,0.364,0.477,0.112,0.0,0.0,0.007],"village":null,"white":true},"geometry":{"type":"MultiPolygon","coordinates":[[[[4.82154,47.02214],[4.82106,47.02177],[4.82014,47.02111],[4.81982,47.02097],[4.81834,47.02018],[4.81817,47.02014],[4.81801,47.02016],[4.81739,47.02036],[4.81682,47.0205],[4.81799,47.02149],[4.81879,47.02208],[4.81934,47.02261],[4.81971,47.02282],[4.82154,47.02214]]],[[[4.81961,47.02282],[4.81931,47.02264],[4.81864,47.02201],[4.81795,47.02149],[4.81708,47.02076],[4.81674,47.02052],[4.81648,47.02056],[4.81575,47.02089],[4.81541,47.021],[4.81596,47.0215],[4.81651,47.02224],[4.8164,47.0223],[4.81678,47.02272],[4.81724,47.02258],[4.81801,47.02336],[4.81849,47.02315],[4.81961,47.02282]]]]}},{"type":"Feature","properties":{"id":"climat-beaune-premier-cru-aux-coucherias","kind":"climat","level":"premier-cru","name":"Aux Coucherias","full":"Beaune premier cru Aux Coucherias","app":"Beaune","region":"cote-de-beaune","communes":["Beaune"],"area_ha":8.75,"elev":[253.1,282.6,318.9],"slope":11.7,"slope_pct":21.1,"aspect":198,"aspect_label":"SSW","aspect_hist":[0.0,0.002,0.017,0.069,0.404,0.487,0.018,0.004],"village":null,"white":true},"geometry":{"type":"MultiPolygon","coordinates":[[[[4.81758,47.03131],[4.81742,47.03079],[4.81743,47.03071],[4.8174,47.03059],[4.81734,47.03059],[4.81718,47.03037],[4.81687,47.0304],[4.81634,47.03038],[4.81615,47.03026],[4.81605,47.03015],[4.81591,47.02985],[4.81639,47.02979],[4.81662,47.02964],[4.81688,47.02977],[4.81699,47.02969],[4.81723,47.02972],[4.81752,47.02971],[4.81745,47.02948],[4.81743,47.02907],[4.81747,47.02893],[4.8176,47.0288],[4.8166,47.02885],[4.81613,47.02897],[4.81542,47.02928],[4.8155,47.02966],[4.81563,47.03006],[4.81542,47.03011],[4.81517,47.02973],[4.81512,47.0294],[4.81442,47.02972],[4.81391,47.03005],[4.81363,47.03029],[4.81359,47.0303],[4.81326,47.03072],[4.81207,47.03169],[4.81171,47.0321],[4.81236,47.03245],[4.81259,47.03237],[4.81282,47.03232],[4.81307,47.03231],[4.81327,47.03233],[4.81345,47.0322],[4.81397,47.03192],[4.81421,47.03219],[4.81475,47.03203],[4.81501,47.03194],[4.81498,47.03192],[4.81598,47.03162],[4.81594,47.0314],[4.81594,47.0308],[4.81599,47.03074],[4.81599,47.03086],[4.81611,47.03112],[4.81659,47.03133],[4.81694,47.03125],[4.8174,47.03132],[4.81763,47.03145],[4.81769,47.03142],[4.81758,47.03131]]],[[[4.81704,47.0302],[4.81696,47.03008],[4.81684,47.03],[4.81688,47.03039],[4.81696,47.03034],[4.81704,47.0302]]],[[[4.81626,47.03238],[4.81622,47.03211],[4.81607,47.03199],[4.8155,47.03192],[4.81549,47.03239],[4.8162,47.03248],[4.81631,47.03246],[4.81626,47.03238]]]]}},{"type":"Feature","properties":{"id":"climat-volnay-premier-cru-les-mitans","kind":"climat","level":"premier-cru","name":"Les Mitans","full":"Volnay premier cru Les Mitans","app":"Volnay","region":"cote-de-beaune","communes":["Volnay"],"area_ha":8.58,"elev":[248.7,255.5,266.5],"slope":2.8,"slope_pct":4.9,"aspect":108,"aspect_label":"ESE","aspect_hist":[0.008,0.042,0.548,0.382,0.018,0.002,0.0,0.0],"village":null,"white":false},"geometry":{"type":"MultiPolygon","coordinates":[[[[4.7905,47.00034],[4.79022,46.9998],[4.78997,46.99949],[4.78895,46.99986],[4.78888,46.99979],[4.78628,47.00027],[4.78645,47.00039],[4.78665,47.00043],[4.78689,47.00044],[4.78786,47.00032],[4.78812,47.00032],[4.7885,47.00039],[4.78891,47.00051],[4.78916,47.00053],[4.78981,47.00055],[4.79028,47.0006],[4.79039,47.0006],[4.79054,47.00055],[4.7905,47.00034]]],[[[4.78938,46.99889],[4.78917,46.99902],[4.78888,46.99912],[4.78763,46.99938],[4.78726,46.99947],[4.78726,46.99946],[4.78763,46.99937],[4.78878,46.99912],[4.78904,46.99904],[4.78934,46.99886],[4.7886,46.9982],[4.78798,46.99767],[4.78773,46.99757],[4.78737,46.99753],[4.78653,46.99805],[4.78598,46.99848],[4.78567,46.99885],[4.78511,46.99943],[4.78515,46.9996],[4.78627,47.00026],[4.78888,46.99978],[4.78895,46.99985],[4.78996,46.99948],[4.7898,46.99928],[4.78938,46.99889]]],[[[4.78952,46.9988],[4.78835,46.99765],[4.78807,46.9977],[4.78939,46.99885],[4.78952,46.9988]]]]}},{"type":"Feature","properties":{"id":"climat-beaune-premier-cru-les-sizies","kind":"climat","level":"premier-cru","name":"Les Sizies","full":"Beaune premier cru Les Sizies","app":"Beaune","region":"cote-de-beaune","communes":["Beaune"],"area_ha":8.56,"elev":[237.4,244.0,253.5],"slope":2.3,"slope_pct":4.1,"aspect":118,"aspect_label":"ESE","aspect_hist":[0.009,0.158,0.371,0.308,0.104,0.047,0.001,0.001],"village":null,"white":true},"geometry":{"type":"MultiPolygon","coordinates":[[[[4.81863,47.02392],[4.81838,47.02385],[4.81801,47.02353],[4.8179,47.02352],[4.81711,47.02384],[4.81513,47.02481],[4.81562,47.02525],[4.81554,47.02529],[4.81593,47.02562],[4.81599,47.02565],[4.81608,47.02564],[4.81614,47.0256],[4.81597,47.02545],[4.81627,47.02527],[4.81695,47.02502],[4.81737,47.02477],[4.81719,47.02458],[4.81693,47.02439],[4.81714,47.02429],[4.81732,47.02432],[4.81743,47.02437],[4.81773,47.02426],[4.81778,47.02423],[4.81776,47.02421],[4.81794,47.02414],[4.81863,47.02392]]],[[[4.81801,47.02336],[4.81724,47.02258],[4.81678,47.02272],[4.8164,47.0223],[4.81541,47.0225],[4.8151,47.02265],[4.81538,47.02302],[4.81585,47.02351],[4.81595,47.0236],[4.8162,47.02374],[4.81653,47.024],[4.8166,47.02401],[4.81711,47.02377],[4.81759,47.02359],[4.81801,47.02336]]],[[[4.81625,47.02383],[4.81587,47.02359],[4.8156,47.02333],[4.81521,47.02347],[4.81436,47.02383],[4.81434,47.02381],[4.81416,47.02389],[4.8139,47.02396],[4.81268,47.02442],[4.81238,47.02457],[4.81234,47.0245],[4.81173,47.02472],[4.81255,47.02584],[4.81291,47.02579],[4.81357,47.02536],[4.81419,47.02502],[4.81527,47.02467],[4.81642,47.02411],[4.81649,47.02406],[4.81649,47.02403],[4.81625,47.02383]]]]}},{"type":"Feature","properties":{"id":"climat-beaune-premier-cru-les-boucherottes","kind":"climat","level":"premier-cru","name":"Les Boucherottes","full":"Beaune premier cru Les Boucherottes","app":"Beaune","region":"cote-de-beaune","communes":["Beaune"],"area_ha":8.55,"elev":[232.3,242.0,255.6],"slope":4.1,"slope_pct":7.1,"aspect":120,"aspect_label":"ESE","aspect_hist":[0.0,0.003,0.292,0.688,0.017,0.001,0.0,0.0],"village":null,"white":true},"geometry":{"type":"Polygon","coordinates":[[[4.81171,47.01973],[4.81532,47.01845],[4.81515,47.0184],[4.81459,47.01835],[4.81437,47.01831],[4.81387,47.01815],[4.81337,47.0179],[4.81227,47.01718],[4.81209,47.01711],[4.81146,47.01703],[4.81102,47.01695],[4.8105,47.01677],[4.81001,47.01665],[4.80903,47.0163],[4.80869,47.01621],[4.80814,47.01645],[4.80892,47.01715],[4.80849,47.01743],[4.8086,47.01755],[4.80903,47.0179],[4.8092,47.018],[4.80938,47.01814],[4.8095,47.01811],[4.80952,47.01816],[4.80947,47.01821],[4.8096,47.01842],[4.81036,47.01812],[4.81052,47.01838],[4.8105,47.01842],[4.81081,47.0188],[4.81085,47.01878],[4.8113,47.01931],[4.81134,47.0193],[4.81142,47.01944],[4.81147,47.01943],[4.81152,47.01946],[4.81159,47.01955],[4.81159,47.01963],[4.81171,47.01973]]]}},{"type":"Feature","properties":{"id":"climat-beaune-premier-cru-les-vignes-franches","kind":"climat","level":"premier-cru","name":"Les Vignes Franches","full":"Beaune premier cru Les Vignes Franches","app":"Beaune","region":"cote-de-beaune","communes":["Beaune"],"area_ha":8.51,"elev":[235.7,250.4,277.5],"slope":5.7,"slope_pct":10.0,"aspect":107,"aspect_label":"ESE","aspect_hist":[0.001,0.023,0.506,0.457,0.013,0.001,0.0,0.0],"village":null,"white":true},"geometry":{"type":"MultiPolygon","coordinates":[[[[4.8144,47.01979],[4.81427,47.01972],[4.81392,47.01929],[4.81374,47.01901],[4.81171,47.01973],[4.81185,47.01988],[4.81212,47.02036],[4.8118,47.02045],[4.81156,47.02058],[4.81115,47.02069],[4.81152,47.02104],[4.81171,47.02135],[4.81209,47.02142],[4.81261,47.0216],[4.81281,47.02168],[4.81296,47.02182],[4.81303,47.02183],[4.81341,47.02172],[4.8137,47.02157],[4.8141,47.02143],[4.81375,47.02091],[4.81375,47.02083],[4.81377,47.02083],[4.81374,47.02069],[4.81343,47.02031],[4.81449,47.01991],[4.8144,47.01979]]],[[[4.81196,47.02027],[4.81196,47.02021],[4.81174,47.01984],[4.81159,47.01971],[4.81134,47.0193],[4.8113,47.01931],[4.81085,47.01878],[4.81081,47.0188],[4.8105,47.01842],[4.81052,47.01838],[4.81036,47.01812],[4.8096,47.01842],[4.80982,47.01875],[4.81021,47.01918],[4.81047,47.01955],[4.81041,47.01957],[4.81054,47.02004],[4.8105,47.02028],[4.81055,47.02037],[4.81071,47.0205],[4.8109,47.02062],[4.81114,47.02062],[4.81144,47.02055],[4.81185,47.02036],[4.81196,47.02027]]],[[[4.81171,47.02145],[4.81153,47.02112],[4.81121,47.02081],[4.81102,47.0207],[4.81077,47.02062],[4.81058,47.02047],[4.81046,47.0203],[4.81046,47.02006],[4.81011,47.02028],[4.80998,47.02032],[4.81,47.02035],[4.80942,47.0205],[4.80991,47.02129],[4.80986,47.02139],[4.80931,47.02162],[4.80944,47.02183],[4.80958,47.02185],[4.80978,47.02191],[4.81015,47.02207],[4.81171,47.02145]]]]}},{"type":"Feature","properties":{"id":"climat-beaune-premier-cru-les-montrevenots","kind":"climat","level":"premier-cru","name":"Les Montrevenots","full":"Beaune premier cru Les Montrevenots","app":"Beaune","region":"cote-de-beaune","communes":["Beaune"],"area_ha":8.46,"elev":[294.9,315.5,336.5],"slope":6.5,"slope_pct":11.4,"aspect":195,"aspect_label":"SSW","aspect_hist":[0.0,0.0,0.001,0.042,0.634,0.321,0.003,0.0],"village":null,"white":true},"geometry":{"type":"Polygon","coordinates":[[[4.80363,47.0203],[4.80369,47.02021],[4.8034,47.01993],[4.80321,47.01972],[4.80254,47.01925],[4.80226,47.01897],[4.80189,47.01873],[4.80081,47.01932],[4.80002,47.01969],[4.79982,47.01983],[4.79936,47.02017],[4.79898,47.0205],[4.79877,47.02065],[4.7978,47.02164],[4.79886,47.02256],[4.79991,47.02215],[4.79985,47.02211],[4.79989,47.02207],[4.80002,47.02204],[4.80004,47.02205],[4.80014,47.02201],[4.80026,47.02217],[4.80055,47.02209],[4.80085,47.02174],[4.80091,47.02165],[4.80086,47.02163],[4.80103,47.0215],[4.801,47.02145],[4.80085,47.02139],[4.80075,47.0213],[4.80065,47.02135],[4.80052,47.02127],[4.80061,47.02122],[4.80056,47.02118],[4.80058,47.02114],[4.80065,47.02113],[4.80078,47.0212],[4.80148,47.02098],[4.80179,47.02085],[4.80192,47.02098],[4.8023,47.02081],[4.80245,47.02092],[4.80276,47.02077],[4.80297,47.02063],[4.80363,47.0203]]]}},{"type":"Feature","properties":{"id":"climat-pommard-premier-cru-les-arvelets","kind":"climat","level":"premier-cru","name":"Les Arvelets","full":"Pommard premier cru Les Arvelets","app":"Pommard","region":"cote-de-beaune","communes":["Pommard"],"area_ha":8.45,"elev":[254.5,270.2,292.1],"slope":10.4,"slope_pct":18.5,"aspect":209,"aspect_label":"SSW","aspect_hist":[0.0,0.0,0.0,0.0,0.287,0.694,0.018,0.0],"village":null,"white":false},"geometry":{"type":"Polygon","coordinates":[[[4.79601,47.01311],[4.79561,47.01278],[4.79541,47.01273],[4.79525,47.01272],[4.79487,47.01281],[4.79411,47.01288],[4.79301,47.01302],[4.79278,47.01306],[4.7918,47.01355],[4.79171,47.0136],[4.79097,47.01434],[4.79062,47.01464],[4.79037,47.01479],[4.78876,47.01549],[4.78847,47.01565],[4.78836,47.01577],[4.78861,47.01615],[4.78831,47.01626],[4.78852,47.01674],[4.78903,47.01667],[4.78945,47.01667],[4.79034,47.01628],[4.79062,47.01614],[4.79106,47.01585],[4.79159,47.01558],[4.79214,47.01518],[4.79224,47.01508],[4.79297,47.01462],[4.79323,47.01439],[4.79374,47.0142],[4.79415,47.01398],[4.79446,47.01388],[4.79509,47.01361],[4.79596,47.01319],[4.79601,47.01311]]]}},{"type":"Feature","properties":{"id":"climat-saint-aubin-premier-cru-la-chateniere","kind":"climat","level":"premier-cru","name":"La Chatenière","full":"Saint-Aubin premier cru La Chatenière","app":"Saint-Aubin","region":"cote-de-beaune","communes":["Saint-Aubin"],"area_ha":8.32,"elev":[265.1,300.2,329.5],"slope":14.9,"slope_pct":26.9,"aspect":231,"aspect_label":"SW","aspect_hist":[0.0,0.0,0.0,0.002,0.054,0.698,0.246,0.0],"village":"saint-aubin","white":true},"geometry":{"type":"MultiPolygon","coordinates":[[[[4.73004,46.95063],[4.72994,46.95055],[4.72986,46.95063],[4.72964,46.95068],[4.72917,46.95086],[4.72924,46.95108],[4.72892,46.95184],[4.72927,46.95143],[4.72942,46.95121],[4.72944,46.95103],[4.72938,46.95091],[4.72959,46.95084],[4.73004,46.95063]]],[[[4.72919,46.95107],[4.72913,46.9509],[4.72907,46.95087],[4.7288,46.95097],[4.72852,46.95101],[4.72801,46.95124],[4.72773,46.9514],[4.72775,46.95142],[4.72715,46.95168],[4.72678,46.952],[4.72668,46.95194],[4.72583,46.95267],[4.72533,46.95282],[4.72526,46.95283],[4.72521,46.9528],[4.72481,46.95297],[4.72325,46.95386],[4.72343,46.95398],[4.723,46.95424],[4.72293,46.95419],[4.7228,46.95426],[4.72284,46.95429],[4.72271,46.95434],[4.72269,46.95433],[4.72237,46.95449],[4.72188,46.95466],[4.72185,46.95463],[4.72178,46.95466],[4.7218,46.95468],[4.72174,46.95471],[4.72188,46.95476],[4.72175,46.95496],[4.72192,46.95497],[4.72213,46.95502],[4.72245,46.955],[4.72256,46.95504],[4.72297,46.9549],[4.7235,46.95477],[4.72417,46.95457],[4.72431,46.9545],[4.72455,46.95429],[4.72553,46.95389],[4.72587,46.95379],[4.72626,46.95361],[4.72643,46.9535],[4.72687,46.95331],[4.72714,46.95323],[4.7274,46.9531],[4.728,46.95272],[4.72877,46.95205],[4.72919,46.95107]]],[[[4.72657,46.95187],[4.7263,46.9518],[4.72543,46.95149],[4.72524,46.95184],[4.72527,46.95185],[4.72522,46.95198],[4.72515,46.95196],[4.72508,46.95214],[4.72516,46.95217],[4.72496,46.95248],[4.72483,46.95258],[4.72472,46.95257],[4.72459,46.9525],[4.72443,46.95272],[4.72455,46.95278],[4.72442,46.95297],[4.72438,46.95294],[4.72435,46.95296],[4.72425,46.9529],[4.72385,46.95324],[4.72403,46.95338],[4.72462,46.95301],[4.72511,46.95276],[4.72534,46.95271],[4.72549,46.95262],[4.7257,46.95262],[4.72587,46.95255],[4.7261,46.95238],[4.72646,46.952],[4.72663,46.95191],[4.72657,46.95187]]]]}},{"type":"Feature","properties":{"id":"climat-chassagne-montrachet-premier-cru-la-grande-montagne","kind":"climat","level":"premier-cru","name":"La Grande Montagne","full":"Chassagne-Montrachet premier cru La Grande Montagne","app":"Chassagne-Montrachet","region":"cote-de-beaune","communes":["Chassagne-Montrachet"],"area_ha":8.26,"elev":[255.9,289.5,334.9],"slope":13.2,"slope_pct":23.6,"aspect":123,"aspect_label":"ESE","aspect_hist":[0.0,0.01,0.252,0.685,0.051,0.002,0.0,0.0],"village":"chassagne-montrachet","white":true},"geometry":{"type":"MultiPolygon","coordinates":[[[[4.72147,46.92952],[4.72132,46.9291],[4.72118,46.9289],[4.72097,46.92867],[4.72075,46.92853],[4.72052,46.92833],[4.72019,46.92854],[4.72,46.92849],[4.71975,46.92864],[4.71954,46.92871],[4.7198,46.92896],[4.7191,46.92914],[4.71905,46.92919],[4.71909,46.92923],[4.71915,46.9292],[4.71921,46.92926],[4.71926,46.92937],[4.7193,46.92938],[4.71937,46.92938],[4.7195,46.92958],[4.7195,46.92973],[4.71955,46.9298],[4.71962,46.92988],[4.71998,46.93013],[4.72037,46.93003],[4.72147,46.92963],[4.72147,46.92952]]],[[[4.72071,46.93181],[4.7205,46.93142],[4.7202,46.93102],[4.71968,46.93049],[4.71956,46.93056],[4.71942,46.9305],[4.71949,46.93046],[4.71927,46.93039],[4.71916,46.93038],[4.71917,46.93045],[4.71878,46.93068],[4.71872,46.93077],[4.71862,46.93115],[4.71859,46.93143],[4.71845,46.93142],[4.71849,46.93155],[4.71853,46.93159],[4.71861,46.93155],[4.71861,46.93166],[4.71853,46.93172],[4.71862,46.9318],[4.71955,46.93215],[4.71963,46.93212],[4.71985,46.93216],[4.72018,46.93232],[4.72033,46.93224],[4.72046,46.93212],[4.72071,46.93181]]],[[[4.71976,46.9343],[4.7197,46.93466],[4.71979,46.9349],[4.7201,46.93492],[4.72022,46.93466],[4.72029,46.93432],[4.71976,46.9343]]],[[[4.71897,46.92781],[4.71881,46.9274],[4.71859,46.92716],[4.71835,46.92699],[4.71752,46.9269],[4.71734,46.92681],[4.71725,46.92684],[4.7172,46.92682],[4.71707,46.92686],[4.71691,46.92702],[4.71685,46.92712],[4.71659,46.92728],[4.71643,46.92752],[4.71633,46.92755],[4.71627,46.92753],[4.71619,46.92744],[4.71585,46.92749],[4.71575,46.92755],[4.71555,46.92762],[4.7153,46.92779],[4.71518,46.9279],[4.71517,46.92794],[4.71522,46.928],[4.71527,46.92813],[4.71529,46.9281],[4.71545,46.92814],[4.71596,46.92847],[4.71648,46.92875],[4.71673,46.9286],[4.71643,46.92813],[4.71651,46.92809],[4.71662,46.92812],[4.71677,46.92807],[4.71689,46.92812],[4.71708,46.92805],[4.71725,46.92826],[4.7177,46.9282],[4.71772,46.92822],[4.71829,46.92838],[4.71835,46.92835],[4.7185,46.92838],[4.71873,46.92835],[4.71888,46.92829],[4.71866,46.92812],[4.71881,46.92806],[4.71893,46.92794],[4.71897,46.92781]]],[[[4.71786,46.92981],[4.71757,46.9295],[4.71765,46.92942],[4.71755,46.92938],[4.71765,46.92932],[4.71755,46.92921],[4.71702,46.92954],[4.71768,46.93],[4.71786,46.92981]]]]}},{"type":"Feature","properties":{"id":"climat-meursault-premier-cru-les-santenots-du-milieu","kind":"climat","level":"premier-cru","name":"Les Santenots du Milieu","full":"Meursault premier cru Les Santenots du Milieu","app":"Meursault","region":"cote-de-beaune","communes":["Meursault"],"area_ha":8.03,"elev":[242.0,249.3,262.5],"slope":4.0,"slope_pct":6.9,"aspect":131,"aspect_label":"SE","aspect_hist":[0.0,0.0,0.06,0.899,0.041,0.0,0.0,0.0],"village":"meursault","white":true},"geometry":{"type":"Polygon","coordinates":[[[4.78115,46.99065],[4.78095,46.99052],[4.78073,46.99035],[4.78029,46.98959],[4.7801,46.989],[4.77992,46.98868],[4.77981,46.98834],[4.77971,46.9882],[4.77925,46.98777],[4.77905,46.98767],[4.77892,46.98764],[4.77863,46.98772],[4.77811,46.98779],[4.77759,46.98778],[4.77705,46.98788],[4.77697,46.98791],[4.77692,46.98803],[4.77672,46.98824],[4.7767,46.98834],[4.77678,46.98854],[4.7768,46.9887],[4.77637,46.98909],[4.77691,46.98937],[4.77728,46.98978],[4.7775,46.99011],[4.77774,46.99026],[4.77784,46.99038],[4.77799,46.99066],[4.77817,46.99092],[4.77959,46.99088],[4.78038,46.99074],[4.78107,46.99068],[4.78115,46.99065]]]}},{"type":"Feature","properties":{"id":"climat-santenay-premier-cru-grand-clos-rousseau","kind":"climat","level":"premier-cru","name":"Grand Clos Rousseau","full":"Santenay premier cru Grand Clos Rousseau","app":"Santenay","region":"cote-de-beaune","communes":["Santenay"],"area_ha":8.0,"elev":[285.4,308.3,336.4],"slope":9.5,"slope_pct":16.8,"aspect":137,"aspect_label":"SE","aspect_hist":[0.0,0.0,0.023,0.936,0.04,0.0,0.001,0.0],"village":null,"white":true},"geometry":{"type":"MultiPolygon","coordinates":[[[[4.6773,46.91192],[4.67641,46.91105],[4.67621,46.91078],[4.67604,46.91071],[4.67529,46.91055],[4.67479,46.91054],[4.67433,46.91044],[4.67356,46.9105],[4.67307,46.91045],[4.67256,46.91045],[4.67227,46.91036],[4.67217,46.91035],[4.67209,46.91039],[4.67211,46.91053],[4.67233,46.9107],[4.67234,46.91081],[4.673,46.9112],[4.67374,46.91174],[4.67392,46.91195],[4.67423,46.91222],[4.67453,46.91242],[4.67461,46.91251],[4.67497,46.91229],[4.67503,46.91241],[4.67592,46.91247],[4.67622,46.91254],[4.67625,46.91256],[4.67688,46.91215],[4.6773,46.91192]]],[[[4.67545,46.91324],[4.67523,46.91301],[4.67502,46.91293],[4.67491,46.91284],[4.6746,46.91252],[4.67424,46.91225],[4.67383,46.91189],[4.67368,46.91171],[4.67345,46.91157],[4.6728,46.91111],[4.67231,46.91084],[4.67231,46.91073],[4.67214,46.9106],[4.67202,46.91122],[4.67203,46.91148],[4.67222,46.91196],[4.67228,46.91195],[4.67232,46.91186],[4.67245,46.91173],[4.67271,46.91195],[4.67297,46.91213],[4.67287,46.91226],[4.67296,46.91234],[4.67328,46.91255],[4.67334,46.91253],[4.6737,46.91274],[4.67439,46.91318],[4.67443,46.91323],[4.67445,46.91339],[4.67475,46.91363],[4.67545,46.91324]]]]}},{"type":"Feature","properties":{"id":"climat-beaune-premier-cru-les-epenotes","kind":"climat","level":"premier-cru","name":"Les Epenotes","full":"Beaune premier cru Les Epenotes","app":"Beaune","region":"cote-de-beaune","communes":["Beaune"],"area_ha":7.99,"elev":[233.5,238.3,246.3],"slope":1.7,"slope_pct":3.0,"aspect":107,"aspect_label":"ESE","aspect_hist":[0.0,0.055,0.588,0.356,0.001,0.0,0.0,0.0],"village":null,"white":true},"geometry":{"type":"Polygon","coordinates":[[[4.81173,47.01662],[4.81409,47.01555],[4.81385,47.01511],[4.81344,47.01453],[4.81295,47.01402],[4.81281,47.01382],[4.81036,47.01486],[4.80831,47.01582],[4.80845,47.01597],[4.80867,47.01615],[4.80892,47.01621],[4.81006,47.01663],[4.8105,47.01673],[4.81095,47.01689],[4.81125,47.01696],[4.81203,47.01706],[4.81217,47.0171],[4.81203,47.01683],[4.81173,47.01662]]]}},{"type":"Feature","properties":{"id":"climat-auxey-duresses-premier-cru-les-duresses","kind":"climat","level":"premier-cru","name":"Les Duresses","full":"Auxey-Duresses premier cru Les Duresses","app":"Auxey-Duresses","region":"cote-de-beaune","communes":["Auxey-Duresses"],"area_ha":7.94,"elev":[258.7,278.2,317.2],"slope":10.8,"slope_pct":19.5,"aspect":125,"aspect_label":"SE","aspect_hist":[0.0,0.0,0.147,0.85,0.002,0.0,0.0,0.0],"village":"auxey-duresses","white":true},"geometry":{"type":"Polygon","coordinates":[[[4.75559,46.99192],[4.75794,46.99138],[4.75769,46.99062],[4.75749,46.99019],[4.75739,46.9898],[4.75722,46.9894],[4.75713,46.98901],[4.757,46.98881],[4.75698,46.98866],[4.75665,46.98849],[4.75636,46.98832],[4.75621,46.98847],[4.75599,46.98837],[4.75604,46.9883],[4.75585,46.98852],[4.75517,46.98828],[4.75384,46.99025],[4.75423,46.99058],[4.75474,46.99092],[4.75497,46.99113],[4.75515,46.99136],[4.75531,46.99162],[4.75545,46.99198],[4.75559,46.99192]]]}},{"type":"Feature","properties":{"id":"climat-savigny-les-beaune-premier-cru-la-dominode","kind":"climat","level":"premier-cru","name":"La Dominode","full":"Savigny-lès-Beaune premier cru La Dominode","app":"Savigny-lès-Beaune","region":"cote-de-beaune","communes":["Savigny-lès-Beaune"],"area_ha":7.87,"elev":[249.9,256.0,264.5],"slope":3.5,"slope_pct":6.1,"aspect":74,"aspect_label":"ENE","aspect_hist":[0.0,0.3,0.68,0.02,0.0,0.0,0.0,0.0],"village":null,"white":true},"geometry":{"type":"Polygon","coordinates":[[[4.83571,47.05223],[4.83598,47.0517],[4.83551,47.05158],[4.83433,47.05143],[4.83433,47.05141],[4.83295,47.05126],[4.83271,47.05177],[4.83248,47.05232],[4.83224,47.05264],[4.83219,47.05298],[4.83198,47.05339],[4.83195,47.0535],[4.832,47.05351],[4.83165,47.05421],[4.83367,47.05474],[4.83384,47.0546],[4.83468,47.05406],[4.83487,47.05387],[4.83502,47.05355],[4.83507,47.05322],[4.83513,47.05307],[4.83538,47.05277],[4.83571,47.05223]]]}},{"type":"Feature","properties":{"id":"climat-saint-aubin-premier-cru-les-combes-au-sud","kind":"climat","level":"premier-cru","name":"Les Combes au Sud","full":"Saint-Aubin premier cru Les Combes au Sud","app":"Saint-Aubin","region":"cote-de-beaune","communes":["Saint-Aubin"],"area_ha":7.83,"elev":[242.2,250.8,267.4],"slope":5.3,"slope_pct":9.4,"aspect":90,"aspect_label":"E","aspect_hist":[0.005,0.184,0.427,0.031,0.1,0.235,0.019,0.0],"village":"saint-aubin","white":true},"geometry":{"type":"Polygon","coordinates":[[[4.73125,46.94433],[4.73168,46.94409],[4.73115,46.94371],[4.73043,46.94403],[4.72958,46.94437],[4.7294,46.94448],[4.72912,46.94453],[4.72887,46.94468],[4.72883,46.94466],[4.72877,46.9447],[4.72874,46.94468],[4.72861,46.94475],[4.72849,46.94487],[4.72839,46.94486],[4.72837,46.94489],[4.72847,46.94497],[4.72837,46.94508],[4.72825,46.94509],[4.72818,46.94513],[4.72799,46.94535],[4.72815,46.94542],[4.72806,46.94553],[4.72795,46.94548],[4.72789,46.94555],[4.72792,46.94562],[4.72791,46.94564],[4.728,46.94568],[4.72794,46.94578],[4.72777,46.94576],[4.72772,46.94582],[4.72774,46.94603],[4.72823,46.94615],[4.72813,46.94634],[4.7282,46.9464],[4.72813,46.94647],[4.72787,46.94665],[4.72782,46.94664],[4.72735,46.94691],[4.72716,46.94688],[4.72689,46.94701],[4.72662,46.94703],[4.72642,46.94717],[4.72605,46.94763],[4.72586,46.94759],[4.72558,46.94837],[4.72537,46.94936],[4.72504,46.94977],[4.72503,46.94982],[4.72501,46.95002],[4.72508,46.95031],[4.72524,46.95041],[4.72669,46.94875],[4.7269,46.94855],[4.72694,46.94856],[4.72711,46.94847],[4.72795,46.94787],[4.7287,46.9472],[4.72901,46.94672],[4.72951,46.94556],[4.72971,46.94519],[4.72992,46.94501],[4.73029,46.94478],[4.73125,46.94433]]]}},{"type":"Feature","properties":{"id":"climat-monthelie-premier-cru-les-champs-fulliots","kind":"climat","level":"premier-cru","name":"Les Champs Fulliots","full":"Monthélie premier cru Les Champs Fulliots","app":"Monthélie","region":"cote-de-beaune","communes":["Monthelie"],"area_ha":7.82,"elev":[285.2,295.9,300.9],"slope":3.1,"slope_pct":5.5,"aspect":140,"aspect_label":"SE","aspect_hist":[0.0,0.005,0.024,0.777,0.16,0.034,0.0,0.0],"village":null,"white":true},"geometry":{"type":"Polygon","coordinates":[[[4.77599,46.99288],[4.77506,46.99206],[4.77413,46.99105],[4.77395,46.99115],[4.77359,46.99144],[4.77336,46.99126],[4.77326,46.99125],[4.77283,46.99108],[4.7732,46.9907],[4.77308,46.99062],[4.77299,46.99044],[4.77273,46.99079],[4.7725,46.99071],[4.7727,46.99039],[4.77231,46.99041],[4.77182,46.99051],[4.77166,46.99077],[4.77142,46.99073],[4.77132,46.99097],[4.77121,46.99097],[4.77096,46.99169],[4.77156,46.99179],[4.77193,46.99192],[4.77277,46.99228],[4.77336,46.99249],[4.7728,46.99231],[4.77193,46.99195],[4.77153,46.99182],[4.77073,46.99166],[4.77063,46.99159],[4.77036,46.99219],[4.77049,46.99226],[4.77106,46.99245],[4.77124,46.99254],[4.77163,46.99291],[4.77172,46.99296],[4.77239,46.99306],[4.77267,46.99308],[4.77305,46.99307],[4.77362,46.99314],[4.77388,46.9932],[4.77429,46.99324],[4.77489,46.99337],[4.77519,46.99346],[4.77525,46.99345],[4.77599,46.99288]]]}},{"type":"Feature","properties":{"id":"climat-saint-aubin-premier-cru-les-cortons","kind":"climat","level":"premier-cru","name":"Les Cortons","full":"Saint-Aubin premier cru Les Cortons","app":"Saint-Aubin","region":"cote-de-beaune","communes":["Saint-Aubin"],"area_ha":7.68,"elev":[258.1,288.9,316.5],"slope":14.1,"slope_pct":25.6,"aspect":230,"aspect_label":"SW","aspect_hist":[0.0,0.0,0.0,0.021,0.147,0.712,0.12,0.0],"village":"saint-aubin","white":true},"geometry":{"type":"Polygon","coordinates":[[[4.72983,46.9506],[4.72995,46.95049],[4.72968,46.95012],[4.72953,46.94984],[4.72943,46.94973],[4.7295,46.94971],[4.72922,46.94941],[4.72918,46.94929],[4.72912,46.9493],[4.72903,46.94906],[4.7289,46.94889],[4.72878,46.94874],[4.72826,46.94843],[4.72827,46.94826],[4.72832,46.94821],[4.72828,46.94799],[4.72841,46.94789],[4.72829,46.94776],[4.72773,46.94823],[4.72761,46.94845],[4.72698,46.94897],[4.72655,46.94947],[4.72607,46.95029],[4.72533,46.95125],[4.72549,46.95131],[4.72542,46.95143],[4.72547,46.95144],[4.72543,46.95149],[4.7263,46.9518],[4.72657,46.95187],[4.72663,46.95191],[4.72756,46.95146],[4.72821,46.95108],[4.7287,46.95093],[4.72889,46.9509],[4.72921,46.95077],[4.72959,46.95064],[4.72983,46.9506]]]}},{"type":"Feature","properties":{"id":"climat-chassagne-montrachet-premier-cru-les-chaumees","kind":"climat","level":"premier-cru","name":"Les Chaumées","full":"Chassagne-Montrachet premier cru Les Chaumées","app":"Chassagne-Montrachet","region":"cote-de-beaune","communes":["Chassagne-Montrachet"],"area_ha":7.32,"elev":[266.4,282.9,317.0],"slope":8.4,"slope_pct":14.9,"aspect":98,"aspect_label":"E","aspect_hist":[0.0,0.039,0.864,0.094,0.002,0.0,0.0,0.0],"village":"chassagne-montrachet","white":true},"geometry":{"type":"Polygon","coordinates":[[[4.72703,46.94146],[4.72697,46.94122],[4.72659,46.94045],[4.72659,46.94029],[4.72637,46.94028],[4.72559,46.94046],[4.72558,46.94066],[4.72568,46.94077],[4.72585,46.94111],[4.7246,46.94139],[4.72457,46.94143],[4.72459,46.94147],[4.72441,46.94154],[4.72418,46.94176],[4.72414,46.94189],[4.72402,46.94202],[4.72351,46.94246],[4.72349,46.9426],[4.72351,46.94262],[4.72344,46.94281],[4.72329,46.94299],[4.72324,46.94311],[4.72313,46.94321],[4.72308,46.94339],[4.72311,46.94362],[4.72335,46.94419],[4.72396,46.94411],[4.7242,46.94405],[4.72428,46.94406],[4.72434,46.94417],[4.72472,46.94417],[4.7247,46.94404],[4.72599,46.94384],[4.72591,46.94372],[4.72584,46.94374],[4.7258,46.9436],[4.72582,46.9436],[4.72573,46.94335],[4.72552,46.94339],[4.72547,46.94326],[4.7255,46.94326],[4.72554,46.94336],[4.72576,46.94333],[4.72583,46.94353],[4.72631,46.94347],[4.72633,46.9433],[4.72631,46.94263],[4.72628,46.94254],[4.72639,46.94241],[4.72672,46.94184],[4.72662,46.94168],[4.72689,46.94161],[4.72697,46.94157],[4.72703,46.94146]]]}},{"type":"Feature","properties":{"id":"climat-ladoix-premier-cru-la-corvee","kind":"climat","level":"premier-cru","name":"La Corvée","full":"Ladoix premier cru La Corvée","app":"Ladoix","region":"cote-de-beaune","communes":["Ladoix-Serrigny"],"area_ha":7.23,"elev":[243.5,254.0,271.4],"slope":4.2,"slope_pct":7.4,"aspect":184,"aspect_label":"S","aspect_hist":[0.0,0.0,0.0,0.007,0.951,0.042,0.0,0.0],"village":null,"white":true},"geometry":{"type":"Polygon","coordinates":[[[4.88886,47.0839],[4.88883,47.08383],[4.88856,47.08354],[4.8883,47.08297],[4.88812,47.08272],[4.88775,47.08236],[4.88721,47.08177],[4.8866,47.08132],[4.88629,47.08143],[4.88554,47.08166],[4.88474,47.08196],[4.8841,47.08206],[4.88371,47.08228],[4.88381,47.08238],[4.88392,47.08254],[4.88404,47.08295],[4.88427,47.08348],[4.88457,47.08389],[4.88548,47.08364],[4.88609,47.08468],[4.8867,47.08453],[4.88602,47.0834],[4.88615,47.08336],[4.88619,47.08342],[4.88702,47.08342],[4.88699,47.08334],[4.88737,47.08321],[4.88776,47.08421],[4.88886,47.0839]]]}},{"type":"Feature","properties":{"id":"climat-maranges-premier-cru-le-clos-des-rois","kind":"climat","level":"premier-cru","name":"Le Clos des Rois","full":"Maranges premier cru Le Clos des Rois","app":"Maranges","region":"cote-de-beaune","communes":["Sampigny-lès-Maranges"],"area_ha":7.21,"elev":[253.3,272.4,287.7],"slope":8.7,"slope_pct":15.5,"aspect":196,"aspect_label":"SSW","aspect_hist":[0.0,0.001,0.005,0.095,0.533,0.352,0.012,0.002],"village":null,"white":true},"geometry":{"type":"Polygon","coordinates":[[[4.66615,46.90493],[4.66615,46.90462],[4.6661,46.90443],[4.66575,46.90392],[4.66563,46.90398],[4.66553,46.90408],[4.66507,46.9046],[4.66445,46.90523],[4.66461,46.90564],[4.66458,46.90564],[4.66441,46.9052],[4.66478,46.90484],[4.66554,46.904],[4.66573,46.90385],[4.66551,46.90371],[4.66539,46.90371],[4.66504,46.90378],[4.66451,46.90383],[4.66403,46.90407],[4.66393,46.90408],[4.66382,46.90406],[4.663,46.90452],[4.66222,46.90502],[4.66135,46.90561],[4.66089,46.90599],[4.6612,46.90643],[4.66113,46.90647],[4.6612,46.90658],[4.66147,46.90649],[4.66197,46.90641],[4.66193,46.90635],[4.6621,46.90626],[4.66292,46.90619],[4.66306,46.90614],[4.66343,46.90607],[4.66344,46.90611],[4.66356,46.90611],[4.6636,46.90621],[4.66365,46.90623],[4.66414,46.90616],[4.66535,46.90594],[4.66577,46.90584],[4.66616,46.90581],[4.66595,46.90513],[4.66615,46.90493]]]}},{"type":"Feature","properties":{"id":"climat-volnay-premier-cru-taille-pieds","kind":"climat","level":"premier-cru","name":"Taille Pieds","full":"Volnay premier cru Taille Pieds","app":"Volnay","region":"cote-de-beaune","communes":["Volnay"],"area_ha":7.16,"elev":[271.3,294.6,322.6],"slope":8.5,"slope_pct":15.0,"aspect":111,"aspect_label":"ESE","aspect_hist":[0.001,0.013,0.482,0.504,0.0,0.0,0.0,0.0],"village":null,"white":false},"geometry":{"type":"MultiPolygon","coordinates":[[[[4.78311,46.99805],[4.78275,46.99777],[4.78195,46.99703],[4.78121,46.99641],[4.78089,46.99611],[4.78043,46.9963],[4.77994,46.99646],[4.78002,46.99659],[4.78003,46.99667],[4.77998,46.99688],[4.7802,46.9971],[4.78027,46.99726],[4.78026,46.99741],[4.7802,46.99757],[4.78026,46.99784],[4.78075,46.99865],[4.7808,46.99893],[4.78119,46.9987],[4.7819,46.99842],[4.78209,46.99869],[4.78238,46.99858],[4.78262,46.99846],[4.78279,46.99825],[4.78311,46.99805]]],[[[4.78074,46.99891],[4.7807,46.99866],[4.78027,46.99794],[4.78017,46.99772],[4.78015,46.99757],[4.78021,46.9974],[4.78022,46.99726],[4.78012,46.99709],[4.77992,46.99691],[4.77846,46.99744],[4.7777,46.99781],[4.77784,46.99789],[4.77811,46.99812],[4.77847,46.99853],[4.77872,46.99859],[4.77915,46.99883],[4.77951,46.99888],[4.77962,46.99894],[4.77983,46.99914],[4.77995,46.99919],[4.78001,46.99921],[4.78021,46.99919],[4.78074,46.99891]]],[[[4.77993,46.99921],[4.77981,46.99915],[4.77978,46.99917],[4.77994,46.9993],[4.78007,46.99923],[4.77993,46.99921]]]]}},{"type":"Feature","properties":{"id":"climat-chassagne-montrachet-premier-cru-les-fairendes","kind":"climat","level":"premier-cru","name":"Les Fairendes","full":"Chassagne-Montrachet premier cru Les Fairendes","app":"Chassagne-Montrachet","region":"cote-de-beaune","communes":["Chassagne-Montrachet"],"area_ha":7.14,"elev":[245.7,251.3,262.5],"slope":3.7,"slope_pct":6.5,"aspect":114,"aspect_label":"ESE","aspect_hist":[0.011,0.067,0.359,0.543,0.02,0.0,0.0,0.0],"village":"chassagne-montrachet","white":true},"geometry":{"type":"MultiPolygon","coordinates":[[[[4.72528,46.93059],[4.72507,46.93021],[4.725,46.92996],[4.72482,46.92956],[4.72475,46.92938],[4.72477,46.92937],[4.72465,46.92923],[4.72471,46.92921],[4.72451,46.92876],[4.72396,46.92825],[4.7236,46.92797],[4.72346,46.92789],[4.72292,46.9282],[4.72275,46.92825],[4.72238,46.92843],[4.72193,46.92817],[4.72155,46.9284],[4.7215,46.92836],[4.72098,46.92867],[4.7211,46.92874],[4.72132,46.92897],[4.72139,46.92894],[4.72155,46.92908],[4.72208,46.92939],[4.72241,46.92969],[4.72278,46.93006],[4.72291,46.93022],[4.72307,46.93045],[4.72355,46.93086],[4.72355,46.9309],[4.72343,46.93103],[4.72345,46.93109],[4.72391,46.9311],[4.72424,46.93096],[4.72472,46.93088],[4.725,46.93078],[4.72528,46.93059]]],[[[4.72351,46.93089],[4.7231,46.93053],[4.72278,46.93008],[4.72207,46.9294],[4.7216,46.92913],[4.72139,46.92895],[4.72131,46.92899],[4.72109,46.92875],[4.72097,46.92867],[4.72118,46.9289],[4.72132,46.9291],[4.72147,46.92952],[4.72148,46.92972],[4.72154,46.92977],[4.72166,46.92981],[4.72178,46.92981],[4.72188,46.92986],[4.72203,46.92986],[4.72223,46.93],[4.72242,46.9304],[4.72238,46.93058],[4.7224,46.93068],[4.72253,46.93114],[4.72334,46.93102],[4.72346,46.93096],[4.72351,46.93089]]]]}},{"type":"Feature","properties":{"id":"climat-meursault-premier-cru-porusot","kind":"climat","level":"premier-cru","name":"Porusot","full":"Meursault premier cru Porusot","app":"Meursault","region":"cote-de-beaune","communes":["Meursault"],"area_ha":7.09,"elev":[234.5,250.5,281.4],"slope":5.7,"slope_pct":10.1,"aspect":108,"aspect_label":"ESE","aspect_hist":[0.001,0.031,0.68,0.276,0.012,0.0,0.0,0.0],"village":"meursault","white":true},"geometry":{"type":"MultiPolygon","coordinates":[[[[4.76222,46.96686],[4.76071,46.96634],[4.76074,46.96645],[4.76072,46.96682],[4.7608,46.96718],[4.76086,46.96789],[4.76086,46.96799],[4.76082,46.96809],[4.76078,46.96809],[4.76077,46.96812],[4.76073,46.96832],[4.76084,46.96861],[4.76101,46.96881],[4.76149,46.96835],[4.76157,46.96805],[4.76179,46.96764],[4.76205,46.96733],[4.76222,46.96686]]],[[[4.76072,46.96719],[4.76065,46.96691],[4.76065,46.9667],[4.76069,46.96653],[4.76068,46.96644],[4.76061,46.96631],[4.75982,46.96647],[4.75902,46.96656],[4.75901,46.96654],[4.75847,46.96661],[4.75738,46.96686],[4.75666,46.96701],[4.7566,46.96686],[4.75573,46.96707],[4.75568,46.96716],[4.75566,46.96734],[4.75544,46.96748],[4.75547,46.96751],[4.75554,46.96751],[4.75597,46.96746],[4.75604,46.96761],[4.75617,46.96758],[4.75626,46.96765],[4.75634,46.9676],[4.75645,46.96764],[4.75654,46.96765],[4.75668,46.96773],[4.75652,46.96786],[4.75664,46.96797],[4.7566,46.96799],[4.75667,46.96808],[4.75684,46.96798],[4.7573,46.96779],[4.75716,46.96742],[4.75719,46.9674],[4.75707,46.96735],[4.75705,46.96729],[4.7571,46.96724],[4.75708,46.96722],[4.75687,46.96729],[4.75684,46.96726],[4.75714,46.96719],[4.75737,46.96718],[4.75737,46.9672],[4.75726,46.96724],[4.75727,46.96729],[4.75735,46.96736],[4.7573,46.96739],[4.75729,46.96752],[4.7574,46.96749],[4.75746,46.96764],[4.75751,46.96765],[4.75754,46.9677],[4.75777,46.96767],[4.75789,46.96786],[4.75776,46.9679],[4.75791,46.96809],[4.75754,46.96819],[4.75752,46.9681],[4.75731,46.96813],[4.75713,46.96818],[4.75694,46.96828],[4.75708,46.96848],[4.75713,46.96848],[4.75723,46.96869],[4.75737,46.96864],[4.7575,46.96855],[4.75776,46.96846],[4.7577,46.96839],[4.75781,46.96843],[4.75826,46.96832],[4.75856,46.96831],[4.7585,46.96816],[4.76072,46.96772],[4.76072,46.96719]]]]}},{"type":"Feature","properties":{"id":"climat-pommard-premier-cru-les-rugiens-hauts","kind":"climat","level":"premier-cru","name":"Les Rugiens Hauts","full":"Pommard premier cru Les Rugiens Hauts","app":"Pommard","region":"cote-de-beaune","communes":["Pommard"],"area_ha":6.84,"elev":[269.2,289.0,320.2],"slope":8.4,"slope_pct":14.8,"aspect":103,"aspect_label":"ESE","aspect_hist":[0.001,0.029,0.699,0.272,0.0,0.0,0.0,0.0],"village":null,"white":false},"geometry":{"type":"MultiPolygon","coordinates":[[[[4.78948,47.00894],[4.78928,47.00873],[4.78912,47.00853],[4.78797,47.00882],[4.78771,47.00855],[4.7875,47.0084],[4.78708,47.00821],[4.78689,47.00818],[4.78676,47.00813],[4.78652,47.00798],[4.78633,47.00791],[4.78564,47.00815],[4.78492,47.00834],[4.78554,47.00882],[4.78586,47.00914],[4.78593,47.00912],[4.78628,47.00916],[4.7867,47.00923],[4.78685,47.00929],[4.78702,47.00943],[4.7875,47.00955],[4.78787,47.0096],[4.78804,47.00967],[4.78806,47.00971],[4.78991,47.00955],[4.78997,47.00949],[4.78978,47.00936],[4.78948,47.00894]]],[[[4.78548,47.00748],[4.7855,47.00747],[4.78564,47.00756],[4.78575,47.00757],[4.78599,47.00768],[4.78622,47.00782],[4.78636,47.00785],[4.78679,47.00811],[4.78716,47.00819],[4.78749,47.00835],[4.78767,47.00848],[4.78796,47.00875],[4.78812,47.00875],[4.7891,47.0085],[4.78881,47.0081],[4.78842,47.00765],[4.78816,47.00743],[4.78792,47.00716],[4.78752,47.00659],[4.78513,47.00749],[4.78517,47.00753],[4.78544,47.00743],[4.78548,47.00748]]]]}},{"type":"Feature","properties":{"id":"climat-puligny-montrachet-premier-cru-sous-le-puits","kind":"climat","level":"premier-cru","name":"Sous le Puits","full":"Puligny-Montrachet premier cru Sous le Puits","app":"Puligny-Montrachet","region":"cote-de-beaune","communes":["Puligny-Montrachet"],"area_ha":6.83,"elev":[341.0,362.5,394.4],"slope":8.7,"slope_pct":15.5,"aspect":110,"aspect_label":"ESE","aspect_hist":[0.0,0.035,0.702,0.262,0.0,0.0,0.0,0.0],"village":"puligny-montrachet","white":true},"geometry":{"type":"Polygon","coordinates":[[[4.73976,46.95959],[4.73927,46.95895],[4.73898,46.95849],[4.73882,46.95837],[4.73827,46.95811],[4.73803,46.95796],[4.73478,46.95867],[4.73435,46.95879],[4.73433,46.95893],[4.73455,46.95925],[4.73527,46.96004],[4.73577,46.96042],[4.73594,46.96033],[4.73621,46.96056],[4.73632,46.9607],[4.73664,46.96095],[4.73673,46.96092],[4.73669,46.96062],[4.73667,46.9602],[4.73671,46.96011],[4.73697,46.95994],[4.73674,46.95967],[4.73631,46.95931],[4.73639,46.95929],[4.73687,46.95972],[4.73708,46.95995],[4.73766,46.95986],[4.73869,46.95979],[4.73973,46.9596],[4.73976,46.95959]]]}},{"type":"Feature","properties":{"id":"climat-blagny-premier-cru-sous-le-puits","kind":"climat","level":"premier-cru","name":"Sous le Puits","full":"Blagny premier cru Sous le Puits","app":"Blagny","region":"cote-de-beaune","communes":["Puligny-Montrachet"],"area_ha":6.83,"elev":[341.0,362.5,394.4],"slope":8.7,"slope_pct":15.5,"aspect":110,"aspect_label":"ESE","aspect_hist":[0.0,0.035,0.702,0.262,0.0,0.0,0.0,0.0],"village":null,"white":false},"geometry":{"type":"Polygon","coordinates":[[[4.73976,46.95959],[4.73927,46.95895],[4.73898,46.95849],[4.73882,46.95837],[4.73827,46.95811],[4.73803,46.95796],[4.73478,46.95867],[4.73435,46.95879],[4.73433,46.95893],[4.73455,46.95925],[4.73527,46.96004],[4.73577,46.96042],[4.73594,46.96033],[4.73621,46.96056],[4.73632,46.9607],[4.73664,46.96095],[4.73673,46.96092],[4.73669,46.96062],[4.73667,46.9602],[4.73671,46.96011],[4.73697,46.95994],[4.73674,46.95967],[4.73631,46.95931],[4.73639,46.95929],[4.73687,46.95972],[4.73708,46.95995],[4.73766,46.95986],[4.73869,46.95979],[4.73973,46.9596],[4.73976,46.95959]]]}},{"type":"Feature","properties":{"id":"climat-puligny-montrachet-premier-cru-les-pucelles","kind":"climat","level":"premier-cru","name":"Les Pucelles","full":"Puligny-Montrachet premier cru Les Pucelles","app":"Puligny-Montrachet","region":"cote-de-beaune","communes":["Puligny-Montrachet"],"area_ha":6.79,"elev":[237.7,244.6,252.5],"slope":3.5,"slope_pct":6.0,"aspect":98,"aspect_label":"E","aspect_hist":[0.028,0.192,0.507,0.272,0.0,0.0,0.0,0.0],"village":"puligny-montrachet","white":true},"geometry":{"type":"Polygon","coordinates":[[[4.74463,46.94912],[4.74445,46.94784],[4.74416,46.9474],[4.74415,46.94727],[4.74418,46.94719],[4.74419,46.94705],[4.74378,46.9465],[4.74355,46.94651],[4.74331,46.94656],[4.74091,46.94731],[4.74165,46.94822],[4.74177,46.94847],[4.74179,46.94864],[4.74194,46.94897],[4.74256,46.94989],[4.74265,46.94995],[4.74391,46.94959],[4.74425,46.94942],[4.74463,46.94912]]]}},{"type":"Feature","properties":{"id":"climat-puligny-montrachet-premier-cru-les-combettes","kind":"climat","level":"premier-cru","name":"Les Combettes","full":"Puligny-Montrachet premier cru Les Combettes","app":"Puligny-Montrachet","region":"cote-de-beaune","communes":["Puligny-Montrachet"],"area_ha":6.77,"elev":[247.7,255.2,264.6],"slope":4.4,"slope_pct":7.7,"aspect":122,"aspect_label":"ESE","aspect_hist":[0.0,0.018,0.273,0.691,0.018,0.0,0.0,0.0],"village":"puligny-montrachet","white":true},"geometry":{"type":"Polygon","coordinates":[[[4.75243,46.957],[4.75187,46.95659],[4.75169,46.95643],[4.75156,46.95625],[4.75154,46.95626],[4.75098,46.9558],[4.7506,46.95559],[4.75037,46.95541],[4.75029,46.95544],[4.75009,46.95531],[4.75009,46.95524],[4.74938,46.95483],[4.74926,46.9549],[4.74915,46.95482],[4.7491,46.95485],[4.74894,46.95469],[4.74885,46.95474],[4.74872,46.95477],[4.7483,46.95478],[4.74793,46.95487],[4.7476,46.95497],[4.74749,46.95486],[4.74744,46.95486],[4.74734,46.95487],[4.74702,46.95497],[4.74713,46.95518],[4.74728,46.95532],[4.74768,46.95577],[4.74886,46.95664],[4.74944,46.95702],[4.74998,46.95758],[4.75023,46.95775],[4.75263,46.95721],[4.75243,46.957]]]}},{"type":"Feature","properties":{"id":"climat-volnay-premier-cru-pitures-dessus","kind":"climat","level":"premier-cru","name":"Pitures Dessus","full":"Volnay premier cru Pitures Dessus","app":"Volnay","region":"cote-de-beaune","communes":["Volnay"],"area_ha":6.74,"elev":[286.6,306.8,345.6],"slope":11.4,"slope_pct":20.3,"aspect":128,"aspect_label":"SE","aspect_hist":[0.0,0.0,0.088,0.907,0.005,0.0,0.0,0.0],"village":null,"white":false},"geometry":{"type":"Polygon","coordinates":[[[4.78597,47.00486],[4.78588,47.00481],[4.78545,47.00473],[4.78514,47.00436],[4.78504,47.00419],[4.78481,47.004],[4.78403,47.00347],[4.78397,47.00342],[4.78367,47.00286],[4.78349,47.00263],[4.78086,47.00402],[4.78122,47.00439],[4.78154,47.00463],[4.78173,47.00509],[4.78219,47.0049],[4.78229,47.00498],[4.7824,47.00495],[4.7826,47.00525],[4.78273,47.00538],[4.78278,47.00551],[4.78293,47.00572],[4.78316,47.00594],[4.78357,47.00582],[4.78353,47.00576],[4.78597,47.00486]]]}},{"type":"Feature","properties":{"id":"climat-beaune-premier-cru-le-bas-des-teurons","kind":"climat","level":"premier-cru","name":"Le Bas des Teurons","full":"Beaune premier cru Le Bas des Teurons","app":"Beaune","region":"cote-de-beaune","communes":["Beaune"],"area_ha":6.68,"elev":[224.1,231.9,248.3],"slope":3.7,"slope_pct":6.4,"aspect":94,"aspect_label":"E","aspect_hist":[0.023,0.236,0.454,0.273,0.006,0.001,0.005,0.001],"village":null,"white":true},"geometry":{"type":"Polygon","coordinates":[[[4.82655,47.0322],[4.82666,47.0322],[4.82662,47.03218],[4.82637,47.0319],[4.82654,47.03051],[4.82644,47.02989],[4.82633,47.02982],[4.82564,47.02964],[4.82537,47.02951],[4.82513,47.02933],[4.82506,47.02932],[4.82498,47.02933],[4.8249,47.02938],[4.8248,47.0297],[4.82464,47.02986],[4.82412,47.03049],[4.82388,47.03082],[4.82346,47.03101],[4.82293,47.03142],[4.82295,47.03143],[4.82258,47.03174],[4.82233,47.03192],[4.82209,47.03204],[4.82175,47.03214],[4.8219,47.03242],[4.82194,47.03241],[4.82204,47.03252],[4.82436,47.0319],[4.82453,47.03205],[4.8247,47.03236],[4.82492,47.0326],[4.82543,47.03243],[4.82539,47.03235],[4.82559,47.03225],[4.82557,47.03222],[4.82564,47.03219],[4.82571,47.03218],[4.82577,47.0322],[4.82586,47.03236],[4.82655,47.0322]]]}},{"type":"Feature","properties":{"id":"climat-aloxe-corton-premier-cru-les-valozieres","kind":"climat","level":"premier-cru","name":"Les Valozières","full":"Aloxe-Corton premier cru Les Valozières","app":"Aloxe-Corton","region":"cote-de-beaune","communes":["Aloxe-Corton"],"area_ha":6.61,"elev":[237.6,248.8,259.5],"slope":5.3,"slope_pct":9.2,"aspect":134,"aspect_label":"SE","aspect_hist":[0.006,0.033,0.186,0.611,0.153,0.011,0.0,0.0],"village":null,"white":true},"geometry":{"type":"MultiPolygon","coordinates":[[[[4.87102,47.0705],[4.87076,47.07036],[4.8704,47.07025],[4.8702,47.07022],[4.86946,47.07019],[4.86848,47.06947],[4.86797,47.06968],[4.86772,47.06962],[4.86705,47.06936],[4.86671,47.06918],[4.86649,47.0691],[4.86645,47.06912],[4.86585,47.06863],[4.86456,47.06945],[4.86599,47.07022],[4.86631,47.07047],[4.8666,47.07054],[4.86684,47.07057],[4.86714,47.07066],[4.86759,47.07066],[4.86762,47.07064],[4.86846,47.07129],[4.86879,47.07158],[4.86986,47.07109],[4.86981,47.07103],[4.87035,47.07082],[4.87102,47.0705]]],[[[4.86771,47.06961],[4.86734,47.06923],[4.86661,47.06831],[4.86639,47.06837],[4.86586,47.06863],[4.86645,47.06911],[4.86649,47.06909],[4.86671,47.06917],[4.86705,47.06935],[4.86771,47.06961]]]]}},{"type":"Feature","properties":{"id":"climat-monthelie-premier-cru-les-duresses","kind":"climat","level":"premier-cru","name":"Les Duresses","full":"Monthélie premier cru Les Duresses","app":"Monthélie","region":"cote-de-beaune","communes":["Monthelie"],"area_ha":6.6,"elev":[259.5,271.5,292.3],"slope":5.8,"slope_pct":10.2,"aspect":109,"aspect_label":"ESE","aspect_hist":[0.0,0.006,0.494,0.491,0.009,0.0,0.0,0.0],"village":null,"white":true},"geometry":{"type":"MultiPolygon","coordinates":[[[[4.75977,46.9938],[4.7597,46.99349],[4.75951,46.9932],[4.75924,46.99247],[4.75934,46.99219],[4.75933,46.99218],[4.75906,46.9922],[4.75864,46.99229],[4.75818,46.99177],[4.7579,46.99138],[4.75669,46.99167],[4.7569,46.99214],[4.75639,46.99222],[4.75662,46.99282],[4.7568,46.99281],[4.75681,46.99285],[4.75689,46.99284],[4.7569,46.9933],[4.75696,46.99362],[4.75711,46.994],[4.75754,46.99459],[4.75885,46.99417],[4.75947,46.99395],[4.75977,46.9938]]],[[[4.75914,46.99216],[4.75905,46.99143],[4.75891,46.99092],[4.7589,46.99077],[4.75776,46.99091],[4.75793,46.99136],[4.75821,46.99176],[4.75866,46.99225],[4.75914,46.99216]]]]}},{"type":"Feature","properties":{"id":"climat-beaune-premier-cru-les-toussaints","kind":"climat","level":"premier-cru","name":"Les Toussaints","full":"Beaune premier cru Les Toussaints","app":"Beaune","region":"cote-de-beaune","communes":["Beaune"],"area_ha":6.42,"elev":[227.9,238.3,263.1],"slope":4.6,"slope_pct":8.0,"aspect":99,"aspect_label":"E","aspect_hist":[0.003,0.072,0.61,0.299,0.015,0.001,0.0,0.0],"village":null,"white":true},"geometry":{"type":"Polygon","coordinates":[[[4.82774,47.03727],[4.82752,47.03647],[4.82679,47.03661],[4.82572,47.0369],[4.82524,47.03713],[4.8244,47.0374],[4.8241,47.03751],[4.82396,47.03765],[4.82395,47.03779],[4.82325,47.03792],[4.82308,47.03799],[4.823,47.03808],[4.82284,47.03832],[4.82259,47.03839],[4.82264,47.03855],[4.82401,47.03837],[4.82406,47.03877],[4.82413,47.03883],[4.82448,47.03949],[4.82613,47.03918],[4.82637,47.03884],[4.82681,47.03832],[4.82774,47.03727]]]}},{"type":"Feature","properties":{"id":"climat-savigny-les-beaune-premier-cru-aux-gravains","kind":"climat","level":"premier-cru","name":"Aux Gravains","full":"Savigny-lès-Beaune premier cru Aux Gravains","app":"Savigny-lès-Beaune","region":"cote-de-beaune","communes":["Savigny-lès-Beaune"],"area_ha":6.31,"elev":[256.9,261.1,269.2],"slope":2.2,"slope_pct":3.8,"aspect":175,"aspect_label":"S","aspect_hist":[0.0,0.0,0.002,0.09,0.862,0.046,0.0,0.0],"village":null,"white":true},"geometry":{"type":"Polygon","coordinates":[[[4.83552,47.06125],[4.83554,47.06121],[4.83517,47.06107],[4.83504,47.06104],[4.8348,47.06102],[4.834,47.06109],[4.83212,47.06119],[4.83163,47.06118],[4.83119,47.06111],[4.83122,47.06144],[4.83133,47.06207],[4.83142,47.06221],[4.83154,47.06232],[4.83181,47.06247],[4.83245,47.06275],[4.83286,47.06314],[4.83353,47.06352],[4.83367,47.06364],[4.83375,47.06376],[4.83381,47.06377],[4.83404,47.06369],[4.8342,47.0636],[4.83477,47.06305],[4.8351,47.06233],[4.83512,47.06183],[4.83515,47.06163],[4.83523,47.0615],[4.83552,47.06125]]]}},{"type":"Feature","properties":{"id":"climat-savigny-les-beaune-premier-cru-aux-fourneaux","kind":"climat","level":"premier-cru","name":"Aux Fourneaux","full":"Savigny-lès-Beaune premier cru Aux Fourneaux","app":"Savigny-lès-Beaune","region":"cote-de-beaune","communes":["Savigny-lès-Beaune"],"area_ha":6.22,"elev":[246.8,252.9,263.0],"slope":3.1,"slope_pct":5.3,"aspect":139,"aspect_label":"SE","aspect_hist":[0.0,0.002,0.016,0.889,0.093,0.0,0.0,0.0],"village":null,"white":true},"geometry":{"type":"MultiPolygon","coordinates":[[[[4.84219,47.05981],[4.84274,47.06054],[4.8443,47.05998],[4.84408,47.05968],[4.84352,47.05938],[4.84347,47.05931],[4.84297,47.05949],[4.84219,47.05981]]],[[[4.84274,47.06054],[4.84318,47.06113],[4.8435,47.06167],[4.84346,47.06169],[4.84373,47.06216],[4.84308,47.06241],[4.84327,47.0627],[4.8437,47.06262],[4.84402,47.06242],[4.84411,47.06251],[4.84421,47.06255],[4.84443,47.06259],[4.84489,47.0626],[4.84501,47.06267],[4.84497,47.06269],[4.84488,47.06269],[4.84432,47.06262],[4.84399,47.06265],[4.84369,47.06274],[4.84332,47.06277],[4.84336,47.06284],[4.84346,47.0629],[4.84373,47.06317],[4.84476,47.06317],[4.84578,47.06302],[4.84614,47.06286],[4.84603,47.06262],[4.84575,47.0623],[4.84469,47.06039],[4.84455,47.06017],[4.8443,47.06026],[4.84421,47.06014],[4.84394,47.06023],[4.84387,47.06014],[4.84274,47.06054]]]]}},{"type":"Feature","properties":{"id":"climat-monthelie-premier-cru-sur-la-velle","kind":"climat","level":"premier-cru","name":"Sur la Velle","full":"Monthélie premier cru Sur la Velle","app":"Monthélie","region":"cote-de-beaune","communes":["Monthelie"],"area_ha":6.14,"elev":[298.0,303.9,313.6],"slope":2.6,"slope_pct":4.6,"aspect":173,"aspect_label":"S","aspect_hist":[0.0,0.0,0.017,0.166,0.761,0.054,0.001,0.0],"village":null,"white":true},"geometry":{"type":"Polygon","coordinates":[[[4.77445,46.9941],[4.77489,46.99342],[4.77428,46.99328],[4.77298,46.9931],[4.77243,46.99311],[4.77196,46.99304],[4.77169,46.99422],[4.77136,46.99428],[4.77135,46.99434],[4.77074,46.99442],[4.77036,46.99443],[4.76997,46.99424],[4.76975,46.99401],[4.76995,46.9951],[4.77053,46.9951],[4.7727,46.99551],[4.77326,46.99554],[4.77345,46.99557],[4.77402,46.99474],[4.77397,46.99472],[4.77445,46.9941]]]}},{"type":"Feature","properties":{"id":"climat-volnay-premier-cru-en-chevret","kind":"climat","level":"premier-cru","name":"En Chevret","full":"Volnay premier cru En Chevret","app":"Volnay","region":"cote-de-beaune","communes":["Volnay"],"area_ha":6.12,"elev":[244.0,251.6,266.5],"slope":4.4,"slope_pct":7.7,"aspect":120,"aspect_label":"ESE","aspect_hist":[0.0,0.0,0.164,0.832,0.002,0.001,0.0,0.001],"village":null,"white":false},"geometry":{"type":"Polygon","coordinates":[[[4.78307,46.99292],[4.78296,46.99263],[4.78276,46.99232],[4.78255,46.99182],[4.78234,46.99153],[4.78203,46.99125],[4.78156,46.99078],[4.78122,46.99072],[4.78078,46.99073],[4.78035,46.99077],[4.78002,46.99086],[4.7796,46.99092],[4.77905,46.99095],[4.77914,46.99119],[4.77942,46.99153],[4.77941,46.99156],[4.77963,46.99179],[4.77977,46.99203],[4.77999,46.99224],[4.78012,46.99273],[4.78043,46.99323],[4.78045,46.99328],[4.78001,46.99347],[4.78015,46.99369],[4.78024,46.99365],[4.78043,46.99381],[4.78174,46.99327],[4.78183,46.99342],[4.78307,46.99292]]]}},{"type":"Feature","properties":{"id":"climat-puligny-montrachet-premier-cru-les-chalumaux","kind":"climat","level":"premier-cru","name":"Les Chalumaux","full":"Puligny-Montrachet premier cru Les Chalumaux","app":"Puligny-Montrachet","region":"cote-de-beaune","communes":["Puligny-Montrachet"],"area_ha":5.99,"elev":[282.2,301.9,326.1],"slope":6.7,"slope_pct":11.7,"aspect":102,"aspect_label":"ESE","aspect_hist":[0.001,0.038,0.704,0.254,0.002,0.0,0.0,0.0],"village":"puligny-montrachet","white":true},"geometry":{"type":"Polygon","coordinates":[[[4.74581,46.95879],[4.74572,46.95866],[4.74564,46.95865],[4.74558,46.95851],[4.74547,46.95841],[4.74565,46.95823],[4.74569,46.95815],[4.74598,46.95806],[4.74555,46.95763],[4.74553,46.95758],[4.74556,46.95756],[4.74536,46.95741],[4.74519,46.9572],[4.74557,46.95698],[4.74543,46.95687],[4.74519,46.95701],[4.74517,46.957],[4.74513,46.95703],[4.74515,46.95704],[4.74506,46.9571],[4.74503,46.95707],[4.74461,46.95731],[4.74436,46.95737],[4.74432,46.9575],[4.74427,46.95753],[4.7442,46.95747],[4.74412,46.95746],[4.74397,46.95752],[4.7439,46.95759],[4.74382,46.95789],[4.74383,46.95814],[4.7438,46.95834],[4.74375,46.9584],[4.7436,46.95848],[4.74347,46.95861],[4.7432,46.95879],[4.74299,46.95907],[4.74239,46.95924],[4.74202,46.95927],[4.74166,46.95937],[4.74194,46.95967],[4.74239,46.96004],[4.74257,46.96017],[4.74277,46.96025],[4.74305,46.96028],[4.74374,46.96015],[4.74429,46.96008],[4.7445,46.96007],[4.74481,46.96011],[4.74472,46.96007],[4.74477,46.95997],[4.74378,46.95958],[4.74449,46.95931],[4.74489,46.95919],[4.74525,46.95902],[4.74552,46.95929],[4.74549,46.9593],[4.74549,46.95935],[4.74569,46.95973],[4.74576,46.96001],[4.74585,46.96016],[4.74613,46.96001],[4.74683,46.95942],[4.74695,46.95925],[4.7468,46.95913],[4.74654,46.95928],[4.74642,46.95929],[4.74637,46.95927],[4.74629,46.95922],[4.74616,46.95906],[4.74609,46.95903],[4.74595,46.95893],[4.74584,46.95877],[4.74581,46.95879]]]}},{"type":"Feature","properties":{"id":"climat-pommard-premier-cru-les-pezerolles","kind":"climat","level":"premier-cru","name":"Les Pézerolles","full":"Pommard premier cru Les Pézerolles","app":"Pommard","region":"cote-de-beaune","communes":["Pommard"],"area_ha":5.9,"elev":[257.3,271.2,291.4],"slope":6.9,"slope_pct":12.1,"aspect":132,"aspect_label":"SE","aspect_hist":[0.0,0.002,0.045,0.939,0.014,0.001,0.0,0.0],"village":null,"white":false},"geometry":{"type":"Polygon","coordinates":[[[4.80472,47.01578],[4.80484,47.01558],[4.80461,47.01567],[4.8043,47.01569],[4.80367,47.01533],[4.80326,47.015],[4.80235,47.01437],[4.80122,47.01507],[4.80155,47.01522],[4.80076,47.0157],[4.80062,47.0155],[4.80019,47.01576],[4.80019,47.01581],[4.80023,47.01589],[4.80067,47.01644],[4.80131,47.01707],[4.80138,47.01723],[4.80156,47.01743],[4.80152,47.01743],[4.80155,47.01755],[4.80183,47.01742],[4.80195,47.01727],[4.80196,47.01712],[4.80194,47.01704],[4.8019,47.01704],[4.80188,47.01671],[4.80179,47.01658],[4.80159,47.01637],[4.80173,47.01629],[4.80178,47.01633],[4.80183,47.01633],[4.80192,47.01624],[4.80197,47.01628],[4.80192,47.01634],[4.80191,47.01643],[4.80179,47.0165],[4.80202,47.01685],[4.80195,47.01687],[4.80199,47.01704],[4.80198,47.0173],[4.802,47.01735],[4.8035,47.01655],[4.80353,47.01657],[4.80403,47.01627],[4.80414,47.0164],[4.8045,47.01613],[4.80467,47.01597],[4.80472,47.01578]]]}},{"type":"Feature","properties":{"id":"climat-volnay-premier-cru-fremiets","kind":"climat","level":"premier-cru","name":"Frémiets","full":"Volnay premier cru Frémiets","app":"Volnay","region":"cote-de-beaune","communes":["Volnay"],"area_ha":5.89,"elev":[254.5,271.7,290.5],"slope":5.8,"slope_pct":10.2,"aspect":116,"aspect_label":"ESE","aspect_hist":[0.001,0.006,0.318,0.672,0.002,0.0,0.0,0.0],"village":null,"white":false},"geometry":{"type":"MultiPolygon","coordinates":[[[[4.78999,47.00338],[4.78969,47.00308],[4.7881,47.00284],[4.78809,47.00313],[4.78813,47.00333],[4.78809,47.0037],[4.78817,47.00408],[4.78825,47.00422],[4.78891,47.00401],[4.78873,47.00381],[4.78925,47.00362],[4.78928,47.00365],[4.78999,47.00338]]],[[[4.78811,47.00406],[4.78804,47.00368],[4.78807,47.00329],[4.78803,47.00318],[4.78806,47.00293],[4.78799,47.00282],[4.78744,47.00273],[4.78678,47.00254],[4.78407,47.00343],[4.78417,47.00352],[4.7846,47.00379],[4.78503,47.00409],[4.78544,47.00464],[4.78556,47.0047],[4.78601,47.00478],[4.78609,47.00479],[4.78596,47.00461],[4.78656,47.00443],[4.78664,47.00455],[4.78811,47.00406]]]]}},{"type":"Feature","properties":{"id":"climat-ladoix-premier-cru-les-grechons-et-foutrieres","kind":"climat","level":"premier-cru","name":"Les Grêchons et Foutrières","full":"Ladoix premier cru Les Grêchons et Foutrières","app":"Ladoix","region":"cote-de-beaune","communes":["Ladoix-Serrigny"],"area_ha":5.87,"elev":[290.3,319.9,341.6],"slope":10.5,"slope_pct":18.9,"aspect":119,"aspect_label":"ESE","aspect_hist":[0.004,0.012,0.323,0.647,0.014,0.0,0.0,0.0],"village":null,"white":true},"geometry":{"type":"Polygon","coordinates":[[[4.87582,47.08569],[4.87579,47.08549],[4.87564,47.08549],[4.87563,47.08546],[4.87563,47.08518],[4.87577,47.08516],[4.87554,47.08461],[4.87521,47.08427],[4.8749,47.08403],[4.87471,47.08361],[4.87422,47.08286],[4.87414,47.08278],[4.87385,47.08267],[4.87331,47.0831],[4.87327,47.08308],[4.87289,47.08339],[4.87303,47.08345],[4.87204,47.08416],[4.87231,47.08439],[4.87291,47.08501],[4.87321,47.08546],[4.87349,47.08601],[4.87526,47.08567],[4.87531,47.08576],[4.87582,47.08569]]]}},{"type":"Feature","properties":{"id":"climat-pommard-premier-cru-les-rugiens-bas","kind":"climat","level":"premier-cru","name":"Les Rugiens Bas","full":"Pommard premier cru Les Rugiens Bas","app":"Pommard","region":"cote-de-beaune","communes":["Pommard"],"area_ha":5.84,"elev":[254.9,268.6,279.8],"slope":5.5,"slope_pct":9.6,"aspect":99,"aspect_label":"E","aspect_hist":[0.005,0.039,0.747,0.209,0.0,0.0,0.0,0.0],"village":null,"white":false},"geometry":{"type":"Polygon","coordinates":[[[4.79178,47.00958],[4.7913,47.00874],[4.79112,47.00852],[4.791,47.00842],[4.79073,47.00828],[4.7905,47.00811],[4.79041,47.00799],[4.79008,47.00732],[4.78991,47.00689],[4.78988,47.00685],[4.78972,47.0068],[4.78992,47.00671],[4.7898,47.00664],[4.78924,47.00648],[4.78886,47.0064],[4.78837,47.00621],[4.78779,47.00573],[4.78717,47.00539],[4.78675,47.00549],[4.78699,47.00576],[4.78722,47.00614],[4.78787,47.00694],[4.78803,47.00722],[4.7882,47.00741],[4.78846,47.00761],[4.78894,47.00816],[4.78931,47.00868],[4.7896,47.00899],[4.78981,47.00932],[4.78997,47.00941],[4.79008,47.00954],[4.79019,47.00957],[4.79053,47.00958],[4.79086,47.00967],[4.7916,47.00977],[4.79169,47.00971],[4.79178,47.00958]]]}},{"type":"Feature","properties":{"id":"climat-puligny-montrachet-premier-cru-les-referts","kind":"climat","level":"premier-cru","name":"Les Referts","full":"Puligny-Montrachet premier cru Les Referts","app":"Puligny-Montrachet","region":"cote-de-beaune","communes":["Puligny-Montrachet"],"area_ha":5.77,"elev":[236.3,241.7,248.9],"slope":3.4,"slope_pct":5.9,"aspect":140,"aspect_label":"SE","aspect_hist":[0.0,0.0,0.034,0.777,0.189,0.001,0.0,0.0],"village":"puligny-montrachet","white":true},"geometry":{"type":"Polygon","coordinates":[[[4.75465,46.95644],[4.75425,46.95581],[4.75405,46.95563],[4.7531,46.95508],[4.75221,46.95443],[4.75158,46.9541],[4.7506,46.9548],[4.75077,46.95491],[4.75023,46.95528],[4.75056,46.95548],[4.75069,46.95555],[4.75075,46.95556],[4.7508,46.95554],[4.75093,46.95563],[4.75093,46.95569],[4.75131,46.95603],[4.75152,46.9562],[4.75156,46.95618],[4.75162,46.95622],[4.75156,46.95625],[4.75169,46.95643],[4.75214,46.9568],[4.75249,46.95704],[4.75263,46.95721],[4.75355,46.95696],[4.75409,46.95674],[4.75453,46.95652],[4.75465,46.95644]]]}},{"type":"Feature","properties":{"id":"climat-volnay-premier-cru-les-brouillards","kind":"climat","level":"premier-cru","name":"Les Brouillards","full":"Volnay premier cru Les Brouillards","app":"Volnay","region":"cote-de-beaune","communes":["Volnay"],"area_ha":5.62,"elev":[247.5,252.5,261.4],"slope":2.8,"slope_pct":4.8,"aspect":100,"aspect_label":"E","aspect_hist":[0.012,0.112,0.596,0.277,0.003,0.0,0.0,0.0],"village":null,"white":false},"geometry":{"type":"Polygon","coordinates":[[[4.79142,47.00277],[4.79087,47.00229],[4.79058,47.00171],[4.79044,47.00151],[4.79085,47.00078],[4.79061,47.00069],[4.79038,47.00065],[4.78977,47.00059],[4.78901,47.00057],[4.78818,47.00038],[4.78802,47.00037],[4.78715,47.00046],[4.78654,47.00047],[4.78711,47.00112],[4.78723,47.00121],[4.78749,47.00137],[4.78821,47.00168],[4.78926,47.00247],[4.78984,47.00306],[4.7901,47.00329],[4.79142,47.00277]]]}},{"type":"Feature","properties":{"id":"climat-chassagne-montrachet-premier-cru-cailleret","kind":"climat","level":"premier-cru","name":"Cailleret","full":"Chassagne-Montrachet premier cru Cailleret","app":"Chassagne-Montrachet","region":"cote-de-beaune","communes":["Chassagne-Montrachet"],"area_ha":5.58,"elev":[251.1,269.6,295.7],"slope":8.2,"slope_pct":14.5,"aspect":109,"aspect_label":"ESE","aspect_hist":[0.0,0.014,0.581,0.372,0.019,0.011,0.003,0.0],"village":"chassagne-montrachet","white":true},"geometry":{"type":"MultiPolygon","coordinates":[[[[4.72587,46.93399],[4.72589,46.93399],[4.7259,46.93383],[4.72588,46.93376],[4.72555,46.93343],[4.72553,46.93344],[4.72549,46.9334],[4.72522,46.9335],[4.72518,46.93363],[4.72525,46.93362],[4.72535,46.93391],[4.72546,46.93388],[4.72563,46.93418],[4.72591,46.9341],[4.72587,46.93399]]],[[[4.72514,46.93331],[4.72512,46.93324],[4.72493,46.93301],[4.72441,46.93255],[4.72294,46.93305],[4.72185,46.93339],[4.7219,46.93354],[4.72203,46.93372],[4.72206,46.93372],[4.72219,46.93388],[4.72216,46.9339],[4.72217,46.93394],[4.72191,46.934],[4.72209,46.93432],[4.72228,46.93484],[4.72237,46.93519],[4.72252,46.9354],[4.7228,46.9356],[4.72305,46.93559],[4.7233,46.93554],[4.7238,46.93539],[4.72392,46.93533],[4.72381,46.93521],[4.7237,46.93525],[4.72355,46.93503],[4.72328,46.93472],[4.72334,46.9347],[4.7233,46.93464],[4.72354,46.93456],[4.72353,46.93453],[4.72371,46.93443],[4.72366,46.93439],[4.7237,46.93437],[4.7236,46.93431],[4.72371,46.93425],[4.72376,46.93424],[4.72382,46.93429],[4.72396,46.93422],[4.72412,46.93435],[4.7242,46.93436],[4.72449,46.93432],[4.72451,46.9343],[4.72433,46.93402],[4.72502,46.93378],[4.72511,46.93358],[4.72514,46.93331]]],[[[4.7226,46.93557],[4.72248,46.93544],[4.7223,46.93518],[4.72221,46.93492],[4.72217,46.93489],[4.722,46.93498],[4.72183,46.93496],[4.72169,46.935],[4.72165,46.93537],[4.72167,46.93547],[4.722,46.93546],[4.72208,46.93563],[4.72218,46.93564],[4.72214,46.93591],[4.72202,46.93594],[4.72202,46.93599],[4.72207,46.93599],[4.72209,46.93601],[4.72214,46.93618],[4.72243,46.93621],[4.72239,46.93594],[4.72255,46.93591],[4.72263,46.93565],[4.72264,46.93557],[4.7226,46.93557]]],[[[4.72226,46.93623],[4.72203,46.93618],[4.7219,46.9362],[4.72191,46.93636],[4.72205,46.93663],[4.72214,46.93667],[4.72227,46.93648],[4.72229,46.9363],[4.72226,46.93623]]]]}},{"type":"Feature","properties":{"id":"climat-puligny-montrachet-premier-cru-clavaillon","kind":"climat","level":"premier-cru","name":"Clavaillon","full":"Puligny-Montrachet premier cru Clavaillon","app":"Puligny-Montrachet","region":"cote-de-beaune","communes":["Puligny-Montrachet"],"area_ha":5.57,"elev":[237.1,243.8,250.7],"slope":4.1,"slope_pct":7.2,"aspect":119,"aspect_label":"ESE","aspect_hist":[0.0,0.0,0.266,0.732,0.001,0.0,0.0,0.0],"village":"puligny-montrachet","white":true},"geometry":{"type":"Polygon","coordinates":[[[4.74569,46.95101],[4.74528,46.95076],[4.74506,46.95056],[4.74511,46.95054],[4.74494,46.95029],[4.74489,46.95017],[4.74467,46.94916],[4.74444,46.94937],[4.74442,46.94951],[4.74433,46.94956],[4.74416,46.94963],[4.74305,46.94993],[4.74284,46.95002],[4.74319,46.95078],[4.74333,46.95096],[4.74354,46.95114],[4.7435,46.95115],[4.74352,46.95121],[4.74376,46.95156],[4.74388,46.9517],[4.74418,46.95191],[4.74446,46.95226],[4.7448,46.95255],[4.74503,46.9527],[4.74529,46.95299],[4.74689,46.95206],[4.74651,46.95165],[4.74569,46.95101]]]}},{"type":"Feature","properties":{"id":"climat-aloxe-corton-premier-cru-les-fournieres","kind":"climat","level":"premier-cru","name":"Les Fournières","full":"Aloxe-Corton premier cru Les Fournières","app":"Aloxe-Corton","region":"cote-de-beaune","communes":["Aloxe-Corton"],"area_ha":5.57,"elev":[240.6,246.9,257.7],"slope":3.8,"slope_pct":6.6,"aspect":136,"aspect_label":"SE","aspect_hist":[0.0,0.0,0.112,0.785,0.102,0.0,0.0,0.0],"village":null,"white":true},"geometry":{"type":"Polygon","coordinates":[[[4.86547,47.06705],[4.86572,47.06697],[4.86493,47.06656],[4.86439,47.0662],[4.86333,47.0654],[4.86293,47.06519],[4.86278,47.06516],[4.86244,47.06515],[4.86188,47.06525],[4.86201,47.06536],[4.86124,47.06569],[4.86164,47.06615],[4.86137,47.06628],[4.86131,47.06634],[4.86141,47.06642],[4.86088,47.06676],[4.86164,47.06727],[4.86196,47.06757],[4.86305,47.06706],[4.86323,47.0672],[4.86334,47.06715],[4.86402,47.06768],[4.86547,47.06705]]]}},{"type":"Feature","properties":{"id":"climat-saint-aubin-premier-cru-les-castets","kind":"climat","level":"premier-cru","name":"Les Castets","full":"Saint-Aubin premier cru Les Castets","app":"Saint-Aubin","region":"cote-de-beaune","communes":["Saint-Aubin"],"area_ha":5.49,"elev":[309.8,335.3,388.9],"slope":13.3,"slope_pct":24.3,"aspect":136,"aspect_label":"SE","aspect_hist":[0.0,0.0,0.021,0.975,0.004,0.0,0.0,0.0],"village":"saint-aubin","white":true},"geometry":{"type":"Polygon","coordinates":[[[4.70704,46.94984],[4.70727,46.94967],[4.70721,46.94963],[4.70723,46.94961],[4.70673,46.94935],[4.70614,46.9491],[4.70414,46.94844],[4.70374,46.94887],[4.70357,46.94882],[4.70264,46.94972],[4.70268,46.94974],[4.70258,46.94986],[4.70268,46.94994],[4.70274,46.95003],[4.70255,46.95017],[4.70286,46.95024],[4.70315,46.95022],[4.70336,46.95024],[4.70455,46.95057],[4.70483,46.95057],[4.70495,46.95055],[4.70579,46.95064],[4.70592,46.95068],[4.70613,46.95056],[4.70623,46.95058],[4.70695,46.95014],[4.70723,46.94995],[4.70704,46.94984]]]}},{"type":"Feature","properties":{"id":"climat-savigny-les-beaune-premier-cru-les-hauts-marconnets","kind":"climat","level":"premier-cru","name":"Les Hauts Marconnets","full":"Savigny-lès-Beaune premier cru Les Hauts Marconnets","app":"Savigny-lès-Beaune","region":"cote-de-beaune","communes":["Savigny-lès-Beaune"],"area_ha":5.39,"elev":[251.5,264.8,285.0],"slope":7.5,"slope_pct":13.2,"aspect":96,"aspect_label":"E","aspect_hist":[0.002,0.105,0.709,0.183,0.0,0.0,0.0,0.0],"village":null,"white":true},"geometry":{"type":"Polygon","coordinates":[[[4.83408,47.04895],[4.83382,47.04844],[4.83336,47.04783],[4.83273,47.04819],[4.83214,47.04876],[4.8311,47.05119],[4.83098,47.05153],[4.83267,47.05168],[4.83408,47.04895]]]}},{"type":"Feature","properties":{"id":"climat-meursault-premier-cru-les-gouttes-d-or","kind":"climat","level":"premier-cru","name":"Les Gouttes d'Or","full":"Meursault premier cru Les Gouttes d'Or","app":"Meursault","region":"cote-de-beaune","communes":["Meursault"],"area_ha":5.34,"elev":[237.7,251.1,264.7],"slope":6.8,"slope_pct":11.9,"aspect":103,"aspect_label":"ESE","aspect_hist":[0.0,0.031,0.701,0.264,0.004,0.0,0.0,0.0],"village":"meursault","white":true},"geometry":{"type":"Polygon","coordinates":[[[4.76253,46.97318],[4.76301,46.97303],[4.76275,46.97242],[4.76261,46.9722],[4.76292,46.97212],[4.76266,46.97182],[4.76263,46.97182],[4.76249,46.97162],[4.76265,46.97161],[4.76267,46.97158],[4.76242,46.97124],[4.76217,46.97072],[4.76114,46.97094],[4.76119,46.97104],[4.76115,46.97105],[4.76124,46.97129],[4.76068,46.9714],[4.76064,46.97132],[4.75992,46.97143],[4.76011,46.97215],[4.76012,46.97227],[4.76003,46.9723],[4.76009,46.97253],[4.76013,46.97267],[4.76032,46.97291],[4.7603,46.97301],[4.76028,46.97301],[4.76045,46.97332],[4.76058,46.97414],[4.7607,46.9743],[4.76074,46.97429],[4.76104,46.97402],[4.76147,46.97352],[4.7618,46.97326],[4.76253,46.97318]]]}},{"type":"Feature","properties":{"id":"climat-santenay-premier-cru-les-gravieres-clos-de-tavannes","kind":"climat","level":"premier-cru","name":"Les Gravières-Clos de Tavannes","full":"Santenay premier cru Les Gravières-Clos de Tavannes","app":"Santenay","region":"cote-de-beaune","communes":["Santenay"],"area_ha":5.29,"elev":[231.9,244.2,254.9],"slope":5.6,"slope_pct":9.9,"aspect":138,"aspect_label":"SE","aspect_hist":[0.0,0.0,0.155,0.614,0.178,0.046,0.005,0.001],"village":null,"white":true},"geometry":{"type":"MultiPolygon","coordinates":[[[[4.71851,46.91979],[4.71809,46.91962],[4.71772,46.92019],[4.71699,46.92109],[4.71688,46.9214],[4.71689,46.92163],[4.71694,46.92175],[4.71785,46.92057],[4.71781,46.92055],[4.71851,46.91979]]],[[[4.71768,46.91988],[4.7176,46.91957],[4.71735,46.91929],[4.71589,46.91831],[4.71472,46.91909],[4.71437,46.91926],[4.71464,46.91949],[4.71489,46.91981],[4.71496,46.9199],[4.71495,46.91998],[4.71504,46.91989],[4.71515,46.92021],[4.71558,46.92056],[4.71576,46.92062],[4.7158,46.92065],[4.71595,46.92084],[4.71611,46.92096],[4.71604,46.92104],[4.71648,46.92145],[4.71656,46.92144],[4.71744,46.92037],[4.71759,46.92018],[4.71768,46.91988]]]]}},{"type":"Feature","properties":{"id":"climat-santenay-premier-cru-clos-de-tavannes","kind":"climat","level":"premier-cru","name":"Clos de Tavannes","full":"Santenay premier cru Clos de Tavannes","app":"Santenay","region":"cote-de-beaune","communes":["Santenay"],"area_ha":5.29,"elev":[231.9,244.2,254.9],"slope":5.6,"slope_pct":9.9,"aspect":138,"aspect_label":"SE","aspect_hist":[0.0,0.0,0.155,0.614,0.178,0.046,0.005,0.001],"village":null,"white":true},"geometry":{"type":"MultiPolygon","coordinates":[[[[4.71851,46.91979],[4.71809,46.91962],[4.71772,46.92019],[4.71699,46.92109],[4.71688,46.9214],[4.71689,46.92163],[4.71694,46.92175],[4.71785,46.92057],[4.71781,46.92055],[4.71851,46.91979]]],[[[4.71768,46.91988],[4.7176,46.91957],[4.71735,46.91929],[4.71589,46.91831],[4.71472,46.91909],[4.71437,46.91926],[4.71464,46.91949],[4.71489,46.91981],[4.71496,46.9199],[4.71495,46.91998],[4.71504,46.91989],[4.71515,46.92021],[4.71558,46.92056],[4.71576,46.92062],[4.7158,46.92065],[4.71595,46.92084],[4.71611,46.92096],[4.71604,46.92104],[4.71648,46.92145],[4.71656,46.92144],[4.71744,46.92037],[4.71759,46.92018],[4.71768,46.91988]]]]}},{"type":"Feature","properties":{"id":"climat-beaune-premier-cru-pertuisots","kind":"climat","level":"premier-cru","name":"Pertuisots","full":"Beaune premier cru Pertuisots","app":"Beaune","region":"cote-de-beaune","communes":["Beaune"],"area_ha":5.27,"elev":[242.6,248.1,257.6],"slope":2.8,"slope_pct":4.9,"aspect":108,"aspect_label":"ESE","aspect_hist":[0.01,0.122,0.355,0.479,0.032,0.0,0.0,0.002],"village":null,"white":true},"geometry":{"type":"MultiPolygon","coordinates":[[[[4.81557,47.02329],[4.81521,47.02297],[4.81517,47.02285],[4.81486,47.02242],[4.81393,47.02178],[4.81368,47.02165],[4.8134,47.02178],[4.81247,47.02208],[4.81208,47.02225],[4.8117,47.02234],[4.81177,47.02252],[4.81201,47.0228],[4.81209,47.02296],[4.81211,47.02313],[4.81219,47.02326],[4.81229,47.02323],[4.81238,47.02328],[4.81253,47.02326],[4.81273,47.02343],[4.81283,47.02363],[4.81224,47.02384],[4.81259,47.02438],[4.81283,47.02431],[4.81332,47.02411],[4.81557,47.02329]]],[[[4.81204,47.02316],[4.81197,47.02285],[4.81173,47.02258],[4.81162,47.02234],[4.81117,47.02247],[4.81142,47.02315],[4.81151,47.02328],[4.81161,47.02333],[4.81178,47.02333],[4.81202,47.02322],[4.81204,47.02316]]]]}},{"type":"Feature","properties":{"id":"climat-saint-aubin-premier-cru-les-perrieres","kind":"climat","level":"premier-cru","name":"Les Perrières","full":"Saint-Aubin premier cru Les Perrières","app":"Saint-Aubin","region":"cote-de-beaune","communes":["Saint-Aubin"],"area_ha":5.26,"elev":[275.0,288.2,304.0],"slope":7.7,"slope_pct":13.5,"aspect":127,"aspect_label":"SE","aspect_hist":[0.016,0.023,0.142,0.797,0.007,0.001,0.004,0.01],"village":"saint-aubin","white":true},"geometry":{"type":"Polygon","coordinates":[[[4.71273,46.95352],[4.71441,46.95234],[4.714,46.95184],[4.71369,46.95167],[4.71263,46.95131],[4.71197,46.95111],[4.71138,46.95098],[4.71136,46.95102],[4.71145,46.95106],[4.71117,46.9513],[4.71101,46.95123],[4.71098,46.95126],[4.71074,46.95115],[4.71062,46.95125],[4.71055,46.95122],[4.71013,46.95153],[4.70983,46.95181],[4.71108,46.95261],[4.71161,46.95287],[4.71239,46.95334],[4.71273,46.95352]]]}},{"type":"Feature","properties":{"id":"climat-pommard-premier-cru-clos-des-epeneaux","kind":"climat","level":"premier-cru","name":"Clos des Epeneaux","full":"Pommard premier cru Clos des Epeneaux","app":"Pommard","region":"cote-de-beaune","communes":["Pommard"],"area_ha":5.22,"elev":[238.4,245.0,252.0],"slope":1.8,"slope_pct":3.1,"aspect":146,"aspect_label":"SE","aspect_hist":[0.0,0.002,0.067,0.682,0.248,0.0,0.0,0.0],"village":null,"white":false},"geometry":{"type":"Polygon","coordinates":[[[4.8039,47.01328],[4.80272,47.01396],[4.80324,47.01411],[4.80364,47.0142],[4.8044,47.01422],[4.80483,47.01427],[4.80495,47.01432],[4.80553,47.01384],[4.80665,47.01313],[4.80693,47.0134],[4.80719,47.01338],[4.80749,47.013],[4.80791,47.01277],[4.80881,47.01232],[4.8089,47.01221],[4.80887,47.01219],[4.808,47.01199],[4.80768,47.01197],[4.80692,47.01202],[4.80611,47.01202],[4.80577,47.01224],[4.80496,47.01268],[4.80436,47.01304],[4.8039,47.01328]]]}},{"type":"Feature","properties":{"id":"climat-meursault-premier-cru-sous-le-dos-d-ane","kind":"climat","level":"premier-cru","name":"Sous le Dos d'Ane","full":"Meursault premier cru Sous le Dos d'Ane","app":"Meursault","region":"cote-de-beaune","communes":["Meursault"],"area_ha":5.21,"elev":[280.4,302.1,322.9],"slope":6.7,"slope_pct":11.8,"aspect":137,"aspect_label":"SE","aspect_hist":[0.0,0.01,0.197,0.62,0.117,0.05,0.007,0.0],"village":"meursault","white":true},"geometry":{"type":"Polygon","coordinates":[[[4.74781,46.9596],[4.7475,46.95959],[4.74722,46.95955],[4.74694,46.95943],[4.74691,46.95945],[4.74684,46.95946],[4.74673,46.95954],[4.74612,46.96007],[4.74596,46.96017],[4.74573,46.96021],[4.74533,46.9602],[4.74538,46.96067],[4.74533,46.96071],[4.74559,46.96095],[4.74538,46.96109],[4.74533,46.96107],[4.74529,46.96077],[4.74507,46.96068],[4.74516,46.96061],[4.74515,46.96056],[4.74488,46.96056],[4.74488,46.96048],[4.74288,46.96079],[4.74271,46.96074],[4.74226,46.96071],[4.74197,46.9609],[4.74289,46.96121],[4.74388,46.96148],[4.74472,46.96184],[4.74643,46.96243],[4.74691,46.96256],[4.74702,46.96256],[4.74709,46.96253],[4.74692,46.96234],[4.74662,46.96172],[4.7465,46.96159],[4.74633,46.96129],[4.74609,46.96134],[4.74602,46.96132],[4.74633,46.96092],[4.74653,46.96076],[4.74712,46.96034],[4.74749,46.96018],[4.7477,46.95991],[4.74775,46.95967],[4.74781,46.9596]]]}},{"type":"Feature","properties":{"id":"climat-blagny-premier-cru-sous-le-dos-d-ane","kind":"climat","level":"premier-cru","name":"Sous le Dos d'Ane","full":"Blagny premier cru Sous le Dos d'Ane","app":"Blagny","region":"cote-de-beaune","communes":["Meursault"],"area_ha":5.21,"elev":[280.4,302.1,322.9],"slope":6.7,"slope_pct":11.8,"aspect":137,"aspect_label":"SE","aspect_hist":[0.0,0.01,0.197,0.62,0.117,0.05,0.007,0.0],"village":null,"white":false},"geometry":{"type":"Polygon","coordinates":[[[4.74781,46.9596],[4.74722,46.95955],[4.74694,46.95943],[4.74691,46.95945],[4.74684,46.95946],[4.74673,46.95954],[4.74612,46.96007],[4.74596,46.96017],[4.74573,46.96021],[4.74533,46.9602],[4.74538,46.96067],[4.74533,46.96071],[4.74559,46.96095],[4.74538,46.96109],[4.74533,46.96107],[4.74529,46.96077],[4.74507,46.96068],[4.74516,46.96061],[4.74515,46.96056],[4.74488,46.96056],[4.74488,46.96048],[4.74288,46.96079],[4.74271,46.96074],[4.74226,46.96071],[4.74197,46.9609],[4.74289,46.96121],[4.74388,46.96148],[4.74472,46.96184],[4.74643,46.96243],[4.74691,46.96256],[4.74702,46.96256],[4.74709,46.96253],[4.74692,46.96234],[4.74662,46.96172],[4.7465,46.96159],[4.74633,46.96129],[4.74609,46.96134],[4.74602,46.96132],[4.74633,46.96092],[4.74653,46.96076],[4.74712,46.96034],[4.74749,46.96018],[4.7477,46.95991],[4.74775,46.95967],[4.74781,46.9596]]]}},{"type":"Feature","properties":{"id":"climat-chassagne-montrachet-premier-cru-les-macherelles","kind":"climat","level":"premier-cru","name":"Les Macherelles","full":"Chassagne-Montrachet premier cru Les Macherelles","app":"Chassagne-Montrachet","region":"cote-de-beaune","communes":["Chassagne-Montrachet"],"area_ha":5.2,"elev":[243.8,249.7,258.0],"slope":2.4,"slope_pct":4.2,"aspect":79,"aspect_label":"ENE","aspect_hist":[0.005,0.251,0.72,0.023,0.001,0.001,0.0,0.0],"village":"chassagne-montrachet","white":true},"geometry":{"type":"Polygon","coordinates":[[[4.73278,46.94051],[4.733,46.94048],[4.73257,46.93966],[4.7323,46.93929],[4.73171,46.9387],[4.73112,46.93893],[4.73056,46.93912],[4.73076,46.93941],[4.73038,46.93952],[4.73003,46.93907],[4.7294,46.93919],[4.72938,46.93916],[4.72945,46.93914],[4.7294,46.93901],[4.7287,46.93918],[4.72869,46.93956],[4.72879,46.93987],[4.72904,46.94034],[4.72914,46.94092],[4.72917,46.94095],[4.72976,46.94084],[4.7307,46.94052],[4.73107,46.94043],[4.73145,46.94083],[4.73154,46.94086],[4.73278,46.94051]]]}},{"type":"Feature","properties":{"id":"climat-chassagne-montrachet-premier-cru-les-embazees","kind":"climat","level":"premier-cru","name":"Les Embazées","full":"Chassagne-Montrachet premier cru Les Embazées","app":"Chassagne-Montrachet","region":"cote-de-beaune","communes":["Chassagne-Montrachet"],"area_ha":5.2,"elev":[264.0,279.6,303.6],"slope":7.4,"slope_pct":13.0,"aspect":130,"aspect_label":"SE","aspect_hist":[0.001,0.001,0.074,0.907,0.014,0.0,0.001,0.001],"village":"chassagne-montrachet","white":true},"geometry":{"type":"Polygon","coordinates":[[[4.71558,46.92532],[4.71623,46.92503],[4.71617,46.92483],[4.7162,46.92469],[4.71618,46.9246],[4.71609,46.92458],[4.71602,46.92459],[4.7158,46.92431],[4.71507,46.9236],[4.71499,46.92366],[4.71453,46.92325],[4.71378,46.92368],[4.71367,46.92369],[4.71324,46.92389],[4.71301,46.92406],[4.71298,46.92406],[4.71285,46.92414],[4.7128,46.92411],[4.71264,46.92419],[4.71274,46.92433],[4.7127,46.92436],[4.71276,46.92443],[4.71279,46.92441],[4.71313,46.92486],[4.71329,46.92503],[4.71298,46.92514],[4.71262,46.92537],[4.71297,46.92567],[4.71336,46.92611],[4.71342,46.92614],[4.71366,46.92606],[4.7141,46.92609],[4.71507,46.92534],[4.7152,46.92552],[4.71558,46.92532]]]}},{"type":"Feature","properties":{"id":"climat-pommard-premier-cru-les-fremiers","kind":"climat","level":"premier-cru","name":"Les Fremiers","full":"Pommard premier cru Les Fremiers","app":"Pommard","region":"cote-de-beaune","communes":["Pommard"],"area_ha":5.13,"elev":[251.7,259.9,265.6],"slope":3.5,"slope_pct":6.2,"aspect":114,"aspect_label":"ESE","aspect_hist":[0.0,0.017,0.468,0.514,0.001,0.0,0.0,0.0],"village":null,"white":false},"geometry":{"type":"Polygon","coordinates":[[[4.79167,47.00559],[4.79141,47.00536],[4.79114,47.00537],[4.7909,47.00534],[4.79043,47.00473],[4.79062,47.00448],[4.79063,47.00427],[4.79133,47.004],[4.79115,47.00393],[4.79092,47.00387],[4.79029,47.00362],[4.79009,47.0035],[4.78998,47.00339],[4.78928,47.00365],[4.78924,47.00362],[4.78873,47.00381],[4.78876,47.00386],[4.78892,47.00401],[4.78825,47.00422],[4.78858,47.00462],[4.78873,47.00485],[4.78886,47.00516],[4.7894,47.00591],[4.7896,47.00614],[4.78986,47.00661],[4.79002,47.0067],[4.79083,47.00648],[4.79158,47.00623],[4.79158,47.00591],[4.79168,47.00581],[4.79171,47.00568],[4.79167,47.00559]]]}},{"type":"Feature","properties":{"id":"climat-chassagne-montrachet-premier-cru-en-cailleret","kind":"climat","level":"premier-cru","name":"En Cailleret","full":"Chassagne-Montrachet premier cru En Cailleret","app":"Chassagne-Montrachet","region":"cote-de-beaune","communes":["Chassagne-Montrachet"],"area_ha":5.11,"elev":[252.0,269.0,293.6],"slope":9.7,"slope_pct":17.2,"aspect":103,"aspect_label":"ESE","aspect_hist":[0.0,0.001,0.781,0.217,0.0,0.0,0.0,0.0],"village":"chassagne-montrachet","white":true},"geometry":{"type":"Polygon","coordinates":[[[4.72294,46.93305],[4.72441,46.93255],[4.72431,46.93242],[4.72429,46.932],[4.72425,46.93188],[4.7239,46.93117],[4.72381,46.93114],[4.72325,46.9311],[4.72248,46.93119],[4.72234,46.93114],[4.72219,46.93105],[4.72158,46.93106],[4.72144,46.93082],[4.72123,46.93075],[4.72098,46.9309],[4.72104,46.9311],[4.72065,46.93125],[4.72085,46.93153],[4.72086,46.93163],[4.72089,46.93162],[4.72092,46.93166],[4.72095,46.93173],[4.72089,46.93177],[4.72099,46.93204],[4.72117,46.93198],[4.7212,46.93206],[4.72113,46.93207],[4.72118,46.93218],[4.72095,46.93221],[4.72099,46.9323],[4.72127,46.93224],[4.72131,46.93227],[4.72133,46.93231],[4.72128,46.93232],[4.72131,46.93239],[4.72139,46.93238],[4.72143,46.93243],[4.72118,46.93248],[4.72122,46.93256],[4.72135,46.93255],[4.72139,46.93265],[4.72147,46.93264],[4.72144,46.93279],[4.72149,46.93278],[4.72158,46.93289],[4.7215,46.93291],[4.72176,46.93317],[4.72185,46.93339],[4.72294,46.93305]]]}},{"type":"Feature","properties":{"id":"climat-chassagne-montrachet-premier-cru-les-petits-clos","kind":"climat","level":"premier-cru","name":"Les Petits Clos","full":"Chassagne-Montrachet premier cru Les Petits Clos","app":"Chassagne-Montrachet","region":"cote-de-beaune","communes":["Chassagne-Montrachet"],"area_ha":5.09,"elev":[243.8,251.1,268.4],"slope":5.2,"slope_pct":9.2,"aspect":143,"aspect_label":"SE","aspect_hist":[0.0,0.002,0.048,0.554,0.378,0.014,0.001,0.003],"village":"chassagne-montrachet","white":true},"geometry":{"type":"MultiPolygon","coordinates":[[[[4.7226,46.92832],[4.72216,46.928],[4.7221,46.92804],[4.72159,46.92767],[4.72221,46.92725],[4.72162,46.92703],[4.72152,46.92697],[4.72055,46.92614],[4.72019,46.92625],[4.71915,46.92669],[4.71857,46.92689],[4.7187,46.92703],[4.71873,46.92702],[4.7191,46.92741],[4.71933,46.92767],[4.71956,46.92757],[4.71968,46.9277],[4.72031,46.92815],[4.72074,46.92852],[4.72098,46.92867],[4.7215,46.92836],[4.72155,46.9284],[4.72193,46.92817],[4.72238,46.92843],[4.7226,46.92832]]],[[[4.72052,46.92833],[4.71967,46.92771],[4.71956,46.92758],[4.71932,46.92768],[4.71872,46.92703],[4.71869,46.92704],[4.71856,46.9269],[4.71835,46.92699],[4.71859,46.92716],[4.71881,46.9274],[4.71892,46.92764],[4.71897,46.92783],[4.71893,46.92794],[4.71881,46.92806],[4.71866,46.92812],[4.71888,46.92829],[4.71909,46.92833],[4.71929,46.92844],[4.71968,46.92857],[4.71975,46.92864],[4.72,46.92849],[4.72019,46.92854],[4.72052,46.92833]]]]}},{"type":"Feature","properties":{"id":"climat-meursault-premier-cru-la-jeunellotte","kind":"climat","level":"premier-cru","name":"La Jeunellotte","full":"Meursault premier cru La Jeunellotte","app":"Meursault","region":"cote-de-beaune","communes":["Meursault"],"area_ha":5.05,"elev":[326.3,340.9,356.2],"slope":6.5,"slope_pct":11.5,"aspect":99,"aspect_label":"E","aspect_hist":[0.0,0.058,0.778,0.162,0.002,0.0,0.0,0.0],"village":"meursault","white":true},"geometry":{"type":"Polygon","coordinates":[[[4.74161,46.96076],[4.74108,46.96027],[4.74102,46.96009],[4.74106,46.95994],[4.74103,46.95978],[4.74095,46.95967],[4.74071,46.95951],[4.74065,46.95943],[4.74044,46.95945],[4.73979,46.95964],[4.73856,46.95986],[4.73821,46.95986],[4.73763,46.95992],[4.73825,46.96059],[4.73863,46.96114],[4.73898,46.96157],[4.73886,46.96163],[4.73894,46.96186],[4.73912,46.96206],[4.73932,46.96217],[4.73954,46.96223],[4.74161,46.96076]]]}},{"type":"Feature","properties":{"id":"climat-blagny-premier-cru-la-jeunellotte","kind":"climat","level":"premier-cru","name":"La Jeunellotte","full":"Blagny premier cru La Jeunellotte","app":"Blagny","region":"cote-de-beaune","communes":["Meursault"],"area_ha":5.05,"elev":[326.3,340.9,356.2],"slope":6.5,"slope_pct":11.5,"aspect":99,"aspect_label":"E","aspect_hist":[0.0,0.058,0.778,0.162,0.002,0.0,0.0,0.0],"village":null,"white":false},"geometry":{"type":"Polygon","coordinates":[[[4.74161,46.96076],[4.74108,46.96027],[4.74102,46.96009],[4.74106,46.95994],[4.74103,46.95978],[4.74095,46.95967],[4.74071,46.95951],[4.74065,46.95943],[4.74044,46.95945],[4.73979,46.95964],[4.73856,46.95986],[4.73821,46.95986],[4.73763,46.95992],[4.73825,46.96059],[4.73863,46.96114],[4.73898,46.96157],[4.73886,46.96163],[4.73894,46.96186],[4.73912,46.96206],[4.73932,46.96217],[4.73954,46.96223],[4.74161,46.96076]]]}},{"type":"Feature","properties":{"id":"climat-beaune-premier-cru-les-chouacheux","kind":"climat","level":"premier-cru","name":"Les Chouacheux","full":"Beaune premier cru Les Chouacheux","app":"Beaune","region":"cote-de-beaune","communes":["Beaune"],"area_ha":5.03,"elev":[231.9,235.4,240.7],"slope":1.9,"slope_pct":3.3,"aspect":150,"aspect_label":"SSE","aspect_hist":[0.0,0.012,0.162,0.576,0.206,0.044,0.0,0.0],"village":null,"white":true},"geometry":{"type":"Polygon","coordinates":[[[4.81684,47.02014],[4.8168,47.01988],[4.81655,47.01946],[4.81622,47.01907],[4.81615,47.01899],[4.81551,47.01855],[4.81532,47.01845],[4.81374,47.01901],[4.81392,47.01929],[4.81427,47.01972],[4.8144,47.01979],[4.81449,47.01991],[4.81344,47.02031],[4.81373,47.02065],[4.81378,47.02076],[4.81379,47.0209],[4.81402,47.02119],[4.81415,47.0214],[4.81491,47.02109],[4.81565,47.02087],[4.8161,47.02066],[4.81669,47.02047],[4.81681,47.0203],[4.81684,47.02014]]]}},{"type":"Feature","properties":{"id":"climat-beaune-premier-cru-aux-cras","kind":"climat","level":"premier-cru","name":"Aux Cras","full":"Beaune premier cru Aux Cras","app":"Beaune","region":"cote-de-beaune","communes":["Beaune"],"area_ha":4.99,"elev":[244.8,254.6,277.8],"slope":6.8,"slope_pct":12.1,"aspect":137,"aspect_label":"SE","aspect_hist":[0.0,0.0,0.085,0.724,0.186,0.005,0.0,0.0],"village":null,"white":true},"geometry":{"type":"Polygon","coordinates":[[[4.82119,47.0301],[4.82095,47.02989],[4.82078,47.02965],[4.82048,47.02929],[4.82045,47.0293],[4.82042,47.02914],[4.82033,47.02893],[4.82011,47.02871],[4.82002,47.0287],[4.81989,47.02859],[4.81954,47.02818],[4.81934,47.02831],[4.81916,47.02839],[4.81771,47.0288],[4.81758,47.02893],[4.81753,47.02902],[4.81751,47.02918],[4.81763,47.02987],[4.81778,47.03006],[4.81837,47.0306],[4.81862,47.03097],[4.81907,47.03103],[4.81913,47.03102],[4.81916,47.03097],[4.81901,47.03069],[4.82001,47.03038],[4.82089,47.03019],[4.82119,47.0301]]]}},{"type":"Feature","properties":{"id":"climat-volnay-premier-cru-carelle-sous-la-chapelle","kind":"climat","level":"premier-cru","name":"Carelle sous la Chapelle","full":"Volnay premier cru Carelle sous la Chapelle","app":"Volnay","region":"cote-de-beaune","communes":["Volnay"],"area_ha":4.98,"elev":[246.9,256.9,268.0],"slope":3.3,"slope_pct":5.7,"aspect":129,"aspect_label":"SE","aspect_hist":[0.001,0.017,0.09,0.834,0.058,0.0,0.0,0.0],"village":null,"white":false},"geometry":{"type":"MultiPolygon","coordinates":[[[[4.78794,46.99674],[4.78705,46.99588],[4.7869,46.9958],[4.78674,46.99591],[4.78622,46.99617],[4.78585,46.99632],[4.78617,46.99665],[4.78647,46.99692],[4.78729,46.99748],[4.78773,46.99691],[4.78794,46.99674]]],[[[4.78724,46.99751],[4.78644,46.99695],[4.7858,46.99635],[4.7855,46.99653],[4.78544,46.9966],[4.78536,46.99676],[4.78536,46.99686],[4.78524,46.99699],[4.78515,46.99719],[4.78492,46.99749],[4.78483,46.9979],[4.78386,46.99837],[4.78373,46.99848],[4.78382,46.99856],[4.78429,46.99833],[4.78467,46.99872],[4.78428,46.99894],[4.78486,46.99939],[4.78502,46.99939],[4.78558,46.99885],[4.78606,46.99829],[4.7865,46.99799],[4.7872,46.99756],[4.78724,46.99751]]]]}},{"type":"Feature","properties":{"id":"climat-beaune-premier-cru-belissand","kind":"climat","level":"premier-cru","name":"Belissand","full":"Beaune premier cru Belissand","app":"Beaune","region":"cote-de-beaune","communes":["Beaune"],"area_ha":4.89,"elev":[224.1,229.0,234.3],"slope":1.8,"slope_pct":3.1,"aspect":103,"aspect_label":"ESE","aspect_hist":[0.012,0.144,0.443,0.391,0.007,0.0,0.0,0.001],"village":null,"white":true},"geometry":{"type":"Polygon","coordinates":[[[4.82477,47.02331],[4.82476,47.02328],[4.82446,47.02306],[4.82413,47.02292],[4.82303,47.02275],[4.82241,47.0226],[4.82187,47.02239],[4.82167,47.02226],[4.82154,47.02214],[4.81971,47.02282],[4.81991,47.02295],[4.82005,47.02309],[4.82066,47.02383],[4.82142,47.02436],[4.82157,47.02442],[4.82169,47.0244],[4.82185,47.02435],[4.82251,47.02407],[4.82353,47.0237],[4.82477,47.02331]]]}},{"type":"Feature","properties":{"id":"climat-beaune-premier-cru-les-reverses","kind":"climat","level":"premier-cru","name":"Les Reversés","full":"Beaune premier cru Les Reversés","app":"Beaune","region":"cote-de-beaune","communes":["Beaune"],"area_ha":4.79,"elev":[222.4,229.4,236.1],"slope":2.6,"slope_pct":4.5,"aspect":131,"aspect_label":"SE","aspect_hist":[0.002,0.061,0.134,0.605,0.196,0.002,0.0,0.001],"village":null,"white":true},"geometry":{"type":"Polygon","coordinates":[[[4.8247,47.02567],[4.82639,47.0252],[4.82624,47.02502],[4.82438,47.02481],[4.82414,47.02479],[4.82395,47.02481],[4.82374,47.02489],[4.82385,47.02504],[4.82382,47.02505],[4.8237,47.02489],[4.82391,47.02481],[4.82383,47.02466],[4.82352,47.02416],[4.82322,47.02388],[4.82317,47.02387],[4.82246,47.02412],[4.822,47.02434],[4.82172,47.02444],[4.82153,47.02473],[4.8214,47.02486],[4.82209,47.02593],[4.82238,47.02624],[4.82235,47.02625],[4.82248,47.02644],[4.82297,47.02639],[4.82277,47.0261],[4.82326,47.02593],[4.82346,47.02628],[4.8237,47.02615],[4.82351,47.02589],[4.82382,47.02577],[4.82398,47.02599],[4.8243,47.02581],[4.82463,47.02569],[4.82445,47.0255],[4.82417,47.0256],[4.82401,47.02533],[4.8244,47.02529],[4.8247,47.02567]]]}},{"type":"Feature","properties":{"id":"climat-saint-aubin-premier-cru-vignes-moingeon","kind":"climat","level":"premier-cru","name":"Vignes Moingeon","full":"Saint-Aubin premier cru Vignes Moingeon","app":"Saint-Aubin","region":"cote-de-beaune","communes":["Saint-Aubin"],"area_ha":4.77,"elev":[278.1,291.2,331.5],"slope":10.3,"slope_pct":18.5,"aspect":92,"aspect_label":"E","aspect_hist":[0.0,0.056,0.786,0.149,0.01,0.0,0.0,0.0],"village":"saint-aubin","white":true},"geometry":{"type":"Polygon","coordinates":[[[4.7176,46.95705],[4.71727,46.95655],[4.7169,46.95611],[4.71615,46.95549],[4.71586,46.95508],[4.7157,46.9549],[4.7147,46.95529],[4.71477,46.95537],[4.71491,46.95594],[4.71495,46.95612],[4.71494,46.95637],[4.71478,46.95662],[4.71472,46.95696],[4.71465,46.95715],[4.71477,46.95661],[4.7149,46.95642],[4.7147,46.95641],[4.71417,46.95643],[4.71424,46.9566],[4.71414,46.95681],[4.71396,46.95699],[4.71418,46.95712],[4.71446,46.95725],[4.71506,46.95749],[4.71509,46.95744],[4.71521,46.95748],[4.7152,46.9575],[4.71611,46.95778],[4.71756,46.95711],[4.7176,46.95705]]]}},{"type":"Feature","properties":{"id":"climat-beaune-premier-cru-les-feves","kind":"climat","level":"premier-cru","name":"Les Fèves","full":"Beaune premier cru Les Fèves","app":"Beaune","region":"cote-de-beaune","communes":["Beaune"],"area_ha":4.75,"elev":[238.4,247.5,262.2],"slope":6.4,"slope_pct":11.2,"aspect":126,"aspect_label":"SE","aspect_hist":[0.0,0.003,0.193,0.779,0.024,0.001,0.0,0.0],"village":null,"white":true},"geometry":{"type":"Polygon","coordinates":[[[4.82746,47.04371],[4.82815,47.04342],[4.82803,47.04324],[4.82797,47.04326],[4.82776,47.04302],[4.82801,47.04294],[4.8279,47.04279],[4.82776,47.04285],[4.82744,47.04263],[4.82699,47.04241],[4.82684,47.0423],[4.82669,47.04215],[4.82653,47.04189],[4.82632,47.04168],[4.82614,47.04171],[4.82558,47.04124],[4.8251,47.04071],[4.82458,47.04167],[4.82435,47.04243],[4.82443,47.04245],[4.82442,47.04252],[4.82449,47.04263],[4.82471,47.04283],[4.82491,47.04306],[4.8252,47.04293],[4.8253,47.04306],[4.82526,47.0431],[4.82533,47.04315],[4.82568,47.0433],[4.82576,47.04337],[4.82584,47.04335],[4.82599,47.04342],[4.82634,47.04372],[4.82643,47.04392],[4.82705,47.04372],[4.82701,47.04367],[4.82704,47.04366],[4.82717,47.04372],[4.82733,47.04373],[4.82746,47.04371]]]}},{"type":"Feature","properties":{"id":"climat-chassagne-montrachet-premier-cru-les-rebichets","kind":"climat","level":"premier-cru","name":"Les Rebichets","full":"Chassagne-Montrachet premier cru Les Rebichets","app":"Chassagne-Montrachet","region":"cote-de-beaune","communes":["Chassagne-Montrachet"],"area_ha":4.74,"elev":[255.3,262.2,269.5],"slope":4.1,"slope_pct":7.1,"aspect":105,"aspect_label":"ESE","aspect_hist":[0.001,0.016,0.748,0.228,0.004,0.002,0.001,0.001],"village":"chassagne-montrachet","white":true},"geometry":{"type":"MultiPolygon","coordinates":[[[[4.7286,46.9391],[4.72857,46.93889],[4.72823,46.93872],[4.72799,46.93868],[4.72799,46.93858],[4.72791,46.93836],[4.72779,46.93814],[4.72737,46.93762],[4.72714,46.93768],[4.72633,46.93685],[4.72582,46.93707],[4.72583,46.93709],[4.72575,46.93714],[4.72561,46.93721],[4.7254,46.93724],[4.72538,46.93721],[4.7259,46.93862],[4.726,46.93874],[4.72605,46.93877],[4.72615,46.93872],[4.72635,46.93892],[4.72642,46.93892],[4.72655,46.93916],[4.7265,46.93917],[4.72665,46.9395],[4.7268,46.93973],[4.72686,46.93993],[4.72683,46.94005],[4.72672,46.94019],[4.72729,46.94015],[4.7277,46.94005],[4.72776,46.93996],[4.72774,46.93983],[4.72852,46.93959],[4.72857,46.93955],[4.7286,46.93947],[4.7286,46.9391]]],[[[4.72804,46.937],[4.72773,46.93671],[4.72741,46.93642],[4.7273,46.93659],[4.72731,46.93661],[4.72777,46.93709],[4.72804,46.937]]]]}},{"type":"Feature","properties":{"id":"climat-beaune-premier-cru-montee-rouge","kind":"climat","level":"premier-cru","name":"Montée Rouge","full":"Beaune premier cru Montée Rouge","app":"Beaune","region":"cote-de-beaune","communes":["Beaune"],"area_ha":4.71,"elev":[248.0,260.9,299.3],"slope":8.9,"slope_pct":15.9,"aspect":138,"aspect_label":"SE","aspect_hist":[0.006,0.158,0.314,0.078,0.095,0.344,0.006,0.0],"village":null,"white":true},"geometry":{"type":"MultiPolygon","coordinates":[[[[4.81605,47.02887],[4.81603,47.02883],[4.81492,47.02887],[4.81459,47.02892],[4.81448,47.02884],[4.81377,47.02858],[4.81336,47.0285],[4.81315,47.02853],[4.81285,47.02866],[4.81265,47.0287],[4.81167,47.02885],[4.81286,47.0294],[4.81215,47.03015],[4.81233,47.03021],[4.81236,47.03019],[4.81287,47.0305],[4.81362,47.03012],[4.8142,47.02973],[4.81463,47.0295],[4.81446,47.02936],[4.81468,47.02926],[4.81482,47.02942],[4.81605,47.02887]]],[[[4.8133,47.02843],[4.81317,47.02833],[4.81261,47.02832],[4.8123,47.02826],[4.81181,47.02812],[4.81136,47.02786],[4.80978,47.02864],[4.81015,47.02911],[4.8112,47.02874],[4.81126,47.02883],[4.81193,47.02878],[4.81253,47.02869],[4.81294,47.02858],[4.8133,47.02843]]]]}},{"type":"Feature","properties":{"id":"climat-puligny-montrachet-premier-cru-champ-canet","kind":"climat","level":"premier-cru","name":"Champ Canet","full":"Puligny-Montrachet premier cru Champ Canet","app":"Puligny-Montrachet","region":"cote-de-beaune","communes":["Puligny-Montrachet"],"area_ha":4.69,"elev":[257.4,270.3,293.9],"slope":5.0,"slope_pct":8.8,"aspect":108,"aspect_label":"ESE","aspect_hist":[0.0,0.0,0.655,0.345,0.0,0.0,0.0,0.0],"village":"puligny-montrachet","white":true},"geometry":{"type":"MultiPolygon","coordinates":[[[[4.74972,46.95743],[4.74945,46.95712],[4.74842,46.95642],[4.7477,46.95589],[4.74719,46.95629],[4.7467,46.9566],[4.74692,46.95679],[4.74668,46.95693],[4.74669,46.95699],[4.74677,46.95713],[4.74691,46.95722],[4.74663,46.95735],[4.74697,46.95775],[4.74732,46.9581],[4.74745,46.95804],[4.74753,46.95818],[4.74857,46.95807],[4.74885,46.95799],[4.74908,46.95797],[4.75013,46.95776],[4.74972,46.95743]]],[[[4.74407,46.95708],[4.74426,46.95717],[4.74436,46.95712],[4.74479,46.95699],[4.74492,46.95713],[4.74503,46.95707],[4.74506,46.9571],[4.74515,46.95704],[4.74513,46.95703],[4.74517,46.957],[4.74519,46.95701],[4.74543,46.95687],[4.7452,46.95675],[4.74482,46.95666],[4.74438,46.95646],[4.74422,46.95653],[4.74421,46.95658],[4.74425,46.95658],[4.74424,46.95661],[4.74407,46.95708]]],[[[4.74432,46.95637],[4.74481,46.95659],[4.74487,46.95658],[4.74532,46.9562],[4.7449,46.95569],[4.74463,46.95579],[4.74459,46.95596],[4.74432,46.95637]]]]}},{"type":"Feature","properties":{"id":"climat-chassagne-montrachet-premier-cru-les-champs-gain","kind":"climat","level":"premier-cru","name":"Les Champs gain","full":"Chassagne-Montrachet premier cru Les Champs gain","app":"Chassagne-Montrachet","region":"cote-de-beaune","communes":["Chassagne-Montrachet"],"area_ha":4.63,"elev":[242.7,247.5,254.1],"slope":3.5,"slope_pct":6.2,"aspect":116,"aspect_label":"ESE","aspect_hist":[0.001,0.023,0.447,0.488,0.04,0.0,0.001,0.0],"village":"chassagne-montrachet","white":true},"geometry":{"type":"Polygon","coordinates":[[[4.72667,46.93387],[4.72772,46.93339],[4.72704,46.93282],[4.7266,46.93253],[4.72607,46.93205],[4.72573,46.9316],[4.72564,46.93144],[4.72546,46.93087],[4.72532,46.93065],[4.72488,46.93087],[4.72469,46.93093],[4.72429,46.93099],[4.72407,46.93107],[4.724,46.93115],[4.72399,46.93121],[4.72437,46.93197],[4.7244,46.9324],[4.72454,46.93256],[4.72517,46.93315],[4.72524,46.93324],[4.72527,46.93348],[4.72549,46.9334],[4.72553,46.93344],[4.72555,46.93343],[4.72587,46.93375],[4.7259,46.93383],[4.72589,46.93399],[4.72587,46.93399],[4.72591,46.9341],[4.72667,46.93387]]]}},{"type":"Feature","properties":{"id":"climat-aloxe-corton-premier-cru-les-chaillots-blanc","kind":"climat","level":"premier-cru","name":"Les Chaillots blanc","full":"Aloxe-Corton premier cru Les Chaillots blanc","app":"Aloxe-Corton","region":"cote-de-beaune","communes":["Aloxe-Corton"],"area_ha":4.63,"elev":[243.8,252.7,261.6],"slope":5.0,"slope_pct":8.7,"aspect":138,"aspect_label":"SE","aspect_hist":[0.0,0.001,0.04,0.898,0.061,0.0,0.0,0.0],"village":null,"white":true},"geometry":{"type":"MultiPolygon","coordinates":[[[[4.86628,47.06836],[4.86599,47.06805],[4.86502,47.06725],[4.86404,47.06768],[4.86547,47.0688],[4.86591,47.06853],[4.86628,47.06836]]],[[[4.86546,47.06881],[4.86334,47.06716],[4.86323,47.06721],[4.86305,47.06707],[4.862,47.06756],[4.86195,47.06764],[4.86202,47.06775],[4.86384,47.06923],[4.86416,47.06949],[4.86423,47.06951],[4.86431,47.06954],[4.86436,47.06952],[4.86546,47.06881]]]]}},{"type":"Feature","properties":{"id":"climat-chassagne-montrachet-premier-cru-la-chapelle","kind":"climat","level":"premier-cru","name":"La Chapelle","full":"Chassagne-Montrachet premier cru La Chapelle","app":"Chassagne-Montrachet","region":"cote-de-beaune","communes":["Chassagne-Montrachet"],"area_ha":4.58,"elev":[225.1,230.3,237.7],"slope":3.0,"slope_pct":5.2,"aspect":85,"aspect_label":"E","aspect_hist":[0.0,0.164,0.768,0.067,0.0,0.0,0.0,0.0],"village":"chassagne-montrachet","white":true},"geometry":{"type":"MultiPolygon","coordinates":[[[[4.7249,46.92376],[4.72467,46.92333],[4.7245,46.92308],[4.72431,46.92291],[4.72343,46.92245],[4.72307,46.92234],[4.72281,46.92215],[4.72245,46.92241],[4.7222,46.92266],[4.72171,46.92339],[4.72196,46.92381],[4.72204,46.92382],[4.72229,46.92424],[4.7226,46.92416],[4.72279,46.92436],[4.723,46.92481],[4.72298,46.9248],[4.72344,46.92495],[4.72416,46.92454],[4.72462,46.92423],[4.72484,46.92391],[4.7249,46.92376]]],[[[4.72195,46.9238],[4.72194,46.92377],[4.7217,46.9234],[4.72152,46.9237],[4.72185,46.92381],[4.72195,46.9238]]]]}},{"type":"Feature","properties":{"id":"climat-volnay-premier-cru-les-angles","kind":"climat","level":"premier-cru","name":"Les Angles","full":"Volnay premier cru Les Angles","app":"Volnay","region":"cote-de-beaune","communes":["Volnay"],"area_ha":4.56,"elev":[254.7,264.3,277.7],"slope":5.0,"slope_pct":8.8,"aspect":112,"aspect_label":"ESE","aspect_hist":[0.006,0.011,0.525,0.449,0.009,0.0,0.0,0.001],"village":null,"white":false},"geometry":{"type":"MultiPolygon","coordinates":[[[[4.7895,47.00287],[4.78912,47.00249],[4.78865,47.00216],[4.78824,47.00182],[4.78781,47.00158],[4.78725,47.00137],[4.78722,47.00138],[4.78764,47.00227],[4.78797,47.00276],[4.7892,47.00293],[4.7895,47.00287]]],[[[4.78789,47.00273],[4.78759,47.00229],[4.78715,47.00136],[4.78666,47.00077],[4.78625,47.00038],[4.78621,47.00037],[4.78612,47.0004],[4.78589,47.00051],[4.78512,47.00103],[4.78468,47.00136],[4.78446,47.00143],[4.78478,47.00179],[4.78462,47.00188],[4.78551,47.00214],[4.78631,47.00231],[4.78712,47.0026],[4.78786,47.00275],[4.78789,47.00273]]]]}},{"type":"Feature","properties":{"id":"climat-pommard-premier-cru-les-chanlins-bas","kind":"climat","level":"premier-cru","name":"Les Chanlins-Bas","full":"Pommard premier cru Les Chanlins-Bas","app":"Pommard","region":"cote-de-beaune","communes":["Pommard"],"area_ha":4.44,"elev":[278.5,294.6,319.1],"slope":10.0,"slope_pct":17.8,"aspect":108,"aspect_label":"ESE","aspect_hist":[0.0,0.0,0.751,0.249,0.0,0.0,0.0,0.0],"village":null,"white":false},"geometry":{"type":"Polygon","coordinates":[[[4.78723,47.00624],[4.78698,47.00587],[4.78651,47.00529],[4.78639,47.0052],[4.78613,47.00493],[4.78598,47.00486],[4.78395,47.00561],[4.78411,47.00584],[4.78427,47.00578],[4.78441,47.00594],[4.78419,47.00602],[4.78438,47.00629],[4.78427,47.00632],[4.78445,47.0066],[4.7845,47.00658],[4.78479,47.00698],[4.78484,47.00697],[4.78501,47.0072],[4.78481,47.00728],[4.78513,47.00749],[4.78752,47.00659],[4.78723,47.00624]]]}},{"type":"Feature","properties":{"id":"climat-savigny-les-beaune-premier-cru-les-hauts-jarrons","kind":"climat","level":"premier-cru","name":"Les Hauts Jarrons","full":"Savigny-lès-Beaune premier cru Les Hauts Jarrons","app":"Savigny-lès-Beaune","region":"cote-de-beaune","communes":["Savigny-lès-Beaune"],"area_ha":4.43,"elev":[263.6,272.9,287.1],"slope":10.9,"slope_pct":19.3,"aspect":72,"aspect_label":"ENE","aspect_hist":[0.001,0.34,0.651,0.008,0.0,0.0,0.0,0.0],"village":null,"white":true},"geometry":{"type":"Polygon","coordinates":[[[4.83215,47.05297],[4.83223,47.05258],[4.83246,47.05225],[4.83248,47.0522],[4.83245,47.05219],[4.83267,47.05168],[4.83098,47.05153],[4.8306,47.05278],[4.83069,47.05315],[4.83072,47.05317],[4.83039,47.05384],[4.83026,47.05398],[4.83017,47.05423],[4.82987,47.05474],[4.82981,47.05497],[4.83076,47.05528],[4.83114,47.055],[4.83126,47.05487],[4.83147,47.05448],[4.83189,47.05354],[4.83191,47.05342],[4.83215,47.05297]]]}},{"type":"Feature","properties":{"id":"climat-saint-aubin-premier-cru-es-champs","kind":"climat","level":"premier-cru","name":"Es Champs","full":"Saint-Aubin premier cru Es Champs","app":"Saint-Aubin","region":"cote-de-beaune","communes":["Saint-Aubin"],"area_ha":4.37,"elev":[270.2,275.3,285.6],"slope":4.4,"slope_pct":7.7,"aspect":120,"aspect_label":"ESE","aspect_hist":[0.001,0.002,0.232,0.758,0.006,0.0,0.001,0.001],"village":"saint-aubin","white":true},"geometry":{"type":"Polygon","coordinates":[[[4.7188,46.95539],[4.71879,46.95536],[4.71773,46.95467],[4.71729,46.95435],[4.71603,46.95362],[4.71483,46.95428],[4.7154,46.95463],[4.71574,46.95488],[4.71598,46.95517],[4.71618,46.95547],[4.71697,46.95613],[4.71754,46.95683],[4.71758,46.95682],[4.71781,46.95653],[4.71817,46.95591],[4.71855,46.95556],[4.7188,46.95539]]]}},{"type":"Feature","properties":{"id":"climat-meursault-premier-cru-le-porusot","kind":"climat","level":"premier-cru","name":"Le Porusot","full":"Meursault premier cru Le Porusot","app":"Meursault","region":"cote-de-beaune","communes":["Meursault"],"area_ha":4.36,"elev":[235.3,243.8,256.6],"slope":6.4,"slope_pct":11.3,"aspect":112,"aspect_label":"ESE","aspect_hist":[0.0,0.004,0.39,0.604,0.002,0.0,0.0,0.0],"village":"meursault","white":true},"geometry":{"type":"MultiPolygon","coordinates":[[[[4.76307,46.97053],[4.76259,46.97],[4.76208,46.96965],[4.76189,46.96948],[4.76162,46.96933],[4.76086,46.96876],[4.7607,46.9685],[4.76064,46.96827],[4.76064,46.96815],[4.76075,46.96799],[4.7607,46.96776],[4.76072,46.96772],[4.75885,46.9681],[4.75891,46.96824],[4.75915,46.96861],[4.75953,46.96939],[4.76036,46.96918],[4.76034,46.96915],[4.76051,46.9691],[4.76053,46.96913],[4.76067,46.96909],[4.76082,46.969],[4.76074,46.96912],[4.76054,46.96922],[4.76056,46.96926],[4.76037,46.96931],[4.76062,46.96992],[4.76056,46.96993],[4.76072,46.97029],[4.76082,46.97027],[4.7609,46.97048],[4.7609,46.97074],[4.76086,46.97075],[4.76098,46.97097],[4.76307,46.97053]]],[[[4.7603,46.96933],[4.76026,46.96924],[4.75953,46.96946],[4.75955,46.96955],[4.75991,46.96941],[4.7603,46.96933]]]]}},{"type":"Feature","properties":{"id":"climat-beaune-premier-cru-en-genet","kind":"climat","level":"premier-cru","name":"En Genêt","full":"Beaune premier cru En Genêt","app":"Beaune","region":"cote-de-beaune","communes":["Beaune"],"area_ha":4.33,"elev":[230.6,238.5,249.3],"slope":4.7,"slope_pct":8.4,"aspect":141,"aspect_label":"SE","aspect_hist":[0.011,0.022,0.045,0.617,0.265,0.039,0.002,0.0],"village":null,"white":true},"geometry":{"type":"Polygon","coordinates":[[[4.83106,47.04603],[4.83161,47.04577],[4.83142,47.04556],[4.83118,47.04538],[4.83114,47.04519],[4.83099,47.04492],[4.83101,47.0446],[4.83107,47.04458],[4.83096,47.04429],[4.83099,47.04424],[4.8309,47.04397],[4.83088,47.04351],[4.8308,47.0432],[4.83036,47.04329],[4.82992,47.04335],[4.8291,47.04366],[4.82894,47.04366],[4.8282,47.04345],[4.82773,47.04364],[4.82813,47.04407],[4.82812,47.04423],[4.82815,47.0443],[4.82816,47.04455],[4.82859,47.04496],[4.82903,47.04477],[4.82913,47.04488],[4.82932,47.04482],[4.82947,47.04497],[4.8297,47.04487],[4.82994,47.04518],[4.83033,47.04549],[4.83068,47.04568],[4.83106,47.04603]]]}},{"type":"Feature","properties":{"id":"climat-aloxe-corton-premier-cru-les-vercots","kind":"climat","level":"premier-cru","name":"Les Vercots","full":"Aloxe-Corton premier cru Les Vercots","app":"Aloxe-Corton","region":"cote-de-beaune","communes":["Aloxe-Corton"],"area_ha":4.29,"elev":[242.6,244.5,246.3],"slope":1.0,"slope_pct":1.8,"aspect":215,"aspect_label":"SW","aspect_hist":[0.014,0.0,0.058,0.058,0.174,0.667,0.029,0.0],"village":null,"white":true},"geometry":{"type":"Polygon","coordinates":[[[4.85654,47.06446],[4.85692,47.06416],[4.8569,47.06413],[4.85638,47.06396],[4.85609,47.0639],[4.85548,47.06383],[4.85469,47.0638],[4.8543,47.06374],[4.85398,47.06364],[4.85305,47.06326],[4.8529,47.06345],[4.85279,47.06374],[4.85278,47.0645],[4.85272,47.06484],[4.85304,47.06492],[4.8542,47.06503],[4.85416,47.06511],[4.85492,47.06521],[4.85476,47.06548],[4.8551,47.06556],[4.85537,47.06535],[4.8556,47.06509],[4.85577,47.06494],[4.85654,47.06446]]]}},{"type":"Feature","properties":{"id":"climat-blagny-premier-cru-hameau-de-blagny","kind":"climat","level":"premier-cru","name":"Hameau de Blagny","full":"Blagny premier cru Hameau de Blagny","app":"Blagny","region":"cote-de-beaune","communes":["Puligny-Montrachet"],"area_ha":4.25,"elev":[315.6,329.9,343.3],"slope":7.1,"slope_pct":12.5,"aspect":108,"aspect_label":"ESE","aspect_hist":[0.002,0.03,0.563,0.396,0.008,0.0,0.0,0.001],"village":null,"white":false},"geometry":{"type":"Polygon","coordinates":[[[4.74299,46.95893],[4.74294,46.95878],[4.74262,46.95825],[4.74211,46.95754],[4.74135,46.95781],[4.74107,46.95753],[4.7408,46.95739],[4.74036,46.9572],[4.74034,46.95721],[4.74021,46.95707],[4.73996,46.95667],[4.73962,46.95656],[4.73913,46.95632],[4.73903,46.95638],[4.739,46.95654],[4.73905,46.95708],[4.73901,46.9573],[4.73907,46.95745],[4.73913,46.95756],[4.73923,46.95766],[4.73999,46.95825],[4.74008,46.95837],[4.74014,46.9586],[4.74012,46.95862],[4.74032,46.95861],[4.74038,46.95858],[4.74041,46.95871],[4.74045,46.95878],[4.74049,46.9588],[4.74046,46.95881],[4.74072,46.95877],[4.74075,46.95883],[4.74072,46.95895],[4.74102,46.95889],[4.74081,46.95846],[4.74107,46.95839],[4.74104,46.95835],[4.74111,46.95834],[4.74112,46.95838],[4.74129,46.95834],[4.74137,46.95845],[4.74145,46.95843],[4.74149,46.95849],[4.74142,46.95854],[4.7415,46.95869],[4.74135,46.95873],[4.74138,46.95885],[4.74134,46.95885],[4.74135,46.95892],[4.74145,46.95892],[4.7416,46.95935],[4.74201,46.95923],[4.74262,46.95914],[4.74294,46.95902],[4.74299,46.95893]]]}},{"type":"Feature","properties":{"id":"climat-puligny-montrachet-premier-cru-hameau-de-blagny","kind":"climat","level":"premier-cru","name":"Hameau de Blagny","full":"Puligny-Montrachet premier cru Hameau de Blagny","app":"Puligny-Montrachet","region":"cote-de-beaune","communes":["Puligny-Montrachet"],"area_ha":4.25,"elev":[315.6,329.9,343.3],"slope":7.1,"slope_pct":12.5,"aspect":108,"aspect_label":"ESE","aspect_hist":[0.002,0.03,0.563,0.396,0.008,0.0,0.0,0.001],"village":"puligny-montrachet","white":true},"geometry":{"type":"Polygon","coordinates":[[[4.74299,46.95893],[4.74294,46.95878],[4.74262,46.95825],[4.74211,46.95754],[4.74135,46.95781],[4.74107,46.95753],[4.7408,46.95739],[4.74036,46.9572],[4.74034,46.95721],[4.74021,46.95707],[4.73996,46.95667],[4.73962,46.95656],[4.73913,46.95632],[4.73903,46.95638],[4.739,46.95654],[4.73905,46.95708],[4.73901,46.9573],[4.73907,46.95745],[4.73913,46.95756],[4.73923,46.95766],[4.73999,46.95825],[4.74008,46.95837],[4.74014,46.9586],[4.74012,46.95862],[4.74032,46.95861],[4.74038,46.95858],[4.74041,46.95871],[4.74045,46.95878],[4.74049,46.9588],[4.74046,46.95881],[4.74072,46.95877],[4.74075,46.95883],[4.74072,46.95895],[4.74102,46.95889],[4.74081,46.95846],[4.74107,46.95839],[4.74104,46.95835],[4.74111,46.95834],[4.74112,46.95838],[4.74129,46.95834],[4.74137,46.95845],[4.74145,46.95843],[4.74149,46.95849],[4.74142,46.95854],[4.7415,46.95869],[4.74135,46.95873],[4.74138,46.95885],[4.74134,46.95885],[4.74135,46.95892],[4.74145,46.95892],[4.7416,46.95935],[4.74201,46.95923],[4.74262,46.95914],[4.74294,46.95902],[4.74299,46.95893]]]}},{"type":"Feature","properties":{"id":"climat-beaune-premier-cru-clos-des-avaux","kind":"climat","level":"premier-cru","name":"Clos des Avaux","full":"Beaune premier cru Clos des Avaux","app":"Beaune","region":"cote-de-beaune","communes":["Beaune"],"area_ha":4.18,"elev":[236.3,240.6,246.0],"slope":2.7,"slope_pct":4.7,"aspect":80,"aspect_label":"E","aspect_hist":[0.017,0.404,0.38,0.063,0.103,0.021,0.007,0.004],"village":null,"white":true},"geometry":{"type":"MultiPolygon","coordinates":[[[[4.81811,47.027],[4.81802,47.02683],[4.81791,47.02673],[4.81782,47.02669],[4.81753,47.02678],[4.81613,47.02679],[4.81578,47.02675],[4.81525,47.02663],[4.81472,47.02653],[4.81545,47.02691],[4.81507,47.02724],[4.81532,47.0274],[4.81573,47.02755],[4.81598,47.02767],[4.81606,47.02763],[4.81648,47.02785],[4.81675,47.02768],[4.8168,47.02771],[4.81811,47.027]]],[[[4.81779,47.02614],[4.81638,47.02523],[4.81627,47.02527],[4.81597,47.02545],[4.81612,47.02557],[4.81614,47.0256],[4.81613,47.02562],[4.81601,47.02565],[4.81592,47.02562],[4.81455,47.0264],[4.81497,47.02653],[4.81598,47.02673],[4.81751,47.02673],[4.81765,47.02666],[4.81772,47.02659],[4.81773,47.02653],[4.81764,47.02624],[4.81779,47.02614]]]]}},{"type":"Feature","properties":{"id":"climat-meursault-premier-cru-les-boucheres","kind":"climat","level":"premier-cru","name":"Les Bouchères","full":"Meursault premier cru Les Bouchères","app":"Meursault","region":"cote-de-beaune","communes":["Meursault"],"area_ha":4.17,"elev":[248.2,259.0,272.6],"slope":8.4,"slope_pct":14.8,"aspect":111,"aspect_label":"ESE","aspect_hist":[0.0,0.005,0.553,0.438,0.002,0.001,0.001,0.001],"village":"meursault","white":true},"geometry":{"type":"Polygon","coordinates":[[[4.76068,46.9714],[4.76124,46.97128],[4.76115,46.97105],[4.76119,46.97104],[4.76114,46.97094],[4.76098,46.97097],[4.76091,46.97083],[4.76089,46.97084],[4.76071,46.97026],[4.7603,46.96933],[4.75991,46.96941],[4.75955,46.96955],[4.75953,46.96946],[4.75955,46.96942],[4.75941,46.96914],[4.75922,46.9688],[4.75915,46.96861],[4.75891,46.96824],[4.75885,46.9681],[4.7585,46.96816],[4.75857,46.96833],[4.75753,46.96859],[4.75774,46.96884],[4.75796,46.96898],[4.75771,46.96904],[4.75807,46.96941],[4.75821,46.96937],[4.75884,46.97024],[4.75888,46.97024],[4.75889,46.97032],[4.75895,46.97031],[4.75905,46.97062],[4.75937,46.97057],[4.75974,46.97117],[4.75979,46.97116],[4.75987,46.97143],[4.76038,46.97137],[4.76064,46.97132],[4.76068,46.9714]]]}},{"type":"Feature","properties":{"id":"climat-pommard-premier-cru-les-poutures","kind":"climat","level":"premier-cru","name":"Les Poutures","full":"Pommard premier cru Les Poutures","app":"Pommard","region":"cote-de-beaune","communes":["Pommard"],"area_ha":4.13,"elev":[247.9,250.9,256.4],"slope":1.9,"slope_pct":3.3,"aspect":78,"aspect_label":"ENE","aspect_hist":[0.027,0.459,0.369,0.143,0.002,0.0,0.0,0.0],"village":null,"white":false},"geometry":{"type":"Polygon","coordinates":[[[4.79504,47.00681],[4.79412,47.00575],[4.7932,47.00596],[4.79209,47.00612],[4.79167,47.00621],[4.79171,47.00634],[4.79193,47.00668],[4.79245,47.00728],[4.7928,47.00762],[4.793,47.00791],[4.79332,47.00826],[4.79378,47.00806],[4.7949,47.00744],[4.79454,47.00715],[4.7951,47.00685],[4.79504,47.00681]]]}},{"type":"Feature","properties":{"id":"climat-chassagne-montrachet-premier-cru-chassagne","kind":"climat","level":"premier-cru","name":"Chassagne","full":"Chassagne-Montrachet premier cru Chassagne","app":"Chassagne-Montrachet","region":"cote-de-beaune","communes":["Chassagne-Montrachet"],"area_ha":4.07,"elev":[247.6,257.3,284.9],"slope":4.8,"slope_pct":8.5,"aspect":117,"aspect_label":"ESE","aspect_hist":[0.001,0.037,0.38,0.524,0.044,0.009,0.003,0.003],"village":"chassagne-montrachet","white":true},"geometry":{"type":"MultiPolygon","coordinates":[[[[4.73076,46.93941],[4.7304,46.93886],[4.7303,46.93888],[4.73029,46.93886],[4.72996,46.93893],[4.73,46.93897],[4.72996,46.93899],[4.72994,46.93896],[4.72978,46.939],[4.72982,46.93905],[4.72938,46.93916],[4.7294,46.93919],[4.73003,46.93907],[4.73038,46.93952],[4.73076,46.93941]]],[[[4.73052,46.93764],[4.73014,46.93713],[4.73008,46.93715],[4.73016,46.93728],[4.72977,46.93741],[4.72996,46.93767],[4.73017,46.93761],[4.73031,46.93779],[4.73031,46.93772],[4.73052,46.93764]]],[[[4.73004,46.93694],[4.72993,46.93681],[4.72991,46.93672],[4.72967,46.93648],[4.72961,46.93635],[4.72932,46.93594],[4.72905,46.93577],[4.72894,46.93566],[4.72868,46.93552],[4.7283,46.9357],[4.72827,46.93567],[4.72823,46.93568],[4.72818,46.93561],[4.72805,46.93553],[4.72777,46.93528],[4.72717,46.93555],[4.72737,46.93573],[4.72724,46.9358],[4.72733,46.93587],[4.72751,46.93579],[4.72755,46.93583],[4.72734,46.93592],[4.72739,46.93596],[4.72749,46.93591],[4.72752,46.93593],[4.72771,46.93584],[4.72778,46.93592],[4.72762,46.936],[4.72777,46.93612],[4.7278,46.93615],[4.72791,46.93611],[4.72795,46.93615],[4.72791,46.93616],[4.72803,46.93628],[4.72821,46.93619],[4.72858,46.93657],[4.72862,46.93657],[4.72869,46.93653],[4.72874,46.93658],[4.72894,46.93651],[4.72917,46.93676],[4.72931,46.93671],[4.72942,46.93684],[4.72952,46.9368],[4.72965,46.93692],[4.7296,46.93695],[4.72959,46.93697],[4.72967,46.93706],[4.72971,46.93706],[4.73004,46.93694]]],[[[4.72919,46.93906],[4.72911,46.93889],[4.72903,46.93889],[4.72866,46.93899],[4.7287,46.93918],[4.72919,46.93906]]],[[[4.7286,46.9373],[4.7284,46.93738],[4.72834,46.93731],[4.72824,46.93734],[4.72808,46.93716],[4.72806,46.93717],[4.72805,46.93715],[4.72787,46.93722],[4.72785,46.9372],[4.72776,46.93723],[4.72772,46.93717],[4.72728,46.93731],[4.72739,46.93751],[4.72736,46.93754],[4.72743,46.93766],[4.72768,46.93795],[4.7277,46.93795],[4.72789,46.93825],[4.72796,46.93827],[4.72857,46.93808],[4.72833,46.93773],[4.72882,46.93758],[4.7286,46.9373]]],[[[4.72589,46.93399],[4.72588,46.93376],[4.72555,46.93343],[4.72553,46.93344],[4.72549,46.9334],[4.72522,46.9335],[4.72518,46.93363],[4.72525,46.93362],[4.72535,46.93391],[4.72546,46.93388],[4.72563,46.93418],[4.72591,46.9341],[4.72587,46.93399],[4.72589,46.93399]]],[[[4.72451,46.9343],[4.72433,46.93404],[4.72404,46.93421],[4.72396,46.93414],[4.72341,46.93435],[4.72353,46.93453],[4.72371,46.93443],[4.72366,46.93439],[4.7237,46.93437],[4.7236,46.93431],[4.72371,46.93425],[4.72376,46.93424],[4.72382,46.93429],[4.72396,46.93422],[4.72412,46.93435],[4.7242,46.93436],[4.72449,46.93432],[4.72451,46.9343]]],[[[4.72392,46.93533],[4.72381,46.93521],[4.7237,46.93525],[4.72355,46.93503],[4.72328,46.93472],[4.72334,46.9347],[4.7233,46.93464],[4.72251,46.93491],[4.72253,46.93498],[4.72231,46.93502],[4.72237,46.93519],[4.72252,46.9354],[4.7228,46.9356],[4.72305,46.93559],[4.72335,46.93553],[4.72392,46.93533]]]]}},{"type":"Feature","properties":{"id":"climat-auxey-duresses-premier-cru-les-grands-champs","kind":"climat","level":"premier-cru","name":"Les Grands Champs","full":"Auxey-Duresses premier cru Les Grands Champs","app":"Auxey-Duresses","region":"cote-de-beaune","communes":["Auxey-Duresses"],"area_ha":4.05,"elev":[255.9,263.2,276.1],"slope":5.8,"slope_pct":10.2,"aspect":160,"aspect_label":"SSE","aspect_hist":[0.0,0.0,0.003,0.399,0.598,0.0,0.0,0.0],"village":"auxey-duresses","white":true},"geometry":{"type":"MultiPolygon","coordinates":[[[[4.75611,46.98817],[4.75505,46.98743],[4.75455,46.98727],[4.75448,46.98748],[4.75417,46.98743],[4.75423,46.98728],[4.75411,46.98726],[4.75389,46.98796],[4.75512,46.98824],[4.75584,46.98849],[4.75611,46.98817]]],[[[4.75412,46.98717],[4.75314,46.987],[4.75254,46.98701],[4.75192,46.98705],[4.75145,46.98701],[4.75143,46.98702],[4.75144,46.98735],[4.75087,46.98736],[4.75087,46.98733],[4.75059,46.98734],[4.75076,46.98838],[4.75124,46.98834],[4.75177,46.98822],[4.75311,46.98799],[4.75355,46.98795],[4.75388,46.98796],[4.75412,46.98717]]]]}},{"type":"Feature","properties":{"id":"climat-saint-aubin-premier-cru-en-la-ranche","kind":"climat","level":"premier-cru","name":"En la Ranché","full":"Saint-Aubin premier cru En la Ranché","app":"Saint-Aubin","region":"cote-de-beaune","communes":["Saint-Aubin"],"area_ha":4.0,"elev":[284.0,309.9,340.2],"slope":15.8,"slope_pct":28.8,"aspect":127,"aspect_label":"SE","aspect_hist":[0.0,0.001,0.132,0.859,0.007,0.0,0.0,0.0],"village":"saint-aubin","white":true},"geometry":{"type":"MultiPolygon","coordinates":[[[[4.7157,46.9549],[4.71545,46.9547],[4.71473,46.95425],[4.71467,46.95426],[4.71423,46.95452],[4.71454,46.95513],[4.7147,46.95529],[4.7157,46.9549]]],[[[4.71493,46.95617],[4.71475,46.95538],[4.71453,46.95514],[4.7142,46.95447],[4.71309,46.95377],[4.71234,46.95428],[4.71249,46.95437],[4.71208,46.95466],[4.71185,46.95491],[4.71201,46.95497],[4.71204,46.95494],[4.71237,46.95507],[4.7128,46.95534],[4.71275,46.95538],[4.71307,46.95559],[4.71316,46.95551],[4.71342,46.95562],[4.71384,46.95585],[4.7138,46.95587],[4.714,46.95617],[4.71411,46.95628],[4.71417,46.95643],[4.7147,46.95641],[4.7149,46.95642],[4.71493,46.95617]]]]}},{"type":"Feature","properties":{"id":"climat-pommard-premier-cru-en-largilliere","kind":"climat","level":"premier-cru","name":"En Largillière","full":"Pommard premier cru En Largillière","app":"Pommard","region":"cote-de-beaune","communes":["Pommard"],"area_ha":3.99,"elev":[253.2,263.4,278.3],"slope":7.2,"slope_pct":12.8,"aspect":137,"aspect_label":"SE","aspect_hist":[0.0,0.0,0.029,0.939,0.031,0.0,0.0,0.0],"village":null,"white":false},"geometry":{"type":"Polygon","coordinates":[[[4.80239,47.01392],[4.80172,47.01371],[4.80104,47.01355],[4.8007,47.01338],[4.80005,47.01321],[4.79951,47.01289],[4.799,47.01297],[4.79881,47.01292],[4.79864,47.01305],[4.79956,47.01379],[4.79928,47.01397],[4.79936,47.01405],[4.79974,47.01455],[4.80011,47.01494],[4.80026,47.01514],[4.80053,47.0154],[4.80076,47.0157],[4.80155,47.01522],[4.80122,47.01507],[4.80233,47.01438],[4.80209,47.01421],[4.80239,47.01395],[4.80239,47.01392]]]}},{"type":"Feature","properties":{"id":"climat-saint-aubin-premier-cru-les-travers-de-marinot","kind":"climat","level":"premier-cru","name":"Les Travers de Marinot","full":"Saint-Aubin premier cru Les Travers de Marinot","app":"Saint-Aubin","region":"cote-de-beaune","communes":["Saint-Aubin"],"area_ha":3.99,"elev":[322.4,343.4,373.0],"slope":28.4,"slope_pct":55.4,"aspect":138,"aspect_label":"SE","aspect_hist":[0.0,0.009,0.057,0.88,0.054,0.0,0.0,0.0],"village":"saint-aubin","white":true},"geometry":{"type":"Polygon","coordinates":[[[4.71408,46.95688],[4.71424,46.9566],[4.71417,46.95643],[4.71411,46.95628],[4.714,46.95617],[4.7138,46.95587],[4.71384,46.95585],[4.71342,46.95562],[4.71316,46.95551],[4.71307,46.95559],[4.71301,46.95556],[4.71275,46.95538],[4.7128,46.95534],[4.71237,46.95507],[4.71204,46.95494],[4.71201,46.95497],[4.71165,46.95483],[4.71187,46.95461],[4.71192,46.9546],[4.71175,46.9545],[4.71173,46.95452],[4.71162,46.9545],[4.71123,46.95428],[4.71117,46.95433],[4.71107,46.95429],[4.71111,46.95425],[4.7109,46.95412],[4.71071,46.95405],[4.71052,46.95389],[4.71031,46.95379],[4.71013,46.95364],[4.70993,46.95345],[4.70967,46.95326],[4.70899,46.95297],[4.70893,46.95291],[4.70888,46.95289],[4.70812,46.95269],[4.70771,46.95316],[4.7077,46.9532],[4.70791,46.95336],[4.70894,46.95378],[4.71026,46.95465],[4.71119,46.95515],[4.71124,46.95511],[4.71164,46.95523],[4.71196,46.95541],[4.71208,46.95551],[4.71211,46.95558],[4.71235,46.95565],[4.7129,46.95585],[4.71315,46.95602],[4.71322,46.95603],[4.71336,46.95613],[4.71347,46.95629],[4.71368,46.95644],[4.7137,46.95649],[4.71362,46.95668],[4.71396,46.95699],[4.71408,46.95688]]]}},{"type":"Feature","properties":{"id":"climat-pommard-premier-cru-clos-blanc","kind":"climat","level":"premier-cru","name":"Clos Blanc","full":"Pommard premier cru Clos Blanc","app":"Pommard","region":"cote-de-beaune","communes":["Pommard"],"area_ha":3.99,"elev":[246.2,249.0,253.5],"slope":2.0,"slope_pct":3.5,"aspect":135,"aspect_label":"SE","aspect_hist":[0.009,0.074,0.234,0.383,0.149,0.092,0.059,0.0],"village":null,"white":false},"geometry":{"type":"MultiPolygon","coordinates":[[[[4.79761,47.01019],[4.7978,47.01047],[4.79785,47.01061],[4.79809,47.011],[4.79827,47.0114],[4.79856,47.01191],[4.80034,47.01127],[4.80127,47.01091],[4.80077,47.01072],[4.79976,47.01027],[4.79904,47.00999],[4.79855,47.00965],[4.79822,47.00971],[4.79755,47.00975],[4.79731,47.0098],[4.79726,47.00985],[4.79761,47.01019]]],[[[4.80011,47.01142],[4.79908,47.01181],[4.79869,47.01195],[4.79961,47.01191],[4.79977,47.0119],[4.79993,47.01184],[4.80006,47.01178],[4.80051,47.01146],[4.80111,47.01111],[4.80109,47.01109],[4.80011,47.01142]]]]}},{"type":"Feature","properties":{"id":"climat-monthelie-premier-cru-les-riottes","kind":"climat","level":"premier-cru","name":"Les Riottes","full":"Monthélie premier cru Les Riottes","app":"Monthélie","region":"cote-de-beaune","communes":["Monthelie"],"area_ha":3.97,"elev":[299.0,313.7,329.0],"slope":5.7,"slope_pct":9.9,"aspect":163,"aspect_label":"SSE","aspect_hist":[0.0,0.0,0.0,0.399,0.532,0.069,0.0,0.0],"village":null,"white":true},"geometry":{"type":"Polygon","coordinates":[[[4.76976,46.99681],[4.77052,46.99677],[4.77034,46.99621],[4.77029,46.99585],[4.76988,46.99564],[4.76976,46.9956],[4.76962,46.99561],[4.76963,46.99556],[4.76957,46.99547],[4.76911,46.99519],[4.76911,46.99515],[4.76906,46.9951],[4.76847,46.99466],[4.768,46.99446],[4.76779,46.99434],[4.76766,46.99432],[4.7676,46.99437],[4.76758,46.99524],[4.76764,46.99572],[4.76776,46.99612],[4.76815,46.99695],[4.76833,46.99696],[4.76976,46.99681]]]}},{"type":"Feature","properties":{"id":"climat-santenay-premier-cru-clos-faubard","kind":"climat","level":"premier-cru","name":"Clos Faubard","full":"Santenay premier cru Clos Faubard","app":"Santenay","region":"cote-de-beaune","communes":["Santenay"],"area_ha":3.97,"elev":[273.9,289.2,305.6],"slope":10.2,"slope_pct":18.1,"aspect":154,"aspect_label":"SSE","aspect_hist":[0.0,0.0,0.008,0.583,0.397,0.013,0.0,0.0],"village":null,"white":true},"geometry":{"type":"Polygon","coordinates":[[[4.70608,46.91898],[4.70609,46.91892],[4.70581,46.91867],[4.7054,46.91822],[4.70494,46.91763],[4.70484,46.91746],[4.70478,46.91739],[4.7047,46.91736],[4.70473,46.91732],[4.70424,46.91677],[4.70425,46.9167],[4.70423,46.91667],[4.70355,46.91643],[4.70295,46.91626],[4.70247,46.91621],[4.70248,46.91648],[4.70234,46.91677],[4.70229,46.91698],[4.70232,46.91699],[4.70228,46.91746],[4.70231,46.91773],[4.70251,46.91779],[4.70257,46.91784],[4.70293,46.91797],[4.70342,46.9181],[4.70374,46.91822],[4.70405,46.91829],[4.70409,46.91825],[4.7042,46.91828],[4.70419,46.9183],[4.70425,46.9183],[4.70452,46.91844],[4.70468,46.91855],[4.70517,46.91872],[4.70518,46.9187],[4.70529,46.91873],[4.70528,46.91875],[4.70539,46.9188],[4.70537,46.91882],[4.70543,46.91888],[4.70547,46.91889],[4.70549,46.91887],[4.70579,46.91901],[4.70581,46.919],[4.70594,46.91901],[4.70608,46.91898]]]}},{"type":"Feature","properties":{"id":"climat-saint-aubin-premier-cru-derriere-chez-edouard","kind":"climat","level":"premier-cru","name":"Derrière Chez Edouard","full":"Saint-Aubin premier cru Derrière Chez Edouard","app":"Saint-Aubin","region":"cote-de-beaune","communes":["Saint-Aubin"],"area_ha":3.95,"elev":[306.2,327.7,378.1],"slope":14.5,"slope_pct":26.4,"aspect":116,"aspect_label":"ESE","aspect_hist":[0.0,0.0,0.495,0.503,0.001,0.0,0.0,0.0],"village":"saint-aubin","white":true},"geometry":{"type":"Polygon","coordinates":[[[4.70843,46.95204],[4.70899,46.95165],[4.70889,46.95156],[4.70894,46.95152],[4.70838,46.951],[4.70835,46.95102],[4.70825,46.95088],[4.70819,46.95091],[4.7081,46.95082],[4.708,46.95087],[4.70775,46.95066],[4.70798,46.95052],[4.70789,46.95043],[4.70774,46.95049],[4.70741,46.95004],[4.70724,46.94995],[4.70624,46.9506],[4.70614,46.95058],[4.70592,46.9507],[4.70576,46.95066],[4.70561,46.95074],[4.70554,46.95084],[4.7051,46.9512],[4.70513,46.95127],[4.7051,46.9513],[4.70513,46.95132],[4.70526,46.95122],[4.70551,46.95138],[4.70562,46.95134],[4.70578,46.95149],[4.70581,46.95147],[4.70593,46.95157],[4.70588,46.9516],[4.70604,46.95175],[4.70617,46.95168],[4.70638,46.95194],[4.70633,46.95196],[4.70635,46.95199],[4.70671,46.95188],[4.70676,46.95195],[4.70677,46.95205],[4.70671,46.95206],[4.70683,46.95215],[4.70689,46.9523],[4.707,46.95229],[4.70799,46.95199],[4.70812,46.95215],[4.70843,46.95204]]]}},{"type":"Feature","properties":{"id":"climat-puligny-montrachet-premier-cru-clos-de-la-mouchere","kind":"climat","level":"premier-cru","name":"Clos de la Mouchère","full":"Puligny-Montrachet premier cru Clos de la Mouchère","app":"Puligny-Montrachet","region":"cote-de-beaune","communes":["Puligny-Montrachet"],"area_ha":3.94,"elev":[236.1,243.6,254.9],"slope":4.4,"slope_pct":7.7,"aspect":132,"aspect_label":"SE","aspect_hist":[0.0,0.0,0.032,0.96,0.008,0.0,0.0,0.0],"village":"puligny-montrachet","white":true},"geometry":{"type":"Polygon","coordinates":[[[4.74539,46.95306],[4.74605,46.954],[4.7468,46.95436],[4.74744,46.95414],[4.74897,46.95292],[4.74783,46.95242],[4.7471,46.95205],[4.74688,46.95213],[4.74542,46.95298],[4.74539,46.95306]]]}},{"type":"Feature","properties":{"id":"climat-chassagne-montrachet-premier-cru-les-grands-clos","kind":"climat","level":"premier-cru","name":"Les Grands Clos","full":"Chassagne-Montrachet premier cru Les Grands Clos","app":"Chassagne-Montrachet","region":"cote-de-beaune","communes":["Chassagne-Montrachet"],"area_ha":3.93,"elev":[242.3,248.3,255.4],"slope":4.4,"slope_pct":7.7,"aspect":107,"aspect_label":"ESE","aspect_hist":[0.001,0.072,0.473,0.437,0.008,0.001,0.002,0.006],"village":"chassagne-montrachet","white":true},"geometry":{"type":"Polygon","coordinates":[[[4.7198,46.92637],[4.72051,46.92612],[4.72031,46.926],[4.71988,46.92561],[4.71945,46.92507],[4.71857,46.92422],[4.71694,46.92481],[4.71754,46.92563],[4.71812,46.92621],[4.7185,46.92686],[4.7186,46.92685],[4.71882,46.92678],[4.7198,46.92637]]]}},{"type":"Feature","properties":{"id":"climat-beaune-premier-cru-sur-les-greves","kind":"climat","level":"premier-cru","name":"Sur les Grèves","full":"Beaune premier cru Sur les Grèves","app":"Beaune","region":"cote-de-beaune","communes":["Beaune"],"area_ha":3.83,"elev":[256.0,282.9,306.6],"slope":12.9,"slope_pct":23.2,"aspect":113,"aspect_label":"ESE","aspect_hist":[0.0,0.014,0.528,0.448,0.011,0.0,0.0,0.0],"village":null,"white":true},"geometry":{"type":"Polygon","coordinates":[[[4.82102,47.03248],[4.82117,47.03231],[4.82115,47.03229],[4.82097,47.03237],[4.82069,47.032],[4.82058,47.0318],[4.82028,47.03189],[4.81973,47.03115],[4.81961,47.03122],[4.81922,47.03103],[4.81913,47.03107],[4.81903,47.03107],[4.81902,47.03125],[4.81905,47.03125],[4.81908,47.03131],[4.8191,47.03142],[4.81917,47.03145],[4.81929,47.03142],[4.81894,47.0316],[4.81928,47.03185],[4.81878,47.03201],[4.81907,47.0323],[4.81918,47.03248],[4.81917,47.03255],[4.8184,47.03265],[4.8187,47.03322],[4.81917,47.03314],[4.81922,47.03324],[4.81903,47.03327],[4.81915,47.03348],[4.81944,47.03384],[4.81908,47.03396],[4.81921,47.03418],[4.81952,47.03427],[4.82002,47.03418],[4.82015,47.03411],[4.82024,47.03398],[4.82056,47.03329],[4.82102,47.03248]]]}},{"type":"Feature","properties":{"id":"climat-pommard-premier-cru-les-saussilles","kind":"climat","level":"premier-cru","name":"Les Saussilles","full":"Pommard premier cru Les Saussilles","app":"Pommard","region":"cote-de-beaune","communes":["Pommard"],"area_ha":3.83,"elev":[254.7,271.4,290.2],"slope":7.2,"slope_pct":12.8,"aspect":151,"aspect_label":"SSE","aspect_hist":[0.0,0.055,0.182,0.267,0.41,0.086,0.0,0.0],"village":null,"white":false},"geometry":{"type":"Polygon","coordinates":[[[4.80556,47.01567],[4.80499,47.01557],[4.80484,47.01558],[4.80472,47.01578],[4.80467,47.01597],[4.8045,47.01613],[4.80414,47.0164],[4.80403,47.01627],[4.80312,47.01683],[4.80308,47.0168],[4.80218,47.0173],[4.80168,47.01752],[4.80153,47.01762],[4.80151,47.01775],[4.80139,47.01806],[4.80129,47.01817],[4.8013,47.0182],[4.80174,47.0185],[4.80186,47.01851],[4.80217,47.01845],[4.80288,47.018],[4.8031,47.01788],[4.80328,47.01777],[4.80326,47.01775],[4.80347,47.01761],[4.80442,47.01723],[4.80473,47.01712],[4.80479,47.01712],[4.80486,47.01708],[4.80496,47.01699],[4.8051,47.01673],[4.80531,47.01646],[4.80588,47.01603],[4.80612,47.0159],[4.80594,47.0158],[4.80556,47.01567]]]}},{"type":"Feature","properties":{"id":"climat-pernand-vergelesses-premier-cru-creux-de-la-net","kind":"climat","level":"premier-cru","name":"Creux de la Net","full":"Pernand-Vergelesses premier cru Creux de la Net","app":"Pernand-Vergelesses","region":"cote-de-beaune","communes":["Pernand-Vergelesses"],"area_ha":3.81,"elev":[271.5,291.1,322.2],"slope":9.4,"slope_pct":16.7,"aspect":105,"aspect_label":"ESE","aspect_hist":[0.001,0.046,0.753,0.189,0.011,0.0,0.0,0.0],"village":"pernand-vergelesses","white":true},"geometry":{"type":"MultiPolygon","coordinates":[[[[4.84712,47.06995],[4.84695,47.06975],[4.84662,47.06953],[4.84423,47.07006],[4.84396,47.07008],[4.84411,47.07042],[4.84418,47.07096],[4.84445,47.07097],[4.84508,47.07104],[4.84604,47.07122],[4.84621,47.07121],[4.84667,47.07112],[4.84768,47.07089],[4.8477,47.07084],[4.84745,47.07054],[4.84712,47.06995]]],[[[4.84413,47.07135],[4.84546,47.07122],[4.84587,47.07123],[4.84507,47.07107],[4.84418,47.07098],[4.84413,47.07135]]]]}},{"type":"Feature","properties":{"id":"climat-chassagne-montrachet-premier-cru-vigne-derriere","kind":"climat","level":"premier-cru","name":"Vigne Derrière","full":"Chassagne-Montrachet premier cru Vigne Derrière","app":"Chassagne-Montrachet","region":"cote-de-beaune","communes":["Chassagne-Montrachet"],"area_ha":3.78,"elev":[252.6,266.2,288.5],"slope":8.1,"slope_pct":14.4,"aspect":108,"aspect_label":"ESE","aspect_hist":[0.0,0.009,0.659,0.308,0.017,0.007,0.0,0.0],"village":"chassagne-montrachet","white":true},"geometry":{"type":"Polygon","coordinates":[[[4.72514,46.93346],[4.72514,46.93331],[4.72512,46.93324],[4.72493,46.93301],[4.72441,46.93255],[4.72294,46.93305],[4.72185,46.93339],[4.7219,46.93354],[4.72203,46.93372],[4.72206,46.93372],[4.72219,46.93388],[4.72216,46.9339],[4.72217,46.93394],[4.72191,46.934],[4.72209,46.93432],[4.72228,46.93484],[4.72231,46.93502],[4.72253,46.93498],[4.72251,46.93491],[4.72354,46.93456],[4.72341,46.93435],[4.72357,46.93428],[4.72396,46.93414],[4.72404,46.93421],[4.72433,46.93402],[4.72497,46.93381],[4.72502,46.93378],[4.72514,46.93346]]]}},{"type":"Feature","properties":{"id":"climat-pommard-premier-cru-clos-de-la-commaraine","kind":"climat","level":"premier-cru","name":"Clos de la Commaraine","full":"Pommard premier cru Clos de la Commaraine","app":"Pommard","region":"cote-de-beaune","communes":["Pommard"],"area_ha":3.75,"elev":[250.1,255.0,262.3],"slope":2.8,"slope_pct":4.9,"aspect":180,"aspect_label":"S","aspect_hist":[0.0,0.0,0.0,0.055,0.815,0.127,0.002,0.002],"village":null,"white":false},"geometry":{"type":"Polygon","coordinates":[[[4.7945,47.01093],[4.79401,47.01115],[4.7943,47.01139],[4.79508,47.01223],[4.79519,47.01243],[4.79546,47.01266],[4.79571,47.01274],[4.79577,47.01274],[4.79646,47.01265],[4.797,47.01262],[4.79725,47.01252],[4.79768,47.01228],[4.79764,47.01219],[4.79727,47.01187],[4.79699,47.01175],[4.79643,47.01108],[4.79584,47.01052],[4.79568,47.01046],[4.79491,47.01088],[4.79486,47.01085],[4.79477,47.0109],[4.79475,47.01088],[4.79471,47.0109],[4.79468,47.01087],[4.79462,47.01089],[4.79458,47.01085],[4.79447,47.0109],[4.7945,47.01093]]]}},{"type":"Feature","properties":{"id":"climat-volnay-premier-cru-le-ronceret","kind":"climat","level":"premier-cru","name":"Le Ronceret","full":"Volnay premier cru Le Ronceret","app":"Volnay","region":"cote-de-beaune","communes":["Volnay"],"area_ha":3.61,"elev":[240.4,245.9,251.7],"slope":3.3,"slope_pct":5.7,"aspect":130,"aspect_label":"SE","aspect_hist":[0.0,0.0,0.159,0.765,0.075,0.001,0.0,0.0],"village":null,"white":false},"geometry":{"type":"Polygon","coordinates":[[[4.78685,46.99553],[4.78676,46.99541],[4.78679,46.9954],[4.78675,46.99533],[4.78667,46.99524],[4.78631,46.99498],[4.78618,46.99478],[4.78602,46.99461],[4.78566,46.99429],[4.78559,46.99432],[4.78538,46.99413],[4.78546,46.99409],[4.78529,46.99398],[4.78573,46.99337],[4.78538,46.99299],[4.78366,46.99367],[4.78441,46.99458],[4.78482,46.99494],[4.78505,46.99518],[4.78582,46.99628],[4.78633,46.99605],[4.7868,46.99579],[4.78684,46.99572],[4.78685,46.99553]]]}},{"type":"Feature","properties":{"id":"climat-chassagne-montrachet-premier-cru-les-baudines","kind":"climat","level":"premier-cru","name":"Les Baudines","full":"Chassagne-Montrachet premier cru Les Baudines","app":"Chassagne-Montrachet","region":"cote-de-beaune","communes":["Chassagne-Montrachet"],"area_ha":3.58,"elev":[285.0,306.6,335.8],"slope":12.2,"slope_pct":22.0,"aspect":160,"aspect_label":"SSE","aspect_hist":[0.0,0.0,0.004,0.452,0.538,0.005,0.001,0.0],"village":"chassagne-montrachet","white":true},"geometry":{"type":"Polygon","coordinates":[[[4.71198,46.92642],[4.71342,46.92614],[4.71336,46.92611],[4.71297,46.92567],[4.71262,46.92537],[4.71298,46.92514],[4.71329,46.92503],[4.71313,46.92486],[4.71279,46.92441],[4.71276,46.92443],[4.7127,46.92436],[4.71274,46.92433],[4.71266,46.92422],[4.71257,46.92426],[4.71259,46.9243],[4.7125,46.92435],[4.71238,46.92437],[4.71198,46.9246],[4.71194,46.92466],[4.71166,46.92479],[4.71168,46.9248],[4.71131,46.92506],[4.71082,46.92527],[4.71038,46.9255],[4.70999,46.92564],[4.7097,46.92569],[4.70991,46.92589],[4.71023,46.92614],[4.71061,46.92618],[4.71104,46.92637],[4.71198,46.92642]]]}},{"type":"Feature","properties":{"id":"climat-meursault-premier-cru-les-cras","kind":"climat","level":"premier-cru","name":"Les Cras","full":"Meursault premier cru Les Cras","app":"Meursault","region":"cote-de-beaune","communes":["Meursault"],"area_ha":3.55,"elev":[265.5,275.4,285.3],"slope":6.9,"slope_pct":12.2,"aspect":141,"aspect_label":"SE","aspect_hist":[0.0,0.0,0.004,0.923,0.053,0.013,0.006,0.0],"village":"meursault","white":true},"geometry":{"type":"Polygon","coordinates":[[[4.77486,46.99002],[4.77433,46.98955],[4.7741,46.9893],[4.77456,46.98893],[4.77405,46.98861],[4.77388,46.98872],[4.77383,46.98878],[4.77357,46.98898],[4.77355,46.98898],[4.7735,46.98887],[4.77344,46.98881],[4.7734,46.98879],[4.77331,46.98879],[4.77317,46.98869],[4.77354,46.98844],[4.77334,46.98833],[4.77296,46.98804],[4.77283,46.98788],[4.77258,46.98807],[4.77266,46.988],[4.77231,46.98778],[4.7725,46.98766],[4.77188,46.98732],[4.77182,46.98731],[4.77128,46.98749],[4.77153,46.98792],[4.77152,46.98834],[4.77168,46.98872],[4.77204,46.98911],[4.77242,46.98942],[4.77269,46.98961],[4.77357,46.9892],[4.77373,46.98935],[4.77294,46.98979],[4.77322,46.99],[4.77342,46.98986],[4.77386,46.99005],[4.77394,46.99004],[4.77401,46.99017],[4.77408,46.99017],[4.77424,46.99015],[4.77461,46.99004],[4.77469,46.99008],[4.77486,46.99002]]]}},{"type":"Feature","properties":{"id":"climat-puligny-montrachet-premier-cru-les-perrieres","kind":"climat","level":"premier-cru","name":"Les Perrières","full":"Puligny-Montrachet premier cru Les Perrières","app":"Puligny-Montrachet","region":"cote-de-beaune","communes":["Puligny-Montrachet"],"area_ha":3.53,"elev":[236.0,239.7,248.4],"slope":3.5,"slope_pct":6.2,"aspect":144,"aspect_label":"SE","aspect_hist":[0.0,0.0,0.017,0.91,0.073,0.0,0.0,0.0],"village":"puligny-montrachet","white":true},"geometry":{"type":"Polygon","coordinates":[[[4.75158,46.9541],[4.74997,46.95329],[4.74943,46.95313],[4.74904,46.95295],[4.74784,46.95389],[4.74816,46.95411],[4.74833,46.95419],[4.74868,46.95432],[4.7493,46.95462],[4.74965,46.95473],[4.74974,46.95474],[4.74961,46.95488],[4.75023,46.95528],[4.75077,46.95491],[4.7506,46.9548],[4.75158,46.9541]]]}},{"type":"Feature","properties":{"id":"climat-pommard-premier-cru-les-bertins","kind":"climat","level":"premier-cru","name":"Les Bertins","full":"Pommard premier cru Les Bertins","app":"Pommard","region":"cote-de-beaune","communes":["Pommard"],"area_ha":3.52,"elev":[249.4,252.9,258.0],"slope":2.7,"slope_pct":4.7,"aspect":123,"aspect_label":"ESE","aspect_hist":[0.0,0.002,0.228,0.741,0.03,0.0,0.0,0.0],"village":null,"white":false},"geometry":{"type":"Polygon","coordinates":[[[4.7941,47.00572],[4.79372,47.00519],[4.79361,47.00509],[4.79346,47.00498],[4.79307,47.00475],[4.79176,47.00425],[4.79133,47.004],[4.79063,47.00427],[4.79062,47.00448],[4.79043,47.00473],[4.79048,47.00481],[4.79054,47.00479],[4.79093,47.0053],[4.79118,47.00534],[4.79135,47.00531],[4.79146,47.00534],[4.79173,47.00559],[4.79176,47.00574],[4.79165,47.00596],[4.79164,47.00618],[4.79213,47.00608],[4.79239,47.00606],[4.7932,47.00593],[4.7941,47.00572]]]}},{"type":"Feature","properties":{"id":"climat-saint-aubin-premier-cru-en-montceau","kind":"climat","level":"premier-cru","name":"En Montceau","full":"Saint-Aubin premier cru En Montceau","app":"Saint-Aubin","region":"cote-de-beaune","communes":["Saint-Aubin"],"area_ha":3.42,"elev":[294.5,313.2,324.2],"slope":9.5,"slope_pct":16.9,"aspect":250,"aspect_label":"WSW","aspect_hist":[0.0,0.0,0.0,0.0,0.021,0.568,0.385,0.026],"village":"saint-aubin","white":true},"geometry":{"type":"Polygon","coordinates":[[[4.72482,46.95574],[4.72569,46.95477],[4.72539,46.95474],[4.72501,46.95474],[4.72446,46.95456],[4.72348,46.95484],[4.72287,46.95498],[4.72269,46.95505],[4.72255,46.95518],[4.72249,46.95525],[4.72248,46.95532],[4.72252,46.95581],[4.72312,46.95587],[4.72349,46.95603],[4.72352,46.95607],[4.72355,46.95636],[4.72358,46.95635],[4.72364,46.95647],[4.72334,46.95655],[4.72365,46.95694],[4.72358,46.95696],[4.72365,46.9571],[4.72421,46.95699],[4.72428,46.95695],[4.72445,46.95645],[4.72482,46.95574]]]}},{"type":"Feature","properties":{"id":"climat-saint-aubin-premier-cru-bas-de-vermarain-a-l-est","kind":"climat","level":"premier-cru","name":"Bas de Vermarain à l'Est","full":"Saint-Aubin premier cru Bas de Vermarain à l'Est","app":"Saint-Aubin","region":"cote-de-beaune","communes":["Saint-Aubin"],"area_ha":3.42,"elev":[285.9,302.3,332.7],"slope":13.5,"slope_pct":24.8,"aspect":184,"aspect_label":"S","aspect_hist":[0.0,0.004,0.094,0.218,0.619,0.066,0.0,0.0],"village":"saint-aubin","white":true},"geometry":{"type":"Polygon","coordinates":[[[4.7172,46.95882],[4.71736,46.95881],[4.71728,46.95865],[4.71629,46.95774],[4.71508,46.95828],[4.71416,46.95862],[4.7136,46.95893],[4.7129,46.95911],[4.71258,46.95915],[4.71272,46.95957],[4.71276,46.95991],[4.71306,46.95985],[4.71304,46.95979],[4.7133,46.95977],[4.71329,46.95968],[4.71359,46.95964],[4.71361,46.9597],[4.71378,46.95967],[4.71392,46.95963],[4.71391,46.95959],[4.71429,46.9595],[4.71431,46.95955],[4.71439,46.95955],[4.71455,46.95949],[4.71452,46.95943],[4.71472,46.95939],[4.71474,46.95944],[4.71497,46.95936],[4.71494,46.95928],[4.71501,46.95926],[4.71504,46.95931],[4.71521,46.95928],[4.71518,46.95924],[4.71549,46.95916],[4.71551,46.95914],[4.71558,46.95912],[4.71582,46.95907],[4.71592,46.95921],[4.71624,46.95914],[4.71617,46.95899],[4.7162,46.95892],[4.71642,46.9589],[4.71659,46.95884],[4.71648,46.95868],[4.71668,46.95862],[4.71692,46.95895],[4.71722,46.95887],[4.7172,46.95882]]]}},{"type":"Feature","properties":{"id":"climat-saint-aubin-premier-cru-pitangeret","kind":"climat","level":"premier-cru","name":"Pitangeret","full":"Saint-Aubin premier cru Pitangeret","app":"Saint-Aubin","region":"cote-de-beaune","communes":["Saint-Aubin"],"area_ha":3.38,"elev":[244.6,255.3,266.5],"slope":6.7,"slope_pct":11.9,"aspect":60,"aspect_label":"ENE","aspect_hist":[0.037,0.484,0.44,0.039,0.0,0.0,0.0,0.0],"village":"saint-aubin","white":true},"geometry":{"type":"Polygon","coordinates":[[[4.72958,46.94437],[4.73076,46.94387],[4.73068,46.94382],[4.73037,46.94337],[4.72935,46.94351],[4.72915,46.94334],[4.72867,46.94349],[4.72834,46.94362],[4.72824,46.94362],[4.72769,46.94377],[4.72735,46.94383],[4.72692,46.94384],[4.72691,46.94387],[4.72713,46.94389],[4.72717,46.94396],[4.72717,46.94406],[4.72707,46.94433],[4.72707,46.94459],[4.72717,46.94484],[4.72732,46.94484],[4.7274,46.94497],[4.72738,46.94507],[4.72742,46.94507],[4.72737,46.94526],[4.72764,46.94535],[4.72779,46.94538],[4.72779,46.9454],[4.72789,46.94544],[4.72794,46.9455],[4.72795,46.94548],[4.72806,46.94553],[4.72815,46.94542],[4.72799,46.94535],[4.72818,46.94513],[4.72825,46.94509],[4.72837,46.94508],[4.72847,46.94497],[4.72837,46.94489],[4.72839,46.94486],[4.72849,46.94487],[4.72861,46.94475],[4.72874,46.94468],[4.72877,46.9447],[4.72883,46.94466],[4.72887,46.94468],[4.72912,46.94453],[4.7294,46.94448],[4.72958,46.94437]]]}},{"type":"Feature","properties":{"id":"climat-monthelie-premier-cru-les-clous","kind":"climat","level":"premier-cru","name":"Les Clous","full":"Monthélie premier cru Les Clous","app":"Monthélie","region":"cote-de-beaune","communes":["Monthelie"],"area_ha":3.38,"elev":[268.5,277.8,295.8],"slope":7.4,"slope_pct":13.1,"aspect":148,"aspect_label":"SSE","aspect_hist":[0.0,0.0,0.008,0.749,0.243,0.0,0.0,0.0],"village":null,"white":true},"geometry":{"type":"Polygon","coordinates":[[[4.76022,46.99582],[4.76136,46.99527],[4.76087,46.99463],[4.76018,46.99412],[4.75986,46.99379],[4.75914,46.9941],[4.75827,46.99438],[4.75831,46.99444],[4.75808,46.99517],[4.75819,46.99518],[4.75852,46.9953],[4.75901,46.99552],[4.75951,46.99587],[4.75985,46.99566],[4.75993,46.99572],[4.76006,46.99565],[4.76022,46.99582]]]}},{"type":"Feature","properties":{"id":"climat-chassagne-montrachet-premier-cru-la-romanee","kind":"climat","level":"premier-cru","name":"La Romanée","full":"Chassagne-Montrachet premier cru La Romanée","app":"Chassagne-Montrachet","region":"cote-de-beaune","communes":["Chassagne-Montrachet"],"area_ha":3.36,"elev":[257.5,284.8,315.8],"slope":14.3,"slope_pct":25.7,"aspect":130,"aspect_label":"SE","aspect_hist":[0.0,0.012,0.215,0.657,0.11,0.005,0.001,0.0],"village":"chassagne-montrachet","white":true},"geometry":{"type":"Polygon","coordinates":[[[4.71893,46.92794],[4.71897,46.92781],[4.71886,46.9275],[4.71881,46.9274],[4.71859,46.92716],[4.71835,46.92699],[4.71752,46.9269],[4.71734,46.92681],[4.71725,46.92684],[4.7172,46.92682],[4.71707,46.92686],[4.71691,46.92702],[4.71685,46.92712],[4.71659,46.92728],[4.71643,46.92752],[4.71633,46.92755],[4.71627,46.92753],[4.71619,46.92744],[4.71585,46.92749],[4.71575,46.92755],[4.71555,46.92762],[4.7153,46.92779],[4.71518,46.9279],[4.71517,46.92794],[4.71522,46.928],[4.71527,46.92813],[4.71529,46.9281],[4.71545,46.92814],[4.71596,46.92847],[4.71648,46.92875],[4.71673,46.9286],[4.71643,46.92813],[4.71651,46.92809],[4.71662,46.92812],[4.71677,46.92807],[4.71689,46.92812],[4.71708,46.92805],[4.71725,46.92826],[4.7177,46.9282],[4.71772,46.92822],[4.71829,46.92838],[4.71835,46.92835],[4.7185,46.92838],[4.71873,46.92835],[4.71888,46.92829],[4.71866,46.92812],[4.71881,46.92806],[4.71893,46.92794]]]}},{"type":"Feature","properties":{"id":"climat-beaune-premier-cru-clos-de-la-mousse","kind":"climat","level":"premier-cru","name":"Clos de la Mousse","full":"Beaune premier cru Clos de la Mousse","app":"Beaune","region":"cote-de-beaune","communes":["Beaune"],"area_ha":3.36,"elev":[231.5,238.4,241.2],"slope":2.3,"slope_pct":4.1,"aspect":127,"aspect_label":"SE","aspect_hist":[0.009,0.101,0.096,0.391,0.374,0.009,0.009,0.011],"village":null,"white":true},"geometry":{"type":"Polygon","coordinates":[[[4.82183,47.02709],[4.82263,47.02674],[4.82186,47.0257],[4.82153,47.02514],[4.82135,47.02489],[4.82105,47.02507],[4.82051,47.02554],[4.82,47.0259],[4.81984,47.02606],[4.81985,47.02617],[4.82002,47.02642],[4.82024,47.02683],[4.82026,47.027],[4.8206,47.02745],[4.82183,47.02709]]]}},{"type":"Feature","properties":{"id":"climat-ladoix-premier-cru-bois-roussot","kind":"climat","level":"premier-cru","name":"Bois Roussot","full":"Ladoix premier cru Bois Roussot","app":"Ladoix","region":"cote-de-beaune","communes":["Ladoix-Serrigny"],"area_ha":3.35,"elev":[244.3,261.3,283.0],"slope":8.0,"slope_pct":14.0,"aspect":114,"aspect_label":"ESE","aspect_hist":[0.0,0.001,0.479,0.52,0.0,0.0,0.0,0.0],"village":null,"white":true},"geometry":{"type":"Polygon","coordinates":[[[4.87754,47.07987],[4.87748,47.07966],[4.87713,47.07878],[4.87706,47.07879],[4.87696,47.07856],[4.87688,47.07826],[4.87609,47.07847],[4.87624,47.07856],[4.87587,47.07867],[4.87552,47.07885],[4.87462,47.07925],[4.87491,47.07949],[4.8754,47.07997],[4.87422,47.08036],[4.87452,47.08064],[4.87465,47.08082],[4.8747,47.08097],[4.87502,47.08094],[4.87533,47.08089],[4.87598,47.08067],[4.87592,47.08062],[4.87561,47.08009],[4.877,47.07964],[4.87716,47.07995],[4.87722,47.07992],[4.87754,47.07987]]]}},{"type":"Feature","properties":{"id":"climat-puligny-montrachet-premier-cru-le-cailleret","kind":"climat","level":"premier-cru","name":"Le Cailleret","full":"Puligny-Montrachet premier cru Le Cailleret","app":"Puligny-Montrachet","region":"cote-de-beaune","communes":["Puligny-Montrachet"],"area_ha":3.32,"elev":[250.8,256.1,262.9],"slope":5.0,"slope_pct":8.7,"aspect":110,"aspect_label":"ESE","aspect_hist":[0.0,0.0,0.63,0.37,0.0,0.0,0.0,0.0],"village":"puligny-montrachet","white":true},"geometry":{"type":"Polygon","coordinates":[[[4.74255,46.94998],[4.74182,46.94892],[4.74167,46.94845],[4.74147,46.9481],[4.74104,46.9476],[4.73977,46.94813],[4.74012,46.94899],[4.74019,46.94897],[4.7403,46.94918],[4.74037,46.94916],[4.74089,46.95009],[4.74107,46.9503],[4.74194,46.95016],[4.74255,46.94998]]]}},{"type":"Feature","properties":{"id":"climat-pommard-premier-cru-les-jarolieres","kind":"climat","level":"premier-cru","name":"Les Jarolières","full":"Pommard premier cru Les Jarolières","app":"Pommard","region":"cote-de-beaune","communes":["Pommard"],"area_ha":3.25,"elev":[264.6,271.2,284.3],"slope":5.1,"slope_pct":9.0,"aspect":108,"aspect_label":"ESE","aspect_hist":[0.0,0.0,0.724,0.276,0.0,0.0,0.0,0.0],"village":null,"white":false},"geometry":{"type":"Polygon","coordinates":[[[4.78853,47.00464],[4.78828,47.00437],[4.78811,47.00407],[4.78664,47.00455],[4.78656,47.00443],[4.78597,47.00461],[4.78613,47.00482],[4.78613,47.00486],[4.7863,47.00506],[4.78654,47.00525],[4.78672,47.00544],[4.78684,47.00544],[4.78719,47.00535],[4.78745,47.00552],[4.78777,47.00567],[4.78841,47.00617],[4.78852,47.00622],[4.78874,47.00632],[4.78964,47.00655],[4.78975,47.00657],[4.78976,47.00654],[4.78958,47.00623],[4.78938,47.00599],[4.78893,47.00533],[4.78882,47.00522],[4.78868,47.00487],[4.78853,47.00464]]]}},{"type":"Feature","properties":{"id":"climat-beaune-premier-cru-les-perrieres","kind":"climat","level":"premier-cru","name":"Les Perrières","full":"Beaune premier cru Les Perrières","app":"Beaune","region":"cote-de-beaune","communes":["Beaune"],"area_ha":3.2,"elev":[244.0,269.2,294.4],"slope":12.3,"slope_pct":22.2,"aspect":125,"aspect_label":"SE","aspect_hist":[0.0,0.007,0.12,0.816,0.025,0.02,0.012,0.0],"village":null,"white":true},"geometry":{"type":"Polygon","coordinates":[[[4.82721,47.04529],[4.82836,47.04474],[4.82816,47.04455],[4.82815,47.0443],[4.82812,47.04423],[4.82813,47.04407],[4.82773,47.04364],[4.82725,47.04384],[4.82714,47.04386],[4.82706,47.04385],[4.82706,47.04405],[4.826,47.04461],[4.82575,47.04471],[4.82513,47.04486],[4.82522,47.04499],[4.82584,47.04553],[4.82591,47.04568],[4.82618,47.04598],[4.82644,47.04622],[4.82663,47.04609],[4.82673,47.04598],[4.82724,47.04564],[4.82738,47.04549],[4.82721,47.04529]]]}},{"type":"Feature","properties":{"id":"climat-auxey-duresses-premier-cru-les-ecussaux","kind":"climat","level":"premier-cru","name":"Les Ecussaux","full":"Auxey-Duresses premier cru Les Ecussaux","app":"Auxey-Duresses","region":"cote-de-beaune","communes":["Auxey-Duresses"],"area_ha":3.17,"elev":[248.8,251.8,257.9],"slope":2.4,"slope_pct":4.3,"aspect":148,"aspect_label":"SSE","aspect_hist":[0.0,0.0,0.049,0.761,0.104,0.013,0.05,0.023],"village":"auxey-duresses","white":true},"geometry":{"type":"MultiPolygon","coordinates":[[[[4.7622,46.98853],[4.76212,46.98837],[4.76178,46.98816],[4.76142,46.98787],[4.76056,46.98792],[4.76057,46.98798],[4.76003,46.988],[4.75934,46.98807],[4.75834,46.98802],[4.75724,46.988],[4.75691,46.98798],[4.75563,46.98764],[4.75627,46.98811],[4.75661,46.98833],[4.75685,46.98845],[4.75712,46.98853],[4.75743,46.98859],[4.75778,46.98863],[4.75822,46.98863],[4.7591,46.98872],[4.75937,46.98872],[4.76082,46.98863],[4.76176,46.98854],[4.7622,46.98853]]],[[[4.76218,46.98834],[4.76215,46.98784],[4.76148,46.98787],[4.76178,46.98811],[4.76213,46.98833],[4.76218,46.98834]]]]}},{"type":"Feature","properties":{"id":"climat-beaune-premier-cru-les-sceaux","kind":"climat","level":"premier-cru","name":"Les Sceaux","full":"Beaune premier cru Les Sceaux","app":"Beaune","region":"cote-de-beaune","communes":["Beaune"],"area_ha":3.15,"elev":[221.6,224.8,227.3],"slope":1.3,"slope_pct":2.3,"aspect":106,"aspect_label":"ESE","aspect_hist":[0.031,0.188,0.203,0.344,0.234,0.0,0.0,0.0],"village":null,"white":true},"geometry":{"type":"Polygon","coordinates":[[[4.82689,47.02484],[4.82709,47.02477],[4.82698,47.02465],[4.82664,47.02476],[4.82609,47.02416],[4.82582,47.02425],[4.8257,47.02407],[4.82583,47.02403],[4.8255,47.02348],[4.82582,47.02335],[4.82575,47.02332],[4.82523,47.0233],[4.82475,47.02336],[4.82379,47.02365],[4.82326,47.02386],[4.82355,47.02415],[4.82395,47.02481],[4.82432,47.0248],[4.82624,47.02502],[4.82639,47.0252],[4.82701,47.02498],[4.82689,47.02484]]]}},{"type":"Feature","properties":{"id":"climat-beaune-premier-cru-blanches-fleurs","kind":"climat","level":"premier-cru","name":"Blanches Fleurs","full":"Beaune premier cru Blanches Fleurs","app":"Beaune","region":"cote-de-beaune","communes":["Beaune"],"area_ha":3.09,"elev":[235.9,238.6,246.1],"slope":1.9,"slope_pct":3.3,"aspect":175,"aspect_label":"S","aspect_hist":[0.0,0.002,0.002,0.139,0.731,0.126,0.0,0.0],"village":null,"white":true},"geometry":{"type":"Polygon","coordinates":[[[4.83367,47.04706],[4.83726,47.04554],[4.83657,47.04474],[4.83608,47.04426],[4.83596,47.0445],[4.83583,47.04463],[4.83497,47.04508],[4.83482,47.04519],[4.83469,47.04555],[4.83425,47.04611],[4.83418,47.04631],[4.83389,47.04679],[4.83367,47.04706]]]}},{"type":"Feature","properties":{"id":"climat-savigny-les-beaune-premier-cru-les-talmettes","kind":"climat","level":"premier-cru","name":"Les Talmettes","full":"Savigny-lès-Beaune premier cru Les Talmettes","app":"Savigny-lès-Beaune","region":"cote-de-beaune","communes":["Savigny-lès-Beaune"],"area_ha":3.08,"elev":[273.9,287.9,318.7],"slope":9.0,"slope_pct":15.9,"aspect":172,"aspect_label":"S","aspect_hist":[0.0,0.0,0.0,0.077,0.917,0.006,0.0,0.0],"village":null,"white":true},"geometry":{"type":"Polygon","coordinates":[[[4.83989,47.06481],[4.83995,47.06387],[4.8394,47.06377],[4.83904,47.06377],[4.8389,47.0638],[4.8378,47.06421],[4.83802,47.06497],[4.83794,47.06496],[4.83811,47.06554],[4.83808,47.06554],[4.83807,47.06564],[4.83832,47.06569],[4.8384,47.06578],[4.83831,47.06605],[4.83859,47.06606],[4.83881,47.06616],[4.8389,47.066],[4.83931,47.06617],[4.83951,47.06562],[4.8397,47.06478],[4.83989,47.06481]]]}},{"type":"Feature","properties":{"id":"climat-auxey-duresses-premier-cru-reugne","kind":"climat","level":"premier-cru","name":"Reugne","full":"Auxey-Duresses premier cru Reugne","app":"Auxey-Duresses","region":"cote-de-beaune","communes":["Auxey-Duresses"],"area_ha":3.03,"elev":[264.9,277.3,305.7],"slope":8.1,"slope_pct":14.3,"aspect":157,"aspect_label":"SSE","aspect_hist":[0.0,0.0,0.0,0.546,0.454,0.0,0.0,0.0],"village":"auxey-duresses","white":true},"geometry":{"type":"Polygon","coordinates":[[[4.75384,46.99025],[4.75517,46.98828],[4.75386,46.98798],[4.75356,46.98796],[4.75285,46.98805],[4.75255,46.98953],[4.7531,46.98967],[4.75339,46.98977],[4.75335,46.98981],[4.7536,46.98989],[4.75352,46.98999],[4.75364,46.99003],[4.7536,46.99009],[4.75384,46.99025]]]}},{"type":"Feature","properties":{"id":"climat-volnay-premier-cru-le-village","kind":"climat","level":"premier-cru","name":"Le Village","full":"Volnay premier cru Le Village","app":"Volnay","region":"cote-de-beaune","communes":["Volnay"],"area_ha":3.01,"elev":[273.6,285.4,306.5],"slope":5.4,"slope_pct":9.4,"aspect":120,"aspect_label":"ESE","aspect_hist":[0.0,0.043,0.184,0.714,0.049,0.008,0.0,0.001],"village":null,"white":false},"geometry":{"type":"MultiPolygon","coordinates":[[[[4.78488,47.00112],[4.78399,47.00023],[4.78282,47.0008],[4.78312,47.00114],[4.78313,47.00111],[4.78318,47.00111],[4.78322,47.00116],[4.78339,47.0011],[4.78356,47.00129],[4.78377,47.0012],[4.78387,47.0013],[4.78411,47.00122],[4.78444,47.00108],[4.78462,47.00129],[4.78488,47.00112]]],[[[4.78367,47.00159],[4.78355,47.00159],[4.78373,47.00182],[4.78371,47.00193],[4.78337,47.00212],[4.78327,47.00205],[4.78309,47.00214],[4.7834,47.00239],[4.78352,47.00253],[4.7843,47.00213],[4.78462,47.00193],[4.78405,47.00177],[4.78367,47.00159]]],[[[4.78261,47.00028],[4.78217,47.00052],[4.78251,47.00085],[4.78295,47.00065],[4.78261,47.00028]]],[[[4.78243,47.00202],[4.78196,47.00227],[4.78193,47.00224],[4.78172,47.00235],[4.78213,47.00267],[4.78277,47.00227],[4.78243,47.00202]]],[[[4.78228,46.99971],[4.78209,46.99951],[4.78205,46.99953],[4.78209,46.99958],[4.7815,46.99992],[4.78161,47.00002],[4.78143,47.00011],[4.78152,47.0002],[4.78229,46.99981],[4.78227,46.99979],[4.78237,46.99974],[4.78233,46.99969],[4.78228,46.99971]]],[[[4.78096,47.00262],[4.78088,47.00262],[4.78085,47.0026],[4.78074,47.00267],[4.78068,47.00262],[4.78064,47.00266],[4.78044,47.0025],[4.78022,47.00271],[4.78052,47.0029],[4.78096,47.00262]]],[[[4.78058,47.00144],[4.78039,47.00129],[4.77955,47.00171],[4.77996,47.00204],[4.78029,47.00182],[4.78068,47.00167],[4.78052,47.00146],[4.78058,47.00144]]],[[[4.78009,46.99982],[4.77968,46.99994],[4.77927,47.00018],[4.77898,47.00031],[4.77906,47.00044],[4.77915,47.00042],[4.77921,47.00044],[4.77928,47.00046],[4.77929,47.00057],[4.7794,47.00055],[4.77942,47.00056],[4.77971,47.00045],[4.77999,47.00028],[4.7803,47.00014],[4.78009,46.99982]]]]}},{"type":"Feature","properties":{"id":"climat-savigny-les-beaune-premier-cru-les-marconnets","kind":"climat","level":"premier-cru","name":"Les Marconnets","full":"Savigny-lès-Beaune premier cru Les Marconnets","app":"Savigny-lès-Beaune","region":"cote-de-beaune","communes":["Savigny-lès-Beaune"],"area_ha":2.98,"elev":[250.1,254.0,263.7],"slope":3.6,"slope_pct":6.3,"aspect":102,"aspect_label":"ESE","aspect_hist":[0.0,0.002,0.745,0.239,0.009,0.005,0.0,0.0],"village":null,"white":true},"geometry":{"type":"Polygon","coordinates":[[[4.83521,47.05061],[4.8349,47.05016],[4.83474,47.04979],[4.83414,47.04901],[4.83295,47.05126],[4.83418,47.05139],[4.8356,47.05158],[4.83563,47.05151],[4.83571,47.05114],[4.83564,47.05103],[4.83521,47.05061]]]}},{"type":"Feature","properties":{"id":"climat-chassagne-montrachet-premier-cru-clos-pitois","kind":"climat","level":"premier-cru","name":"Clos Pitois","full":"Chassagne-Montrachet premier cru Clos Pitois","app":"Chassagne-Montrachet","region":"cote-de-beaune","communes":["Chassagne-Montrachet"],"area_ha":2.97,"elev":[253.7,259.8,268.2],"slope":3.2,"slope_pct":5.6,"aspect":131,"aspect_label":"SE","aspect_hist":[0.0,0.026,0.107,0.7,0.141,0.01,0.011,0.005],"village":"chassagne-montrachet","white":true},"geometry":{"type":"Polygon","coordinates":[[[4.71748,46.92302],[4.71756,46.92299],[4.71745,46.9226],[4.71725,46.92224],[4.71682,46.92183],[4.7166,46.92165],[4.71657,46.92165],[4.71551,46.92267],[4.71458,46.92329],[4.71461,46.92335],[4.71499,46.92366],[4.71507,46.9236],[4.71551,46.92404],[4.7156,46.92398],[4.71618,46.92376],[4.71669,46.92349],[4.71702,46.92335],[4.71748,46.92302]]]}},{"type":"Feature","properties":{"id":"climat-volnay-premier-cru-robardelle","kind":"climat","level":"premier-cru","name":"Robardelle","full":"Volnay premier cru Robardelle","app":"Volnay","region":"cote-de-beaune","communes":["Volnay"],"area_ha":2.92,"elev":[236.1,240.2,245.8],"slope":3.0,"slope_pct":5.3,"aspect":121,"aspect_label":"ESE","aspect_hist":[0.0,0.008,0.236,0.733,0.024,0.0,0.0,0.0],"village":null,"white":false},"geometry":{"type":"Polygon","coordinates":[[[4.78483,46.99169],[4.78471,46.9915],[4.78437,46.9911],[4.78446,46.99106],[4.78402,46.99044],[4.78298,46.99082],[4.78266,46.99092],[4.78232,46.99095],[4.78178,46.99084],[4.78173,46.99086],[4.78192,46.99107],[4.78225,46.99133],[4.78223,46.99134],[4.7824,46.9915],[4.78252,46.99167],[4.78267,46.9919],[4.78273,46.99211],[4.78307,46.99275],[4.7838,46.99244],[4.78389,46.99238],[4.78396,46.99225],[4.78404,46.99199],[4.78483,46.99169]]]}},{"type":"Feature","properties":{"id":"climat-meursault-premier-cru-les-santenots-blancs","kind":"climat","level":"premier-cru","name":"Les Santenots Blancs","full":"Meursault premier cru Les Santenots Blancs","app":"Meursault","region":"cote-de-beaune","communes":["Meursault"],"area_ha":2.92,"elev":[258.0,267.9,281.0],"slope":6.9,"slope_pct":12.1,"aspect":134,"aspect_label":"SE","aspect_hist":[0.0,0.002,0.036,0.958,0.004,0.0,0.0,0.0],"village":"meursault","white":true},"geometry":{"type":"Polygon","coordinates":[[[4.7781,46.99092],[4.77784,46.99051],[4.77729,46.98997],[4.77719,46.98982],[4.77687,46.9895],[4.77653,46.98924],[4.77631,46.98913],[4.77605,46.98931],[4.77557,46.98972],[4.77523,46.98993],[4.77464,46.99017],[4.77488,46.99048],[4.77508,46.99062],[4.77533,46.99072],[4.77631,46.99088],[4.77752,46.99095],[4.77785,46.99095],[4.7781,46.99092]]]}},{"type":"Feature","properties":{"id":"climat-saint-aubin-premier-cru-en-creot","kind":"climat","level":"premier-cru","name":"En Créot","full":"Saint-Aubin premier cru En Créot","app":"Saint-Aubin","region":"cote-de-beaune","communes":["Saint-Aubin"],"area_ha":2.9,"elev":[279.0,289.6,313.3],"slope":9.9,"slope_pct":17.7,"aspect":193,"aspect_label":"SSW","aspect_hist":[0.0,0.0,0.0,0.067,0.765,0.168,0.0,0.0],"village":"saint-aubin","white":true},"geometry":{"type":"Polygon","coordinates":[[[4.71904,46.95822],[4.71952,46.95816],[4.71912,46.95697],[4.71808,46.95717],[4.71784,46.95718],[4.71767,46.95711],[4.71629,46.95774],[4.71728,46.95865],[4.71736,46.95881],[4.71753,46.95878],[4.71768,46.95873],[4.71763,46.95862],[4.71773,46.95859],[4.71788,46.95856],[4.71791,46.95864],[4.71826,46.95861],[4.71817,46.95848],[4.71858,46.95839],[4.71853,46.95828],[4.71896,46.95817],[4.71902,46.95817],[4.71904,46.95822]]]}},{"type":"Feature","properties":{"id":"climat-pommard-premier-cru-les-chaponnieres","kind":"climat","level":"premier-cru","name":"Les Chaponnières","full":"Pommard premier cru Les Chaponnières","app":"Pommard","region":"cote-de-beaune","communes":["Pommard"],"area_ha":2.86,"elev":[251.4,256.8,264.5],"slope":4.1,"slope_pct":7.2,"aspect":95,"aspect_label":"E","aspect_hist":[0.002,0.061,0.888,0.049,0.0,0.0,0.0,0.0],"village":null,"white":false},"geometry":{"type":"Polygon","coordinates":[[[4.79258,47.00832],[4.79222,47.00808],[4.7926,47.0079],[4.79213,47.00768],[4.79146,47.00743],[4.79093,47.00712],[4.79001,47.00675],[4.78997,47.00676],[4.78991,47.00683],[4.79007,47.0072],[4.79049,47.00801],[4.79063,47.00816],[4.79104,47.0084],[4.79122,47.00854],[4.79138,47.00877],[4.79151,47.00904],[4.79175,47.00946],[4.79182,47.00954],[4.7924,47.00909],[4.79229,47.00902],[4.79248,47.00892],[4.79256,47.00899],[4.79302,47.00874],[4.79289,47.00864],[4.79258,47.00832]]]}},{"type":"Feature","properties":{"id":"climat-chassagne-montrachet-premier-cru-les-boirettes","kind":"climat","level":"premier-cru","name":"Les Boirettes","full":"Chassagne-Montrachet premier cru Les Boirettes","app":"Chassagne-Montrachet","region":"cote-de-beaune","communes":["Chassagne-Montrachet"],"area_ha":2.84,"elev":[234.0,239.4,244.5],"slope":3.4,"slope_pct":6.0,"aspect":87,"aspect_label":"E","aspect_hist":[0.005,0.053,0.897,0.045,0.0,0.0,0.0,0.0],"village":"chassagne-montrachet","white":true},"geometry":{"type":"MultiPolygon","coordinates":[[[[4.72271,46.92209],[4.72254,46.92204],[4.72241,46.92204],[4.72208,46.92195],[4.72183,46.92181],[4.72171,46.92168],[4.72123,46.92133],[4.7202,46.92164],[4.72045,46.92203],[4.72075,46.92229],[4.72129,46.92295],[4.72171,46.92339],[4.7222,46.92266],[4.72245,46.92241],[4.72281,46.92215],[4.72271,46.92209]]],[[[4.7217,46.9234],[4.72127,46.92295],[4.721,46.92261],[4.72074,46.92269],[4.72062,46.92281],[4.72046,46.92306],[4.72044,46.92336],[4.72046,46.92354],[4.72053,46.92357],[4.72104,46.92361],[4.72152,46.9237],[4.7217,46.9234]]],[[[4.72123,46.92133],[4.72109,46.92124],[4.72007,46.92155],[4.72019,46.92163],[4.72123,46.92133]]]]}},{"type":"Feature","properties":{"id":"climat-maranges-premier-cru-clos-de-la-boutiere","kind":"climat","level":"premier-cru","name":"Clos de la Boutière","full":"Maranges premier cru Clos de la Boutière","app":"Maranges","region":"cote-de-beaune","communes":["Cheilly-lès-Maranges"],"area_ha":2.83,"elev":[266.1,278.9,294.6],"slope":5.1,"slope_pct":8.9,"aspect":150,"aspect_label":"SSE","aspect_hist":[0.0,0.0,0.002,0.605,0.394,0.0,0.0,0.0],"village":null,"white":true},"geometry":{"type":"Polygon","coordinates":[[[4.67189,46.90862],[4.67179,46.90789],[4.6718,46.90743],[4.67175,46.90715],[4.67165,46.90676],[4.67141,46.906],[4.67123,46.90524],[4.6711,46.90513],[4.67105,46.90512],[4.67066,46.90535],[4.6706,46.90557],[4.67071,46.90661],[4.67065,46.9072],[4.67043,46.90794],[4.67093,46.90808],[4.67082,46.90872],[4.67118,46.9087],[4.67183,46.90877],[4.67187,46.90873],[4.67189,46.90862]]]}},{"type":"Feature","properties":{"id":"climat-saint-aubin-premier-cru-village","kind":"climat","level":"premier-cru","name":"Village","full":"Saint-Aubin premier cru Village","app":"Saint-Aubin","region":"cote-de-beaune","communes":["Saint-Aubin"],"area_ha":2.83,"elev":[280.8,292.3,311.8],"slope":6.9,"slope_pct":12.2,"aspect":128,"aspect_label":"SE","aspect_hist":[0.0,0.007,0.297,0.676,0.017,0.004,0.0,0.0],"village":"saint-aubin","white":true},"geometry":{"type":"MultiPolygon","coordinates":[[[[4.71159,46.95041],[4.7113,46.95013],[4.71048,46.94899],[4.70959,46.94947],[4.71003,46.95004],[4.71014,46.95022],[4.71029,46.95016],[4.71039,46.95036],[4.7105,46.95047],[4.71055,46.9505],[4.71057,46.95048],[4.71075,46.95058],[4.71074,46.9506],[4.71078,46.95063],[4.7108,46.9506],[4.71089,46.95065],[4.71087,46.95066],[4.71096,46.95072],[4.71159,46.95041]]],[[[4.70988,46.9511],[4.70936,46.95141],[4.70932,46.95151],[4.70953,46.95166],[4.70984,46.9518],[4.71032,46.95139],[4.70988,46.9511]]],[[[4.70861,46.94868],[4.70756,46.94835],[4.70725,46.94874],[4.70666,46.94923],[4.70739,46.94961],[4.70747,46.94954],[4.70753,46.94957],[4.70771,46.94942],[4.70801,46.9496],[4.70849,46.94918],[4.70824,46.94907],[4.70861,46.94868]]]]}},{"type":"Feature","properties":{"id":"climat-pommard-premier-cru-le-clos-micot","kind":"climat","level":"premier-cru","name":"Le Clos Micot","full":"Pommard premier cru Le Clos Micot","app":"Pommard","region":"cote-de-beaune","communes":["Pommard"],"area_ha":2.83,"elev":[246.0,248.4,250.3],"slope":1.4,"slope_pct":2.4,"aspect":73,"aspect_label":"ENE","aspect_hist":[0.033,0.467,0.222,0.156,0.111,0.0,0.0,0.011],"village":null,"white":false},"geometry":{"type":"MultiPolygon","coordinates":[[[[4.79568,47.00523],[4.79427,47.00573],[4.7951,47.00672],[4.79582,47.00709],[4.79587,47.00709],[4.79651,47.00671],[4.7968,47.00647],[4.79568,47.00523]]],[[[4.79505,47.00503],[4.79459,47.00501],[4.79392,47.00491],[4.79363,47.00485],[4.79356,47.00485],[4.79385,47.00516],[4.79423,47.00568],[4.79561,47.00521],[4.79532,47.00508],[4.79505,47.00503]]]]}},{"type":"Feature","properties":{"id":"climat-santenay-premier-cru-clos-des-mouches","kind":"climat","level":"premier-cru","name":"Clos des Mouches","full":"Santenay premier cru Clos des Mouches","app":"Santenay","region":"cote-de-beaune","communes":["Santenay"],"area_ha":2.78,"elev":[254.0,264.2,277.1],"slope":8.6,"slope_pct":15.5,"aspect":157,"aspect_label":"SSE","aspect_hist":[0.005,0.013,0.03,0.315,0.566,0.047,0.023,0.001],"village":null,"white":true},"geometry":{"type":"MultiPolygon","coordinates":[[[[4.70542,46.91553],[4.70509,46.91542],[4.70433,46.91539],[4.70405,46.91534],[4.70338,46.91515],[4.7034,46.9153],[4.70365,46.91559],[4.70368,46.9157],[4.70375,46.9157],[4.70402,46.91628],[4.70438,46.91676],[4.70437,46.91678],[4.70446,46.91686],[4.70444,46.91689],[4.7045,46.91697],[4.70542,46.91553]]],[[[4.70423,46.91667],[4.70398,46.91632],[4.70379,46.91591],[4.70363,46.91575],[4.70337,46.91542],[4.7033,46.91513],[4.70312,46.91504],[4.70283,46.91505],[4.70262,46.91497],[4.7024,46.91493],[4.70232,46.91494],[4.70227,46.91499],[4.70227,46.91507],[4.70232,46.91517],[4.7024,46.9157],[4.70241,46.91594],[4.70247,46.91621],[4.70295,46.91626],[4.70355,46.91643],[4.70423,46.91667]]]]}},{"type":"Feature","properties":{"id":"climat-pommard-premier-cru-la-chaniere","kind":"climat","level":"premier-cru","name":"La Chanière","full":"Pommard premier cru La Chanière","app":"Pommard","region":"cote-de-beaune","communes":["Pommard"],"area_ha":2.78,"elev":[263.9,289.2,304.8],"slope":12.7,"slope_pct":22.6,"aspect":197,"aspect_label":"SSW","aspect_hist":[0.0,0.0,0.0,0.0,0.791,0.209,0.0,0.0],"village":null,"white":false},"geometry":{"type":"Polygon","coordinates":[[[4.78852,47.01674],[4.78831,47.01626],[4.78861,47.01615],[4.78836,47.01577],[4.78751,47.01612],[4.78743,47.0163],[4.78728,47.01648],[4.7872,47.01651],[4.78704,47.01674],[4.78706,47.01677],[4.78645,47.01692],[4.78645,47.01701],[4.78642,47.0171],[4.78631,47.01715],[4.78626,47.01731],[4.78625,47.01744],[4.78632,47.01758],[4.78623,47.01762],[4.78586,47.01769],[4.78577,47.01808],[4.78689,47.01783],[4.78802,47.0175],[4.78864,47.01724],[4.78917,47.01681],[4.78945,47.01667],[4.78903,47.01667],[4.78852,47.01674]]]}},{"type":"Feature","properties":{"id":"climat-pommard-premier-cru-les-combes-dessus","kind":"climat","level":"premier-cru","name":"Les Combes Dessus","full":"Pommard premier cru Les Combes Dessus","app":"Pommard","region":"cote-de-beaune","communes":["Pommard"],"area_ha":2.76,"elev":[245.1,248.6,253.6],"slope":2.7,"slope_pct":4.8,"aspect":129,"aspect_label":"SE","aspect_hist":[0.0,0.0,0.09,0.905,0.005,0.0,0.0,0.0],"village":null,"white":false},"geometry":{"type":"Polygon","coordinates":[[[4.79325,47.00437],[4.79305,47.00382],[4.79267,47.00332],[4.79248,47.00295],[4.79208,47.00251],[4.79011,47.0033],[4.79032,47.00348],[4.79074,47.00367],[4.79138,47.00391],[4.79189,47.00421],[4.79354,47.00481],[4.79357,47.00475],[4.79325,47.00437]]]}},{"type":"Feature","properties":{"id":"climat-chassagne-montrachet-premier-cru-les-chaumes","kind":"climat","level":"premier-cru","name":"Les Chaumes","full":"Chassagne-Montrachet premier cru Les Chaumes","app":"Chassagne-Montrachet","region":"cote-de-beaune","communes":["Chassagne-Montrachet"],"area_ha":2.7,"elev":[223.7,227.3,235.2],"slope":2.6,"slope_pct":4.5,"aspect":133,"aspect_label":"SE","aspect_hist":[0.0,0.0,0.006,0.976,0.018,0.0,0.0,0.0],"village":"chassagne-montrachet","white":true},"geometry":{"type":"Polygon","coordinates":[[[4.72726,46.92682],[4.7279,46.92651],[4.72731,46.92603],[4.7266,46.92533],[4.72522,46.92606],[4.7254,46.92627],[4.72592,46.9268],[4.72508,46.92717],[4.72555,46.9275],[4.72552,46.92753],[4.72559,46.92757],[4.72563,46.92754],[4.72574,46.92761],[4.72638,46.92731],[4.72726,46.92682]]]}},{"type":"Feature","properties":{"id":"climat-monthelie-premier-cru-les-vignes-rondes","kind":"climat","level":"premier-cru","name":"Les Vignes Rondes","full":"Monthélie premier cru Les Vignes Rondes","app":"Monthélie","region":"cote-de-beaune","communes":["Monthelie"],"area_ha":2.69,"elev":[296.8,301.5,304.1],"slope":1.7,"slope_pct":3.0,"aspect":229,"aspect_label":"SW","aspect_hist":[0.0,0.0,0.0,0.003,0.248,0.474,0.258,0.016],"village":null,"white":true},"geometry":{"type":"Polygon","coordinates":[[[4.77169,46.99422],[4.77196,46.99304],[4.77179,46.99301],[4.77122,46.99305],[4.77054,46.99306],[4.77045,46.993],[4.77035,46.99298],[4.77006,46.99303],[4.76926,46.99305],[4.76908,46.99309],[4.76877,46.9933],[4.76887,46.99347],[4.76936,46.99374],[4.76955,46.99388],[4.76976,46.99398],[4.77001,46.99421],[4.77035,46.99439],[4.77065,46.99439],[4.77087,46.99437],[4.77169,46.99422]]]}},{"type":"Feature","properties":{"id":"climat-savigny-les-beaune-premier-cru-les-rouvrettes","kind":"climat","level":"premier-cru","name":"Les Rouvrettes","full":"Savigny-lès-Beaune premier cru Les Rouvrettes","app":"Savigny-lès-Beaune","region":"cote-de-beaune","communes":["Savigny-lès-Beaune"],"area_ha":2.67,"elev":[253.1,258.7,269.5],"slope":6.0,"slope_pct":10.6,"aspect":57,"aspect_label":"ENE","aspect_hist":[0.012,0.836,0.146,0.002,0.001,0.0,0.0,0.003],"village":null,"white":true},"geometry":{"type":"Polygon","coordinates":[[[4.83095,47.05667],[4.83285,47.05557],[4.83209,47.05527],[4.83122,47.05496],[4.83002,47.05598],[4.82982,47.05627],[4.82948,47.05664],[4.8296,47.05669],[4.83005,47.05709],[4.83095,47.05667]]]}},{"type":"Feature","properties":{"id":"climat-aloxe-corton-premier-cru-les-guerets","kind":"climat","level":"premier-cru","name":"Les Guérets","full":"Aloxe-Corton premier cru Les Guérets","app":"Aloxe-Corton","region":"cote-de-beaune","communes":["Aloxe-Corton"],"area_ha":2.56,"elev":[245.5,247.1,250.0],"slope":1.3,"slope_pct":2.2,"aspect":130,"aspect_label":"SE","aspect_hist":[0.0,0.082,0.299,0.227,0.247,0.144,0.0,0.0],"village":null,"white":true},"geometry":{"type":"Polygon","coordinates":[[[4.85447,47.06605],[4.8551,47.06556],[4.85476,47.06548],[4.85492,47.06521],[4.85416,47.06511],[4.8542,47.06503],[4.85304,47.06492],[4.85271,47.06484],[4.85248,47.06596],[4.8524,47.06621],[4.85243,47.06638],[4.85258,47.06666],[4.85266,47.06668],[4.85342,47.06638],[4.85404,47.06625],[4.85432,47.06615],[4.85447,47.06605]]]}},{"type":"Feature","properties":{"id":"climat-pommard-premier-cru-la-platiere","kind":"climat","level":"premier-cru","name":"La Platière","full":"Pommard premier cru La Platière","app":"Pommard","region":"cote-de-beaune","communes":["Pommard"],"area_ha":2.53,"elev":[283.2,294.7,302.8],"slope":9.7,"slope_pct":17.1,"aspect":207,"aspect_label":"SSW","aspect_hist":[0.0,0.0,0.0,0.0,0.456,0.544,0.0,0.0],"village":null,"white":false},"geometry":{"type":"Polygon","coordinates":[[[4.79317,47.01568],[4.79305,47.01547],[4.79274,47.01538],[4.79256,47.01528],[4.79254,47.01521],[4.7926,47.01506],[4.79269,47.01491],[4.79265,47.01489],[4.79162,47.01562],[4.79107,47.01589],[4.79059,47.01624],[4.78937,47.01677],[4.78903,47.01702],[4.78886,47.01719],[4.78864,47.01733],[4.78932,47.01722],[4.7902,47.01701],[4.7909,47.01676],[4.79132,47.01665],[4.79154,47.01653],[4.79209,47.01637],[4.79261,47.01613],[4.79317,47.01568]]]}},{"type":"Feature","properties":{"id":"climat-aloxe-corton-premier-cru-la-coutiere","kind":"climat","level":"premier-cru","name":"La Coutière","full":"Aloxe-Corton premier cru La Coutière","app":"Aloxe-Corton","region":"cote-de-beaune","communes":["Ladoix-Serrigny"],"area_ha":2.52,"elev":[227.6,235.3,244.4],"slope":5.4,"slope_pct":9.5,"aspect":128,"aspect_label":"SE","aspect_hist":[0.0,0.0,0.24,0.709,0.051,0.0,0.0,0.0],"village":null,"white":true},"geometry":{"type":"Polygon","coordinates":[[[4.87806,47.07553],[4.87803,47.07528],[4.87761,47.07489],[4.87684,47.07454],[4.87597,47.07502],[4.87549,47.07522],[4.87543,47.07526],[4.87535,47.07541],[4.87516,47.07552],[4.87605,47.0761],[4.87648,47.07646],[4.87695,47.07627],[4.87688,47.07619],[4.87685,47.0762],[4.87683,47.07617],[4.87806,47.07553]]]}},{"type":"Feature","properties":{"id":"climat-puligny-montrachet-premier-cru-la-truffiere","kind":"climat","level":"premier-cru","name":"La Truffière","full":"Puligny-Montrachet premier cru La Truffière","app":"Puligny-Montrachet","region":"cote-de-beaune","communes":["Puligny-Montrachet"],"area_ha":2.48,"elev":[291.3,309.0,326.9],"slope":6.8,"slope_pct":12.0,"aspect":113,"aspect_label":"ESE","aspect_hist":[0.0,0.004,0.539,0.456,0.001,0.0,0.0,0.0],"village":"puligny-montrachet","white":true},"geometry":{"type":"MultiPolygon","coordinates":[[[[4.74396,46.95652],[4.74398,46.95651],[4.74381,46.95642],[4.74392,46.9563],[4.74344,46.95613],[4.74305,46.9559],[4.74288,46.95583],[4.74237,46.95564],[4.742,46.95556],[4.74196,46.95559],[4.74184,46.95561],[4.74171,46.95556],[4.74142,46.95557],[4.7414,46.95566],[4.74105,46.95609],[4.74104,46.95612],[4.74112,46.95612],[4.74122,46.95608],[4.7416,46.95613],[4.74192,46.95625],[4.74201,46.9563],[4.74258,46.95647],[4.74267,46.95652],[4.74337,46.95666],[4.74385,46.95687],[4.74412,46.95674],[4.74414,46.95661],[4.74396,46.95652]]],[[[4.74094,46.95734],[4.74112,46.95741],[4.7414,46.95757],[4.74148,46.95776],[4.74211,46.95754],[4.74166,46.95705],[4.74133,46.95661],[4.74105,46.9564],[4.74075,46.95651],[4.74021,46.95678],[4.74051,46.95712],[4.74077,46.9572],[4.74094,46.95734]]]]}},{"type":"Feature","properties":{"id":"climat-chassagne-montrachet-premier-cru-les-pasquelles","kind":"climat","level":"premier-cru","name":"Les Pasquelles","full":"Chassagne-Montrachet premier cru Les Pasquelles","app":"Chassagne-Montrachet","region":"cote-de-beaune","communes":["Chassagne-Montrachet"],"area_ha":2.45,"elev":[242.9,251.5,258.3],"slope":3.8,"slope_pct":6.7,"aspect":80,"aspect_label":"E","aspect_hist":[0.011,0.219,0.664,0.102,0.0,0.0,0.0,0.003],"village":"chassagne-montrachet","white":true},"geometry":{"type":"MultiPolygon","coordinates":[[[[4.73151,46.9436],[4.73079,46.94278],[4.73066,46.94253],[4.72986,46.94269],[4.72967,46.94242],[4.7296,46.94223],[4.7294,46.94189],[4.72882,46.942],[4.72844,46.9421],[4.72878,46.9428],[4.72931,46.94354],[4.72972,46.94346],[4.73009,46.94342],[4.73037,46.94335],[4.73067,46.9438],[4.73079,46.94389],[4.73151,46.9436]]],[[[4.72995,46.94263],[4.72989,46.94242],[4.72974,46.9423],[4.72963,46.94212],[4.72979,46.94207],[4.72972,46.94177],[4.72963,46.94177],[4.7296,46.94175],[4.72949,46.94157],[4.72941,46.94158],[4.72932,46.94144],[4.72941,46.9414],[4.72923,46.94126],[4.72918,46.94126],[4.72934,46.94166],[4.72948,46.94192],[4.72981,46.94248],[4.72995,46.94263]]]]}},{"type":"Feature","properties":{"id":"climat-beaune-premier-cru-clos-de-l-ecu","kind":"climat","level":"premier-cru","name":"Clos de l'Ecu","full":"Beaune premier cru Clos de l'Ecu","app":"Beaune","region":"cote-de-beaune","communes":["Beaune"],"area_ha":2.42,"elev":[286.0,302.2,315.1],"slope":8.9,"slope_pct":15.7,"aspect":142,"aspect_label":"SE","aspect_hist":[0.0,0.0,0.005,0.964,0.031,0.0,0.0,0.0],"village":null,"white":true},"geometry":{"type":"Polygon","coordinates":[[[4.82506,47.04491],[4.825,47.0446],[4.82483,47.0442],[4.8248,47.04417],[4.82454,47.04417],[4.82431,47.04413],[4.82408,47.04417],[4.82378,47.04415],[4.82331,47.04419],[4.82243,47.04419],[4.82189,47.04427],[4.82185,47.0443],[4.82234,47.04517],[4.82385,47.04537],[4.82386,47.04534],[4.82393,47.04534],[4.82397,47.04535],[4.82396,47.04539],[4.82399,47.0454],[4.82414,47.04515],[4.82421,47.04497],[4.82428,47.04491],[4.82436,47.04488],[4.82447,47.04488],[4.82491,47.04498],[4.82501,47.04496],[4.82506,47.04491]]]}},{"type":"Feature","properties":{"id":"climat-chassagne-montrachet-premier-cru-les-places","kind":"climat","level":"premier-cru","name":"Les Places","full":"Chassagne-Montrachet premier cru Les Places","app":"Chassagne-Montrachet","region":"cote-de-beaune","communes":["Chassagne-Montrachet"],"area_ha":2.42,"elev":[241.2,245.1,249.2],"slope":2.5,"slope_pct":4.4,"aspect":101,"aspect_label":"E","aspect_hist":[0.002,0.11,0.639,0.221,0.028,0.0,0.0,0.0],"village":"chassagne-montrachet","white":true},"geometry":{"type":"Polygon","coordinates":[[[4.73171,46.93685],[4.73221,46.93673],[4.73206,46.93638],[4.73189,46.93619],[4.73162,46.93598],[4.73133,46.93609],[4.73132,46.93607],[4.73141,46.93604],[4.73131,46.93594],[4.73147,46.93586],[4.73135,46.93577],[4.73116,46.93587],[4.73098,46.93571],[4.72965,46.93633],[4.72969,46.93647],[4.72994,46.93672],[4.72994,46.93681],[4.73014,46.93713],[4.73052,46.93764],[4.7315,46.93738],[4.73139,46.93708],[4.73178,46.937],[4.73171,46.93685]]]}},{"type":"Feature","properties":{"id":"climat-beaune-premier-cru-la-mignotte","kind":"climat","level":"premier-cru","name":"La Mignotte","full":"Beaune premier cru La Mignotte","app":"Beaune","region":"cote-de-beaune","communes":["Beaune"],"area_ha":2.42,"elev":[241.9,248.4,254.3],"slope":6.4,"slope_pct":11.4,"aspect":188,"aspect_label":"S","aspect_hist":[0.003,0.008,0.014,0.108,0.662,0.193,0.01,0.002],"village":null,"white":true},"geometry":{"type":"Polygon","coordinates":[[[4.81805,47.02861],[4.81871,47.0284],[4.8185,47.02826],[4.81833,47.02812],[4.81819,47.02793],[4.81826,47.02785],[4.81797,47.02762],[4.81752,47.02777],[4.81744,47.02769],[4.81729,47.02772],[4.81709,47.02781],[4.81691,47.0278],[4.81675,47.02768],[4.81621,47.02799],[4.81537,47.02835],[4.81476,47.02855],[4.81435,47.02875],[4.81466,47.02885],[4.81618,47.02878],[4.81636,47.02879],[4.81662,47.02874],[4.81751,47.0287],[4.81805,47.02861]]]}},{"type":"Feature","properties":{"id":"climat-volnay-premier-cru-clos-des-ducs","kind":"climat","level":"premier-cru","name":"Clos des Ducs","full":"Volnay premier cru Clos des Ducs","app":"Volnay","region":"cote-de-beaune","communes":["Volnay"],"area_ha":2.4,"elev":[287.5,303.6,326.9],"slope":9.2,"slope_pct":16.3,"aspect":151,"aspect_label":"SSE","aspect_hist":[0.0,0.011,0.011,0.714,0.219,0.04,0.004,0.001],"village":null,"white":false},"geometry":{"type":"Polygon","coordinates":[[[4.78349,47.00263],[4.78334,47.00243],[4.78297,47.00214],[4.78213,47.00267],[4.78172,47.00235],[4.78141,47.00252],[4.78142,47.00255],[4.7814,47.00265],[4.78119,47.00276],[4.78116,47.00275],[4.78099,47.00287],[4.78078,47.00273],[4.78052,47.0029],[4.78022,47.00271],[4.77996,47.00299],[4.77998,47.00313],[4.78086,47.00402],[4.78349,47.00263]]]}},{"type":"Feature","properties":{"id":"climat-volnay-premier-cru-clos-des-60-ouvrees","kind":"climat","level":"premier-cru","name":"Clos des 60 ouvrées","full":"Volnay premier cru Clos des 60 ouvrées","app":"Volnay","region":"cote-de-beaune","communes":["Volnay"],"area_ha":2.38,"elev":[275.1,284.0,291.4],"slope":6.1,"slope_pct":10.7,"aspect":132,"aspect_label":"SE","aspect_hist":[0.0,0.001,0.108,0.873,0.016,0.001,0.0,0.0],"village":null,"white":false},"geometry":{"type":"Polygon","coordinates":[[[4.77615,46.99138],[4.77621,46.99152],[4.77536,46.99181],[4.77512,46.99191],[4.77524,46.9921],[4.7768,46.99346],[4.77765,46.99294],[4.77752,46.99285],[4.7775,46.99286],[4.77724,46.99255],[4.77743,46.9925],[4.77715,46.99204],[4.77729,46.99199],[4.77669,46.99125],[4.77665,46.99122],[4.77615,46.99138]]]}},{"type":"Feature","properties":{"id":"climat-chassagne-montrachet-premier-cru-francemont","kind":"climat","level":"premier-cru","name":"Francemont","full":"Chassagne-Montrachet premier cru Francemont","app":"Chassagne-Montrachet","region":"cote-de-beaune","communes":["Chassagne-Montrachet"],"area_ha":2.37,"elev":[247.8,257.2,266.7],"slope":5.1,"slope_pct":8.9,"aspect":83,"aspect_label":"E","aspect_hist":[0.007,0.263,0.633,0.098,0.0,0.0,0.0,0.0],"village":"chassagne-montrachet","white":true},"geometry":{"type":"Polygon","coordinates":[[[4.71694,46.92481],[4.71857,46.92422],[4.71794,46.92356],[4.71765,46.92317],[4.71756,46.92299],[4.71729,46.92314],[4.71702,46.92335],[4.71669,46.92349],[4.71618,46.92376],[4.7156,46.92398],[4.71551,46.92404],[4.7158,46.92431],[4.71602,46.92459],[4.71609,46.92458],[4.71618,46.9246],[4.71619,46.92467],[4.71661,46.92449],[4.71673,46.92465],[4.71681,46.92467],[4.71694,46.92481]]]}},{"type":"Feature","properties":{"id":"climat-auxey-duresses-premier-cru-bas-des-duresses","kind":"climat","level":"premier-cru","name":"Bas des Duresses","full":"Auxey-Duresses premier cru Bas des Duresses","app":"Auxey-Duresses","region":"cote-de-beaune","communes":["Auxey-Duresses"],"area_ha":2.37,"elev":[254.1,259.4,265.2],"slope":4.0,"slope_pct":7.0,"aspect":120,"aspect_label":"ESE","aspect_hist":[0.0,0.0,0.199,0.792,0.01,0.0,0.0,0.0],"village":"auxey-duresses","white":true},"geometry":{"type":"Polygon","coordinates":[[[4.75892,46.99077],[4.75886,46.9905],[4.75888,46.99039],[4.75869,46.98962],[4.75857,46.98878],[4.75725,46.9887],[4.75704,46.98866],[4.75704,46.98879],[4.75721,46.98912],[4.75726,46.98939],[4.75743,46.98981],[4.75753,46.99018],[4.75772,46.99062],[4.75781,46.99091],[4.75892,46.99077]]]}},{"type":"Feature","properties":{"id":"climat-chassagne-montrachet-premier-cru-ez-crottes","kind":"climat","level":"premier-cru","name":"Ez Crottes","full":"Chassagne-Montrachet premier cru Ez Crottes","app":"Chassagne-Montrachet","region":"cote-de-beaune","communes":["Chassagne-Montrachet"],"area_ha":2.36,"elev":[227.8,231.5,235.9],"slope":4.3,"slope_pct":7.4,"aspect":127,"aspect_label":"SE","aspect_hist":[0.0,0.0,0.087,0.913,0.0,0.0,0.0,0.0],"village":"chassagne-montrachet","white":true},"geometry":{"type":"Polygon","coordinates":[[[4.72508,46.92717],[4.72592,46.9268],[4.72538,46.92625],[4.72494,46.9257],[4.7246,46.92532],[4.72445,46.92516],[4.72399,46.92478],[4.72326,46.92522],[4.72353,46.92553],[4.72343,46.92557],[4.72363,46.92577],[4.72389,46.92615],[4.72386,46.92615],[4.72392,46.9263],[4.72406,46.92652],[4.72427,46.92674],[4.72434,46.92673],[4.72508,46.92717]]]}},{"type":"Feature","properties":{"id":"climat-beaune-premier-cru-a-l-ecu","kind":"climat","level":"premier-cru","name":"A l'Ecu","full":"Beaune premier cru A l'Ecu","app":"Beaune","region":"cote-de-beaune","communes":["Beaune"],"area_ha":2.32,"elev":[249.7,269.0,290.5],"slope":12.5,"slope_pct":22.2,"aspect":134,"aspect_label":"SE","aspect_hist":[0.0,0.002,0.037,0.896,0.063,0.002,0.0,0.0],"village":null,"white":true},"geometry":{"type":"Polygon","coordinates":[[[4.82706,47.04405],[4.82705,47.04372],[4.82643,47.04392],[4.82634,47.04372],[4.82602,47.04344],[4.82584,47.04335],[4.82576,47.04337],[4.82568,47.0433],[4.82533,47.04315],[4.82526,47.0431],[4.8253,47.04306],[4.8252,47.04293],[4.82491,47.04306],[4.82471,47.04283],[4.82447,47.04261],[4.82442,47.04252],[4.82443,47.04245],[4.82435,47.04243],[4.82424,47.0428],[4.82425,47.04304],[4.8243,47.04314],[4.82439,47.04323],[4.82449,47.04327],[4.82459,47.04328],[4.82451,47.04333],[4.82454,47.04338],[4.82458,47.04342],[4.82476,47.04348],[4.82471,47.04352],[4.82474,47.04357],[4.82475,47.04373],[4.82487,47.04386],[4.82483,47.04395],[4.825,47.04437],[4.82513,47.04486],[4.82575,47.04471],[4.826,47.04461],[4.82706,47.04405]]]}},{"type":"Feature","properties":{"id":"climat-chassagne-montrachet-premier-cru-ez-crets","kind":"climat","level":"premier-cru","name":"Ez Crets","full":"Chassagne-Montrachet premier cru Ez Crets","app":"Chassagne-Montrachet","region":"cote-de-beaune","communes":["Chassagne-Montrachet"],"area_ha":2.32,"elev":[241.5,245.3,250.0],"slope":3.4,"slope_pct":5.9,"aspect":142,"aspect_label":"SE","aspect_hist":[0.0,0.002,0.036,0.847,0.108,0.006,0.0,0.0],"village":"chassagne-montrachet","white":true},"geometry":{"type":"Polygon","coordinates":[[[4.72967,46.93632],[4.73116,46.93562],[4.73088,46.93532],[4.73067,46.93518],[4.72986,46.93478],[4.72946,46.93462],[4.72936,46.9346],[4.72921,46.93462],[4.72888,46.93478],[4.72898,46.93487],[4.72883,46.93495],[4.72889,46.93502],[4.7285,46.9352],[4.72834,46.93503],[4.72779,46.93528],[4.72799,46.93544],[4.72837,46.93565],[4.72869,46.93551],[4.72895,46.93565],[4.72908,46.93577],[4.72944,46.93599],[4.72967,46.93632]]]}},{"type":"Feature","properties":{"id":"climat-pommard-premier-cru-la-refene","kind":"climat","level":"premier-cru","name":"La Refène","full":"Pommard premier cru La Refène","app":"Pommard","region":"cote-de-beaune","communes":["Pommard"],"area_ha":2.29,"elev":[249.8,251.6,257.1],"slope":2.2,"slope_pct":3.9,"aspect":158,"aspect_label":"SSE","aspect_hist":[0.0,0.0,0.048,0.315,0.55,0.025,0.025,0.037],"village":null,"white":false},"geometry":{"type":"Polygon","coordinates":[[[4.79848,47.01192],[4.79807,47.01108],[4.79786,47.01076],[4.7977,47.01042],[4.7976,47.01026],[4.79735,47.01],[4.79693,47.01018],[4.79621,47.01056],[4.79591,47.01049],[4.79591,47.01052],[4.79644,47.01103],[4.79702,47.01172],[4.79707,47.01175],[4.79718,47.01175],[4.79773,47.01223],[4.79848,47.01192]]]}},{"type":"Feature","properties":{"id":"climat-chassagne-montrachet-premier-cru-en-virondot","kind":"climat","level":"premier-cru","name":"En Virondot","full":"Chassagne-Montrachet premier cru En Virondot","app":"Chassagne-Montrachet","region":"cote-de-beaune","communes":["Chassagne-Montrachet"],"area_ha":2.27,"elev":[293.1,307.3,330.5],"slope":13.8,"slope_pct":24.7,"aspect":115,"aspect_label":"ESE","aspect_hist":[0.0,0.0,0.333,0.666,0.001,0.0,0.0,0.0],"village":"chassagne-montrachet","white":true},"geometry":{"type":"Polygon","coordinates":[[[4.72046,46.93212],[4.72071,46.93181],[4.72048,46.9314],[4.7202,46.93102],[4.71979,46.93059],[4.71968,46.93049],[4.71956,46.93056],[4.71942,46.9305],[4.71949,46.93046],[4.71927,46.93039],[4.71916,46.93038],[4.71917,46.93045],[4.71878,46.93068],[4.71872,46.93077],[4.71859,46.93127],[4.71859,46.93143],[4.71845,46.93142],[4.71849,46.93155],[4.71853,46.93159],[4.71861,46.93155],[4.71861,46.93166],[4.71853,46.93172],[4.71862,46.9318],[4.71955,46.93215],[4.71963,46.93212],[4.71985,46.93216],[4.72018,46.93232],[4.72033,46.93224],[4.72046,46.93212]]]}},{"type":"Feature","properties":{"id":"climat-chassagne-montrachet-premier-cru-vigne-blanche","kind":"climat","level":"premier-cru","name":"Vigne Blanche","full":"Chassagne-Montrachet premier cru Vigne Blanche","app":"Chassagne-Montrachet","region":"cote-de-beaune","communes":["Chassagne-Montrachet"],"area_ha":2.25,"elev":[237.7,241.4,245.4],"slope":2.8,"slope_pct":4.8,"aspect":131,"aspect_label":"SE","aspect_hist":[0.003,0.027,0.181,0.712,0.065,0.008,0.005,0.0],"village":"chassagne-montrachet","white":true},"geometry":{"type":"Polygon","coordinates":[[[4.72229,46.9272],[4.72366,46.92656],[4.72358,46.92634],[4.72342,46.92611],[4.72314,46.92588],[4.72253,46.9255],[4.72089,46.92629],[4.72146,46.92682],[4.72181,46.92702],[4.72229,46.9272]]]}},{"type":"Feature","properties":{"id":"climat-monthelie-premier-cru-le-meix-bataille","kind":"climat","level":"premier-cru","name":"Le Meix Bataille","full":"Monthélie premier cru Le Meix Bataille","app":"Monthélie","region":"cote-de-beaune","communes":["Monthelie"],"area_ha":2.22,"elev":[292.2,299.9,306.2],"slope":3.6,"slope_pct":6.2,"aspect":208,"aspect_label":"SSW","aspect_hist":[0.0,0.0,0.0,0.0,0.446,0.511,0.041,0.001],"village":null,"white":true},"geometry":{"type":"MultiPolygon","coordinates":[[[[4.76993,46.99498],[4.76975,46.99401],[4.76946,46.99387],[4.76931,46.99375],[4.76909,46.99364],[4.76938,46.99501],[4.76993,46.99498]]],[[[4.76934,46.99502],[4.76905,46.99362],[4.76896,46.99358],[4.7688,46.99346],[4.76874,46.99332],[4.76843,46.99312],[4.76831,46.99297],[4.7679,46.99319],[4.76797,46.99328],[4.76778,46.99334],[4.7679,46.9935],[4.76742,46.99368],[4.76791,46.99419],[4.76794,46.99418],[4.76819,46.99446],[4.7685,46.9946],[4.76869,46.99476],[4.76911,46.99506],[4.76934,46.99502]]]]}},{"type":"Feature","properties":{"id":"climat-meursault-premier-cru-sous-blagny","kind":"climat","level":"premier-cru","name":"Sous Blagny","full":"Meursault premier cru Sous Blagny","app":"Meursault","region":"cote-de-beaune","communes":["Meursault"],"area_ha":2.21,"elev":[296.5,315.9,332.0],"slope":7.1,"slope_pct":12.6,"aspect":80,"aspect_label":"E","aspect_hist":[0.024,0.435,0.38,0.142,0.015,0.001,0.002,0.0],"village":"meursault","white":true},"geometry":{"type":"Polygon","coordinates":[[[4.74537,46.96059],[4.74533,46.9602],[4.74506,46.96019],[4.74462,46.96011],[4.74442,46.96011],[4.74377,46.96017],[4.74325,46.96028],[4.74301,46.9603],[4.7427,46.96027],[4.74249,46.9602],[4.7419,46.9597],[4.74163,46.9595],[4.74144,46.95945],[4.74101,46.95959],[4.74097,46.95962],[4.74107,46.95977],[4.74113,46.95993],[4.74108,46.96005],[4.74114,46.96025],[4.74166,46.96074],[4.74197,46.9609],[4.74226,46.96071],[4.74271,46.96074],[4.74288,46.96079],[4.74488,46.96048],[4.74488,46.96056],[4.74515,46.96056],[4.74516,46.96061],[4.74537,46.96059]]]}},{"type":"Feature","properties":{"id":"climat-saint-aubin-premier-cru-sous-roche-dumay","kind":"climat","level":"premier-cru","name":"Sous Roche Dumay","full":"Saint-Aubin premier cru Sous Roche Dumay","app":"Saint-Aubin","region":"cote-de-beaune","communes":["Saint-Aubin"],"area_ha":2.21,"elev":[346.1,368.7,398.6],"slope":19.9,"slope_pct":37.2,"aspect":209,"aspect_label":"SSW","aspect_hist":[0.0,0.0,0.0,0.0,0.18,0.82,0.0,0.0],"village":"saint-aubin","white":true},"geometry":{"type":"Polygon","coordinates":[[[4.73153,46.95496],[4.73175,46.95487],[4.73151,46.95458],[4.73127,46.9546],[4.73083,46.95461],[4.72941,46.95448],[4.72868,46.9546],[4.72842,46.95469],[4.72806,46.95476],[4.72827,46.95515],[4.72816,46.95515],[4.72823,46.95532],[4.72857,46.95524],[4.72856,46.95519],[4.72877,46.95515],[4.72908,46.9554],[4.72922,46.95535],[4.72958,46.9557],[4.73024,46.9556],[4.73079,46.95519],[4.73097,46.9551],[4.73137,46.95497],[4.73153,46.95496]]]}},{"type":"Feature","properties":{"id":"climat-blagny-premier-cru-sous-blagny","kind":"climat","level":"premier-cru","name":"Sous Blagny","full":"Blagny premier cru Sous Blagny","app":"Blagny","region":"cote-de-beaune","communes":["Meursault"],"area_ha":2.21,"elev":[296.5,315.9,332.0],"slope":7.1,"slope_pct":12.6,"aspect":80,"aspect_label":"E","aspect_hist":[0.024,0.435,0.38,0.142,0.015,0.001,0.002,0.0],"village":null,"white":false},"geometry":{"type":"Polygon","coordinates":[[[4.74537,46.96059],[4.74533,46.9602],[4.74506,46.96019],[4.74462,46.96011],[4.74442,46.96011],[4.74377,46.96017],[4.74325,46.96028],[4.74301,46.9603],[4.7427,46.96027],[4.74249,46.9602],[4.7419,46.9597],[4.74163,46.9595],[4.74144,46.95945],[4.74101,46.95959],[4.74097,46.95962],[4.74107,46.95977],[4.74113,46.95993],[4.74108,46.96005],[4.74114,46.96025],[4.74166,46.96074],[4.74197,46.9609],[4.74226,46.96071],[4.74271,46.96074],[4.74288,46.96079],[4.74488,46.96048],[4.74488,46.96056],[4.74515,46.96056],[4.74516,46.96061],[4.74537,46.96059]]]}},{"type":"Feature","properties":{"id":"climat-chassagne-montrachet-premier-cru-guerchere","kind":"climat","level":"premier-cru","name":"Guerchère","full":"Chassagne-Montrachet premier cru Guerchère","app":"Chassagne-Montrachet","region":"cote-de-beaune","communes":["Chassagne-Montrachet"],"area_ha":2.18,"elev":[223.6,225.5,228.5],"slope":2.0,"slope_pct":3.5,"aspect":125,"aspect_label":"SE","aspect_hist":[0.0,0.002,0.097,0.9,0.0,0.0,0.0,0.0],"village":"chassagne-montrachet","white":true},"geometry":{"type":"Polygon","coordinates":[[[4.72658,46.92534],[4.72656,46.92529],[4.72525,46.92403],[4.72399,46.92478],[4.72445,46.92516],[4.7246,46.92532],[4.72494,46.9257],[4.72522,46.92606],[4.72658,46.92534]]]}},{"type":"Feature","properties":{"id":"climat-volnay-premier-cru-clos-de-la-bousse-d-or","kind":"climat","level":"premier-cru","name":"Clos de la Bousse-d'Or","full":"Volnay premier cru Clos de la Bousse-d'Or","app":"Volnay","region":"cote-de-beaune","communes":["Volnay"],"area_ha":2.15,"elev":[266.9,274.7,283.9],"slope":4.3,"slope_pct":7.5,"aspect":123,"aspect_label":"ESE","aspect_hist":[0.0,0.01,0.099,0.89,0.001,0.0,0.0,0.0],"village":null,"white":false},"geometry":{"type":"Polygon","coordinates":[[[4.78491,46.99958],[4.78405,46.99888],[4.78227,46.99979],[4.78244,46.99997],[4.78261,47.00028],[4.78217,47.00052],[4.78251,47.00085],[4.78339,47.00045],[4.78427,47.0],[4.78469,46.99977],[4.78491,46.99958]]]}},{"type":"Feature","properties":{"id":"climat-chassagne-montrachet-premier-cru-les-grandes-ruchottes","kind":"climat","level":"premier-cru","name":"Les Grandes Ruchottes","full":"Chassagne-Montrachet premier cru Les Grandes Ruchottes","app":"Chassagne-Montrachet","region":"cote-de-beaune","communes":["Chassagne-Montrachet"],"area_ha":2.13,"elev":[255.9,270.7,285.5],"slope":10.1,"slope_pct":17.8,"aspect":127,"aspect_label":"SE","aspect_hist":[0.0,0.0,0.183,0.798,0.019,0.0,0.0,0.0],"village":"chassagne-montrachet","white":true},"geometry":{"type":"Polygon","coordinates":[[[4.72037,46.93003],[4.72147,46.92963],[4.72139,46.92925],[4.72128,46.92902],[4.72107,46.92876],[4.72075,46.92853],[4.72052,46.92833],[4.72019,46.92854],[4.72,46.92849],[4.71975,46.92864],[4.71954,46.92871],[4.7198,46.92896],[4.7191,46.92914],[4.71905,46.92919],[4.71909,46.92923],[4.71915,46.9292],[4.71921,46.92926],[4.71926,46.92937],[4.7193,46.92938],[4.71937,46.92938],[4.7195,46.92958],[4.7195,46.92973],[4.71955,46.9298],[4.71962,46.92988],[4.71998,46.93013],[4.72037,46.93003]]]}},{"type":"Feature","properties":{"id":"climat-chassagne-montrachet-premier-cru-tete-du-clos","kind":"climat","level":"premier-cru","name":"Tête du Clos","full":"Chassagne-Montrachet premier cru Tête du Clos","app":"Chassagne-Montrachet","region":"cote-de-beaune","communes":["Chassagne-Montrachet"],"area_ha":2.12,"elev":[253.2,260.0,269.8],"slope":9.5,"slope_pct":16.8,"aspect":114,"aspect_label":"ESE","aspect_hist":[0.0,0.015,0.418,0.566,0.0,0.0,0.0,0.0],"village":"chassagne-montrachet","white":true},"geometry":{"type":"Polygon","coordinates":[[[4.71844,46.92692],[4.71849,46.92686],[4.71811,46.92621],[4.71752,46.92563],[4.71694,46.92481],[4.71679,46.92467],[4.71673,46.92465],[4.7166,46.9245],[4.71619,46.92467],[4.71617,46.92483],[4.71623,46.92503],[4.71621,46.92505],[4.7164,46.92542],[4.71632,46.92552],[4.71631,46.92557],[4.71613,46.92574],[4.71622,46.92587],[4.71634,46.92599],[4.71656,46.92607],[4.71691,46.92633],[4.71704,46.92629],[4.71722,46.92641],[4.71726,46.92639],[4.71735,46.92655],[4.71731,46.92656],[4.71738,46.92674],[4.71743,46.92681],[4.71752,46.92686],[4.71823,46.92695],[4.71844,46.92692]]]}},{"type":"Feature","properties":{"id":"climat-pommard-premier-cru-clos-de-verger","kind":"climat","level":"premier-cru","name":"Clos de Verger","full":"Pommard premier cru Clos de Verger","app":"Pommard","region":"cote-de-beaune","communes":["Pommard"],"area_ha":2.11,"elev":[251.6,256.2,261.4],"slope":4.3,"slope_pct":7.5,"aspect":212,"aspect_label":"SSW","aspect_hist":[0.002,0.013,0.006,0.008,0.266,0.691,0.011,0.001],"village":null,"white":false},"geometry":{"type":"Polygon","coordinates":[[[4.79359,47.01182],[4.79346,47.01189],[4.7935,47.01193],[4.79337,47.012],[4.79341,47.01202],[4.793,47.01229],[4.79275,47.0121],[4.79242,47.01244],[4.79216,47.01278],[4.79266,47.01303],[4.79295,47.01297],[4.79373,47.01287],[4.79426,47.01281],[4.79473,47.01278],[4.79525,47.01264],[4.79499,47.01221],[4.79439,47.01156],[4.79418,47.01163],[4.79413,47.0116],[4.79366,47.01188],[4.79359,47.01182]]]}},{"type":"Feature","properties":{"id":"climat-chassagne-montrachet-premier-cru-champs-jendreau","kind":"climat","level":"premier-cru","name":"Champs Jendreau","full":"Chassagne-Montrachet premier cru Champs Jendreau","app":"Chassagne-Montrachet","region":"cote-de-beaune","communes":["Chassagne-Montrachet"],"area_ha":2.11,"elev":[225.3,228.5,234.9],"slope":2.6,"slope_pct":4.6,"aspect":128,"aspect_label":"SE","aspect_hist":[0.0,0.0,0.086,0.909,0.004,0.0,0.0,0.0],"village":"chassagne-montrachet","white":true},"geometry":{"type":"Polygon","coordinates":[[[4.72789,46.92781],[4.72868,46.92742],[4.72863,46.9273],[4.72833,46.92693],[4.72803,46.92661],[4.7279,46.92651],[4.72726,46.92682],[4.72638,46.92731],[4.72574,46.92761],[4.72683,46.92821],[4.72713,46.92812],[4.72789,46.92781]]]}},{"type":"Feature","properties":{"id":"climat-volnay-premier-cru-les-lurets","kind":"climat","level":"premier-cru","name":"Les Lurets","full":"Volnay premier cru Les Lurets","app":"Volnay","region":"cote-de-beaune","communes":["Volnay"],"area_ha":2.07,"elev":[236.7,241.9,248.0],"slope":3.1,"slope_pct":5.4,"aspect":135,"aspect_label":"SE","aspect_hist":[0.0,0.0,0.067,0.847,0.086,0.0,0.0,0.0],"village":null,"white":false},"geometry":{"type":"Polygon","coordinates":[[[4.78538,46.99299],[4.78483,46.9917],[4.78405,46.992],[4.78395,46.9923],[4.78381,46.99245],[4.78307,46.99276],[4.78329,46.99321],[4.78341,46.99339],[4.78366,46.99367],[4.78538,46.99299]]]}},{"type":"Feature","properties":{"id":"climat-savigny-les-beaune-premier-cru-les-charnieres","kind":"climat","level":"premier-cru","name":"Les Charnières","full":"Savigny-lès-Beaune premier cru Les Charnières","app":"Savigny-lès-Beaune","region":"cote-de-beaune","communes":["Savigny-lès-Beaune"],"area_ha":2.04,"elev":[266.1,272.0,278.2],"slope":4.9,"slope_pct":8.5,"aspect":187,"aspect_label":"S","aspect_hist":[0.0,0.0,0.0,0.0,0.982,0.018,0.0,0.0],"village":null,"white":true},"geometry":{"type":"Polygon","coordinates":[[[4.83814,47.06297],[4.83755,47.06301],[4.83702,47.06315],[4.83615,47.06327],[4.8362,47.06373],[4.83601,47.06376],[4.83601,47.06393],[4.83585,47.06443],[4.83682,47.06433],[4.83751,47.06422],[4.83786,47.06413],[4.83816,47.06401],[4.83814,47.06297]]]}},{"type":"Feature","properties":{"id":"climat-beaune-premier-cru-en-l-orme","kind":"climat","level":"premier-cru","name":"En l'Orme","full":"Beaune premier cru En l'Orme","app":"Beaune","region":"cote-de-beaune","communes":["Beaune"],"area_ha":2.02,"elev":[242.2,257.9,273.4],"slope":9.8,"slope_pct":17.5,"aspect":123,"aspect_label":"ESE","aspect_hist":[0.0,0.029,0.336,0.608,0.027,0.0,0.0,0.0],"village":null,"white":true},"geometry":{"type":"Polygon","coordinates":[[[4.82865,47.04557],[4.8298,47.04502],[4.8297,47.04487],[4.82947,47.04497],[4.82932,47.04482],[4.82913,47.04488],[4.82903,47.04477],[4.82859,47.04496],[4.82836,47.04474],[4.82721,47.04529],[4.82738,47.04549],[4.82728,47.0456],[4.82732,47.04579],[4.82727,47.04594],[4.82739,47.04609],[4.82811,47.04656],[4.82875,47.04608],[4.829,47.04592],[4.82865,47.04557]]]}},{"type":"Feature","properties":{"id":"climat-chassagne-montrachet-premier-cru-chassagne-du-clos-saint-jean","kind":"climat","level":"premier-cru","name":"Chassagne du Clos Saint-Jean","full":"Chassagne-Montrachet premier cru Chassagne du Clos Saint-Jean","app":"Chassagne-Montrachet","region":"cote-de-beaune","communes":["Chassagne-Montrachet"],"area_ha":2.01,"elev":[267.8,274.9,284.1],"slope":6.2,"slope_pct":10.9,"aspect":103,"aspect_label":"ESE","aspect_hist":[0.0,0.004,0.731,0.262,0.004,0.0,0.0,0.0],"village":"chassagne-montrachet","white":true},"geometry":{"type":"Polygon","coordinates":[[[4.72339,46.93717],[4.7251,46.93678],[4.72503,46.93657],[4.72502,46.93632],[4.72454,46.93635],[4.72444,46.93567],[4.7243,46.93541],[4.72416,46.93535],[4.72409,46.93536],[4.72402,46.93533],[4.72336,46.93558],[4.72289,46.9357],[4.72283,46.93576],[4.72303,46.9361],[4.72321,46.93606],[4.72326,46.93634],[4.72319,46.93635],[4.72339,46.93717]]]}},{"type":"Feature","properties":{"id":"climat-chassagne-montrachet-premier-cru-clos-chareau","kind":"climat","level":"premier-cru","name":"Clos Chareau","full":"Chassagne-Montrachet premier cru Clos Chareau","app":"Chassagne-Montrachet","region":"cote-de-beaune","communes":["Chassagne-Montrachet"],"area_ha":1.99,"elev":[241.3,244.4,247.8],"slope":3.0,"slope_pct":5.3,"aspect":144,"aspect_label":"SE","aspect_hist":[0.0,0.001,0.07,0.605,0.313,0.003,0.003,0.005],"village":"chassagne-montrachet","white":true},"geometry":{"type":"Polygon","coordinates":[[[4.71929,46.92155],[4.72067,46.92099],[4.71979,46.92051],[4.71949,46.92025],[4.71923,46.92008],[4.71851,46.91979],[4.71781,46.92055],[4.71785,46.92057],[4.71782,46.9206],[4.71844,46.92086],[4.71929,46.92155]]]}},{"type":"Feature","properties":{"id":"climat-saint-aubin-premier-cru-derriere-la-tour","kind":"climat","level":"premier-cru","name":"Derrière la Tour","full":"Saint-Aubin premier cru Derrière la Tour","app":"Saint-Aubin","region":"cote-de-beaune","communes":["Saint-Aubin"],"area_ha":1.97,"elev":[280.7,287.7,302.9],"slope":8.2,"slope_pct":14.7,"aspect":169,"aspect_label":"S","aspect_hist":[0.0,0.0,0.012,0.249,0.675,0.061,0.003,0.0],"village":"saint-aubin","white":true},"geometry":{"type":"Polygon","coordinates":[[[4.72122,46.95838],[4.72155,46.95772],[4.72127,46.95758],[4.72104,46.95741],[4.72085,46.95722],[4.72073,46.95702],[4.72059,46.95698],[4.72021,46.95692],[4.71988,46.9569],[4.71955,46.9569],[4.71912,46.95697],[4.71952,46.95816],[4.72031,46.95801],[4.72038,46.95801],[4.7205,46.95808],[4.72088,46.9584],[4.72105,46.95848],[4.72112,46.95847],[4.72122,46.95838]]]}},{"type":"Feature","properties":{"id":"climat-beaune-premier-cru-clos-saint-landry","kind":"climat","level":"premier-cru","name":"Clos Saint-Landry","full":"Beaune premier cru Clos Saint-Landry","app":"Beaune","region":"cote-de-beaune","communes":["Beaune"],"area_ha":1.97,"elev":[238.9,241.4,244.9],"slope":2.1,"slope_pct":3.7,"aspect":148,"aspect_label":"SSE","aspect_hist":[0.0,0.067,0.094,0.308,0.531,0.0,0.0,0.0],"village":null,"white":true},"geometry":{"type":"Polygon","coordinates":[[[4.8164,47.0223],[4.81651,47.02224],[4.81596,47.0215],[4.81541,47.021],[4.81489,47.02117],[4.81381,47.02164],[4.81485,47.02237],[4.8151,47.02265],[4.81541,47.0225],[4.8164,47.0223]]]}},{"type":"Feature","properties":{"id":"climat-auxey-duresses-premier-cru-les-breterins","kind":"climat","level":"premier-cru","name":"Les Bréterins","full":"Auxey-Duresses premier cru Les Bréterins","app":"Auxey-Duresses","region":"cote-de-beaune","communes":["Auxey-Duresses"],"area_ha":1.93,"elev":[269.1,279.2,297.2],"slope":8.6,"slope_pct":15.2,"aspect":172,"aspect_label":"S","aspect_hist":[0.0,0.0,0.0,0.108,0.892,0.0,0.0,0.0],"village":"auxey-duresses","white":true},"geometry":{"type":"Polygon","coordinates":[[[4.75255,46.98953],[4.75285,46.98805],[4.75231,46.98817],[4.75162,46.98827],[4.75114,46.98838],[4.75073,46.9884],[4.75079,46.98907],[4.75092,46.98938],[4.75102,46.98947],[4.75136,46.98953],[4.75149,46.98939],[4.7515,46.98934],[4.75184,46.98932],[4.75188,46.98945],[4.75255,46.98953]]]}},{"type":"Feature","properties":{"id":"climat-aloxe-corton-premier-cru-clos-du-chapitre","kind":"climat","level":"premier-cru","name":"Clos du Chapitre","full":"Aloxe-Corton premier cru Clos du Chapitre","app":"Aloxe-Corton","region":"cote-de-beaune","communes":["Aloxe-Corton"],"area_ha":1.9,"elev":[240.2,243.5,248.9],"slope":3.1,"slope_pct":5.5,"aspect":160,"aspect_label":"SSE","aspect_hist":[0.0,0.0,0.001,0.38,0.617,0.001,0.0,0.0],"village":null,"white":true},"geometry":{"type":"Polygon","coordinates":[[[4.8607,47.06559],[4.86179,47.06521],[4.86178,47.06514],[4.86055,47.06414],[4.86049,47.06411],[4.85998,47.06407],[4.8599,47.06408],[4.85924,47.06444],[4.85915,47.06452],[4.85912,47.0646],[4.85923,47.06495],[4.85963,47.06488],[4.85972,47.06507],[4.86011,47.065],[4.8604,47.06567],[4.8607,47.06559]]]}},{"type":"Feature","properties":{"id":"climat-puligny-montrachet-premier-cru-clos-de-la-garenne","kind":"climat","level":"premier-cru","name":"Clos de la Garenne","full":"Puligny-Montrachet premier cru Clos de la Garenne","app":"Puligny-Montrachet","region":"cote-de-beaune","communes":["Puligny-Montrachet"],"area_ha":1.9,"elev":[252.1,266.2,277.2],"slope":6.5,"slope_pct":11.4,"aspect":129,"aspect_label":"SE","aspect_hist":[0.001,0.009,0.121,0.854,0.013,0.0,0.0,0.0],"village":"puligny-montrachet","white":true},"geometry":{"type":"MultiPolygon","coordinates":[[[[4.74605,46.95497],[4.74526,46.95436],[4.74477,46.95455],[4.74451,46.95469],[4.74465,46.95519],[4.74473,46.95523],[4.74524,46.95538],[4.74553,46.9554],[4.74561,46.95536],[4.74574,46.95542],[4.74606,46.95539],[4.74662,46.95569],[4.74672,46.95558],[4.74655,46.95546],[4.74626,46.95533],[4.74595,46.95502],[4.74605,46.95497]]],[[[4.74448,46.95459],[4.74498,46.95425],[4.74497,46.95424],[4.74547,46.95391],[4.74556,46.95397],[4.74582,46.95384],[4.74533,46.95309],[4.74467,46.9535],[4.74455,46.95365],[4.74447,46.95397],[4.74447,46.95417],[4.74443,46.95428],[4.74443,46.95444],[4.74448,46.95459]]]]}},{"type":"Feature","properties":{"id":"climat-pommard-premier-cru-les-boucherottes","kind":"climat","level":"premier-cru","name":"Les Boucherottes","full":"Pommard premier cru Les Boucherottes","app":"Pommard","region":"cote-de-beaune","communes":["Pommard"],"area_ha":1.85,"elev":[246.6,249.3,254.2],"slope":3.3,"slope_pct":5.8,"aspect":123,"aspect_label":"ESE","aspect_hist":[0.0,0.002,0.382,0.602,0.01,0.005,0.0,0.0],"village":null,"white":false},"geometry":{"type":"Polygon","coordinates":[[[4.80693,47.01616],[4.80741,47.01639],[4.80752,47.01654],[4.80769,47.01662],[4.80801,47.0164],[4.80851,47.01625],[4.80861,47.01619],[4.80807,47.01571],[4.80787,47.01549],[4.80746,47.01515],[4.80719,47.01504],[4.80673,47.01489],[4.80665,47.01493],[4.80648,47.01512],[4.80627,47.01541],[4.80625,47.01546],[4.80631,47.01564],[4.80619,47.0159],[4.80631,47.01596],[4.80693,47.01616]]]}},{"type":"Feature","properties":{"id":"climat-beaune-premier-cru-clos-de-la-feguine","kind":"climat","level":"premier-cru","name":"Clos de la Feguine","full":"Beaune premier cru Clos de la Feguine","app":"Beaune","region":"cote-de-beaune","communes":["Beaune"],"area_ha":1.83,"elev":[265.3,278.8,294.4],"slope":10.5,"slope_pct":18.6,"aspect":154,"aspect_label":"SSE","aspect_hist":[0.0,0.0,0.004,0.532,0.441,0.023,0.0,0.0],"village":null,"white":true},"geometry":{"type":"Polygon","coordinates":[[[4.81851,47.03139],[4.81846,47.03091],[4.81839,47.03074],[4.81813,47.03042],[4.81772,47.03009],[4.81761,47.02994],[4.81752,47.02971],[4.81723,47.02972],[4.81699,47.02969],[4.81688,47.02977],[4.81662,47.02964],[4.81639,47.02979],[4.81591,47.02985],[4.81605,47.03015],[4.81615,47.03026],[4.81634,47.03038],[4.81687,47.0304],[4.81718,47.03037],[4.81734,47.03059],[4.8174,47.03059],[4.81743,47.03071],[4.81742,47.03079],[4.81758,47.03131],[4.81777,47.03149],[4.81787,47.03146],[4.81809,47.03168],[4.8185,47.03163],[4.81851,47.03139]],[[4.81704,47.0302],[4.81696,47.03034],[4.81688,47.03039],[4.81684,47.03],[4.81696,47.03008],[4.81704,47.0302]]]}},{"type":"Feature","properties":{"id":"climat-monthelie-premier-cru-le-clos-gauthey","kind":"climat","level":"premier-cru","name":"Le Clos Gauthey","full":"Monthélie premier cru Le Clos Gauthey","app":"Monthélie","region":"cote-de-beaune","communes":["Monthelie"],"area_ha":1.81,"elev":[290.9,295.8,300.5],"slope":3.5,"slope_pct":6.2,"aspect":236,"aspect_label":"SW","aspect_hist":[0.0,0.0,0.0,0.0,0.061,0.726,0.201,0.013],"village":null,"white":true},"geometry":{"type":"Polygon","coordinates":[[[4.77032,46.99291],[4.77036,46.99292],[4.77018,46.99218],[4.77007,46.99216],[4.76971,46.99199],[4.76931,46.99162],[4.76919,46.99153],[4.76912,46.99155],[4.76864,46.99216],[4.76814,46.99267],[4.76836,46.99295],[4.76848,46.99307],[4.76873,46.99324],[4.76903,46.99306],[4.76923,46.99301],[4.76935,46.993],[4.76965,46.99301],[4.77003,46.99299],[4.77028,46.99294],[4.77032,46.99291]]]}},{"type":"Feature","properties":{"id":"climat-savigny-les-beaune-premier-cru-bataillere","kind":"climat","level":"premier-cru","name":"Bataillère","full":"Savigny-lès-Beaune premier cru Bataillère","app":"Savigny-lès-Beaune","region":"cote-de-beaune","communes":["Savigny-lès-Beaune"],"area_ha":1.81,"elev":[275.9,282.8,295.8],"slope":5.4,"slope_pct":9.5,"aspect":156,"aspect_label":"SSE","aspect_hist":[0.0,0.0,0.001,0.551,0.439,0.007,0.001,0.0],"village":null,"white":true},"geometry":{"type":"Polygon","coordinates":[[[4.84162,47.06409],[4.84109,47.06584],[4.84117,47.06585],[4.84154,47.06583],[4.84212,47.06565],[4.84269,47.06557],[4.84312,47.06547],[4.8431,47.06504],[4.84306,47.06495],[4.84296,47.06485],[4.84198,47.06425],[4.84162,47.06409]]]}},{"type":"Feature","properties":{"id":"climat-saint-aubin-premier-cru-marinot","kind":"climat","level":"premier-cru","name":"Marinot","full":"Saint-Aubin premier cru Marinot","app":"Saint-Aubin","region":"cote-de-beaune","communes":["Saint-Aubin"],"area_ha":1.8,"elev":[301.9,312.4,324.3],"slope":8.6,"slope_pct":15.2,"aspect":135,"aspect_label":"SE","aspect_hist":[0.0,0.0,0.0,0.999,0.001,0.0,0.0,0.0],"village":"saint-aubin","white":true},"geometry":{"type":"Polygon","coordinates":[[[4.71035,46.95381],[4.7116,46.9529],[4.71107,46.95264],[4.71016,46.95205],[4.70906,46.953],[4.70967,46.95326],[4.70993,46.95345],[4.71021,46.95371],[4.71035,46.95381]]]}},{"type":"Feature","properties":{"id":"climat-ladoix-premier-cru-en-naget","kind":"climat","level":"premier-cru","name":"En Naget","full":"Ladoix premier cru En Naget","app":"Ladoix","region":"cote-de-beaune","communes":["Ladoix-Serrigny"],"area_ha":1.76,"elev":[299.6,316.4,337.7],"slope":10.8,"slope_pct":19.2,"aspect":154,"aspect_label":"SSE","aspect_hist":[0.0,0.0,0.0,0.617,0.383,0.0,0.0,0.0],"village":null,"white":true},"geometry":{"type":"Polygon","coordinates":[[[4.87385,47.08267],[4.8733,47.08259],[4.87287,47.08258],[4.87255,47.08261],[4.87207,47.0826],[4.87176,47.08263],[4.87176,47.08276],[4.87167,47.08318],[4.87136,47.08376],[4.87192,47.08406],[4.87204,47.08416],[4.87303,47.08345],[4.87289,47.08339],[4.87327,47.08308],[4.87331,47.0831],[4.87385,47.08267]]]}},{"type":"Feature","properties":{"id":"climat-chassagne-montrachet-premier-cru-petingeret","kind":"climat","level":"premier-cru","name":"Petingeret","full":"Chassagne-Montrachet premier cru Petingeret","app":"Chassagne-Montrachet","region":"cote-de-beaune","communes":["Chassagne-Montrachet"],"area_ha":1.75,"elev":[254.4,261.0,268.4],"slope":4.7,"slope_pct":8.3,"aspect":83,"aspect_label":"E","aspect_hist":[0.003,0.152,0.781,0.065,0.0,0.0,0.0,0.0],"village":"chassagne-montrachet","white":true},"geometry":{"type":"Polygon","coordinates":[[[4.7286,46.94349],[4.72915,46.94334],[4.72885,46.94288],[4.72878,46.9428],[4.7287,46.9426],[4.72827,46.94271],[4.72652,46.94299],[4.72647,46.94302],[4.72653,46.94331],[4.72668,46.94361],[4.72695,46.94383],[4.72703,46.94385],[4.72744,46.94378],[4.72797,46.94365],[4.72832,46.94361],[4.7286,46.94349]]]}},{"type":"Feature","properties":{"id":"climat-chassagne-montrachet-premier-cru-la-grande-borne","kind":"climat","level":"premier-cru","name":"La Grande Borne","full":"Chassagne-Montrachet premier cru La Grande Borne","app":"Chassagne-Montrachet","region":"cote-de-beaune","communes":["Chassagne-Montrachet"],"area_ha":1.74,"elev":[246.6,250.6,255.5],"slope":2.9,"slope_pct":5.0,"aspect":142,"aspect_label":"SE","aspect_hist":[0.0,0.0,0.067,0.701,0.226,0.006,0.0,0.0],"village":"chassagne-montrachet","white":true},"geometry":{"type":"Polygon","coordinates":[[[4.71917,46.92145],[4.71844,46.92086],[4.71782,46.9206],[4.71735,46.92118],[4.71694,46.92175],[4.71728,46.92207],[4.71725,46.92209],[4.71754,46.92235],[4.71846,46.9219],[4.71917,46.92145]]]}},{"type":"Feature","properties":{"id":"climat-chassagne-montrachet-premier-cru-les-bondues","kind":"climat","level":"premier-cru","name":"Les Bondues","full":"Chassagne-Montrachet premier cru Les Bondues","app":"Chassagne-Montrachet","region":"cote-de-beaune","communes":["Chassagne-Montrachet"],"area_ha":1.73,"elev":[238.2,239.8,243.1],"slope":1.9,"slope_pct":3.3,"aspect":63,"aspect_label":"ENE","aspect_hist":[0.038,0.576,0.172,0.145,0.0,0.042,0.027,0.0],"village":"chassagne-montrachet","white":true},"geometry":{"type":"Polygon","coordinates":[[[4.73529,46.94035],[4.73547,46.94015],[4.73532,46.93997],[4.73481,46.94018],[4.73392,46.94041],[4.73329,46.94052],[4.73309,46.94053],[4.73335,46.94098],[4.73384,46.94165],[4.73447,46.94151],[4.73458,46.9416],[4.73468,46.94149],[4.73529,46.94035]]]}},{"type":"Feature","properties":{"id":"climat-aloxe-corton-premier-cru-la-toppe-au-vert","kind":"climat","level":"premier-cru","name":"La Toppe au Vert","full":"Aloxe-Corton premier cru La Toppe au Vert","app":"Aloxe-Corton","region":"cote-de-beaune","communes":["Ladoix-Serrigny"],"area_ha":1.71,"elev":[223.4,229.5,241.2],"slope":6.6,"slope_pct":11.6,"aspect":136,"aspect_label":"SE","aspect_hist":[0.0,0.006,0.247,0.451,0.297,0.0,0.0,0.0],"village":null,"white":true},"geometry":{"type":"Polygon","coordinates":[[[4.87585,47.07501],[4.87679,47.0745],[4.87631,47.0738],[4.87595,47.07343],[4.87538,47.07371],[4.87551,47.07383],[4.87526,47.07395],[4.87503,47.07378],[4.87456,47.07401],[4.87483,47.07417],[4.87508,47.07442],[4.8751,47.07459],[4.8753,47.07486],[4.87497,47.075],[4.87515,47.0752],[4.87545,47.07516],[4.87585,47.07501]]]}},{"type":"Feature","properties":{"id":"climat-savigny-les-beaune-premier-cru-basses-vergelesses","kind":"climat","level":"premier-cru","name":"Basses Vergelesses","full":"Savigny-lès-Beaune premier cru Basses Vergelesses","app":"Savigny-lès-Beaune","region":"cote-de-beaune","communes":["Savigny-lès-Beaune"],"area_ha":1.69,"elev":[264.9,270.9,276.9],"slope":4.5,"slope_pct":7.9,"aspect":148,"aspect_label":"SSE","aspect_hist":[0.0,0.003,0.022,0.727,0.248,0.0,0.0,0.0],"village":null,"white":true},"geometry":{"type":"Polygon","coordinates":[[[4.84382,47.06381],[4.84394,47.06375],[4.84349,47.0632],[4.84336,47.06322],[4.84242,47.06357],[4.84233,47.06363],[4.84229,47.06368],[4.84233,47.06373],[4.8422,47.06387],[4.84177,47.06407],[4.8418,47.06411],[4.84229,47.06433],[4.8431,47.06486],[4.84346,47.06469],[4.84365,47.0645],[4.84378,47.06422],[4.84383,47.06393],[4.84382,47.06381]]]}},{"type":"Feature","properties":{"id":"climat-aloxe-corton-premier-cru-les-petites-folieres","kind":"climat","level":"premier-cru","name":"Les Petites Folières","full":"Aloxe-Corton premier cru Les Petites Folières","app":"Aloxe-Corton","region":"cote-de-beaune","communes":["Ladoix-Serrigny"],"area_ha":1.65,"elev":[239.9,246.0,253.5],"slope":5.9,"slope_pct":10.3,"aspect":102,"aspect_label":"ESE","aspect_hist":[0.0,0.014,0.733,0.253,0.0,0.0,0.0,0.0],"village":null,"white":true},"geometry":{"type":"Polygon","coordinates":[[[4.87683,47.07802],[4.87742,47.07784],[4.87673,47.07678],[4.87541,47.0774],[4.87577,47.07818],[4.87599,47.07849],[4.87691,47.07825],[4.87683,47.07802]]]}},{"type":"Feature","properties":{"id":"climat-monthelie-premier-cru-le-clou-des-chenes","kind":"climat","level":"premier-cru","name":"Le Clou des Chênes","full":"Monthélie premier cru Le Clou des Chênes","app":"Monthélie","region":"cote-de-beaune","communes":["Monthelie"],"area_ha":1.63,"elev":[308.7,317.2,331.2],"slope":6.5,"slope_pct":11.3,"aspect":184,"aspect_label":"S","aspect_hist":[0.0,0.0,0.0,0.009,0.936,0.054,0.0,0.0],"village":null,"white":true},"geometry":{"type":"Polygon","coordinates":[[[4.77357,46.99564],[4.77345,46.99557],[4.77326,46.99554],[4.77274,46.99552],[4.77132,46.99526],[4.77136,46.99611],[4.77171,46.99613],[4.77182,46.99615],[4.77241,46.99642],[4.77257,46.99647],[4.77282,46.99662],[4.77315,46.99672],[4.77322,46.99655],[4.77326,46.99629],[4.77336,46.996],[4.77357,46.99564]]]}},{"type":"Feature","properties":{"id":"climat-ladoix-premier-cru-la-micaude","kind":"climat","level":"premier-cru","name":"La Micaude","full":"Ladoix premier cru La Micaude","app":"Ladoix","region":"cote-de-beaune","communes":["Ladoix-Serrigny"],"area_ha":1.63,"elev":[243.5,251.6,258.4],"slope":4.6,"slope_pct":8.1,"aspect":175,"aspect_label":"S","aspect_hist":[0.0,0.0,0.0,0.045,0.955,0.0,0.0,0.0],"village":null,"white":true},"geometry":{"type":"Polygon","coordinates":[[[4.88992,47.08306],[4.89009,47.08285],[4.88945,47.08257],[4.88871,47.08222],[4.88868,47.08225],[4.88781,47.08149],[4.8873,47.08171],[4.88825,47.08269],[4.88866,47.08328],[4.8888,47.08331],[4.88959,47.0833],[4.8896,47.08328],[4.88979,47.08328],[4.88992,47.08306]]]}},{"type":"Feature","properties":{"id":"climat-chassagne-montrachet-premier-cru-les-murees","kind":"climat","level":"premier-cru","name":"Les Murées","full":"Chassagne-Montrachet premier cru Les Murées","app":"Chassagne-Montrachet","region":"cote-de-beaune","communes":["Chassagne-Montrachet"],"area_ha":1.61,"elev":[256.2,261.9,269.1],"slope":4.6,"slope_pct":8.0,"aspect":112,"aspect_label":"ESE","aspect_hist":[0.0,0.039,0.339,0.595,0.024,0.003,0.0,0.0],"village":"chassagne-montrachet","white":true},"geometry":{"type":"Polygon","coordinates":[[[4.72671,46.93669],[4.72744,46.93632],[4.72715,46.93621],[4.72685,46.93605],[4.72643,46.93575],[4.72611,46.93588],[4.72608,46.93582],[4.72561,46.93595],[4.72561,46.93596],[4.72509,46.93602],[4.7251,46.93611],[4.72514,46.93608],[4.72518,46.93632],[4.72518,46.93653],[4.72527,46.93653],[4.72529,46.93661],[4.72521,46.93662],[4.7253,46.93683],[4.72526,46.93683],[4.72529,46.93696],[4.72537,46.93711],[4.72538,46.93721],[4.7254,46.93724],[4.72561,46.93721],[4.72575,46.93714],[4.72583,46.93709],[4.72582,46.93707],[4.7267,46.93668],[4.72671,46.93669]]]}},{"type":"Feature","properties":{"id":"climat-aloxe-corton-premier-cru-les-paulands","kind":"climat","level":"premier-cru","name":"Les Paulands","full":"Aloxe-Corton premier cru Les Paulands","app":"Aloxe-Corton","region":"cote-de-beaune","communes":["Aloxe-Corton"],"area_ha":1.6,"elev":[230.8,238.8,246.8],"slope":5.1,"slope_pct":9.0,"aspect":84,"aspect_label":"E","aspect_hist":[0.0,0.206,0.677,0.117,0.0,0.0,0.0,0.0],"village":null,"white":true},"geometry":{"type":"Polygon","coordinates":[[[4.87221,47.07133],[4.87235,47.07131],[4.8717,47.07067],[4.87102,47.0705],[4.87035,47.07082],[4.86981,47.07103],[4.87007,47.07124],[4.87046,47.07147],[4.87081,47.0719],[4.8716,47.07162],[4.87221,47.07133]]]}},{"type":"Feature","properties":{"id":"climat-chassagne-montrachet-premier-cru-en-remilly","kind":"climat","level":"premier-cru","name":"En Remilly","full":"Chassagne-Montrachet premier cru En Remilly","app":"Chassagne-Montrachet","region":"cote-de-beaune","communes":["Chassagne-Montrachet"],"area_ha":1.56,"elev":[281.2,288.8,305.1],"slope":10.1,"slope_pct":18.2,"aspect":177,"aspect_label":"S","aspect_hist":[0.0,0.0,0.005,0.167,0.688,0.141,0.0,0.0],"village":"chassagne-montrachet","white":true},"geometry":{"type":"Polygon","coordinates":[[[4.73532,46.94586],[4.73578,46.94535],[4.7356,46.9452],[4.73571,46.94511],[4.7355,46.9451],[4.73536,46.94503],[4.73531,46.94504],[4.73531,46.94508],[4.73525,46.94515],[4.73511,46.9451],[4.735,46.94509],[4.73462,46.94509],[4.73485,46.94491],[4.7345,46.94485],[4.73433,46.94484],[4.73407,46.94487],[4.73424,46.9451],[4.73378,46.94503],[4.73317,46.9451],[4.73356,46.94562],[4.7336,46.94561],[4.73373,46.9458],[4.73388,46.94594],[4.73532,46.94586]]]}},{"type":"Feature","properties":{"id":"climat-volnay-premier-cru-fremiets-clos-de-la-rougeotte","kind":"climat","level":"premier-cru","name":"Frémiets - Clos de la Rougeotte","full":"Volnay premier cru Frémiets - Clos de la Rougeotte","app":"Volnay","region":"cote-de-beaune","communes":["Volnay"],"area_ha":1.52,"elev":[267.8,280.4,289.8],"slope":5.6,"slope_pct":9.8,"aspect":120,"aspect_label":"ESE","aspect_hist":[0.0,0.0,0.192,0.808,0.0,0.0,0.0,0.0],"village":null,"white":false},"geometry":{"type":"Polygon","coordinates":[[[4.78678,47.00254],[4.78625,47.00237],[4.78569,47.00226],[4.78571,47.00224],[4.78546,47.00218],[4.78492,47.00245],[4.78483,47.00237],[4.78411,47.00261],[4.78408,47.00258],[4.78363,47.00269],[4.78407,47.00343],[4.78678,47.00254]]]}},{"type":"Feature","properties":{"id":"climat-savigny-les-beaune-premier-cru-les-jarrons","kind":"climat","level":"premier-cru","name":"Les Jarrons","full":"Savigny-lès-Beaune premier cru Les Jarrons","app":"Savigny-lès-Beaune","region":"cote-de-beaune","communes":["Savigny-lès-Beaune"],"area_ha":1.47,"elev":[252.6,257.6,264.3],"slope":4.2,"slope_pct":7.4,"aspect":62,"aspect_label":"ENE","aspect_hist":[0.012,0.601,0.387,0.0,0.0,0.0,0.0,0.0],"village":null,"white":true},"geometry":{"type":"Polygon","coordinates":[[[4.83134,47.05483],[4.83122,47.05496],[4.83282,47.05555],[4.83311,47.05526],[4.83333,47.0551],[4.83367,47.05474],[4.83165,47.05421],[4.83134,47.05483]]]}},{"type":"Feature","properties":{"id":"climat-aloxe-corton-premier-cru-clos-des-marechaudes","kind":"climat","level":"premier-cru","name":"Clos des Maréchaudes","full":"Aloxe-Corton premier cru Clos des Maréchaudes","app":"Aloxe-Corton","region":"cote-de-beaune","communes":["Aloxe-Corton","Ladoix-Serrigny"],"area_ha":1.46,"elev":[220.1,226.8,235.4],"slope":6.5,"slope_pct":11.4,"aspect":133,"aspect_label":"SE","aspect_hist":[0.0,0.005,0.227,0.668,0.101,0.0,0.0,0.0],"village":null,"white":true},"geometry":{"type":"Polygon","coordinates":[[[4.87474,47.07298],[4.87455,47.07282],[4.87458,47.0728],[4.87434,47.07252],[4.87449,47.07245],[4.87413,47.072],[4.87341,47.07227],[4.87359,47.07248],[4.87383,47.07268],[4.87405,47.07295],[4.87414,47.07302],[4.87373,47.07324],[4.87457,47.07396],[4.87561,47.07343],[4.87515,47.07299],[4.87479,47.07299],[4.87476,47.07297],[4.87453,47.07308],[4.87474,47.07298]]]}},{"type":"Feature","properties":{"id":"climat-savigny-les-beaune-premier-cru-champ-chevrey","kind":"climat","level":"premier-cru","name":"Champ Chevrey","full":"Savigny-lès-Beaune premier cru Champ Chevrey","app":"Savigny-lès-Beaune","region":"cote-de-beaune","communes":["Savigny-lès-Beaune"],"area_ha":1.45,"elev":[250.5,254.4,260.0],"slope":2.4,"slope_pct":4.3,"aspect":153,"aspect_label":"SSE","aspect_hist":[0.0,0.0,0.003,0.593,0.402,0.003,0.0,0.0],"village":null,"white":true},"geometry":{"type":"Polygon","coordinates":[[[4.84373,47.06216],[4.84315,47.06116],[4.84304,47.06104],[4.84215,47.05983],[4.84188,47.06],[4.84185,47.06005],[4.84186,47.06012],[4.84239,47.06126],[4.84273,47.06191],[4.8431,47.0624],[4.84373,47.06216]]]}},{"type":"Feature","properties":{"id":"climat-ladoix-premier-cru-le-clou-d-orge","kind":"climat","level":"premier-cru","name":"Le Clou d'Orge","full":"Ladoix premier cru Le Clou d'Orge","app":"Ladoix","region":"cote-de-beaune","communes":["Ladoix-Serrigny"],"area_ha":1.35,"elev":[247.5,252.8,261.1],"slope":4.3,"slope_pct":7.5,"aspect":213,"aspect_label":"SSW","aspect_hist":[0.0,0.0,0.0,0.0,0.216,0.764,0.02,0.0],"village":null,"white":true},"geometry":{"type":"Polygon","coordinates":[[[4.88366,47.08344],[4.88411,47.0833],[4.88395,47.08293],[4.88385,47.08256],[4.8838,47.08247],[4.88249,47.08276],[4.88317,47.08418],[4.88383,47.08397],[4.88392,47.08412],[4.88399,47.0841],[4.88352,47.08337],[4.88361,47.08335],[4.88366,47.08344]]]}},{"type":"Feature","properties":{"id":"climat-chassagne-montrachet-premier-cru-vide-bourse","kind":"climat","level":"premier-cru","name":"Vide Bourse","full":"Chassagne-Montrachet premier cru Vide Bourse","app":"Chassagne-Montrachet","region":"cote-de-beaune","communes":["Chassagne-Montrachet"],"area_ha":1.33,"elev":[241.6,243.8,246.6],"slope":2.1,"slope_pct":3.7,"aspect":167,"aspect_label":"SSE","aspect_hist":[0.0,0.0,0.005,0.306,0.65,0.039,0.0,0.0],"village":"chassagne-montrachet","white":true},"geometry":{"type":"Polygon","coordinates":[[[4.74073,46.9423],[4.74209,46.94175],[4.74167,46.94168],[4.74146,46.94161],[4.74099,46.94144],[4.74045,46.94118],[4.74008,46.94113],[4.7395,46.94119],[4.74018,46.94178],[4.73987,46.94189],[4.73985,46.94194],[4.74023,46.94242],[4.74069,46.94226],[4.74073,46.9423]]]}},{"type":"Feature","properties":{"id":"climat-volnay-premier-cru-clos-de-la-barre","kind":"climat","level":"premier-cru","name":"Clos de la Barre","full":"Volnay premier cru Clos de la Barre","app":"Volnay","region":"cote-de-beaune","communes":["Volnay"],"area_ha":1.31,"elev":[263.6,269.4,273.7],"slope":4.5,"slope_pct":7.8,"aspect":118,"aspect_label":"ESE","aspect_hist":[0.0,0.006,0.233,0.755,0.006,0.0,0.0,0.0],"village":null,"white":false},"geometry":{"type":"Polygon","coordinates":[[[4.78399,47.00023],[4.78488,47.00112],[4.78582,47.00047],[4.78611,47.00029],[4.78589,47.00013],[4.78508,46.99969],[4.78492,46.99969],[4.78444,46.99999],[4.78399,47.00023]]]}},{"type":"Feature","properties":{"id":"climat-saint-aubin-premier-cru-echaille","kind":"climat","level":"premier-cru","name":"Echaille","full":"Saint-Aubin premier cru Echaille","app":"Saint-Aubin","region":"cote-de-beaune","communes":["Saint-Aubin"],"area_ha":1.3,"elev":[304.1,312.6,325.2],"slope":8.4,"slope_pct":14.8,"aspect":146,"aspect_label":"SSE","aspect_hist":[0.0,0.0,0.036,0.873,0.091,0.0,0.0,0.0],"village":"saint-aubin","white":true},"geometry":{"type":"Polygon","coordinates":[[[4.70906,46.953],[4.71016,46.95205],[4.70948,46.95167],[4.70926,46.95151],[4.70871,46.95193],[4.70849,46.95214],[4.70812,46.95269],[4.70881,46.95287],[4.70893,46.95291],[4.70899,46.95297],[4.70906,46.953]]]}},{"type":"Feature","properties":{"id":"climat-auxey-duresses-premier-cru-la-chapelle","kind":"climat","level":"premier-cru","name":"La Chapelle","full":"Auxey-Duresses premier cru La Chapelle","app":"Auxey-Duresses","region":"cote-de-beaune","communes":["Auxey-Duresses"],"area_ha":1.28,"elev":[266.6,277.4,292.8],"slope":8.0,"slope_pct":14.0,"aspect":167,"aspect_label":"SSE","aspect_hist":[0.0,0.0,0.0,0.084,0.916,0.0,0.0,0.0],"village":"auxey-duresses","white":true},"geometry":{"type":"Polygon","coordinates":[[[4.7535,46.9888],[4.75373,46.98797],[4.75356,46.98796],[4.75333,46.98799],[4.75267,46.98809],[4.75234,46.98951],[4.75255,46.98953],[4.7531,46.98967],[4.7535,46.9888]]]}},{"type":"Feature","properties":{"id":"climat-pommard-premier-cru-les-croix-noires","kind":"climat","level":"premier-cru","name":"Les Croix Noires","full":"Pommard premier cru Les Croix Noires","app":"Pommard","region":"cote-de-beaune","communes":["Pommard"],"area_ha":1.28,"elev":[252.6,256.5,262.5],"slope":2.9,"slope_pct":5.0,"aspect":83,"aspect_label":"E","aspect_hist":[0.002,0.12,0.835,0.042,0.0,0.0,0.0,0.0],"village":null,"white":false},"geometry":{"type":"Polygon","coordinates":[[[4.79242,47.00733],[4.79179,47.00659],[4.79158,47.00623],[4.79083,47.00648],[4.79003,47.0067],[4.79097,47.00709],[4.79153,47.00742],[4.79219,47.00764],[4.79262,47.00749],[4.79242,47.00733]]]}},{"type":"Feature","properties":{"id":"climat-aloxe-corton-premier-cru-les-marechaudes","kind":"climat","level":"premier-cru","name":"Les Maréchaudes","full":"Aloxe-Corton premier cru Les Maréchaudes","app":"Aloxe-Corton","region":"cote-de-beaune","communes":["Aloxe-Corton"],"area_ha":1.28,"elev":[221.0,229.2,235.2],"slope":5.8,"slope_pct":10.2,"aspect":118,"aspect_label":"ESE","aspect_hist":[0.0,0.012,0.326,0.641,0.021,0.0,0.0,0.0],"village":null,"white":true},"geometry":{"type":"MultiPolygon","coordinates":[[[[4.87581,47.07333],[4.8755,47.07306],[4.87531,47.07315],[4.87561,47.07343],[4.87581,47.07333]]],[[[4.87414,47.07302],[4.87405,47.07295],[4.87386,47.07271],[4.8736,47.07248],[4.87304,47.07188],[4.87257,47.07149],[4.87245,47.07135],[4.87224,47.07137],[4.87161,47.07167],[4.87187,47.07192],[4.87212,47.07182],[4.87265,47.07234],[4.87373,47.07324],[4.87414,47.07302]]]]}},{"type":"Feature","properties":{"id":"climat-saint-aubin-premier-cru-le-bas-de-gamay-a-l-est","kind":"climat","level":"premier-cru","name":"Le Bas de Gamay à l'Est","full":"Saint-Aubin premier cru Le Bas de Gamay à l'Est","app":"Saint-Aubin","region":"cote-de-beaune","communes":["Saint-Aubin"],"area_ha":1.27,"elev":[265.1,279.0,300.5],"slope":18.2,"slope_pct":33.2,"aspect":243,"aspect_label":"WSW","aspect_hist":[0.0,0.0,0.0,0.0,0.002,0.524,0.474,0.0],"village":"saint-aubin","white":true},"geometry":{"type":"Polygon","coordinates":[[[4.72639,46.95206],[4.72663,46.95191],[4.72657,46.95187],[4.7263,46.9518],[4.72543,46.95149],[4.72524,46.95184],[4.72527,46.95185],[4.72522,46.95198],[4.72515,46.95196],[4.72508,46.95214],[4.72516,46.95217],[4.72496,46.95248],[4.72483,46.95258],[4.72472,46.95257],[4.72459,46.9525],[4.72443,46.95272],[4.72455,46.95278],[4.72442,46.95297],[4.72438,46.95294],[4.72435,46.95296],[4.72425,46.9529],[4.72385,46.95324],[4.72403,46.95338],[4.72462,46.95301],[4.72511,46.95276],[4.72534,46.95271],[4.72549,46.95262],[4.7257,46.95262],[4.72587,46.95255],[4.72604,46.95244],[4.72639,46.95206]]]}},{"type":"Feature","properties":{"id":"climat-beaune-premier-cru-clos-des-ursules","kind":"climat","level":"premier-cru","name":"Clos des Ursules","full":"Beaune premier cru Clos des Ursules","app":"Beaune","region":"cote-de-beaune","communes":["Beaune"],"area_ha":1.26,"elev":[245.7,254.5,267.0],"slope":6.4,"slope_pct":11.2,"aspect":102,"aspect_label":"ESE","aspect_hist":[0.0,0.028,0.77,0.162,0.04,0.0,0.0,0.0],"village":null,"white":true},"geometry":{"type":"Polygon","coordinates":[[[4.81178,47.02142],[4.81148,47.02156],[4.81129,47.02161],[4.81015,47.02207],[4.81043,47.02239],[4.81052,47.02241],[4.81071,47.0224],[4.81179,47.02225],[4.81221,47.02213],[4.81294,47.02187],[4.81255,47.02164],[4.81205,47.02146],[4.81178,47.02142]]]}},{"type":"Feature","properties":{"id":"climat-beaune-premier-cru-les-seurey","kind":"climat","level":"premier-cru","name":"Les Seurey","full":"Beaune premier cru Les Seurey","app":"Beaune","region":"cote-de-beaune","communes":["Beaune"],"area_ha":1.24,"elev":[236.2,238.4,241.2],"slope":3.1,"slope_pct":5.4,"aspect":203,"aspect_label":"SSW","aspect_hist":[0.0,0.0,0.004,0.088,0.358,0.425,0.102,0.022],"village":null,"white":true},"geometry":{"type":"Polygon","coordinates":[[[4.81935,47.02726],[4.8202,47.02691],[4.82019,47.02685],[4.8201,47.02672],[4.81997,47.02645],[4.81969,47.02607],[4.81947,47.02611],[4.81927,47.02605],[4.81916,47.02608],[4.81904,47.02616],[4.81917,47.02636],[4.81852,47.02679],[4.81817,47.02694],[4.81829,47.02711],[4.81847,47.02724],[4.81865,47.02731],[4.8189,47.02732],[4.81911,47.02731],[4.81935,47.02726]]]}},{"type":"Feature","properties":{"id":"climat-meursault-premier-cru-les-ravelles","kind":"climat","level":"premier-cru","name":"Les Ravelles","full":"Meursault premier cru Les Ravelles","app":"Meursault","region":"cote-de-beaune","communes":["Meursault"],"area_ha":1.22,"elev":[353.1,361.8,372.3],"slope":11.4,"slope_pct":20.2,"aspect":116,"aspect_label":"ESE","aspect_hist":[0.0,0.0,0.326,0.674,0.0,0.0,0.0,0.0],"village":"meursault","white":true},"geometry":{"type":"Polygon","coordinates":[[[4.73856,46.96114],[4.73803,46.9604],[4.73757,46.95993],[4.73703,46.95997],[4.73688,46.96],[4.7368,46.96005],[4.73673,46.96023],[4.73677,46.96055],[4.73712,46.96078],[4.7374,46.96102],[4.73761,46.96092],[4.73765,46.96096],[4.73749,46.96104],[4.73773,46.96122],[4.73775,46.9612],[4.73793,46.96138],[4.73856,46.96114]]]}},{"type":"Feature","properties":{"id":"climat-pernand-vergelesses-premier-cru-clos-berthet","kind":"climat","level":"premier-cru","name":"Clos Berthet","full":"Pernand-Vergelesses premier cru Clos Berthet","app":"Pernand-Vergelesses","region":"cote-de-beaune","communes":["Pernand-Vergelesses"],"area_ha":1.22,"elev":[312.9,329.7,350.3],"slope":12.8,"slope_pct":22.9,"aspect":236,"aspect_label":"SW","aspect_hist":[0.0,0.0,0.0,0.039,0.047,0.778,0.137,0.0],"village":"pernand-vergelesses","white":true},"geometry":{"type":"Polygon","coordinates":[[[4.85143,47.08222],[4.85074,47.08192],[4.85039,47.08229],[4.85222,47.08303],[4.85223,47.08308],[4.85229,47.08311],[4.85244,47.08187],[4.85195,47.08162],[4.85143,47.08222]]]}},{"type":"Feature","properties":{"id":"climat-monthelie-premier-cru-les-barbieres","kind":"climat","level":"premier-cru","name":"Les Barbières","full":"Monthélie premier cru Les Barbières","app":"Monthélie","region":"cote-de-beaune","communes":["Monthelie"],"area_ha":1.21,"elev":[306.0,309.8,317.3],"slope":4.1,"slope_pct":7.2,"aspect":191,"aspect_label":"SSW","aspect_hist":[0.0,0.0,0.0,0.011,0.854,0.136,0.0,0.0],"village":null,"white":true},"geometry":{"type":"Polygon","coordinates":[[[4.77037,46.99588],[4.77136,46.99611],[4.77132,46.99526],[4.77053,46.9951],[4.76995,46.9951],[4.76993,46.99498],[4.76938,46.99501],[4.76938,46.99504],[4.76912,46.99508],[4.76914,46.99513],[4.7694,46.99534],[4.76964,46.99546],[4.76965,46.99552],[4.76962,46.99561],[4.76976,46.9956],[4.76991,46.99565],[4.77037,46.99588]]]}},{"type":"Feature","properties":{"id":"climat-ladoix-premier-cru-hautes-mourottes","kind":"climat","level":"premier-cru","name":"Hautes Mourottes","full":"Ladoix premier cru Hautes Mourottes","app":"Ladoix","region":"cote-de-beaune","communes":["Ladoix-Serrigny"],"area_ha":1.19,"elev":[307.6,326.4,346.9],"slope":11.0,"slope_pct":19.7,"aspect":96,"aspect_label":"E","aspect_hist":[0.0,0.029,0.923,0.048,0.0,0.0,0.0,0.0],"village":null,"white":true},"geometry":{"type":"MultiPolygon","coordinates":[[[[4.87216,47.08146],[4.87199,47.08111],[4.87027,47.08146],[4.87036,47.0818],[4.87216,47.08146]]],[[[4.87047,47.07995],[4.8689,47.08014],[4.86897,47.08062],[4.87008,47.0806],[4.87011,47.08069],[4.87036,47.08066],[4.87019,47.08008],[4.87051,47.08004],[4.87047,47.07995]]]]}},{"type":"Feature","properties":{"id":"climat-chassagne-montrachet-premier-cru-blanchot-dessus","kind":"climat","level":"premier-cru","name":"Blanchot dessus","full":"Chassagne-Montrachet premier cru Blanchot dessus","app":"Chassagne-Montrachet","region":"cote-de-beaune","communes":["Chassagne-Montrachet"],"area_ha":1.17,"elev":[237.8,239.1,243.1],"slope":3.0,"slope_pct":5.3,"aspect":210,"aspect_label":"SSW","aspect_hist":[0.0,0.0,0.047,0.023,0.433,0.395,0.06,0.042],"village":"chassagne-montrachet","white":true},"geometry":{"type":"Polygon","coordinates":[[[4.73562,46.94214],[4.73658,46.94187],[4.73584,46.94098],[4.7349,46.94154],[4.73463,46.94208],[4.73464,46.94224],[4.73468,46.94226],[4.73487,46.94222],[4.73522,46.94222],[4.73562,46.94214]]]}},{"type":"Feature","properties":{"id":"climat-ladoix-premier-cru-basses-mourottes","kind":"climat","level":"premier-cru","name":"Basses Mourottes","full":"Ladoix premier cru Basses Mourottes","app":"Ladoix","region":"cote-de-beaune","communes":["Ladoix-Serrigny"],"area_ha":1.17,"elev":[291.4,301.8,307.8],"slope":8.7,"slope_pct":15.6,"aspect":93,"aspect_label":"E","aspect_hist":[0.0,0.112,0.588,0.298,0.002,0.0,0.0,0.0],"village":null,"white":true},"geometry":{"type":"Polygon","coordinates":[[[4.87364,47.08164],[4.87371,47.08158],[4.87328,47.08127],[4.87336,47.08123],[4.87314,47.08089],[4.87302,47.08089],[4.87284,47.08094],[4.87262,47.08055],[4.87227,47.08063],[4.87194,47.0808],[4.87192,47.08085],[4.87204,47.08082],[4.87207,47.08095],[4.87202,47.08101],[4.87206,47.08111],[4.872,47.08112],[4.87216,47.08146],[4.8722,47.08162],[4.8722,47.08164],[4.87216,47.08165],[4.87219,47.08174],[4.8723,47.08184],[4.87217,47.08188],[4.87231,47.08211],[4.87256,47.08198],[4.87276,47.0818],[4.87337,47.08164],[4.87364,47.08164]]]}},{"type":"Feature","properties":{"id":"climat-ladoix-premier-cru-les-buis","kind":"climat","level":"premier-cru","name":"Les Buis","full":"Ladoix premier cru Les Buis","app":"Ladoix","region":"cote-de-beaune","communes":["Ladoix-Serrigny"],"area_ha":1.12,"elev":[257.3,263.6,270.9],"slope":5.8,"slope_pct":10.2,"aspect":183,"aspect_label":"S","aspect_hist":[0.0,0.0,0.0,0.002,0.998,0.0,0.0,0.0],"village":null,"white":true},"geometry":{"type":"Polygon","coordinates":[[[4.88776,47.08421],[4.88737,47.08321],[4.88699,47.08334],[4.88702,47.08342],[4.88619,47.08342],[4.88615,47.08336],[4.88602,47.0834],[4.8867,47.08453],[4.88776,47.08421]]]}},{"type":"Feature","properties":{"id":"climat-volnay-premier-cru-clos-de-l-audignac","kind":"climat","level":"premier-cru","name":"Clos de l'Audignac","full":"Volnay premier cru Clos de l'Audignac","app":"Volnay","region":"cote-de-beaune","communes":["Volnay"],"area_ha":1.11,"elev":[274.0,284.9,298.4],"slope":10.2,"slope_pct":18.1,"aspect":65,"aspect_label":"ENE","aspect_hist":[0.028,0.507,0.403,0.037,0.023,0.0,0.0,0.002],"village":null,"white":false},"geometry":{"type":"Polygon","coordinates":[[[4.7826,46.99917],[4.78211,46.99871],[4.7819,46.99842],[4.78119,46.9987],[4.78038,46.99916],[4.78069,46.99941],[4.78083,46.99929],[4.78089,46.99933],[4.78098,46.99926],[4.78111,46.99934],[4.78109,46.99935],[4.78117,46.99941],[4.7812,46.99939],[4.78127,46.99945],[4.78145,46.99935],[4.78154,46.9994],[4.78157,46.9994],[4.78156,46.99942],[4.78169,46.9995],[4.78172,46.9995],[4.78171,46.99952],[4.7818,46.99958],[4.7826,46.99917]]]}},{"type":"Feature","properties":{"id":"climat-aloxe-corton-premier-cru-les-moutottes","kind":"climat","level":"premier-cru","name":"Les Moutottes","full":"Aloxe-Corton premier cru Les Moutottes","app":"Aloxe-Corton","region":"cote-de-beaune","communes":["Ladoix-Serrigny"],"area_ha":1.11,"elev":[251.5,261.2,272.7],"slope":9.1,"slope_pct":16.0,"aspect":112,"aspect_label":"ESE","aspect_hist":[0.0,0.0,0.571,0.418,0.011,0.0,0.0,0.0],"village":null,"white":true},"geometry":{"type":"Polygon","coordinates":[[[4.87593,47.07865],[4.87624,47.07856],[4.87609,47.07847],[4.87599,47.07849],[4.87577,47.07818],[4.87571,47.07802],[4.8741,47.07852],[4.87411,47.07869],[4.87429,47.07899],[4.87437,47.07903],[4.87462,47.07925],[4.87593,47.07865]]]}},{"type":"Feature","properties":{"id":"climat-maranges-premier-cru-le-croix-moines","kind":"climat","level":"premier-cru","name":"Le Croix Moines","full":"Maranges premier cru Le Croix Moines","app":"Maranges","region":"cote-de-beaune","communes":["Dezize-lès-Maranges"],"area_ha":1.05,"elev":[348.9,369.2,396.2],"slope":15.5,"slope_pct":28.5,"aspect":192,"aspect_label":"SSW","aspect_hist":[0.0,0.0,0.0,0.071,0.476,0.453,0.0,0.0],"village":null,"white":true},"geometry":{"type":"Polygon","coordinates":[[[4.65958,46.91333],[4.65972,46.91332],[4.6594,46.91266],[4.65952,46.91263],[4.65921,46.91205],[4.65906,46.91183],[4.65883,46.9119],[4.65907,46.91225],[4.65884,46.9123],[4.65869,46.9123],[4.65831,46.91248],[4.65834,46.91258],[4.65846,46.91277],[4.6585,46.91292],[4.6584,46.91296],[4.65857,46.91305],[4.65861,46.91314],[4.65886,46.9134],[4.65886,46.91347],[4.65897,46.91358],[4.65906,46.91346],[4.65911,46.91344],[4.65938,46.91341],[4.65958,46.91333]]]}},{"type":"Feature","properties":{"id":"climat-chassagne-montrachet-premier-cru-les-commes","kind":"climat","level":"premier-cru","name":"Les Commes","full":"Chassagne-Montrachet premier cru Les Commes","app":"Chassagne-Montrachet","region":"cote-de-beaune","communes":["Chassagne-Montrachet"],"area_ha":1.04,"elev":[239.9,241.5,244.2],"slope":3.0,"slope_pct":5.4,"aspect":217,"aspect_label":"SW","aspect_hist":[0.037,0.194,0.0,0.0,0.175,0.575,0.019,0.0],"village":"chassagne-montrachet","white":true},"geometry":{"type":"Polygon","coordinates":[[[4.73392,46.94261],[4.73438,46.94206],[4.7336,46.94253],[4.73292,46.94304],[4.73267,46.94318],[4.73261,46.94311],[4.73215,46.9433],[4.73151,46.94361],[4.73117,46.94373],[4.73166,46.94414],[4.73289,46.94341],[4.73396,46.94267],[4.73392,46.94261]]]}},{"type":"Feature","properties":{"id":"climat-aloxe-corton-premier-cru-la-marechaude","kind":"climat","level":"premier-cru","name":"La Maréchaude","full":"Aloxe-Corton premier cru La Maréchaude","app":"Aloxe-Corton","region":"cote-de-beaune","communes":["Ladoix-Serrigny"],"area_ha":1.04,"elev":[217.1,223.2,228.8],"slope":5.4,"slope_pct":9.5,"aspect":121,"aspect_label":"ESE","aspect_hist":[0.0,0.005,0.425,0.515,0.056,0.0,0.0,0.0],"village":null,"white":true},"geometry":{"type":"MultiPolygon","coordinates":[[[[4.87549,47.07307],[4.87509,47.07264],[4.87498,47.0727],[4.87491,47.07264],[4.87498,47.0726],[4.875,47.07257],[4.87492,47.07253],[4.87498,47.0725],[4.87494,47.07247],[4.87483,47.07252],[4.87473,47.07243],[4.87484,47.07234],[4.8748,47.07231],[4.87494,47.07225],[4.87488,47.07198],[4.87469,47.07205],[4.87461,47.07195],[4.87454,47.07198],[4.87443,47.07189],[4.87413,47.072],[4.87449,47.07245],[4.87434,47.07252],[4.87458,47.0728],[4.87455,47.07282],[4.87474,47.07298],[4.87515,47.07299],[4.87531,47.07315],[4.87549,47.07307]]],[[[4.87387,47.0721],[4.87338,47.07136],[4.87293,47.07137],[4.87248,47.07135],[4.87258,47.07147],[4.87305,47.07186],[4.87343,47.07227],[4.87387,47.0721]]]]}},{"type":"Feature","properties":{"id":"climat-meursault-premier-cru-les-caillerets","kind":"climat","level":"premier-cru","name":"Les Caillerets","full":"Meursault premier cru Les Caillerets","app":"Meursault","region":"cote-de-beaune","communes":["Meursault"],"area_ha":1.03,"elev":[281.2,284.0,288.8],"slope":4.7,"slope_pct":8.3,"aspect":131,"aspect_label":"SE","aspect_hist":[0.0,0.025,0.16,0.71,0.099,0.003,0.0,0.003],"village":"meursault","white":true},"geometry":{"type":"Polygon","coordinates":[[[4.77539,46.9918],[4.77606,46.99158],[4.77573,46.99131],[4.77512,46.99089],[4.77499,46.99078],[4.77501,46.99077],[4.77493,46.9907],[4.77444,46.99055],[4.77394,46.99046],[4.77397,46.99056],[4.77431,46.99099],[4.77431,46.99102],[4.77443,46.99114],[4.77442,46.99115],[4.77456,46.99131],[4.77472,46.99142],[4.77477,46.99149],[4.77507,46.99174],[4.77505,46.99175],[4.77508,46.99185],[4.77513,46.99191],[4.77539,46.9918]]]}},{"type":"Feature","properties":{"id":"climat-chassagne-montrachet-premier-cru-la-cardeuse","kind":"climat","level":"premier-cru","name":"La Cardeuse","full":"Chassagne-Montrachet premier cru La Cardeuse","app":"Chassagne-Montrachet","region":"cote-de-beaune","communes":["Chassagne-Montrachet"],"area_ha":0.97,"elev":[240.2,247.6,255.7],"slope":3.1,"slope_pct":5.4,"aspect":109,"aspect_label":"ESE","aspect_hist":[0.0,0.003,0.532,0.465,0.0,0.0,0.0,0.0],"village":"chassagne-montrachet","white":true},"geometry":{"type":"Polygon","coordinates":[[[4.72007,46.92155],[4.72109,46.92124],[4.72067,46.92099],[4.71929,46.92155],[4.71917,46.92145],[4.71846,46.9219],[4.71754,46.92235],[4.71766,46.92257],[4.71802,46.92238],[4.71808,46.92241],[4.71814,46.92239],[4.71881,46.92208],[4.71953,46.9218],[4.72007,46.92155]]]}},{"type":"Feature","properties":{"id":"climat-meursault-premier-cru-clos-des-perrieres","kind":"climat","level":"premier-cru","name":"Clos des Perrières","full":"Meursault premier cru Clos des Perrières","app":"Meursault","region":"cote-de-beaune","communes":["Meursault"],"area_ha":0.94,"elev":[256.5,259.9,263.9],"slope":3.8,"slope_pct":6.7,"aspect":130,"aspect_label":"SE","aspect_hist":[0.0,0.0,0.039,0.95,0.011,0.0,0.0,0.0],"village":"meursault","white":true},"geometry":{"type":"Polygon","coordinates":[[[4.75024,46.95919],[4.75036,46.95941],[4.75047,46.95954],[4.75048,46.95961],[4.75083,46.95999],[4.75188,46.9597],[4.75171,46.9595],[4.75123,46.95878],[4.75024,46.95919]]]}},{"type":"Feature","properties":{"id":"climat-monthelie-premier-cru-la-taupine","kind":"climat","level":"premier-cru","name":"La Taupine","full":"Monthélie premier cru La Taupine","app":"Monthélie","region":"cote-de-beaune","communes":["Monthelie"],"area_ha":0.93,"elev":[293.0,295.6,297.7],"slope":2.5,"slope_pct":4.3,"aspect":223,"aspect_label":"SW","aspect_hist":[0.0,0.0,0.0,0.016,0.14,0.78,0.064,0.0],"village":null,"white":true},"geometry":{"type":"Polygon","coordinates":[[[4.77096,46.99171],[4.77121,46.99097],[4.77107,46.99097],[4.77109,46.99061],[4.77095,46.99063],[4.77092,46.99107],[4.77062,46.9911],[4.77065,46.99131],[4.77046,46.99135],[4.77051,46.99139],[4.77039,46.99144],[4.76995,46.99093],[4.7698,46.99101],[4.77,46.99123],[4.76977,46.99136],[4.7698,46.99139],[4.76957,46.99151],[4.76963,46.99155],[4.76953,46.99161],[4.76958,46.99165],[4.76948,46.9917],[4.76976,46.99197],[4.77009,46.99212],[4.77036,46.99219],[4.77063,46.99159],[4.77073,46.99166],[4.77096,46.99171]]]}},{"type":"Feature","properties":{"id":"climat-auxey-duresses-premier-cru-clos-du-val","kind":"climat","level":"premier-cru","name":"Clos du Val","full":"Auxey-Duresses premier cru Clos du Val","app":"Auxey-Duresses","region":"cote-de-beaune","communes":["Auxey-Duresses"],"area_ha":0.92,"elev":[277.5,291.3,321.4],"slope":9.9,"slope_pct":17.6,"aspect":203,"aspect_label":"SSW","aspect_hist":[0.0,0.0,0.003,0.024,0.477,0.496,0.0,0.0],"village":"auxey-duresses","white":true},"geometry":{"type":"Polygon","coordinates":[[[4.75068,46.99057],[4.75088,46.98967],[4.75075,46.98925],[4.75062,46.9884],[4.75008,46.98839],[4.75025,46.98951],[4.75041,46.99035],[4.75058,46.99076],[4.75068,46.99057]]]}},{"type":"Feature","properties":{"id":"climat-maranges-premier-cru-clos-de-la-fussiere","kind":"climat","level":"premier-cru","name":"Clos de la Fussière","full":"Maranges premier cru Clos de la Fussière","app":"Maranges","region":"cote-de-beaune","communes":["Dezize-lès-Maranges"],"area_ha":0.88,"elev":[309.6,324.5,338.2],"slope":12.1,"slope_pct":21.5,"aspect":165,"aspect_label":"SSE","aspect_hist":[0.0,0.0,0.0,0.242,0.758,0.0,0.0,0.0],"village":null,"white":true},"geometry":{"type":"Polygon","coordinates":[[[4.66646,46.909],[4.66551,46.90912],[4.6654,46.91012],[4.66629,46.91027],[4.66646,46.909]]]}},{"type":"Feature","properties":{"id":"climat-chassagne-montrachet-premier-cru-les-petites-fairendes","kind":"climat","level":"premier-cru","name":"Les Petites Fairendes","full":"Chassagne-Montrachet premier cru Les Petites Fairendes","app":"Chassagne-Montrachet","region":"cote-de-beaune","communes":["Chassagne-Montrachet"],"area_ha":0.82,"elev":[246.4,249.0,251.3],"slope":3.3,"slope_pct":5.7,"aspect":156,"aspect_label":"SSE","aspect_hist":[0.0,0.0,0.007,0.488,0.505,0.0,0.0,0.0],"village":"chassagne-montrachet","white":true},"geometry":{"type":"Polygon","coordinates":[[[4.72295,46.92818],[4.72346,46.92789],[4.72221,46.92725],[4.72159,46.92767],[4.7221,46.92804],[4.72216,46.928],[4.7226,46.92832],[4.72295,46.92818]]]}},{"type":"Feature","properties":{"id":"climat-ladoix-premier-cru-le-rognet-et-corton","kind":"climat","level":"premier-cru","name":"Le Rognet et Corton","full":"Ladoix premier cru Le Rognet et Corton","app":"Ladoix","region":"cote-de-beaune","communes":["Ladoix-Serrigny"],"area_ha":0.8,"elev":[321.4,332.1,345.5],"slope":11.9,"slope_pct":21.1,"aspect":107,"aspect_label":"ESE","aspect_hist":[0.0,0.009,0.746,0.245,0.0,0.0,0.0,0.0],"village":null,"white":true},"geometry":{"type":"Polygon","coordinates":[[[4.87046,47.07995],[4.87011,47.0797],[4.87023,47.07966],[4.8699,47.07898],[4.86949,47.07915],[4.86943,47.07944],[4.8691,47.07976],[4.86883,47.07975],[4.86884,47.07997],[4.8689,47.08014],[4.87013,47.08],[4.87046,47.07995]]]}},{"type":"Feature","properties":{"id":"climat-beaune-premier-cru-sur-les-greves-clos-saint-anne","kind":"climat","level":"premier-cru","name":"Sur les Grèves - Clos Saint-Anne","full":"Beaune premier cru Sur les Grèves - Clos Saint-Anne","app":"Beaune","region":"cote-de-beaune","communes":["Beaune"],"area_ha":0.77,"elev":[276.6,293.7,306.6],"slope":13.3,"slope_pct":23.8,"aspect":108,"aspect_label":"ESE","aspect_hist":[0.0,0.003,0.705,0.292,0.0,0.0,0.0,0.0],"village":null,"white":true},"geometry":{"type":"Polygon","coordinates":[[[4.8202,47.03405],[4.82056,47.03329],[4.81915,47.03348],[4.81944,47.03384],[4.81908,47.03396],[4.81921,47.03418],[4.81952,47.03427],[4.82002,47.03418],[4.82009,47.03415],[4.8202,47.03405]]]}},{"type":"Feature","properties":{"id":"climat-ladoix-premier-cru-les-joyeuses","kind":"climat","level":"premier-cru","name":"Les Joyeuses","full":"Ladoix premier cru Les Joyeuses","app":"Ladoix","region":"cote-de-beaune","communes":["Ladoix-Serrigny"],"area_ha":0.76,"elev":[250.6,259.6,267.6],"slope":8.5,"slope_pct":15.0,"aspect":106,"aspect_label":"ESE","aspect_hist":[0.0,0.003,0.807,0.19,0.0,0.0,0.0,0.0],"village":null,"white":true},"geometry":{"type":"Polygon","coordinates":[[[4.87716,47.07995],[4.877,47.07964],[4.87561,47.08009],[4.87592,47.08062],[4.87598,47.08067],[4.87615,47.08068],[4.87634,47.08064],[4.87624,47.08057],[4.87707,47.08028],[4.87707,47.08001],[4.87716,47.07995]]]}},{"type":"Feature","properties":{"id":"climat-saint-aubin-premier-cru-le-puits","kind":"climat","level":"premier-cru","name":"Le Puits","full":"Saint-Aubin premier cru Le Puits","app":"Saint-Aubin","region":"cote-de-beaune","communes":["Saint-Aubin"],"area_ha":0.7,"elev":[316.9,327.0,338.2],"slope":11.8,"slope_pct":21.0,"aspect":127,"aspect_label":"SE","aspect_hist":[0.0,0.011,0.214,0.711,0.061,0.004,0.0,0.0],"village":"saint-aubin","white":true},"geometry":{"type":"Polygon","coordinates":[[[4.70813,46.95259],[4.70837,46.95225],[4.7083,46.95221],[4.70827,46.95224],[4.70812,46.95215],[4.70799,46.95199],[4.707,46.95229],[4.7073,46.95268],[4.70712,46.95278],[4.70703,46.9528],[4.70718,46.95294],[4.70726,46.95286],[4.70773,46.95306],[4.70813,46.95259]]]}},{"type":"Feature","properties":{"id":"climat-savigny-les-beaune-premier-cru-petits-godeaux","kind":"climat","level":"premier-cru","name":"Petits Godeaux","full":"Savigny-lès-Beaune premier cru Petits Godeaux","app":"Savigny-lès-Beaune","region":"cote-de-beaune","communes":["Savigny-lès-Beaune"],"area_ha":0.69,"elev":[269.3,272.6,275.2],"slope":4.0,"slope_pct":7.0,"aspect":178,"aspect_label":"S","aspect_hist":[0.004,0.007,0.015,0.079,0.843,0.037,0.011,0.004],"village":null,"white":true},"geometry":{"type":"Polygon","coordinates":[[[4.83402,47.06375],[4.8333,47.06394],[4.83319,47.064],[4.83307,47.06413],[4.83303,47.06433],[4.83303,47.06458],[4.83307,47.06461],[4.83338,47.0646],[4.83416,47.06451],[4.83434,47.0645],[4.83408,47.06376],[4.83402,47.06375]]]}},{"type":"Feature","properties":{"id":"climat-volnay-premier-cru-clos-du-verseuil","kind":"climat","level":"premier-cru","name":"Clos du Verseuil","full":"Volnay premier cru Clos du Verseuil","app":"Volnay","region":"cote-de-beaune","communes":["Volnay"],"area_ha":0.69,"elev":[268.3,272.9,280.6],"slope":6.6,"slope_pct":11.5,"aspect":81,"aspect_label":"E","aspect_hist":[0.0,0.215,0.686,0.055,0.044,0.0,0.0,0.0],"village":null,"white":false},"geometry":{"type":"Polygon","coordinates":[[[4.78209,46.99869],[4.7826,46.99917],[4.78353,46.99864],[4.78363,46.99853],[4.78311,46.99805],[4.78279,46.99825],[4.78262,46.99846],[4.78209,46.99869]]]}},{"type":"Feature","properties":{"id":"climat-chassagne-montrachet-premier-cru-les-combards","kind":"climat","level":"premier-cru","name":"Les Combards","full":"Chassagne-Montrachet premier cru Les Combards","app":"Chassagne-Montrachet","region":"cote-de-beaune","communes":["Chassagne-Montrachet"],"area_ha":0.65,"elev":[285.4,289.2,295.7],"slope":8.1,"slope_pct":14.3,"aspect":103,"aspect_label":"ESE","aspect_hist":[0.0,0.038,0.627,0.319,0.004,0.004,0.008,0.0],"village":"chassagne-montrachet","white":true},"geometry":{"type":"MultiPolygon","coordinates":[[[[4.72264,46.93557],[4.7226,46.93557],[4.72248,46.93544],[4.7223,46.93518],[4.72221,46.93492],[4.72217,46.93489],[4.722,46.93498],[4.72183,46.93496],[4.72169,46.935],[4.72165,46.93537],[4.72167,46.93547],[4.722,46.93546],[4.72208,46.93563],[4.72218,46.93564],[4.72214,46.93591],[4.72202,46.93594],[4.72202,46.93599],[4.72207,46.93599],[4.72209,46.93601],[4.72214,46.93618],[4.72243,46.93621],[4.72239,46.93594],[4.72255,46.93591],[4.72264,46.93557]]],[[[4.72229,46.9363],[4.72226,46.93623],[4.72203,46.93618],[4.7219,46.9362],[4.72191,46.93636],[4.72205,46.93663],[4.72214,46.93667],[4.72227,46.93648],[4.72229,46.9363]]]]}},{"type":"Feature","properties":{"id":"climat-volnay-premier-cru-clos-de-la-cave-des-ducs","kind":"climat","level":"premier-cru","name":"Clos de la Cave des Ducs","full":"Volnay premier cru Clos de la Cave des Ducs","app":"Volnay","region":"cote-de-beaune","communes":["Volnay"],"area_ha":0.64,"elev":[294.7,299.1,303.7],"slope":7.1,"slope_pct":12.5,"aspect":130,"aspect_label":"SE","aspect_hist":[0.0,0.0,0.087,0.894,0.02,0.0,0.0,0.0],"village":null,"white":false},"geometry":{"type":"Polygon","coordinates":[[[4.77997,47.00148],[4.77984,47.00135],[4.77995,47.00129],[4.77946,47.00083],[4.77935,47.00067],[4.77931,47.00066],[4.77876,47.00087],[4.7788,47.00108],[4.77893,47.00129],[4.77922,47.00166],[4.77927,47.00168],[4.77947,47.00165],[4.77955,47.00171],[4.77997,47.00148]]]}},{"type":"Feature","properties":{"id":"climat-chassagne-montrachet-premier-cru-la-roquemaure","kind":"climat","level":"premier-cru","name":"La Roquemaure","full":"Chassagne-Montrachet premier cru La Roquemaure","app":"Chassagne-Montrachet","region":"cote-de-beaune","communes":["Chassagne-Montrachet"],"area_ha":0.61,"elev":[238.4,243.3,246.8],"slope":4.8,"slope_pct":8.3,"aspect":146,"aspect_label":"SE","aspect_hist":[0.0,0.0,0.012,0.759,0.229,0.0,0.0,0.0],"village":"chassagne-montrachet","white":true},"geometry":{"type":"Polygon","coordinates":[[[4.72325,46.92746],[4.72371,46.92727],[4.72357,46.92676],[4.72356,46.92661],[4.72229,46.9272],[4.72331,46.92771],[4.72339,46.92767],[4.72331,46.92759],[4.72333,46.92756],[4.72325,46.92746]]]}},{"type":"Feature","properties":{"id":"climat-puligny-montrachet-premier-cru-les-demoiselles","kind":"climat","level":"premier-cru","name":"Les Demoiselles","full":"Puligny-Montrachet premier cru Les Demoiselles","app":"Puligny-Montrachet","region":"cote-de-beaune","communes":["Puligny-Montrachet"],"area_ha":0.61,"elev":[252.6,255.9,260.8],"slope":4.9,"slope_pct":8.5,"aspect":117,"aspect_label":"ESE","aspect_hist":[0.0,0.018,0.371,0.606,0.005,0.0,0.0,0.0],"village":"puligny-montrachet","white":true},"geometry":{"type":"Polygon","coordinates":[[[4.74104,46.9476],[4.74067,46.94716],[4.73959,46.94757],[4.73963,46.94761],[4.73959,46.94764],[4.73974,46.94797],[4.73977,46.94813],[4.74104,46.9476]]]}},{"type":"Feature","properties":{"id":"climat-savigny-les-beaune-premier-cru-redrescul","kind":"climat","level":"premier-cru","name":"Redrescul","full":"Savigny-lès-Beaune premier cru Redrescul","app":"Savigny-lès-Beaune","region":"cote-de-beaune","communes":["Savigny-lès-Beaune"],"area_ha":0.58,"elev":[263.9,272.9,284.7],"slope":17.8,"slope_pct":32.4,"aspect":68,"aspect_label":"ENE","aspect_hist":[0.0,0.47,0.53,0.0,0.0,0.0,0.0,0.0],"village":null,"white":true},"geometry":{"type":"Polygon","coordinates":[[[4.83076,47.05528],[4.82981,47.05497],[4.82968,47.05533],[4.82958,47.0555],[4.82954,47.05589],[4.82974,47.05591],[4.82994,47.05598],[4.83076,47.05528]]]}},{"type":"Feature","properties":{"id":"climat-pernand-vergelesses-premier-cru-village-de-pernand","kind":"climat","level":"premier-cru","name":"Village de Pernand","full":"Pernand-Vergelesses premier cru Village de Pernand","app":"Pernand-Vergelesses","region":"cote-de-beaune","communes":["Pernand-Vergelesses"],"area_ha":0.57,"elev":[299.3,304.5,310.3],"slope":7.6,"slope_pct":13.4,"aspect":193,"aspect_label":"SSW","aspect_hist":[0.0,0.0,0.0,0.013,0.737,0.25,0.0,0.0],"village":"pernand-vergelesses","white":true},"geometry":{"type":"Polygon","coordinates":[[[4.85315,47.0801],[4.85381,47.07992],[4.85412,47.07992],[4.85402,47.0793],[4.85282,47.0795],[4.853,47.07987],[4.85315,47.0801]]]}},{"type":"Feature","properties":{"id":"climat-chassagne-montrachet-premier-cru-dent-de-chien","kind":"climat","level":"premier-cru","name":"Dent de Chien","full":"Chassagne-Montrachet premier cru Dent de Chien","app":"Chassagne-Montrachet","region":"cote-de-beaune","communes":["Chassagne-Montrachet"],"area_ha":0.57,"elev":[244.4,250.2,256.9],"slope":8.5,"slope_pct":15.3,"aspect":198,"aspect_label":"SSW","aspect_hist":[0.0,0.0,0.0,0.014,0.667,0.252,0.059,0.009],"village":"chassagne-montrachet","white":true},"geometry":{"type":"MultiPolygon","coordinates":[[[[4.7358,46.94334],[4.7356,46.94305],[4.73559,46.94301],[4.73562,46.94301],[4.73555,46.94283],[4.73541,46.94269],[4.73519,46.94255],[4.73495,46.94264],[4.73475,46.94276],[4.73477,46.94298],[4.73483,46.94302],[4.73523,46.94301],[4.73529,46.94309],[4.73521,46.94312],[4.73534,46.94327],[4.73554,46.94327],[4.73567,46.94338],[4.73575,46.94337],[4.7358,46.94334]]],[[[4.73472,46.94286],[4.73468,46.94275],[4.73471,46.9427],[4.73465,46.94256],[4.73455,46.94257],[4.73434,46.94267],[4.73423,46.94275],[4.7342,46.94272],[4.7336,46.94324],[4.73364,46.94327],[4.73384,46.94324],[4.73392,46.9433],[4.73407,46.943],[4.73426,46.94289],[4.73439,46.94299],[4.73457,46.94296],[4.73472,46.94286]]]]}},{"type":"Feature","properties":{"id":"climat-volnay-premier-cru-clos-du-chateau-des-ducs","kind":"climat","level":"premier-cru","name":"Clos du Château des Ducs","full":"Volnay premier cru Clos du Château des Ducs","app":"Volnay","region":"cote-de-beaune","communes":["Volnay"],"area_ha":0.57,"elev":[279.8,283.0,287.1],"slope":3.7,"slope_pct":6.5,"aspect":139,"aspect_label":"SE","aspect_hist":[0.0,0.0,0.027,0.92,0.044,0.009,0.0,0.0],"village":null,"white":false},"geometry":{"type":"Polygon","coordinates":[[[4.78123,47.00034],[4.78164,47.0008],[4.78261,47.00028],[4.78244,46.99997],[4.78229,46.99981],[4.78123,47.00034]]]}},{"type":"Feature","properties":{"id":"climat-monthelie-premier-cru-le-cas-rougeot","kind":"climat","level":"premier-cru","name":"Le Cas Rougeot","full":"Monthélie premier cru Le Cas Rougeot","app":"Monthélie","region":"cote-de-beaune","communes":["Monthelie"],"area_ha":0.56,"elev":[298.3,300.0,301.0],"slope":1.7,"slope_pct":2.9,"aspect":200,"aspect_label":"SSW","aspect_hist":[0.0,0.0,0.0,0.08,0.6,0.18,0.14,0.0],"village":null,"white":true},"geometry":{"type":"Polygon","coordinates":[[[4.77163,46.99298],[4.77132,46.99266],[4.77115,46.99254],[4.77018,46.99218],[4.77036,46.99292],[4.77058,46.99298],[4.77092,46.99301],[4.77161,46.993],[4.77163,46.99298]]]}},{"type":"Feature","properties":{"id":"climat-volnay-premier-cru-clos-de-la-chapelle","kind":"climat","level":"premier-cru","name":"Clos de la Chapelle","full":"Volnay premier cru Clos de la Chapelle","app":"Volnay","region":"cote-de-beaune","communes":["Volnay"],"area_ha":0.56,"elev":[268.6,272.9,278.4],"slope":3.6,"slope_pct":6.2,"aspect":139,"aspect_label":"SE","aspect_hist":[0.0,0.005,0.047,0.906,0.042,0.0,0.0,0.0],"village":null,"white":false},"geometry":{"type":"Polygon","coordinates":[[[4.78209,46.99951],[4.78228,46.99971],[4.78233,46.99969],[4.78237,46.99974],[4.78405,46.99888],[4.78379,46.99865],[4.78366,46.99867],[4.78209,46.99951]]]}},{"type":"Feature","properties":{"id":"climat-volnay-premier-cru-la-gigotte","kind":"climat","level":"premier-cru","name":"La Gigotte","full":"Volnay premier cru La Gigotte","app":"Volnay","region":"cote-de-beaune","communes":["Volnay"],"area_ha":0.54,"elev":[248.8,250.3,252.4],"slope":2.8,"slope_pct":5.0,"aspect":134,"aspect_label":"SE","aspect_hist":[0.0,0.0,0.1,0.716,0.185,0.0,0.0,0.0],"village":null,"white":false},"geometry":{"type":"Polygon","coordinates":[[[4.78878,46.99754],[4.78867,46.99739],[4.7884,46.99713],[4.78797,46.99679],[4.78777,46.99697],[4.78763,46.99714],[4.78741,46.9975],[4.78782,46.99757],[4.78802,46.99767],[4.78878,46.99754]]]}},{"type":"Feature","properties":{"id":"climat-volnay-premier-cru-clos-de-la-rougeotte","kind":"climat","level":"premier-cru","name":"Clos de la Rougeotte","full":"Volnay premier cru Clos de la Rougeotte","app":"Volnay","region":"cote-de-beaune","communes":["Volnay"],"area_ha":0.52,"elev":[274.9,281.2,288.3],"slope":5.3,"slope_pct":9.3,"aspect":125,"aspect_label":"SE","aspect_hist":[0.0,0.0,0.067,0.933,0.0,0.0,0.0,0.0],"village":null,"white":false},"geometry":{"type":"Polygon","coordinates":[[[4.78352,47.00253],[4.78363,47.00269],[4.78408,47.00258],[4.78411,47.00261],[4.78483,47.00237],[4.78492,47.00245],[4.78546,47.00218],[4.78462,47.00193],[4.7843,47.00213],[4.78352,47.00253]]]}},{"type":"Feature","properties":{"id":"climat-monthelie-premier-cru-le-chateau-gaillard","kind":"climat","level":"premier-cru","name":"Le Château Gaillard","full":"Monthélie premier cru Le Château Gaillard","app":"Monthélie","region":"cote-de-beaune","communes":["Monthelie"],"area_ha":0.5,"elev":[282.5,286.8,292.3],"slope":7.3,"slope_pct":12.9,"aspect":239,"aspect_label":"WSW","aspect_hist":[0.0,0.0,0.0,0.0,0.01,0.731,0.259,0.0],"village":null,"white":true},"geometry":{"type":"Polygon","coordinates":[[[4.76822,46.9925],[4.76872,46.99181],[4.76829,46.99177],[4.76828,46.99167],[4.76813,46.99169],[4.76812,46.99164],[4.76763,46.99176],[4.76774,46.99196],[4.76788,46.99194],[4.7679,46.992],[4.76768,46.99205],[4.76803,46.99269],[4.76822,46.9925]]]}},{"type":"Feature","properties":{"id":"climat-chassagne-montrachet-premier-cru-tonton-marcel","kind":"climat","level":"premier-cru","name":"Tonton Marcel","full":"Chassagne-Montrachet premier cru Tonton Marcel","app":"Chassagne-Montrachet","region":"cote-de-beaune","communes":["Chassagne-Montrachet"],"area_ha":0.5,"elev":[303.9,320.6,334.9],"slope":16.4,"slope_pct":29.5,"aspect":105,"aspect_label":"ESE","aspect_hist":[0.0,0.082,0.431,0.477,0.01,0.0,0.0,0.0],"village":"chassagne-montrachet","white":true},"geometry":{"type":"MultiPolygon","coordinates":[[[[4.72029,46.93432],[4.71976,46.9343],[4.7197,46.93466],[4.71979,46.9349],[4.7201,46.93492],[4.72022,46.93466],[4.72029,46.93432]]],[[[4.71786,46.92981],[4.71757,46.9295],[4.71765,46.92942],[4.71755,46.92938],[4.71765,46.92932],[4.71755,46.92921],[4.71702,46.92954],[4.71768,46.93],[4.71786,46.92981]]]]}},{"type":"Feature","properties":{"id":"climat-monthelie-premier-cru-clos-des-toisieres","kind":"climat","level":"premier-cru","name":"Clos des Toisières","full":"Monthélie premier cru Clos des Toisières","app":"Monthélie","region":"cote-de-beaune","communes":["Monthelie"],"area_ha":0.45,"elev":[288.6,289.8,291.1],"slope":3.4,"slope_pct":6.0,"aspect":154,"aspect_label":"SSE","aspect_hist":[0.0,0.0,0.0,0.61,0.39,0.0,0.0,0.0],"village":null,"white":true},"geometry":{"type":"Polygon","coordinates":[[[4.77141,46.98971],[4.77126,46.98967],[4.77119,46.98981],[4.77114,46.99004],[4.77206,46.99038],[4.77271,46.99032],[4.77269,46.99021],[4.77141,46.98971]]]}},{"type":"Feature","properties":{"id":"climat-saint-aubin-premier-cru-en-vollon-a-l-est","kind":"climat","level":"premier-cru","name":"En Vollon à l'Est","full":"Saint-Aubin premier cru En Vollon à l'Est","app":"Saint-Aubin","region":"cote-de-beaune","communes":["Saint-Aubin"],"area_ha":0.41,"elev":[328.8,336.7,344.5],"slope":10.5,"slope_pct":18.6,"aspect":103,"aspect_label":"ESE","aspect_hist":[0.0,0.0,0.976,0.024,0.0,0.0,0.0,0.0],"village":"saint-aubin","white":true},"geometry":{"type":"Polygon","coordinates":[[[4.72171,46.94415],[4.72254,46.94401],[4.7224,46.94374],[4.72227,46.94358],[4.72204,46.94362],[4.72117,46.94346],[4.72132,46.94358],[4.72153,46.94385],[4.72171,46.94415]]]}},{"type":"Feature","properties":{"id":"climat-pommard-premier-cru-derriere-saint-jean","kind":"climat","level":"premier-cru","name":"Derrière Saint-Jean","full":"Pommard premier cru Derrière Saint-Jean","app":"Pommard","region":"cote-de-beaune","communes":["Pommard"],"area_ha":0.28,"elev":[246.3,247.9,249.6],"slope":2.7,"slope_pct":4.7,"aspect":78,"aspect_label":"ENE","aspect_hist":[0.048,0.333,0.317,0.175,0.063,0.048,0.0,0.016],"village":null,"white":false},"geometry":{"type":"MultiPolygon","coordinates":[[[[4.79509,47.00795],[4.79462,47.00822],[4.7948,47.0084],[4.79533,47.00809],[4.79509,47.00795]]],[[[4.79402,47.00841],[4.79448,47.00819],[4.79419,47.0079],[4.79374,47.00812],[4.79402,47.00841]]]]}},{"type":"Feature","properties":{"id":"climat-volnay-premier-cru-lassolle","kind":"climat","level":"premier-cru","name":"Lassolle","full":"Volnay premier cru Lassolle","app":"Volnay","region":"cote-de-beaune","communes":["Volnay"],"area_ha":0.22,"elev":[304.3,307.7,312.9],"slope":7.9,"slope_pct":13.8,"aspect":114,"aspect_label":"ESE","aspect_hist":[0.0,0.0,0.333,0.667,0.0,0.0,0.0,0.0],"village":null,"white":false},"geometry":{"type":"Polygon","coordinates":[[[4.78009,47.00246],[4.77954,47.00239],[4.77946,47.00283],[4.7799,47.00296],[4.78013,47.0027],[4.77997,47.00256],[4.78009,47.00246]]]}},{"type":"Feature","properties":{"id":"climat-monthelie-premier-cru-le-village","kind":"climat","level":"premier-cru","name":"Le Village","full":"Monthélie premier cru Le Village","app":"Monthélie","region":"cote-de-beaune","communes":["Monthelie"],"area_ha":0.2,"elev":[281.3,283.5,287.1],"slope":4.9,"slope_pct":8.6,"aspect":226,"aspect_label":"SW","aspect_hist":[0.0,0.0,0.0,0.038,0.215,0.418,0.316,0.013],"village":null,"white":true},"geometry":{"type":"Polygon","coordinates":[[[4.76768,46.99205],[4.7679,46.992],[4.76788,46.99194],[4.76774,46.99196],[4.76763,46.99176],[4.7673,46.99183],[4.76741,46.99206],[4.76745,46.99207],[4.76742,46.99209],[4.76735,46.9921],[4.76748,46.99253],[4.76752,46.99252],[4.76749,46.99246],[4.76784,46.99237],[4.76768,46.99205]]]}},{"type":"Feature","properties":{"id":"climat-pommard-premier-cru-le-village","kind":"climat","level":"premier-cru","name":"Le Village","full":"Pommard premier cru Le Village","app":"Pommard","region":"cote-de-beaune","communes":["Pommard"],"area_ha":0.15,"elev":[248.6,249.3,250.5],"slope":2.5,"slope_pct":4.3,"aspect":56,"aspect_label":"NE","aspect_hist":[0.05,0.7,0.225,0.025,0.0,0.0,0.0,0.0],"village":null,"white":false},"geometry":{"type":"Polygon","coordinates":[[[4.79388,47.00847],[4.79402,47.00841],[4.79374,47.00812],[4.79335,47.0083],[4.79347,47.00846],[4.79358,47.00855],[4.79364,47.00852],[4.79376,47.00862],[4.79394,47.00852],[4.79388,47.00847]]]}},{"type":"Feature","properties":{"id":"grand-cru-corton","kind":"grand_cru","level":"grand-cru","name":"Corton","full":"Corton","app":"Corton","region":"cote-de-beaune","communes":["Aloxe-Corton","Pernand-Vergelesses","Ladoix-Serrigny"],"area_ha":160.55,"elev":[229.2,286.9,362.5],"slope":8.7,"slope_pct":15.4,"aspect":162,"aspect_label":"SSE","aspect_hist":[0.005,0.003,0.064,0.5,0.16,0.14,0.095,0.033],"village":null,"white":true},"geometry":{"type":"MultiPolygon","coordinates":[[[[4.87648,47.07646],[4.87617,47.07619],[4.87582,47.07594],[4.87516,47.07552],[4.87503,47.07559],[4.87488,47.0757],[4.87474,47.07585],[4.87457,47.076],[4.87436,47.07614],[4.87424,47.07629],[4.87415,47.07653],[4.8741,47.07674],[4.87399,47.07702],[4.87401,47.07702],[4.87397,47.07714],[4.87411,47.0776],[4.87415,47.07768],[4.87418,47.07784],[4.87412,47.07821],[4.8741,47.07852],[4.87571,47.07802],[4.87541,47.0774],[4.87673,47.07678],[4.87648,47.07646]]],[[[4.87509,47.07444],[4.87505,47.07438],[4.87488,47.07421],[4.87466,47.07406],[4.87454,47.07401],[4.87416,47.07399],[4.87351,47.07417],[4.87319,47.07432],[4.87285,47.07455],[4.87292,47.07462],[4.87377,47.075],[4.87405,47.07515],[4.87413,47.07516],[4.87465,47.075],[4.8749,47.07514],[4.87505,47.07519],[4.87515,47.0752],[4.87497,47.075],[4.8753,47.07486],[4.8751,47.07459],[4.87509,47.07444]]],[[[4.87408,47.07522],[4.87296,47.0747],[4.87286,47.07467],[4.87278,47.07467],[4.87273,47.07468],[4.87217,47.07502],[4.87201,47.07509],[4.87145,47.07529],[4.87116,47.07548],[4.87077,47.07582],[4.8707,47.07596],[4.8707,47.07603],[4.87077,47.07618],[4.87086,47.07634],[4.87105,47.07645],[4.87107,47.07644],[4.87114,47.07648],[4.87119,47.07654],[4.87122,47.07661],[4.87113,47.07667],[4.87098,47.0768],[4.87081,47.07692],[4.8706,47.07704],[4.8704,47.07712],[4.87029,47.07721],[4.86998,47.07776],[4.8698,47.0782],[4.86949,47.07915],[4.8699,47.07898],[4.87023,47.07966],[4.87011,47.0797],[4.87029,47.07984],[4.87047,47.07995],[4.87051,47.08004],[4.87019,47.08008],[4.87036,47.08066],[4.87011,47.08069],[4.87014,47.08104],[4.87027,47.08146],[4.87195,47.08112],[4.87206,47.08111],[4.87202,47.08101],[4.87207,47.08095],[4.87203,47.08074],[4.8721,47.08071],[4.87204,47.08063],[4.87315,47.08037],[4.87261,47.07971],[4.87268,47.07969],[4.87252,47.07953],[4.87284,47.07938],[4.87285,47.07939],[4.87289,47.07936],[4.87294,47.07927],[4.87291,47.07922],[4.87283,47.07914],[4.87287,47.07908],[4.87283,47.07902],[4.87273,47.07907],[4.87265,47.07902],[4.87247,47.07881],[4.87287,47.07874],[4.87328,47.07889],[4.87341,47.0788],[4.87375,47.07919],[4.87377,47.07919],[4.8741,47.07901],[4.87412,47.07899],[4.87413,47.07894],[4.87402,47.0787],[4.874,47.07823],[4.87403,47.07788],[4.87384,47.07705],[4.87398,47.07686],[4.87409,47.07645],[4.87419,47.07623],[4.87427,47.07612],[4.87454,47.07593],[4.87481,47.07567],[4.87499,47.07553],[4.87521,47.07541],[4.8753,47.07532],[4.87497,47.07522],[4.87463,47.07507],[4.87457,47.07507],[4.87408,47.07522]]],[[[4.87299,47.07261],[4.87265,47.07234],[4.87212,47.07182],[4.87187,47.07192],[4.87161,47.07167],[4.87113,47.07186],[4.87055,47.07203],[4.86981,47.07229],[4.86996,47.07241],[4.87035,47.07258],[4.87074,47.07281],[4.87112,47.07298],[4.87203,47.07361],[4.87207,47.0736],[4.87211,47.07362],[4.87212,47.07366],[4.87236,47.07385],[4.87246,47.07409],[4.87281,47.07451],[4.87321,47.07426],[4.8735,47.07413],[4.8738,47.07404],[4.87415,47.07395],[4.87457,47.07396],[4.87301,47.07264],[4.87299,47.07261]]],[[[4.87219,47.07378],[4.87108,47.07302],[4.87077,47.07289],[4.87057,47.07275],[4.87027,47.07259],[4.87013,47.07255],[4.87001,47.07249],[4.8695,47.07216],[4.86885,47.0717],[4.86782,47.07087],[4.86758,47.07071],[4.86708,47.07072],[4.86701,47.07067],[4.86681,47.07062],[4.86632,47.07054],[4.86579,47.07019],[4.86474,47.06962],[4.86435,47.06959],[4.86412,47.0698],[4.86377,47.0702],[4.86346,47.07051],[4.86347,47.07052],[4.86334,47.07066],[4.86339,47.07073],[4.86397,47.0712],[4.86429,47.07143],[4.8644,47.07149],[4.86441,47.07148],[4.86524,47.07204],[4.86542,47.07224],[4.86556,47.07234],[4.86564,47.07243],[4.86583,47.07248],[4.86589,47.07249],[4.866,47.07242],[4.86718,47.07321],[4.8674,47.07337],[4.86741,47.07336],[4.86805,47.07392],[4.86808,47.07396],[4.86829,47.0741],[4.86903,47.07467],[4.86905,47.07466],[4.86913,47.07471],[4.86935,47.0748],[4.86963,47.07507],[4.86975,47.07515],[4.86977,47.07514],[4.86989,47.07527],[4.87036,47.07548],[4.87042,47.07547],[4.87058,47.0756],[4.87075,47.07568],[4.87086,47.07566],[4.8711,47.07545],[4.8714,47.07525],[4.87209,47.07497],[4.87257,47.07471],[4.87277,47.07457],[4.87241,47.07411],[4.87233,47.07396],[4.87219,47.07378]]],[[[4.87104,47.07648],[4.8709,47.0764],[4.87081,47.07632],[4.87065,47.07605],[4.87064,47.07601],[4.87073,47.07574],[4.87053,47.07565],[4.87032,47.07559],[4.87011,47.0755],[4.86983,47.07531],[4.86927,47.07486],[4.86918,47.07483],[4.86869,47.07449],[4.86792,47.07391],[4.86754,47.07356],[4.86707,47.07321],[4.86613,47.07259],[4.86576,47.07253],[4.86561,47.07248],[4.8653,47.07221],[4.86516,47.07206],[4.86392,47.07123],[4.86368,47.07105],[4.86352,47.0709],[4.86321,47.07069],[4.86337,47.07051],[4.86305,47.07035],[4.86297,47.07029],[4.86292,47.07022],[4.86278,47.0701],[4.86254,47.06991],[4.86203,47.06963],[4.8619,47.06948],[4.86165,47.06909],[4.86046,47.06799],[4.86074,47.06781],[4.86021,47.06733],[4.85878,47.06798],[4.85884,47.06816],[4.8591,47.06865],[4.85921,47.06896],[4.8593,47.06912],[4.85949,47.06933],[4.85954,47.06941],[4.85954,47.06948],[4.85933,47.06971],[4.85901,47.07049],[4.85943,47.07059],[4.86028,47.07097],[4.86151,47.07147],[4.8616,47.07153],[4.86185,47.07162],[4.86209,47.07175],[4.86213,47.0718],[4.86204,47.07197],[4.86201,47.07195],[4.86182,47.07215],[4.86144,47.07247],[4.8613,47.07256],[4.8612,47.0726],[4.86019,47.07277],[4.86056,47.07313],[4.86093,47.07344],[4.861,47.07347],[4.86142,47.07357],[4.86166,47.07369],[4.86189,47.07382],[4.86239,47.07417],[4.86327,47.07468],[4.86367,47.07494],[4.86447,47.07543],[4.86485,47.07569],[4.865,47.07577],[4.86503,47.07575],[4.8651,47.0758],[4.86514,47.07586],[4.86593,47.07644],[4.86655,47.07684],[4.86678,47.07702],[4.86705,47.07725],[4.86804,47.07818],[4.8683,47.07855],[4.86874,47.07939],[4.86883,47.07964],[4.86888,47.07972],[4.86909,47.07973],[4.86934,47.07951],[4.8694,47.07942],[4.86949,47.07896],[4.8696,47.07868],[4.86963,47.07852],[4.86971,47.07828],[4.86991,47.07777],[4.87017,47.07731],[4.87031,47.07713],[4.87044,47.07705],[4.87062,47.077],[4.87078,47.07691],[4.87096,47.07678],[4.8711,47.07665],[4.87112,47.07662],[4.87111,47.07656],[4.87104,47.07648]]],[[[4.87007,47.07124],[4.86986,47.07109],[4.86879,47.07158],[4.86939,47.07202],[4.86971,47.07221],[4.8698,47.07221],[4.87022,47.0721],[4.87081,47.0719],[4.87046,47.07147],[4.87007,47.07124]]],[[[4.86871,47.07939],[4.86826,47.07859],[4.86807,47.07832],[4.86788,47.07809],[4.86674,47.07703],[4.86651,47.07686],[4.86591,47.07649],[4.86506,47.07585],[4.86471,47.07565],[4.86327,47.07474],[4.86247,47.07427],[4.86184,47.07385],[4.86143,47.07363],[4.86109,47.07354],[4.86105,47.07357],[4.86121,47.07373],[4.86112,47.07379],[4.86098,47.07374],[4.861,47.07369],[4.86106,47.07369],[4.86092,47.07352],[4.86053,47.07378],[4.86073,47.07388],[4.86221,47.07509],[4.86313,47.0758],[4.86322,47.07588],[4.86319,47.0759],[4.86349,47.07622],[4.8643,47.07685],[4.86571,47.07766],[4.86642,47.0781],[4.86668,47.07829],[4.86683,47.07849],[4.86697,47.07863],[4.86691,47.0787],[4.867,47.07898],[4.86711,47.07917],[4.86768,47.07998],[4.86856,47.07977],[4.86878,47.07975],[4.86877,47.07957],[4.86871,47.07939]]],[[[4.8641,47.06951],[4.86272,47.06839],[4.86265,47.06839],[4.86202,47.0687],[4.862,47.06887],[4.86191,47.06898],[4.86188,47.06905],[4.86177,47.06909],[4.86165,47.06908],[4.86192,47.06949],[4.86204,47.06963],[4.86255,47.06991],[4.86281,47.0701],[4.863,47.07027],[4.8634,47.07049],[4.86369,47.07022],[4.8642,47.06964],[4.86419,47.0696],[4.8641,47.06951]]],[[[4.86262,47.06831],[4.8619,47.06774],[4.86178,47.06749],[4.86174,47.06744],[4.86138,47.06714],[4.86124,47.06706],[4.86045,47.06753],[4.86076,47.06781],[4.86048,47.06799],[4.86132,47.06877],[4.86132,47.06871],[4.86135,47.06866],[4.86141,47.06864],[4.86146,47.06862],[4.86153,47.06864],[4.86177,47.0686],[4.86191,47.06865],[4.86195,47.06865],[4.8626,47.06834],[4.86262,47.06831]]],[[[4.86186,47.07168],[4.86152,47.07154],[4.86153,47.07154],[4.86136,47.07144],[4.86093,47.0713],[4.86072,47.07121],[4.85942,47.07062],[4.85917,47.07055],[4.85901,47.07053],[4.85775,47.07134],[4.85744,47.07132],[4.85746,47.07136],[4.85761,47.07139],[4.85774,47.07136],[4.8579,47.07136],[4.85796,47.07137],[4.85821,47.07148],[4.85866,47.07172],[4.85963,47.07235],[4.8601,47.07268],[4.86016,47.07274],[4.86117,47.07257],[4.86127,47.07253],[4.86141,47.07244],[4.86181,47.07211],[4.86199,47.0719],[4.86198,47.07178],[4.86186,47.07168]]],[[[4.86006,47.0727],[4.85864,47.07175],[4.85818,47.07151],[4.85792,47.07139],[4.85761,47.07142],[4.85737,47.07137],[4.85734,47.07135],[4.85733,47.07132],[4.85725,47.07132],[4.85711,47.07134],[4.85566,47.07169],[4.8555,47.07175],[4.85541,47.07179],[4.85499,47.07206],[4.85441,47.0724],[4.85374,47.07278],[4.85357,47.07288],[4.85347,47.07299],[4.85341,47.07324],[4.85343,47.07331],[4.85338,47.07353],[4.8534,47.07353],[4.85322,47.07414],[4.85328,47.07415],[4.85325,47.07415],[4.85296,47.07499],[4.85282,47.07607],[4.85281,47.07654],[4.85299,47.07675],[4.85321,47.07696],[4.85333,47.07707],[4.85362,47.0773],[4.85382,47.07743],[4.85439,47.0777],[4.85455,47.07781],[4.85598,47.07867],[4.856,47.07863],[4.85637,47.07838],[4.85657,47.07835],[4.85667,47.07838],[4.85676,47.07844],[4.85679,47.07844],[4.85684,47.07823],[4.85673,47.07803],[4.8567,47.07786],[4.85666,47.07777],[4.85617,47.07723],[4.85567,47.07685],[4.85589,47.07674],[4.85565,47.07645],[4.85543,47.07608],[4.85541,47.07592],[4.8553,47.0756],[4.85509,47.07484],[4.85519,47.07486],[4.85516,47.07457],[4.85528,47.07421],[4.85538,47.07377],[4.85536,47.07374],[4.85518,47.0737],[4.85516,47.07366],[4.85518,47.07364],[4.85514,47.07363],[4.85524,47.0735],[4.85552,47.07325],[4.85568,47.07305],[4.85579,47.07298],[4.85625,47.07272],[4.85647,47.07268],[4.85676,47.07266],[4.85682,47.07266],[4.85693,47.07272],[4.85702,47.07273],[4.85728,47.07268],[4.85851,47.07288],[4.85864,47.07292],[4.85896,47.07307],[4.85924,47.07316],[4.85925,47.07315],[4.86033,47.07369],[4.86046,47.07375],[4.86049,47.07375],[4.8609,47.07347],[4.86052,47.07314],[4.86006,47.0727]]],[[[4.85997,47.06742],[4.85951,47.06693],[4.85956,47.06691],[4.85954,47.06687],[4.85969,47.06682],[4.85948,47.06656],[4.85943,47.06658],[4.85936,47.06653],[4.859,47.06665],[4.85871,47.06694],[4.85836,47.06718],[4.85827,47.06726],[4.85876,47.06795],[4.85879,47.06796],[4.85997,47.06742]]],[[[4.85916,47.06534],[4.85917,47.06512],[4.85911,47.06485],[4.85893,47.06443],[4.85862,47.06456],[4.85822,47.0648],[4.85627,47.06571],[4.85646,47.06589],[4.85783,47.06732],[4.85812,47.06724],[4.85845,47.06704],[4.85869,47.06687],[4.85887,47.06669],[4.85881,47.06656],[4.85871,47.0666],[4.85868,47.06653],[4.85861,47.06646],[4.85861,47.06642],[4.85872,47.06643],[4.85888,47.06638],[4.85891,47.06639],[4.85902,47.06637],[4.85903,47.06622],[4.85893,47.06622],[4.85893,47.06619],[4.85897,47.06616],[4.85897,47.06615],[4.85888,47.06614],[4.8588,47.0661],[4.85872,47.06611],[4.85865,47.06601],[4.85877,47.06597],[4.85876,47.06595],[4.8588,47.06594],[4.85882,47.06595],[4.85905,47.06587],[4.85899,47.06579],[4.85906,47.06576],[4.85905,47.06574],[4.85914,47.06571],[4.85916,47.06573],[4.85933,47.06567],[4.85916,47.06534]]],[[[4.85924,47.06914],[4.8591,47.06887],[4.85895,47.06849],[4.85876,47.06814],[4.85854,47.0682],[4.85805,47.06839],[4.85787,47.0685],[4.85758,47.06874],[4.85744,47.06882],[4.85742,47.0688],[4.85758,47.0687],[4.85781,47.06851],[4.85801,47.06837],[4.85844,47.0682],[4.85874,47.0681],[4.8587,47.06798],[4.85832,47.06742],[4.85822,47.06731],[4.85817,47.06729],[4.85769,47.06743],[4.85737,47.06755],[4.85678,47.06777],[4.85618,47.06802],[4.85603,47.06806],[4.85528,47.06816],[4.85495,47.06828],[4.85476,47.06838],[4.85384,47.06897],[4.8529,47.06961],[4.8511,47.07115],[4.85085,47.07141],[4.85068,47.07165],[4.85047,47.07213],[4.85029,47.07248],[4.85008,47.07297],[4.85005,47.07333],[4.85008,47.07349],[4.85011,47.07353],[4.85101,47.07351],[4.85125,47.07351],[4.85125,47.07352],[4.85012,47.07353],[4.85024,47.07372],[4.85049,47.07401],[4.85077,47.07452],[4.85099,47.07497],[4.8512,47.07524],[4.85146,47.07549],[4.85183,47.0757],[4.85219,47.07597],[4.8524,47.07615],[4.85264,47.07641],[4.85274,47.0764],[4.85276,47.07608],[4.85291,47.07503],[4.85296,47.07484],[4.85321,47.07413],[4.85318,47.07412],[4.85318,47.07411],[4.85335,47.07353],[4.85339,47.0731],[4.85343,47.07299],[4.85349,47.0729],[4.85495,47.07204],[4.85529,47.07182],[4.85547,47.07172],[4.85565,47.07165],[4.8571,47.07131],[4.85741,47.07128],[4.8576,47.07131],[4.8577,47.07131],[4.85776,47.07129],[4.85879,47.07062],[4.85895,47.07048],[4.85925,47.06974],[4.85931,47.06965],[4.85945,47.0695],[4.85942,47.06935],[4.85924,47.06914]]],[[[4.85626,47.06572],[4.85584,47.06596],[4.8553,47.06634],[4.85515,47.06654],[4.85498,47.06695],[4.8548,47.06724],[4.85449,47.06759],[4.85397,47.06808],[4.85401,47.0681],[4.85342,47.06848],[4.85298,47.06882],[4.85248,47.06902],[4.85237,47.06909],[4.852,47.06948],[4.8518,47.06982],[4.85181,47.06986],[4.85185,47.06987],[4.85167,47.07017],[4.85105,47.07093],[4.85119,47.07099],[4.85229,47.07002],[4.85299,47.06944],[4.85393,47.06882],[4.8547,47.06834],[4.8549,47.06823],[4.85518,47.06812],[4.85542,47.06805],[4.85592,47.06801],[4.8561,47.06797],[4.85649,47.0678],[4.85781,47.06733],[4.85645,47.0659],[4.85626,47.06572]]],[[[4.85594,47.07869],[4.85438,47.07774],[4.85381,47.07745],[4.85363,47.07766],[4.85336,47.07804],[4.85334,47.0781],[4.85362,47.07829],[4.85366,47.07821],[4.85447,47.07841],[4.85476,47.07851],[4.85502,47.07867],[4.85501,47.07868],[4.85525,47.07877],[4.85522,47.07881],[4.85583,47.07902],[4.85582,47.07895],[4.85588,47.07878],[4.85594,47.07869]]],[[[4.85327,47.07711],[4.85272,47.07654],[4.85259,47.07642],[4.85236,47.07617],[4.85187,47.07579],[4.85142,47.07551],[4.85121,47.07532],[4.8509,47.0749],[4.85073,47.07454],[4.85056,47.07428],[4.85043,47.074],[4.85009,47.07357],[4.85001,47.07357],[4.84989,47.07407],[4.84985,47.07451],[4.84987,47.07453],[4.84989,47.07478],[4.85001,47.07512],[4.85011,47.07532],[4.85034,47.07563],[4.85067,47.07602],[4.85094,47.07595],[4.85102,47.07607],[4.85076,47.07615],[4.85115,47.07664],[4.85143,47.07657],[4.85167,47.07653],[4.85176,47.07669],[4.85169,47.07673],[4.85187,47.07721],[4.85226,47.07792],[4.85238,47.07802],[4.85271,47.07815],[4.85338,47.07819],[4.8533,47.0781],[4.85332,47.07804],[4.85376,47.07743],[4.85327,47.07711]]]]}},{"type":"Feature","properties":{"id":"grand-cru-corton-charlemagne","kind":"grand_cru","level":"grand-cru","name":"Corton-Charlemagne","full":"Corton-Charlemagne","app":"Corton-Charlemagne","region":"cote-de-beaune","communes":["Aloxe-Corton","Pernand-Vergelesses","Ladoix-Serrigny"],"area_ha":71.91,"elev":[261.8,305.7,362.5],"slope":10.5,"slope_pct":18.6,"aspect":198,"aspect_label":"SSW","aspect_hist":[0.008,0.001,0.051,0.275,0.19,0.197,0.206,0.073],"village":"corton-charlemagne","contains":["Charlemagne"],"white":true},"geometry":{"type":"MultiPolygon","coordinates":[[[[4.87268,47.07969],[4.87252,47.07952],[4.87242,47.0793],[4.87214,47.07886],[4.87194,47.07889],[4.87167,47.079],[4.87015,47.07744],[4.86998,47.07776],[4.8698,47.0782],[4.86949,47.07915],[4.8699,47.07898],[4.87023,47.07966],[4.87011,47.0797],[4.87029,47.07984],[4.87047,47.07995],[4.87051,47.08004],[4.87019,47.08008],[4.87036,47.08066],[4.87011,47.08069],[4.87014,47.08104],[4.87027,47.08146],[4.87195,47.08112],[4.87206,47.08111],[4.87202,47.08101],[4.87207,47.08095],[4.87203,47.08074],[4.8721,47.08071],[4.87204,47.08063],[4.87315,47.08037],[4.87261,47.07971],[4.87268,47.07969]]],[[[4.86962,47.07852],[4.86926,47.07829],[4.86893,47.078],[4.86878,47.07789],[4.86866,47.07781],[4.86836,47.07767],[4.8682,47.07752],[4.86802,47.07739],[4.8677,47.07707],[4.86799,47.07689],[4.86733,47.07639],[4.8669,47.07613],[4.86712,47.07606],[4.86727,47.07597],[4.86729,47.07594],[4.86727,47.07591],[4.86723,47.0759],[4.86718,47.07593],[4.8667,47.0757],[4.86597,47.07536],[4.86598,47.07533],[4.86596,47.07532],[4.86592,47.07531],[4.86589,47.07532],[4.86488,47.07485],[4.86489,47.07483],[4.86487,47.07481],[4.86483,47.0748],[4.86479,47.07482],[4.86371,47.07432],[4.86371,47.07428],[4.86369,47.07427],[4.86362,47.07428],[4.86259,47.0738],[4.8626,47.07377],[4.86258,47.07375],[4.86253,47.07375],[4.86251,47.07376],[4.8617,47.07338],[4.86171,47.07335],[4.86168,47.07333],[4.86161,47.07333],[4.8614,47.0735],[4.8613,47.07355],[4.86142,47.07357],[4.86166,47.07369],[4.86253,47.07425],[4.86327,47.07468],[4.86367,47.07494],[4.86433,47.07534],[4.86485,47.07569],[4.865,47.07577],[4.86503,47.07575],[4.8651,47.0758],[4.86514,47.07586],[4.86593,47.07644],[4.86655,47.07684],[4.86678,47.07702],[4.86705,47.07725],[4.86804,47.07818],[4.8683,47.07855],[4.86874,47.07939],[4.86883,47.07964],[4.86888,47.07972],[4.86909,47.07973],[4.86934,47.07951],[4.8694,47.07942],[4.86949,47.07896],[4.86963,47.07856],[4.86962,47.07852]]],[[[4.86876,47.07951],[4.86865,47.07929],[4.86813,47.07839],[4.86788,47.07809],[4.86674,47.07703],[4.86651,47.07686],[4.86591,47.07649],[4.86506,47.07585],[4.86471,47.07565],[4.86327,47.07474],[4.86247,47.07427],[4.86184,47.07385],[4.86143,47.07363],[4.86109,47.07354],[4.86105,47.07357],[4.86121,47.07373],[4.86112,47.07379],[4.86098,47.07374],[4.861,47.07369],[4.86106,47.07369],[4.86092,47.07352],[4.86053,47.07378],[4.86073,47.07388],[4.86221,47.07509],[4.86313,47.0758],[4.86322,47.07588],[4.86319,47.0759],[4.86349,47.07622],[4.8643,47.07685],[4.86571,47.07766],[4.86642,47.0781],[4.86668,47.07829],[4.86683,47.07849],[4.86697,47.07863],[4.86691,47.0787],[4.867,47.07898],[4.86711,47.07917],[4.86768,47.07998],[4.86856,47.07977],[4.86878,47.07975],[4.86876,47.07951]]],[[[4.8619,47.0717],[4.86152,47.07154],[4.86153,47.07154],[4.86136,47.07144],[4.86093,47.0713],[4.86072,47.07121],[4.85942,47.07062],[4.85917,47.07055],[4.85901,47.07053],[4.85775,47.07134],[4.85744,47.07132],[4.85746,47.07136],[4.85761,47.07139],[4.85774,47.07136],[4.8579,47.07136],[4.85796,47.07137],[4.85821,47.07148],[4.85866,47.07172],[4.85963,47.07235],[4.8601,47.07268],[4.86016,47.07274],[4.86117,47.07257],[4.86127,47.07253],[4.86141,47.07244],[4.86181,47.07211],[4.86199,47.0719],[4.86198,47.07178],[4.8619,47.0717]]],[[[4.86006,47.0727],[4.85864,47.07175],[4.85818,47.07151],[4.85792,47.07139],[4.85761,47.07142],[4.85737,47.07137],[4.85734,47.07135],[4.85733,47.07132],[4.85725,47.07132],[4.85711,47.07134],[4.85566,47.07169],[4.8555,47.07175],[4.85541,47.07179],[4.85499,47.07206],[4.85441,47.0724],[4.85374,47.07278],[4.85357,47.07288],[4.85347,47.07299],[4.85341,47.07324],[4.85343,47.07331],[4.85338,47.07353],[4.8534,47.07353],[4.85322,47.07414],[4.85328,47.07415],[4.85325,47.07415],[4.85296,47.07499],[4.85282,47.07607],[4.85281,47.07654],[4.85299,47.07675],[4.85321,47.07696],[4.85333,47.07707],[4.85362,47.0773],[4.85382,47.07743],[4.85439,47.0777],[4.85455,47.07781],[4.85598,47.07867],[4.856,47.07863],[4.85637,47.07838],[4.85657,47.07835],[4.85667,47.07838],[4.85676,47.07844],[4.85679,47.07844],[4.85684,47.07823],[4.85673,47.07803],[4.8567,47.07786],[4.85666,47.07777],[4.85617,47.07723],[4.85567,47.07685],[4.85589,47.07674],[4.85565,47.07645],[4.85543,47.07608],[4.85541,47.07592],[4.8553,47.0756],[4.85509,47.07484],[4.85519,47.07486],[4.85516,47.07457],[4.85528,47.07421],[4.85538,47.07377],[4.85536,47.07374],[4.85518,47.0737],[4.85516,47.07366],[4.85518,47.07364],[4.85514,47.07363],[4.85524,47.0735],[4.85552,47.07325],[4.85568,47.07305],[4.85579,47.07298],[4.85625,47.07272],[4.85647,47.07268],[4.85676,47.07266],[4.85682,47.07266],[4.85693,47.07272],[4.85702,47.07273],[4.85728,47.07268],[4.85851,47.07288],[4.85864,47.07292],[4.85896,47.07307],[4.85924,47.07316],[4.85925,47.07315],[4.86033,47.07369],[4.86046,47.07375],[4.86049,47.07375],[4.8609,47.07347],[4.86052,47.07314],[4.86006,47.0727]]],[[[4.85943,47.06938],[4.85921,47.06908],[4.8591,47.06887],[4.85895,47.06849],[4.85876,47.06814],[4.85854,47.0682],[4.85805,47.06839],[4.85787,47.0685],[4.85762,47.0687],[4.85744,47.06882],[4.85743,47.06881],[4.8567,47.06904],[4.85647,47.06913],[4.85606,47.0686],[4.85571,47.06873],[4.85547,47.06888],[4.85539,47.06897],[4.85487,47.06929],[4.85454,47.06899],[4.85399,47.06949],[4.85377,47.0696],[4.85341,47.06992],[4.85293,47.0696],[4.85214,47.07025],[4.8511,47.07115],[4.85085,47.07141],[4.85068,47.07165],[4.85047,47.07213],[4.85029,47.07248],[4.85008,47.07297],[4.85005,47.07333],[4.85008,47.07349],[4.85011,47.07353],[4.85101,47.07351],[4.85125,47.07351],[4.85125,47.07352],[4.85012,47.07353],[4.85024,47.07372],[4.85049,47.07401],[4.85077,47.07452],[4.85099,47.07497],[4.8512,47.07524],[4.85146,47.07549],[4.85183,47.0757],[4.85219,47.07597],[4.8524,47.07615],[4.85264,47.07641],[4.85274,47.0764],[4.85276,47.07608],[4.85291,47.07503],[4.85296,47.07484],[4.85321,47.07413],[4.85318,47.07412],[4.85318,47.07411],[4.85335,47.07353],[4.85339,47.0731],[4.85343,47.07299],[4.85349,47.0729],[4.85495,47.07204],[4.85538,47.07176],[4.85556,47.07168],[4.8571,47.07131],[4.85741,47.07128],[4.85768,47.07132],[4.85776,47.07129],[4.85879,47.07062],[4.85895,47.07048],[4.85925,47.06974],[4.85931,47.06965],[4.85945,47.0695],[4.85943,47.06938]]],[[[4.85594,47.07869],[4.85438,47.07774],[4.85381,47.07745],[4.85363,47.07766],[4.85336,47.07804],[4.85334,47.0781],[4.85362,47.07829],[4.85366,47.07821],[4.85447,47.07841],[4.85476,47.07851],[4.85501,47.07868],[4.85525,47.07877],[4.85522,47.07881],[4.85583,47.07902],[4.85582,47.07895],[4.85588,47.07878],[4.85594,47.07869]]],[[[4.85327,47.07711],[4.85272,47.07654],[4.85259,47.07642],[4.85236,47.07617],[4.85187,47.07579],[4.85142,47.07551],[4.85121,47.07532],[4.8509,47.0749],[4.85073,47.07454],[4.85056,47.07428],[4.85043,47.074],[4.85009,47.07357],[4.85001,47.07357],[4.84989,47.07407],[4.84985,47.07451],[4.84987,47.07453],[4.84989,47.07478],[4.85001,47.07512],[4.85011,47.07532],[4.85034,47.07563],[4.85067,47.07602],[4.85094,47.07595],[4.85102,47.07607],[4.85076,47.07615],[4.85115,47.07664],[4.85143,47.07657],[4.85167,47.07653],[4.85176,47.07669],[4.85169,47.07673],[4.85187,47.07721],[4.85226,47.07792],[4.85238,47.07802],[4.85271,47.07815],[4.85338,47.07819],[4.8533,47.0781],[4.85332,47.07804],[4.85376,47.07743],[4.85327,47.07711]]]]}},{"type":"Feature","properties":{"id":"grand-cru-batard-montrachet","kind":"grand_cru","level":"grand-cru","name":"Bâtard-Montrachet","full":"Bâtard-Montrachet","app":"Bâtard-Montrachet","region":"cote-de-beaune","communes":["Chassagne-Montrachet","Puligny-Montrachet"],"area_ha":11.86,"elev":[242.0,248.6,254.2],"slope":2.2,"slope_pct":3.9,"aspect":136,"aspect_label":"SE","aspect_hist":[0.0,0.002,0.297,0.356,0.314,0.023,0.005,0.002],"village":null,"white":true},"geometry":{"type":"Polygon","coordinates":[[[4.74126,46.94335],[4.74087,46.94316],[4.74073,46.94307],[4.74024,46.94253],[4.73975,46.94187],[4.73999,46.9418],[4.74003,46.94177],[4.74003,46.94173],[4.73962,46.94137],[4.73946,46.94122],[4.73906,46.94136],[4.73851,46.94144],[4.73706,46.94181],[4.73683,46.94188],[4.73676,46.94191],[4.73727,46.94237],[4.73753,46.94286],[4.73755,46.94285],[4.73785,46.94334],[4.73819,46.9438],[4.73832,46.94399],[4.73851,46.94439],[4.73871,46.94465],[4.73899,46.94494],[4.73934,46.94522],[4.73958,46.94551],[4.73998,46.9463],[4.7408,46.9472],[4.74089,46.94724],[4.74096,46.94723],[4.74191,46.94695],[4.74158,46.94647],[4.74112,46.94571],[4.74126,46.94567],[4.74092,46.94522],[4.74111,46.94516],[4.74091,46.94487],[4.7423,46.94429],[4.74195,46.94397],[4.74153,46.94354],[4.74142,46.94345],[4.74126,46.94335],[4.74041,46.94364],[4.73945,46.94396],[4.73945,46.94396],[4.74126,46.94335]]]}},{"type":"Feature","properties":{"id":"grand-cru-montrachet","kind":"grand_cru","level":"grand-cru","name":"Montrachet","full":"Montrachet","app":"Montrachet","region":"cote-de-beaune","communes":["Chassagne-Montrachet","Puligny-Montrachet"],"area_ha":7.99,"elev":[242.5,255.3,268.6],"slope":5.1,"slope_pct":8.9,"aspect":134,"aspect_label":"SE","aspect_hist":[0.001,0.0,0.177,0.572,0.168,0.07,0.004,0.007],"village":null,"white":true},"geometry":{"type":"Polygon","coordinates":[[[4.7384,46.94433],[4.73823,46.94399],[4.73769,46.94325],[4.7372,46.9424],[4.73668,46.94194],[4.73663,46.94193],[4.73578,46.94215],[4.73528,46.94226],[4.73523,46.94235],[4.73521,46.94246],[4.73527,46.94252],[4.73533,46.94254],[4.73563,46.94287],[4.73567,46.94306],[4.73586,46.94333],[4.73589,46.94343],[4.73591,46.94372],[4.73629,46.9443],[4.73653,46.94423],[4.73656,46.94428],[4.73698,46.94463],[4.73698,46.94471],[4.73697,46.94472],[4.73707,46.9449],[4.73734,46.94522],[4.73742,46.94536],[4.73737,46.94538],[4.73742,46.94548],[4.73749,46.94554],[4.73751,46.94554],[4.73758,46.94559],[4.73777,46.94577],[4.73787,46.94591],[4.73802,46.94622],[4.73835,46.94611],[4.73849,46.94624],[4.73877,46.94663],[4.73883,46.9468],[4.73906,46.9471],[4.7392,46.94722],[4.73935,46.94738],[4.73945,46.94756],[4.73984,46.94743],[4.74063,46.94711],[4.74003,46.94647],[4.73987,46.94625],[4.73962,46.94574],[4.73944,46.94544],[4.73918,46.94517],[4.73878,46.94484],[4.7384,46.94433],[4.73748,46.94458],[4.7384,46.94433]]]}},{"type":"Feature","properties":{"id":"grand-cru-chevalier-montrachet","kind":"grand_cru","level":"grand-cru","name":"Chevalier-Montrachet","full":"Chevalier-Montrachet","app":"Chevalier-Montrachet","region":"cote-de-beaune","communes":["Puligny-Montrachet"],"area_ha":7.6,"elev":[261.0,276.3,303.8],"slope":10.1,"slope_pct":17.8,"aspect":115,"aspect_label":"ESE","aspect_hist":[0.001,0.0,0.429,0.567,0.003,0.0,0.0,0.0],"village":null,"white":true},"geometry":{"type":"MultiPolygon","coordinates":[[[[4.74012,46.94899],[4.74,46.94872],[4.73898,46.94912],[4.73912,46.94934],[4.74012,46.94899]]],[[[4.73995,46.94861],[4.73975,46.94808],[4.73974,46.94797],[4.73962,46.94771],[4.73943,46.94782],[4.73863,46.94819],[4.73824,46.94834],[4.73843,46.94859],[4.73857,46.94884],[4.7386,46.94884],[4.73872,46.94901],[4.73995,46.94861]]],[[[4.73953,46.94771],[4.73895,46.94708],[4.73897,46.94706],[4.73901,46.94704],[4.73883,46.9468],[4.73877,46.94663],[4.73849,46.94624],[4.73835,46.94611],[4.73802,46.94622],[4.73787,46.94591],[4.73777,46.94577],[4.73758,46.94559],[4.73751,46.94554],[4.73749,46.94554],[4.73742,46.94548],[4.73737,46.94538],[4.73742,46.94536],[4.73734,46.94522],[4.73707,46.9449],[4.73697,46.94472],[4.73602,46.94507],[4.73567,46.94527],[4.73578,46.94536],[4.73555,46.94557],[4.73534,46.94585],[4.73456,46.9459],[4.73464,46.94592],[4.73485,46.94602],[4.73516,46.9462],[4.73544,46.94596],[4.73625,46.94678],[4.73623,46.94679],[4.73634,46.94697],[4.73632,46.94697],[4.73655,46.94736],[4.73651,46.94737],[4.73659,46.94754],[4.73654,46.94755],[4.7366,46.94768],[4.73664,46.94771],[4.7368,46.94775],[4.73726,46.94759],[4.73753,46.94798],[4.73771,46.9484],[4.73934,46.94782],[4.73953,46.94771]]]]}},{"type":"Feature","properties":{"id":"grand-cru-bienvenues-batard-montrachet","kind":"grand_cru","level":"grand-cru","name":"Bienvenues-Bâtard-Montrachet","full":"Bienvenues-Bâtard-Montrachet","app":"Bienvenues-Bâtard-Montrachet","region":"cote-de-beaune","communes":["Puligny-Montrachet"],"area_ha":3.69,"elev":[242.1,245.0,248.5],"slope":2.2,"slope_pct":3.8,"aspect":110,"aspect_label":"ESE","aspect_hist":[0.0,0.033,0.412,0.551,0.003,0.001,0.0,0.0],"village":null,"white":true},"geometry":{"type":"Polygon","coordinates":[[[4.74367,46.94641],[4.74348,46.94604],[4.74336,46.94569],[4.74293,46.945],[4.74262,46.9446],[4.7423,46.94429],[4.74091,46.94487],[4.74111,46.94516],[4.74092,46.94522],[4.74126,46.94567],[4.74112,46.94571],[4.74158,46.94647],[4.74191,46.94695],[4.74258,46.94673],[4.74334,46.9465],[4.74365,46.94645],[4.74367,46.94641]]]}},{"type":"Feature","properties":{"id":"grand-cru-criots-batard-montrachet","kind":"grand_cru","level":"grand-cru","name":"Criots-Bâtard-Montrachet","full":"Criots-Bâtard-Montrachet","app":"Criots-Bâtard-Montrachet","region":"cote-de-beaune","communes":["Chassagne-Montrachet"],"area_ha":1.57,"elev":[237.0,239.7,243.8],"slope":4.4,"slope_pct":7.6,"aspect":194,"aspect_label":"SSW","aspect_hist":[0.0,0.0,0.002,0.018,0.711,0.264,0.002,0.004],"village":null,"white":true},"geometry":{"type":"Polygon","coordinates":[[[4.73941,46.94118],[4.73875,46.9409],[4.73819,46.94063],[4.73809,46.94069],[4.73761,46.94091],[4.73725,46.94106],[4.73723,46.94103],[4.7372,46.94104],[4.73706,46.94087],[4.73622,46.94124],[4.73644,46.94146],[4.7365,46.94158],[4.73671,46.94186],[4.73732,46.94168],[4.73848,46.9414],[4.73911,46.9413],[4.73941,46.94118]]]}}]}