{"type":"FeatureCollection","features":[{"type":"Feature","properties":{"id":"appellation-petit-chablis","kind":"appellation","level":"village","name":"Petit Chablis","full":"Petit Chablis","app":"Petit Chablis","region":"chablis","communes":["Beine","Béru","Chablis","La Chapelle-Vaupelteigne","Chemilly-sur-Serein","Chichée","Collan","Courgis","Fleys","Fontenay-près-Chablis","Lignorelles","Ligny-le-Châtel","Maligny","Poilly-sur-Serein","Préhy","Villy","Viviers"],"area_ha":7027.37,"elev":[118.8,216.1,326.7],"slope":7.1,"slope_pct":12.6,"aspect":162,"aspect_label":"SSE","aspect_hist":[0.117,0.069,0.105,0.196,0.126,0.085,0.117,0.184],"village":"petit-chablis","display_note":"petit-chablis-exclusive","pc_area_ha":null,"n_climats":0,"white":true},"geometry":{"type":"MultiPolygon","coordinates":[[[[3.92393,47.78401],[3.92347,47.78315],[3.92272,47.78325],[3.92265,47.78315],[3.92255,47.78322],[3.92197,47.78307],[3.92195,47.78313],[3.92106,47.78285],[3.92099,47.78294],[3.92032,47.78268],[3.91945,47.78359],[3.91878,47.78329],[3.91857,47.78345],[3.91791,47.78305],[3.91785,47.78308],[3.91709,47.78252],[3.91697,47.78257],[3.91791,47.78347],[3.91849,47.78384],[3.9196,47.78435],[3.92035,47.78457],[3.92227,47.78487],[3.92354,47.78519],[3.9236,47.78478],[3.92413,47.78417],[3.92393,47.78401]]],[[[3.92261,47.78503],[3.92033,47.78466],[3.91988,47.78454],[3.91977,47.78459],[3.91918,47.7853],[3.91905,47.78531],[3.9197,47.78446],[3.91856,47.78398],[3.91735,47.78321],[3.91501,47.78455],[3.91446,47.78517],[3.91422,47.78628],[3.91341,47.78621],[3.91116,47.78653],[3.90881,47.78641],[3.90874,47.78645],[3.90865,47.78794],[3.90896,47.7878],[3.90896,47.78786],[3.90875,47.78799],[3.90873,47.78832],[3.90976,47.78831],[3.90982,47.79009],[3.911,47.78991],[3.91105,47.79004],[3.91182,47.78992],[3.91183,47.79012],[3.91329,47.7901],[3.91453,47.78998],[3.91547,47.78979],[3.91825,47.78978],[3.92167,47.78961],[3.92195,47.78964],[3.92276,47.78956],[3.92356,47.7853],[3.92261,47.78503]]],[[[3.91327,47.78321],[3.91359,47.78344],[3.91409,47.7841],[3.91449,47.78502],[3.91492,47.78452],[3.9173,47.78317],[3.91731,47.7831],[3.91657,47.78238],[3.91611,47.78143],[3.9151,47.78184],[3.91452,47.78199],[3.91271,47.78272],[3.91275,47.7828],[3.91293,47.78294],[3.91306,47.78305],[3.91318,47.78314],[3.91327,47.78321]]],[[[3.91397,47.78403],[3.91356,47.78347],[3.9128,47.78289],[3.91177,47.78187],[3.91054,47.78247],[3.91061,47.78254],[3.90968,47.78342],[3.9096,47.78337],[3.90912,47.78394],[3.90893,47.78393],[3.90869,47.78445],[3.90791,47.78403],[3.90768,47.78396],[3.90763,47.78404],[3.90743,47.78389],[3.90759,47.78354],[3.90606,47.78296],[3.90604,47.783],[3.9051,47.7828],[3.90499,47.78316],[3.90499,47.78361],[3.90361,47.78384],[3.90328,47.78395],[3.9031,47.78359],[3.90261,47.78186],[3.90261,47.78159],[3.90286,47.78073],[3.90185,47.78129],[3.90009,47.78207],[3.90168,47.78379],[3.90277,47.78467],[3.90331,47.78501],[3.90338,47.78503],[3.90398,47.7844],[3.9042,47.78448],[3.90521,47.7842],[3.90682,47.78469],[3.90663,47.78518],[3.90657,47.78517],[3.90629,47.78648],[3.90856,47.78635],[3.91112,47.78647],[3.91344,47.78615],[3.91407,47.78621],[3.91415,47.78617],[3.91438,47.7851],[3.91431,47.78476],[3.91397,47.78403]]],[[[3.90856,47.78639],[3.9063,47.78654],[3.90417,47.78617],[3.90312,47.7859],[3.90128,47.78515],[3.89912,47.78442],[3.89814,47.78417],[3.89646,47.78384],[3.89637,47.78388],[3.89625,47.7841],[3.89628,47.7844],[3.89699,47.78493],[3.89709,47.78506],[3.89707,47.7853],[3.89686,47.78548],[3.89538,47.78582],[3.89644,47.78639],[3.89812,47.78643],[3.89953,47.78657],[3.89946,47.78671],[3.89986,47.78686],[3.89982,47.78694],[3.9024,47.78785],[3.90735,47.78806],[3.90745,47.78846],[3.90815,47.78828],[3.90858,47.78798],[3.90867,47.78645],[3.90856,47.78639]]],[[[3.89619,47.78444],[3.89612,47.78428],[3.89626,47.78385],[3.89621,47.7838],[3.89536,47.78362],[3.89369,47.7834],[3.89127,47.78285],[3.88986,47.7828],[3.89528,47.78577],[3.89573,47.78563],[3.89652,47.78549],[3.89686,47.78538],[3.89696,47.78528],[3.897,47.78508],[3.89692,47.78497],[3.89619,47.78444]]],[[[3.89281,47.81052],[3.89303,47.81172],[3.89381,47.81165],[3.89474,47.81172],[3.89584,47.81162],[3.89496,47.81112],[3.89437,47.81088],[3.89442,47.8108],[3.89388,47.81066],[3.89281,47.81052]]],[[[3.88834,47.81093],[3.88766,47.81217],[3.88881,47.81221],[3.89003,47.81216],[3.8914,47.81199],[3.89299,47.81172],[3.89277,47.81029],[3.891,47.81048],[3.89016,47.81034],[3.88904,47.81003],[3.88834,47.81093]]],[[[3.89025,47.77867],[3.88845,47.77821],[3.88784,47.77826],[3.88774,47.77881],[3.88702,47.77867],[3.88537,47.77852],[3.88513,47.77858],[3.88486,47.77879],[3.88448,47.7786],[3.88437,47.77867],[3.8837,47.77843],[3.88312,47.77894],[3.88292,47.77924],[3.88196,47.77902],[3.88116,47.78045],[3.88262,47.78096],[3.8826,47.7809],[3.88274,47.78075],[3.88475,47.78154],[3.88539,47.78067],[3.88552,47.78074],[3.88568,47.78067],[3.8854,47.78049],[3.8864,47.78011],[3.88595,47.77964],[3.88774,47.77977],[3.8891,47.77997],[3.88918,47.77983],[3.89091,47.78019],[3.89095,47.78025],[3.89129,47.779],[3.89123,47.77895],[3.89084,47.77891],[3.89025,47.77867]]],[[[3.86204,47.80783],[3.86002,47.80669],[3.86007,47.80736],[3.85996,47.80788],[3.86139,47.80854],[3.86279,47.80943],[3.86266,47.80963],[3.8644,47.81022],[3.86617,47.81063],[3.87029,47.8107],[3.86767,47.80995],[3.86775,47.80998],[3.86603,47.80996],[3.86547,47.80987],[3.8655,47.80974],[3.86321,47.80905],[3.86171,47.8081],[3.86204,47.80783]]],[[[3.85925,47.79049],[3.85897,47.79051],[3.85884,47.78983],[3.85854,47.78982],[3.85851,47.78962],[3.85533,47.79003],[3.85375,47.79015],[3.85221,47.78994],[3.85189,47.78995],[3.8495,47.79069],[3.84963,47.791],[3.84978,47.79179],[3.84996,47.7922],[3.84991,47.79221],[3.85,47.79236],[3.85011,47.79237],[3.85137,47.79225],[3.85133,47.79219],[3.85234,47.79172],[3.85245,47.79183],[3.8528,47.79169],[3.85413,47.79136],[3.85476,47.7911],[3.85616,47.79079],[3.85667,47.79072],[3.85687,47.79079],[3.85756,47.79085],[3.85845,47.79083],[3.85838,47.79065],[3.85929,47.79061],[3.85925,47.79049]]],[[[3.83078,47.83302],[3.83454,47.83316],[3.83815,47.83288],[3.83938,47.83305],[3.84032,47.83334],[3.84055,47.8335],[3.84088,47.83385],[3.84099,47.83401],[3.84098,47.83425],[3.8414,47.83474],[3.84264,47.83493],[3.84262,47.83482],[3.84272,47.83467],[3.84294,47.8347],[3.843,47.83398],[3.84363,47.8331],[3.8415,47.83119],[3.84402,47.83038],[3.84154,47.82896],[3.84012,47.82823],[3.83948,47.82774],[3.84049,47.82712],[3.83911,47.82566],[3.83806,47.82494],[3.83905,47.82389],[3.83853,47.82368],[3.83732,47.82344],[3.83725,47.82337],[3.83745,47.82329],[3.83749,47.82327],[3.83753,47.82324],[3.83757,47.82321],[3.8376,47.82318],[3.83762,47.82316],[3.8377,47.82302],[3.83771,47.823],[3.83771,47.82299],[3.83774,47.82267],[3.83775,47.82259],[3.83782,47.8217],[3.83813,47.82101],[3.83841,47.82066],[3.83904,47.82031],[3.83866,47.81963],[3.83879,47.81959],[3.83847,47.8191],[3.83814,47.81877],[3.83512,47.81965],[3.83431,47.81838],[3.83191,47.81832],[3.83195,47.81844],[3.83231,47.81849],[3.83232,47.8188],[3.83219,47.81881],[3.83239,47.81923],[3.83224,47.81921],[3.83239,47.81923],[3.83247,47.81924],[3.83249,47.81923],[3.83275,47.8194],[3.83223,47.81971],[3.83244,47.82014],[3.83217,47.82021],[3.8322,47.82067],[3.83258,47.82133],[3.83269,47.82128],[3.83326,47.8216],[3.834,47.82214],[3.83464,47.82237],[3.83771,47.82299],[3.83749,47.82326],[3.83617,47.82385],[3.83797,47.82423],[3.83855,47.82442],[3.83757,47.8254],[3.83668,47.82611],[3.83661,47.82608],[3.83851,47.82693],[3.83843,47.82701],[3.83671,47.8277],[3.83611,47.82792],[3.83596,47.82792],[3.83633,47.82908],[3.83627,47.82915],[3.83514,47.82944],[3.83479,47.82934],[3.83471,47.82919],[3.83482,47.82916],[3.8348,47.8291],[3.83473,47.82912],[3.83394,47.8294],[3.83342,47.82966],[3.83202,47.83065],[3.83183,47.8306],[3.83142,47.83108],[3.83097,47.8322],[3.83078,47.83302]]],[[[3.84884,47.76373],[3.84821,47.76334],[3.84811,47.76341],[3.84789,47.76323],[3.84783,47.76327],[3.84743,47.76287],[3.84672,47.76252],[3.84604,47.76297],[3.84595,47.7629],[3.84547,47.7631],[3.8453,47.76327],[3.84508,47.76312],[3.84387,47.76444],[3.8448,47.76475],[3.84476,47.76481],[3.84622,47.76519],[3.8476,47.7645],[3.84751,47.76443],[3.84884,47.76373]]],[[[3.84538,47.76545],[3.8445,47.76512],[3.8441,47.76555],[3.84445,47.7659],[3.84475,47.76682],[3.8448,47.76785],[3.84465,47.76785],[3.84465,47.76848],[3.84393,47.76854],[3.84316,47.76841],[3.84313,47.76913],[3.84271,47.77023],[3.843,47.77029],[3.84303,47.77025],[3.84395,47.77057],[3.84519,47.77109],[3.84659,47.77032],[3.84639,47.77024],[3.84664,47.76995],[3.84676,47.7696],[3.84696,47.76788],[3.84798,47.7678],[3.84689,47.76695],[3.84624,47.7666],[3.846,47.76614],[3.84538,47.76545]]],[[[3.84021,47.77082],[3.8405,47.77156],[3.84194,47.7714],[3.84265,47.77099],[3.84246,47.7709],[3.84246,47.77072],[3.84179,47.77055],[3.8418,47.77039],[3.8409,47.77045],[3.84021,47.77082]]],[[[3.83146,47.85095],[3.83057,47.85092],[3.8289,47.8509],[3.82881,47.85089],[3.82874,47.85089],[3.82881,47.85089],[3.82879,47.85167],[3.82914,47.85242],[3.82937,47.85249],[3.82958,47.85299],[3.82919,47.8531],[3.8297,47.85296],[3.83004,47.85286],[3.83151,47.85243],[3.83237,47.85219],[3.83353,47.85172],[3.83391,47.85138],[3.83146,47.85095]]],[[[3.81283,47.84934],[3.81283,47.84939],[3.81284,47.8495],[3.81286,47.8498],[3.81291,47.85016],[3.81312,47.85078],[3.81348,47.85148],[3.81371,47.85175],[3.81426,47.85214],[3.8176,47.85371],[3.81782,47.85399],[3.81781,47.85448],[3.818,47.85467],[3.81847,47.85469],[3.81884,47.85459],[3.81969,47.85423],[3.81989,47.85423],[3.82118,47.85282],[3.82144,47.85294],[3.81439,47.8495],[3.81417,47.84946],[3.81414,47.8496],[3.81284,47.84943],[3.81283,47.84934],[3.81298,47.84934],[3.81283,47.84934]]],[[[3.82818,47.84081],[3.82607,47.84179],[3.82705,47.84245],[3.82971,47.84359],[3.83005,47.8434],[3.83029,47.84358],[3.83082,47.84327],[3.8283,47.84083],[3.82818,47.84081]]],[[[3.82237,47.79406],[3.82324,47.7937],[3.82387,47.79427],[3.82479,47.79495],[3.82497,47.79505],[3.82521,47.79497],[3.82565,47.79535],[3.82742,47.79431],[3.82793,47.79417],[3.82816,47.79404],[3.82908,47.79331],[3.82973,47.79256],[3.82982,47.79238],[3.82983,47.79203],[3.82979,47.79199],[3.82966,47.79213],[3.82948,47.79214],[3.82802,47.79179],[3.82827,47.79151],[3.82813,47.79144],[3.82835,47.79114],[3.82768,47.7906],[3.82737,47.7901],[3.82687,47.78952],[3.82671,47.78944],[3.82643,47.78942],[3.82655,47.78924],[3.82674,47.78931],[3.82733,47.78982],[3.82843,47.78937],[3.82794,47.78899],[3.82709,47.78869],[3.82692,47.78891],[3.82568,47.78862],[3.82532,47.78905],[3.82411,47.78982],[3.82466,47.79022],[3.82447,47.79035],[3.82425,47.79015],[3.82254,47.79118],[3.82257,47.79122],[3.82185,47.79141],[3.82183,47.79137],[3.82155,47.79143],[3.82153,47.79219],[3.82171,47.79281],[3.82237,47.79406]]],[[[3.82477,47.8349],[3.82331,47.83321],[3.8224,47.83187],[3.82259,47.8318],[3.82186,47.8308],[3.82128,47.83025],[3.82022,47.8307],[3.81915,47.83127],[3.81808,47.83028],[3.81762,47.82969],[3.81634,47.82716],[3.8162,47.82653],[3.81617,47.82511],[3.81601,47.82377],[3.81591,47.82377],[3.81576,47.82265],[3.81551,47.82182],[3.81501,47.82103],[3.81513,47.82094],[3.81477,47.82069],[3.81472,47.82073],[3.8143,47.82059],[3.8135,47.82043],[3.81301,47.82047],[3.81296,47.82038],[3.81243,47.82048],[3.81026,47.82111],[3.81009,47.82091],[3.8097,47.82105],[3.80914,47.82143],[3.80895,47.82184],[3.80875,47.82187],[3.8088,47.82209],[3.80902,47.8224],[3.80906,47.82244],[3.80919,47.8224],[3.80981,47.82324],[3.80975,47.82326],[3.81021,47.82416],[3.80986,47.824],[3.8098,47.82434],[3.80816,47.82425],[3.80749,47.82435],[3.80686,47.82454],[3.80653,47.82451],[3.80686,47.8248],[3.80754,47.82569],[3.80801,47.82684],[3.80842,47.8274],[3.80846,47.82751],[3.80816,47.82764],[3.80847,47.82794],[3.80833,47.82805],[3.80874,47.8283],[3.80982,47.82872],[3.80971,47.8293],[3.80903,47.82919],[3.80711,47.82858],[3.80733,47.82838],[3.80694,47.82817],[3.80715,47.82801],[3.80617,47.82736],[3.80593,47.82708],[3.80598,47.82706],[3.8054,47.82648],[3.80485,47.82627],[3.80417,47.82608],[3.80337,47.82614],[3.80338,47.82606],[3.80241,47.82604],[3.80241,47.8261],[3.80119,47.82615],[3.80061,47.82627],[3.79992,47.82631],[3.79955,47.82651],[3.79936,47.82683],[3.79949,47.82689],[3.79947,47.82726],[3.79929,47.82766],[3.79951,47.82772],[3.79942,47.82788],[3.79993,47.82803],[3.79997,47.82826],[3.79978,47.82843],[3.80074,47.82867],[3.8016,47.82905],[3.80384,47.83108],[3.80401,47.83105],[3.80432,47.8312],[3.80413,47.83135],[3.8047,47.83189],[3.80641,47.83106],[3.80585,47.83053],[3.80808,47.82946],[3.80949,47.82986],[3.81353,47.83154],[3.81529,47.83154],[3.81569,47.83174],[3.81563,47.83182],[3.81574,47.83189],[3.81665,47.83234],[3.81632,47.83263],[3.81712,47.83299],[3.81709,47.83304],[3.81778,47.83346],[3.81789,47.83346],[3.81903,47.83212],[3.81936,47.83154],[3.81944,47.83153],[3.82087,47.83286],[3.82325,47.83537],[3.82498,47.83696],[3.82646,47.83855],[3.82837,47.83738],[3.82637,47.83631],[3.82601,47.83606],[3.82477,47.8349]]],[[[3.82816,47.8407],[3.82616,47.8383],[3.82605,47.83828],[3.82436,47.83914],[3.82407,47.83899],[3.82393,47.83913],[3.82262,47.83853],[3.82184,47.83841],[3.82112,47.8384],[3.82111,47.83825],[3.81988,47.83839],[3.81923,47.83875],[3.81881,47.83915],[3.81789,47.84036],[3.81847,47.83962],[3.82101,47.84012],[3.82014,47.841],[3.82033,47.84104],[3.82077,47.84133],[3.82178,47.84223],[3.82253,47.8432],[3.82271,47.8432],[3.82316,47.84306],[3.82814,47.84077],[3.82816,47.8407]]],[[[3.82221,47.83443],[3.82078,47.83286],[3.81942,47.83167],[3.8191,47.83215],[3.8179,47.83355],[3.81811,47.83367],[3.81896,47.83383],[3.81941,47.83379],[3.81954,47.83417],[3.81951,47.83452],[3.81999,47.83506],[3.82022,47.83494],[3.82014,47.8349],[3.82083,47.83531],[3.82027,47.83497],[3.8205,47.83524],[3.8203,47.83535],[3.82032,47.83542],[3.82099,47.83587],[3.82184,47.83623],[3.82116,47.83681],[3.8217,47.83699],[3.82168,47.83707],[3.82237,47.83739],[3.82311,47.83789],[3.82293,47.83802],[3.82411,47.83893],[3.82424,47.839],[3.82442,47.83898],[3.82562,47.83843],[3.82599,47.83823],[3.82601,47.83815],[3.82449,47.83656],[3.82221,47.83443]]],[[[3.82002,47.85436],[3.81985,47.85432],[3.81963,47.85435],[3.81847,47.8548],[3.81807,47.85479],[3.81784,47.85468],[3.81767,47.8545],[3.81767,47.85402],[3.81756,47.85382],[3.8143,47.85226],[3.81361,47.85182],[3.81311,47.85108],[3.81275,47.85009],[3.81273,47.84956],[3.81273,47.84963],[3.81221,47.84957],[3.81223,47.84984],[3.8127,47.85114],[3.81289,47.85147],[3.81335,47.8519],[3.81192,47.8526],[3.81378,47.85388],[3.81521,47.8545],[3.81684,47.85498],[3.82015,47.8554],[3.82053,47.85527],[3.82052,47.85499],[3.82032,47.85458],[3.82002,47.85436]]],[[[3.81721,47.84748],[3.81713,47.84748],[3.81722,47.84561],[3.81551,47.84651],[3.81546,47.84654],[3.81527,47.84668],[3.81514,47.84677],[3.81543,47.84656],[3.81591,47.84664],[3.81596,47.84708],[3.81625,47.84708],[3.81627,47.84747],[3.81721,47.84748]]],[[[3.80165,47.84564],[3.80249,47.84691],[3.80286,47.84728],[3.80374,47.84795],[3.80474,47.84857],[3.80374,47.84795],[3.80474,47.84715],[3.804,47.84666],[3.80314,47.847],[3.80294,47.84672],[3.80291,47.84652],[3.8031,47.84626],[3.80328,47.84571],[3.8034,47.8453],[3.80335,47.84517],[3.80165,47.84564]]],[[[3.78969,47.82768],[3.79246,47.82871],[3.79362,47.82722],[3.7935,47.82701],[3.79078,47.82624],[3.78995,47.82749],[3.78983,47.82747],[3.78969,47.82768]]],[[[3.80113,47.88024],[3.79961,47.88032],[3.79957,47.88036],[3.80001,47.88244],[3.8001,47.88258],[3.797,47.8837],[3.79549,47.88383],[3.79391,47.88381],[3.79324,47.88374],[3.79281,47.88363],[3.7924,47.8834],[3.79167,47.88269],[3.79066,47.88263],[3.79006,47.88251],[3.7885,47.88174],[3.78756,47.88264],[3.78685,47.88348],[3.78675,47.88389],[3.78726,47.88386],[3.78737,47.88511],[3.78763,47.88514],[3.78776,47.88503],[3.78911,47.88505],[3.7912,47.88493],[3.79201,47.88492],[3.79268,47.88498],[3.79284,47.88476],[3.79457,47.885],[3.79564,47.88505],[3.79667,47.88493],[3.79709,47.88476],[3.79776,47.88459],[3.79771,47.88441],[3.79779,47.88434],[3.79877,47.88391],[3.80003,47.88346],[3.802,47.88302],[3.80124,47.88064],[3.80125,47.88028],[3.80113,47.88024]]],[[[3.78674,47.87992],[3.78623,47.87949],[3.78536,47.87905],[3.78376,47.87841],[3.78256,47.87804],[3.78032,47.88076],[3.78073,47.88146],[3.78111,47.88183],[3.78224,47.88243],[3.78262,47.88306],[3.78284,47.88327],[3.7838,47.88377],[3.78506,47.88392],[3.7858,47.8838],[3.78589,47.88328],[3.78627,47.88256],[3.78548,47.88229],[3.78573,47.88199],[3.78484,47.88162],[3.78594,47.88052],[3.78674,47.87992]]],[[[3.79872,47.87802],[3.79948,47.88023],[3.80109,47.88017],[3.8009,47.87889],[3.8012,47.87885],[3.80098,47.87794],[3.79979,47.87805],[3.79872,47.87802]]],[[[3.79861,47.87806],[3.79692,47.87782],[3.79597,47.87754],[3.79691,47.88103],[3.79783,47.88077],[3.79802,47.88135],[3.79792,47.88189],[3.79689,47.88364],[3.7999,47.88257],[3.79995,47.88251],[3.79949,47.88036],[3.79861,47.87806]]],[[[3.79809,47.85982],[3.79633,47.85996],[3.7954,47.86023],[3.79511,47.86054],[3.79477,47.8606],[3.79431,47.86082],[3.79218,47.86087],[3.79189,47.86085],[3.79033,47.86029],[3.78836,47.85944],[3.78717,47.85917],[3.78684,47.85914],[3.78675,47.85928],[3.78433,47.85875],[3.78348,47.85868],[3.78226,47.8587],[3.78221,47.85886],[3.78228,47.85889],[3.78213,47.85912],[3.78183,47.86004],[3.78347,47.86031],[3.78351,47.86026],[3.78356,47.86032],[3.78325,47.86098],[3.78339,47.86068],[3.78571,47.86132],[3.78696,47.86136],[3.78769,47.86155],[3.78827,47.86046],[3.78849,47.86013],[3.78858,47.86016],[3.79114,47.86105],[3.79204,47.86126],[3.79172,47.86226],[3.79161,47.86291],[3.79555,47.86265],[3.79775,47.86212],[3.79856,47.86198],[3.79821,47.86009],[3.79809,47.85982]]],[[[3.78409,47.87211],[3.78413,47.8722],[3.78494,47.8726],[3.78486,47.87285],[3.78372,47.87253],[3.78395,47.87231],[3.78393,47.87224],[3.78338,47.87195],[3.78283,47.87155],[3.7826,47.87167],[3.78153,47.8729],[3.78253,47.87343],[3.78448,47.87384],[3.78427,47.87446],[3.78538,47.87401],[3.78572,47.87397],[3.78612,47.87401],[3.7863,47.87331],[3.7866,47.87282],[3.78638,47.87273],[3.7866,47.87282],[3.78664,47.87277],[3.78438,47.87216],[3.78419,47.87194],[3.78409,47.87211]]],[[[3.78955,47.87448],[3.79097,47.87333],[3.79079,47.87342],[3.78851,47.87179],[3.78835,47.87185],[3.78803,47.87165],[3.78667,47.87278],[3.78717,47.87302],[3.78762,47.87337],[3.7885,47.87373],[3.78863,47.87383],[3.78886,47.87399],[3.78865,47.87385],[3.7888,47.87384],[3.78955,47.87448]]],[[[3.79135,47.87312],[3.78974,47.87438],[3.78939,47.87477],[3.79056,47.87521],[3.79073,47.87522],[3.79141,47.87505],[3.79227,47.87468],[3.79348,47.87405],[3.79508,47.87312],[3.79407,47.8723],[3.79316,47.87295],[3.79211,47.87357],[3.79157,47.87332],[3.79135,47.87312]]],[[[3.78213,47.79039],[3.782,47.79022],[3.78209,47.7902],[3.7837,47.7902],[3.78363,47.78947],[3.78311,47.78818],[3.78202,47.78652],[3.78164,47.7856],[3.78149,47.785],[3.78163,47.78498],[3.78132,47.78431],[3.7807,47.78366],[3.78002,47.78344],[3.7783,47.78315],[3.77503,47.78388],[3.77559,47.78526],[3.77609,47.78526],[3.77608,47.78532],[3.77625,47.78533],[3.77659,47.78549],[3.77672,47.78542],[3.77735,47.78574],[3.77731,47.78585],[3.77745,47.78592],[3.7776,47.78582],[3.778,47.78596],[3.77831,47.78626],[3.77896,47.78663],[3.77877,47.78673],[3.77914,47.78703],[3.7792,47.78706],[3.7793,47.78697],[3.7794,47.78697],[3.7812,47.78847],[3.7817,47.78946],[3.78134,47.78959],[3.78169,47.79024],[3.7814,47.79033],[3.78182,47.79054],[3.78213,47.79039]]],[[[3.74605,47.78085],[3.74521,47.78089],[3.74387,47.78063],[3.74402,47.7814],[3.74558,47.78196],[3.74564,47.7819],[3.74603,47.78206],[3.74899,47.78361],[3.75096,47.78487],[3.75227,47.78592],[3.75312,47.7863],[3.75373,47.78668],[3.75243,47.78798],[3.75663,47.79024],[3.75723,47.79046],[3.75634,47.79116],[3.75842,47.79237],[3.75824,47.79249],[3.75877,47.79286],[3.76083,47.79279],[3.76092,47.79314],[3.76115,47.79319],[3.76211,47.79319],[3.76212,47.79314],[3.76239,47.79314],[3.76242,47.79299],[3.76308,47.79303],[3.76315,47.79299],[3.76324,47.79245],[3.76379,47.79251],[3.76372,47.79289],[3.76428,47.79292],[3.76422,47.79246],[3.76427,47.79189],[3.76559,47.7923],[3.76603,47.7919],[3.76545,47.7916],[3.7653,47.79173],[3.76491,47.79155],[3.76497,47.79149],[3.7643,47.79104],[3.76364,47.79069],[3.76354,47.79079],[3.76287,47.7904],[3.76297,47.79027],[3.76252,47.79001],[3.76263,47.78989],[3.76124,47.7889],[3.76107,47.78901],[3.76096,47.78882],[3.76074,47.78868],[3.761,47.7885],[3.76042,47.78825],[3.76046,47.78821],[3.75997,47.78791],[3.76018,47.78766],[3.75945,47.78737],[3.75884,47.78722],[3.75887,47.78716],[3.75865,47.7871],[3.75861,47.78717],[3.75753,47.78686],[3.75755,47.78682],[3.75711,47.78668],[3.75713,47.78664],[3.75652,47.78652],[3.75664,47.78628],[3.7556,47.78635],[3.7556,47.78645],[3.75548,47.78644],[3.75549,47.78673],[3.75482,47.78665],[3.75402,47.78587],[3.7537,47.78533],[3.75365,47.78514],[3.75389,47.78508],[3.75386,47.7848],[3.75407,47.78479],[3.75405,47.78448],[3.7539,47.78451],[3.75374,47.78438],[3.75349,47.78451],[3.75308,47.7843],[3.75309,47.78424],[3.75276,47.78403],[3.75265,47.78388],[3.7527,47.78384],[3.75256,47.78373],[3.75247,47.78379],[3.75231,47.78374],[3.75244,47.78365],[3.75236,47.78359],[3.7522,47.7837],[3.75205,47.78361],[3.75238,47.78337],[3.75209,47.7832],[3.752,47.78326],[3.75195,47.78322],[3.75203,47.78314],[3.75178,47.78297],[3.75093,47.78266],[3.7505,47.78244],[3.75054,47.78238],[3.75043,47.78234],[3.75018,47.78227],[3.75001,47.7823],[3.74969,47.78219],[3.74965,47.78223],[3.74957,47.78219],[3.74963,47.78213],[3.74886,47.78182],[3.74889,47.78176],[3.74615,47.78121],[3.74617,47.7811],[3.74597,47.78106],[3.74605,47.78085]]],[[[3.75963,47.79373],[3.75816,47.79443],[3.75776,47.79453],[3.75727,47.7951],[3.75695,47.79529],[3.75688,47.79529],[3.75693,47.795],[3.75559,47.79548],[3.75562,47.79551],[3.75512,47.79573],[3.75589,47.79645],[3.75623,47.79708],[3.75685,47.79773],[3.75865,47.79926],[3.75982,47.79857],[3.75948,47.79839],[3.76048,47.79782],[3.75948,47.79709],[3.75863,47.79763],[3.75779,47.79696],[3.75878,47.79636],[3.75959,47.79541],[3.76048,47.79566],[3.76053,47.79559],[3.76038,47.79553],[3.76087,47.7951],[3.75998,47.79471],[3.75902,47.79406],[3.75963,47.79373]]],[[[3.76193,47.81817],[3.76235,47.81918],[3.76306,47.81937],[3.76523,47.82023],[3.76589,47.82034],[3.76657,47.82061],[3.76703,47.82069],[3.76724,47.81995],[3.76705,47.81925],[3.76648,47.8185],[3.76624,47.81837],[3.76538,47.81753],[3.76528,47.8175],[3.76193,47.81817]]],[[[3.79367,47.87402],[3.79144,47.8751],[3.79076,47.87527],[3.79068,47.87533],[3.7907,47.87552],[3.79411,47.87542],[3.79411,47.87402],[3.79367,47.87402]]],[[[3.79056,47.87534],[3.78985,47.87504],[3.78842,47.87466],[3.78815,47.87533],[3.78754,47.87552],[3.78719,47.87576],[3.78676,47.87593],[3.78675,47.87576],[3.78715,47.87494],[3.78759,47.87442],[3.78688,47.87422],[3.7861,47.87409],[3.78556,47.87407],[3.78511,47.87419],[3.78417,47.87459],[3.78257,47.87794],[3.78548,47.87903],[3.78629,47.87945],[3.78682,47.87989],[3.78752,47.88078],[3.78797,47.88119],[3.78849,47.88072],[3.78975,47.87929],[3.79092,47.87747],[3.79066,47.87729],[3.79059,47.8771],[3.79056,47.87534]]],[[[3.78737,47.86605],[3.78716,47.86526],[3.78794,47.86522],[3.788,47.86537],[3.78839,47.86532],[3.78838,47.86528],[3.78938,47.86505],[3.78873,47.86327],[3.78747,47.86351],[3.78713,47.86363],[3.7845,47.86508],[3.78328,47.86588],[3.78271,47.86613],[3.78305,47.86804],[3.7843,47.86792],[3.78437,47.86832],[3.78537,47.86816],[3.78523,47.86782],[3.78553,47.86776],[3.7852,47.86666],[3.78659,47.86647],[3.78653,47.8662],[3.78737,47.86605]]],[[[3.77823,47.88357],[3.77725,47.88341],[3.77612,47.88342],[3.77422,47.88297],[3.77289,47.88277],[3.77193,47.88278],[3.77096,47.88283],[3.77099,47.88347],[3.77074,47.88346],[3.77066,47.88384],[3.7709,47.88438],[3.77179,47.88434],[3.78046,47.88487],[3.78041,47.88416],[3.77925,47.8841],[3.77927,47.88395],[3.77874,47.88392],[3.7788,47.8835],[3.77823,47.88357]]],[[[3.78209,47.76165],[3.77767,47.76074],[3.76489,47.75985],[3.76416,47.75984],[3.76334,47.75969],[3.76299,47.75969],[3.76276,47.75977],[3.76274,47.75984],[3.76434,47.76151],[3.76514,47.76211],[3.76577,47.76243],[3.7663,47.7626],[3.7668,47.76266],[3.76857,47.76259],[3.76926,47.76264],[3.77111,47.76315],[3.77267,47.76382],[3.77383,47.76447],[3.77442,47.76499],[3.77518,47.76598],[3.77536,47.76635],[3.77612,47.76709],[3.77647,47.7673],[3.77731,47.76765],[3.7777,47.76745],[3.77759,47.76384],[3.78215,47.76395],[3.78365,47.76333],[3.78209,47.76165]]],[[[3.77754,47.87602],[3.77651,47.87685],[3.77651,47.87691],[3.77743,47.87765],[3.77856,47.87669],[3.77754,47.87602]]],[[[3.77935,47.87597],[3.78111,47.87695],[3.78148,47.87657],[3.78173,47.87576],[3.7814,47.87567],[3.78056,47.87526],[3.77959,47.87576],[3.77935,47.87597]]],[[[3.78175,47.87576],[3.78325,47.87596],[3.78309,47.87669],[3.78405,47.87457],[3.7839,47.87456],[3.78399,47.87456],[3.78359,47.87538],[3.78211,47.87494],[3.78175,47.87576]]],[[[3.78123,47.87918],[3.77997,47.87858],[3.77948,47.87895],[3.77893,47.87922],[3.78024,47.88073],[3.78246,47.87801],[3.78286,47.87716],[3.78225,47.87792],[3.7824,47.87798],[3.78123,47.87918]]],[[[3.74769,47.83177],[3.74822,47.83355],[3.74817,47.83407],[3.75006,47.83238],[3.75142,47.83137],[3.75141,47.83132],[3.75017,47.83054],[3.74909,47.8302],[3.74758,47.8316],[3.74769,47.83177]]],[[[3.75513,47.84077],[3.75436,47.84105],[3.75414,47.84113],[3.75391,47.84118],[3.75514,47.84077],[3.75511,47.84066],[3.75395,47.83988],[3.75279,47.83922],[3.75091,47.83852],[3.75073,47.83851],[3.75034,47.83872],[3.74969,47.83933],[3.74821,47.84126],[3.74769,47.84171],[3.74552,47.84231],[3.7455,47.84236],[3.74664,47.84331],[3.74722,47.8437],[3.74733,47.84372],[3.7484,47.84347],[3.74925,47.8437],[3.74975,47.84347],[3.75002,47.84328],[3.75028,47.84265],[3.75072,47.84227],[3.75269,47.84155],[3.75359,47.84147],[3.75362,47.84156],[3.75387,47.84152],[3.75515,47.84107],[3.75529,47.8407],[3.75513,47.84077]]],[[[3.76586,47.88097],[3.76611,47.88181],[3.76784,47.88181],[3.76785,47.88165],[3.76879,47.88176],[3.77111,47.88191],[3.77115,47.88148],[3.77093,47.88112],[3.76777,47.88092],[3.76591,47.88093],[3.76586,47.88097]]],[[[3.75571,47.82008],[3.75581,47.82004],[3.75632,47.82018],[3.75734,47.81988],[3.75891,47.81964],[3.75899,47.81958],[3.75904,47.81881],[3.75912,47.81879],[3.75914,47.81825],[3.75799,47.81766],[3.7554,47.81556],[3.75382,47.81452],[3.7533,47.81402],[3.75252,47.81342],[3.75219,47.81298],[3.7517,47.81257],[3.75077,47.81196],[3.7497,47.81063],[3.74947,47.81048],[3.74907,47.81001],[3.74829,47.81055],[3.74815,47.81076],[3.74819,47.81091],[3.74863,47.81136],[3.74885,47.81146],[3.74952,47.812],[3.74938,47.81205],[3.74983,47.81242],[3.75049,47.81316],[3.75149,47.81446],[3.75143,47.81454],[3.75216,47.81546],[3.75211,47.81547],[3.75296,47.81664],[3.75297,47.81679],[3.75287,47.81682],[3.75329,47.81762],[3.75339,47.8176],[3.75403,47.81861],[3.75461,47.81935],[3.75456,47.81936],[3.7551,47.81977],[3.75571,47.82008]]],[[[3.74851,47.83537],[3.74967,47.83736],[3.75084,47.83507],[3.75133,47.83392],[3.75141,47.83395],[3.74976,47.8375],[3.75029,47.83802],[3.75057,47.83824],[3.75064,47.83824],[3.75186,47.83658],[3.75209,47.83569],[3.75246,47.83523],[3.7528,47.83511],[3.75291,47.835],[3.75291,47.83458],[3.75218,47.83426],[3.75221,47.83407],[3.75227,47.83376],[3.75255,47.83332],[3.75341,47.83236],[3.75337,47.83203],[3.75504,47.8311],[3.75732,47.83022],[3.75723,47.83016],[3.75651,47.83009],[3.75541,47.83012],[3.75462,47.83002],[3.75456,47.82997],[3.75258,47.83075],[3.75196,47.83108],[3.75012,47.83241],[3.74944,47.83304],[3.75042,47.83333],[3.74938,47.83309],[3.74825,47.83413],[3.74851,47.83537]]],[[[3.74481,47.85041],[3.74468,47.84821],[3.74459,47.8468],[3.74334,47.84757],[3.74247,47.84792],[3.7428,47.84852],[3.74292,47.84893],[3.74263,47.8508],[3.74378,47.85068],[3.74481,47.85041]]],[[[3.74845,47.83675],[3.74532,47.83493],[3.74524,47.83493],[3.74481,47.83523],[3.74299,47.83718],[3.74302,47.83723],[3.74361,47.83726],[3.74448,47.83749],[3.74696,47.83796],[3.74799,47.83805],[3.74881,47.83829],[3.75017,47.83858],[3.75032,47.8386],[3.75064,47.83848],[3.75066,47.83843],[3.74967,47.83753],[3.74906,47.83646],[3.74845,47.83675]]],[[[3.7419,47.78609],[3.73883,47.78651],[3.7371,47.78698],[3.73628,47.78634],[3.73615,47.78632],[3.73612,47.78636],[3.73605,47.78628],[3.73547,47.78699],[3.73532,47.78769],[3.73542,47.78763],[3.73541,47.7877],[3.73551,47.78768],[3.73527,47.78824],[3.73472,47.78877],[3.73251,47.79006],[3.73233,47.79035],[3.73137,47.79261],[3.7313,47.79311],[3.73184,47.79602],[3.73199,47.79772],[3.73191,47.79869],[3.7322,47.80022],[3.73239,47.80078],[3.73416,47.80377],[3.73528,47.80364],[3.73561,47.80348],[3.73561,47.8028],[3.73577,47.80238],[3.73627,47.80144],[3.73642,47.80087],[3.73643,47.80033],[3.73678,47.79984],[3.73673,47.79885],[3.73618,47.79897],[3.73579,47.79844],[3.73565,47.79843],[3.73562,47.79835],[3.73526,47.79813],[3.73484,47.79739],[3.73499,47.79678],[3.73557,47.79671],[3.73524,47.79469],[3.73559,47.79466],[3.73626,47.79432],[3.73559,47.79379],[3.73631,47.79328],[3.73592,47.79308],[3.73618,47.79281],[3.73572,47.79261],[3.73663,47.79233],[3.73633,47.79194],[3.73787,47.79157],[3.7371,47.79041],[3.73738,47.79041],[3.73785,47.79022],[3.73764,47.78985],[3.73808,47.78975],[3.7389,47.7904],[3.73986,47.79099],[3.74038,47.79056],[3.74026,47.79042],[3.74163,47.78997],[3.74166,47.79003],[3.74227,47.78982],[3.74214,47.78849],[3.74244,47.78845],[3.74228,47.7873],[3.73923,47.78768],[3.74228,47.78727],[3.74188,47.78645],[3.74293,47.78639],[3.74263,47.78603],[3.74204,47.78626],[3.7419,47.78609]]],[[[3.73569,47.80268],[3.73565,47.80394],[3.73578,47.80434],[3.73572,47.80481],[3.73612,47.80429],[3.73639,47.80346],[3.73627,47.80303],[3.73576,47.80253],[3.73581,47.80237],[3.73569,47.80268]]],[[[3.73598,47.80453],[3.73563,47.80497],[3.73573,47.80437],[3.73562,47.80401],[3.73561,47.80355],[3.7353,47.80369],[3.73424,47.80381],[3.73301,47.80426],[3.73307,47.80545],[3.7332,47.80577],[3.73371,47.80629],[3.73506,47.80582],[3.73371,47.80629],[3.73402,47.80665],[3.73422,47.80677],[3.73414,47.8068],[3.73472,47.80745],[3.7346,47.80751],[3.7348,47.80769],[3.73543,47.80862],[3.73549,47.80927],[3.73629,47.81028],[3.73637,47.81026],[3.73703,47.81132],[3.73697,47.81133],[3.73798,47.8131],[3.73834,47.81453],[3.73892,47.81565],[3.73921,47.81522],[3.73912,47.81488],[3.73911,47.81426],[3.73939,47.81391],[3.73949,47.81355],[3.73927,47.81254],[3.74038,47.81209],[3.74058,47.81184],[3.74061,47.81191],[3.74043,47.81211],[3.73935,47.81257],[3.73953,47.81357],[3.73944,47.81388],[3.73915,47.81426],[3.73924,47.81522],[3.73896,47.81567],[3.73889,47.8161],[3.73923,47.81755],[3.73963,47.81813],[3.74019,47.81858],[3.74087,47.81896],[3.74099,47.81883],[3.74397,47.81952],[3.74518,47.81962],[3.74625,47.81954],[3.7465,47.81907],[3.74648,47.81869],[3.74616,47.81823],[3.74649,47.8182],[3.74583,47.81755],[3.74516,47.81717],[3.74472,47.81677],[3.74483,47.81654],[3.74443,47.81603],[3.744,47.8159],[3.74348,47.81524],[3.74334,47.81481],[3.74363,47.81468],[3.74279,47.81375],[3.74244,47.81392],[3.74111,47.81256],[3.74137,47.81245],[3.74061,47.81148],[3.7407,47.81139],[3.74055,47.81112],[3.74061,47.8111],[3.74003,47.81026],[3.73958,47.80966],[3.73859,47.80879],[3.73852,47.80861],[3.73785,47.80796],[3.73798,47.80791],[3.73749,47.8073],[3.73755,47.80727],[3.73707,47.8068],[3.73743,47.80669],[3.73731,47.80651],[3.73722,47.80654],[3.73716,47.80648],[3.73719,47.80632],[3.73691,47.80641],[3.73628,47.80539],[3.73622,47.80516],[3.73642,47.80479],[3.73647,47.80449],[3.73598,47.80453]]],[[[3.74814,47.83358],[3.74778,47.83215],[3.7473,47.83113],[3.74524,47.83207],[3.74438,47.83268],[3.74537,47.83326],[3.74632,47.83395],[3.7453,47.83453],[3.74553,47.83471],[3.74529,47.83484],[3.74841,47.83667],[3.74901,47.83635],[3.74844,47.83539],[3.74809,47.83407],[3.74814,47.83358]]],[[[3.7407,47.87113],[3.74154,47.87121],[3.74167,47.87129],[3.74141,47.87087],[3.7407,47.87113]]],[[[3.74249,47.87225],[3.74124,47.87299],[3.73954,47.87448],[3.73916,47.87467],[3.73913,47.87474],[3.73982,47.87557],[3.74068,47.87684],[3.74094,47.87786],[3.74111,47.87926],[3.74119,47.87929],[3.74271,47.87922],[3.7458,47.8792],[3.74587,47.87917],[3.74592,47.87801],[3.7433,47.8778],[3.74342,47.87707],[3.74266,47.87692],[3.74293,47.87608],[3.74307,47.87589],[3.74434,47.87462],[3.74346,47.87405],[3.74274,47.87345],[3.74327,47.87319],[3.74249,47.87225]]],[[[3.73931,47.82629],[3.7384,47.82578],[3.7374,47.82547],[3.73717,47.82572],[3.73666,47.82608],[3.73604,47.82649],[3.73594,47.82644],[3.73534,47.82685],[3.73456,47.82752],[3.73561,47.82802],[3.73576,47.82802],[3.73609,47.82794],[3.73627,47.82775],[3.73722,47.82729],[3.73814,47.82696],[3.73959,47.82676],[3.74141,47.82691],[3.74184,47.82674],[3.74178,47.82629],[3.7414,47.82562],[3.74132,47.82569],[3.74016,47.8261],[3.73996,47.82593],[3.73931,47.82629]]],[[[3.74517,47.84239],[3.74407,47.84276],[3.74177,47.84254],[3.7407,47.84263],[3.73865,47.84324],[3.73699,47.84399],[3.73698,47.84405],[3.73877,47.84518],[3.73993,47.84607],[3.74042,47.84575],[3.74114,47.84511],[3.74193,47.84462],[3.74378,47.84386],[3.74544,47.84352],[3.74627,47.84316],[3.74629,47.8431],[3.74543,47.84238],[3.74517,47.84239]]],[[[3.73805,47.86413],[3.73463,47.86384],[3.73439,47.86409],[3.73501,47.86439],[3.73515,47.86422],[3.73591,47.8644],[3.73589,47.86447],[3.73603,47.86451],[3.73601,47.86456],[3.73599,47.86465],[3.73596,47.86475],[3.73598,47.86468],[3.73775,47.86501],[3.73772,47.86483],[3.73838,47.86483],[3.73914,47.86499],[3.73928,47.86429],[3.73805,47.86413]]],[[[3.73976,47.85011],[3.74073,47.84957],[3.74132,47.84878],[3.74127,47.84866],[3.74115,47.84861],[3.74098,47.84863],[3.74043,47.84902],[3.7392,47.84969],[3.73694,47.85159],[3.73656,47.85213],[3.73617,47.85319],[3.73671,47.85302],[3.73684,47.85305],[3.73693,47.85317],[3.73689,47.85364],[3.73886,47.85078],[3.73976,47.85011]]],[[[3.73728,47.85422],[3.73676,47.85368],[3.73679,47.85326],[3.73674,47.8532],[3.73652,47.85318],[3.73601,47.85348],[3.73533,47.85425],[3.73508,47.85464],[3.7356,47.85545],[3.73503,47.85576],[3.7394,47.85873],[3.74012,47.85834],[3.74018,47.85841],[3.7405,47.85824],[3.7389,47.85689],[3.73758,47.85598],[3.73635,47.85478],[3.73728,47.85422]]],[[[3.74142,47.84879],[3.74081,47.84959],[3.74056,47.84973],[3.74227,47.84932],[3.74169,47.84857],[3.74136,47.84865],[3.74142,47.84879]]],[[[3.73635,47.85092],[3.73763,47.84966],[3.73868,47.84897],[3.73822,47.84865],[3.7369,47.84962],[3.73697,47.84965],[3.73681,47.8498],[3.73691,47.84986],[3.73602,47.85069],[3.73635,47.85092]]],[[[3.73935,47.84951],[3.74037,47.84896],[3.74104,47.84849],[3.74132,47.8486],[3.74165,47.84852],[3.74114,47.84783],[3.73888,47.84853],[3.73824,47.84857],[3.73874,47.84893],[3.73868,47.84897],[3.73935,47.84951]]],[[[3.7424,47.87222],[3.74157,47.87125],[3.74063,47.87113],[3.74,47.87027],[3.73944,47.86965],[3.73901,47.86898],[3.73865,47.86867],[3.73831,47.86822],[3.73782,47.86774],[3.73655,47.86838],[3.73659,47.86842],[3.73541,47.869],[3.73561,47.86911],[3.73615,47.8696],[3.73783,47.87153],[3.73841,47.87196],[3.73953,47.87306],[3.74037,47.87361],[3.74161,47.87265],[3.7424,47.87222]]],[[[3.73362,47.83441],[3.73599,47.83464],[3.73669,47.83379],[3.73484,47.83313],[3.73472,47.83314],[3.73398,47.83383],[3.73362,47.83441]]],[[[3.73599,47.83464],[3.73935,47.83485],[3.73906,47.83559],[3.73993,47.83567],[3.73984,47.83591],[3.74011,47.836],[3.7403,47.8355],[3.74039,47.83491],[3.74046,47.83491],[3.74046,47.83434],[3.7408,47.83435],[3.74104,47.83387],[3.74104,47.83364],[3.74004,47.83363],[3.73993,47.83342],[3.74016,47.83242],[3.74051,47.83251],[3.74078,47.8319],[3.74094,47.83191],[3.74139,47.83121],[3.74174,47.8304],[3.74181,47.8298],[3.74026,47.82946],[3.74017,47.82971],[3.73903,47.82947],[3.73833,47.82957],[3.73836,47.83036],[3.73753,47.83181],[3.73889,47.83211],[3.73887,47.83216],[3.73636,47.83168],[3.73625,47.8317],[3.73483,47.83304],[3.73485,47.83309],[3.73867,47.83444],[3.73864,47.83449],[3.73669,47.83379],[3.73599,47.83464]]],[[[3.74059,47.87686],[3.73906,47.87478],[3.73897,47.87476],[3.73708,47.87544],[3.73627,47.87565],[3.73494,47.87589],[3.73321,47.87664],[3.73316,47.87671],[3.73389,47.8783],[3.73443,47.87932],[3.73496,47.87997],[3.73508,47.88],[3.73684,47.87973],[3.73902,47.87964],[3.74096,47.8793],[3.74101,47.87925],[3.74084,47.87786],[3.74059,47.87686]]],[[[3.73129,47.86663],[3.73099,47.86625],[3.73076,47.86612],[3.73041,47.86603],[3.72952,47.866],[3.73043,47.86728],[3.73026,47.86772],[3.73143,47.86936],[3.73212,47.87059],[3.73359,47.8702],[3.73213,47.8706],[3.73307,47.87181],[3.73302,47.87183],[3.73235,47.87104],[3.73059,47.87178],[3.73116,47.87234],[3.73145,47.87277],[3.73218,47.87248],[3.73287,47.87214],[3.73332,47.87195],[3.73174,47.8727],[3.73138,47.87281],[3.73318,47.87657],[3.73489,47.87585],[3.73625,47.87558],[3.73732,47.87529],[3.73858,47.87485],[3.73948,47.87441],[3.74033,47.87364],[3.73952,47.8731],[3.73842,47.87201],[3.73794,47.87169],[3.73739,47.87114],[3.73614,47.86965],[3.7356,47.86914],[3.73541,47.86906],[3.7352,47.86913],[3.73534,47.86908],[3.73533,47.869],[3.73519,47.86892],[3.73379,47.86833],[3.73346,47.86826],[3.73251,47.86868],[3.73328,47.86965],[3.73322,47.86967],[3.73243,47.86865],[3.7334,47.86825],[3.73279,47.86806],[3.73129,47.86663]]],[[[3.73841,47.85936],[3.73797,47.85894],[3.73716,47.85845],[3.73662,47.85837],[3.73611,47.8581],[3.73509,47.85721],[3.73487,47.85691],[3.73499,47.85686],[3.73477,47.85636],[3.73432,47.85649],[3.73427,47.85645],[3.73403,47.85649],[3.73386,47.8566],[3.73251,47.85694],[3.73252,47.85732],[3.7322,47.85777],[3.73237,47.85818],[3.73363,47.85861],[3.73388,47.85839],[3.73424,47.85787],[3.73527,47.85854],[3.73531,47.85851],[3.736,47.8588],[3.73633,47.85903],[3.73679,47.85918],[3.73706,47.85935],[3.73831,47.86042],[3.73856,47.86074],[3.73862,47.86116],[3.73921,47.8615],[3.74,47.86099],[3.7394,47.86046],[3.73924,47.86042],[3.73841,47.85936]]],[[[3.73811,47.86207],[3.73747,47.86217],[3.73732,47.86309],[3.73687,47.86311],[3.73574,47.86296],[3.73569,47.86303],[3.73384,47.86301],[3.73235,47.86267],[3.73099,47.86223],[3.73055,47.86268],[3.73057,47.86275],[3.73194,47.86348],[3.73251,47.86393],[3.7329,47.86358],[3.73374,47.86395],[3.73395,47.86376],[3.73644,47.86394],[3.73924,47.86425],[3.7396,47.86285],[3.73979,47.86252],[3.73928,47.8624],[3.73902,47.86227],[3.73905,47.86221],[3.73857,47.86208],[3.73811,47.86207]]],[[[3.73367,47.86146],[3.73219,47.86103],[3.731,47.86222],[3.73264,47.86272],[3.73367,47.86146]]],[[[3.73537,47.85658],[3.73702,47.85786],[3.73732,47.85774],[3.73769,47.85814],[3.73873,47.8589],[3.73892,47.859],[3.73937,47.85878],[3.73517,47.85593],[3.73548,47.85652],[3.73537,47.85658]]],[[[3.73654,47.83045],[3.73638,47.83021],[3.73609,47.83029],[3.73347,47.83122],[3.73246,47.83189],[3.73266,47.83204],[3.73262,47.83231],[3.73208,47.83339],[3.72999,47.8329],[3.72896,47.83259],[3.72847,47.83251],[3.72787,47.83263],[3.72921,47.83369],[3.72975,47.83402],[3.73147,47.83428],[3.73354,47.83441],[3.7339,47.83382],[3.73626,47.83161],[3.73739,47.83182],[3.73747,47.83179],[3.73829,47.83035],[3.73829,47.83017],[3.73755,47.83016],[3.73653,47.83026],[3.73654,47.83045]]],[[[3.72987,47.83103],[3.72908,47.83071],[3.7291,47.83067],[3.73013,47.83093],[3.73146,47.83105],[3.73167,47.83096],[3.73144,47.8308],[3.73173,47.83053],[3.73161,47.83046],[3.7316,47.83021],[3.73208,47.82939],[3.73256,47.8291],[3.73245,47.82903],[3.73278,47.82881],[3.73287,47.82888],[3.73371,47.82823],[3.73345,47.82809],[3.73363,47.82819],[3.7342,47.82767],[3.73374,47.82754],[3.73319,47.82709],[3.73268,47.82632],[3.73262,47.82631],[3.73149,47.82737],[3.73073,47.8279],[3.72979,47.82829],[3.72539,47.82846],[3.72547,47.82866],[3.7254,47.8306],[3.72646,47.83031],[3.7298,47.83119],[3.72987,47.83103]]],[[[3.73537,47.86027],[3.7341,47.85969],[3.73351,47.86],[3.73225,47.86099],[3.73381,47.86144],[3.73476,47.86084],[3.73495,47.86059],[3.73537,47.86027]]],[[[3.73664,47.86646],[3.73405,47.86627],[3.73179,47.86545],[3.73097,47.86505],[3.73043,47.86468],[3.72917,47.86516],[3.72943,47.86548],[3.72837,47.86589],[3.73041,47.866],[3.73085,47.86611],[3.73283,47.86803],[3.73321,47.86818],[3.73377,47.86828],[3.73539,47.86899],[3.73778,47.86773],[3.73689,47.86689],[3.73664,47.86646]]],[[[3.73433,47.82459],[3.73269,47.82345],[3.73081,47.82311],[3.7307,47.82313],[3.72913,47.82447],[3.72915,47.82453],[3.73272,47.82624],[3.73327,47.82707],[3.73384,47.82749],[3.73451,47.82696],[3.73484,47.8271],[3.737,47.8254],[3.73577,47.8253],[3.735,47.82499],[3.73433,47.82459]]],[[[3.73426,47.85262],[3.73516,47.85318],[3.73553,47.85262],[3.73593,47.85147],[3.73631,47.85096],[3.73599,47.85074],[3.73426,47.85262]]],[[[3.7354,47.78776],[3.72621,47.78914],[3.72638,47.79],[3.72659,47.79189],[3.72645,47.79188],[3.72661,47.79237],[3.72577,47.79289],[3.7258,47.79327],[3.72652,47.79497],[3.72506,47.7949],[3.72486,47.79487],[3.72484,47.79477],[3.72454,47.79477],[3.7246,47.79529],[3.72477,47.79573],[3.72622,47.79575],[3.72742,47.7959],[3.72769,47.79693],[3.73182,47.79667],[3.73172,47.79577],[3.73124,47.7934],[3.73123,47.79293],[3.73134,47.79246],[3.73242,47.79005],[3.73467,47.78873],[3.7352,47.78822],[3.7354,47.78776]]],[[[3.7333,47.86433],[3.73258,47.86402],[3.73189,47.86351],[3.73051,47.86278],[3.7301,47.86311],[3.73063,47.86348],[3.73041,47.86361],[3.72988,47.86332],[3.72953,47.86362],[3.72989,47.86391],[3.72976,47.86402],[3.73065,47.86474],[3.73202,47.86544],[3.7333,47.86433]]],[[[3.73304,47.80548],[3.73294,47.80425],[3.73304,47.80416],[3.73412,47.80378],[3.73368,47.80302],[3.73321,47.80241],[3.73248,47.8011],[3.73212,47.80023],[3.73183,47.7987],[3.73191,47.79772],[3.73183,47.79672],[3.72763,47.79698],[3.72736,47.79594],[3.72618,47.79579],[3.72478,47.79578],[3.72302,47.79604],[3.72288,47.79629],[3.72253,47.79709],[3.72276,47.79657],[3.72438,47.79687],[3.72428,47.79713],[3.72434,47.79713],[3.72433,47.79783],[3.72441,47.79809],[3.72432,47.79811],[3.72452,47.7987],[3.72491,47.79935],[3.72535,47.79968],[3.7255,47.79976],[3.72556,47.79973],[3.72624,47.80028],[3.72824,47.80147],[3.7293,47.80186],[3.73067,47.80248],[3.73109,47.80285],[3.73304,47.80548]]],[[[3.72466,47.80444],[3.72369,47.80452],[3.72326,47.804],[3.72382,47.80357],[3.72381,47.8035],[3.72236,47.80256],[3.72162,47.80228],[3.72079,47.80218],[3.72026,47.80219],[3.72023,47.80196],[3.72001,47.80213],[3.71962,47.80281],[3.72,47.80546],[3.72001,47.80704],[3.72021,47.80763],[3.7203,47.80909],[3.72037,47.80915],[3.7216,47.80937],[3.72268,47.8083],[3.7229,47.80778],[3.72303,47.80712],[3.72336,47.80644],[3.72254,47.80555],[3.72246,47.80524],[3.72258,47.80554],[3.72277,47.80575],[3.72315,47.80503],[3.72367,47.80487],[3.72411,47.80482],[3.72466,47.80444]]],[[[3.73079,47.8525],[3.73201,47.85318],[3.73313,47.8535],[3.73426,47.85396],[3.73513,47.85324],[3.73213,47.8514],[3.73203,47.85141],[3.73078,47.85242],[3.73079,47.8525]]],[[[3.73099,47.85818],[3.73064,47.85881],[3.7308,47.85937],[3.73062,47.86041],[3.73126,47.86052],[3.7321,47.86099],[3.73353,47.85986],[3.73391,47.85965],[3.73194,47.85882],[3.73099,47.85818]]],[[[3.72635,47.82828],[3.72642,47.82833],[3.72977,47.82823],[3.73069,47.82785],[3.7314,47.82736],[3.73255,47.82628],[3.73254,47.82621],[3.72909,47.82458],[3.729,47.82459],[3.7266,47.82667],[3.72635,47.82828]]],[[[3.72526,47.83794],[3.72553,47.8376],[3.72627,47.8382],[3.72702,47.83797],[3.72776,47.83863],[3.72789,47.83835],[3.7275,47.8379],[3.72864,47.83796],[3.72865,47.83786],[3.73046,47.838],[3.73173,47.83822],[3.73252,47.8382],[3.73224,47.83775],[3.73206,47.83762],[3.72477,47.83627],[3.72468,47.83631],[3.72424,47.83716],[3.72419,47.83834],[3.72499,47.83925],[3.7256,47.84023],[3.72691,47.84005],[3.7263,47.83919],[3.72661,47.83908],[3.72526,47.83794]]],[[[3.72454,47.85427],[3.72523,47.8547],[3.72565,47.85517],[3.726,47.85572],[3.72629,47.85578],[3.72659,47.85558],[3.7269,47.85552],[3.72735,47.85532],[3.72747,47.85536],[3.72844,47.85522],[3.72855,47.85526],[3.72856,47.85516],[3.72831,47.85502],[3.72831,47.85494],[3.72811,47.85481],[3.72799,47.85469],[3.72831,47.85492],[3.72834,47.85501],[3.72863,47.85512],[3.72868,47.85525],[3.72914,47.8552],[3.72992,47.85494],[3.73087,47.85476],[3.73117,47.85472],[3.73182,47.8547],[3.73229,47.85461],[3.73211,47.85432],[3.73175,47.85398],[3.72955,47.85275],[3.72945,47.85281],[3.7292,47.85252],[3.72911,47.85257],[3.7285,47.85189],[3.72753,47.85242],[3.72895,47.85328],[3.72935,47.85346],[3.7284,47.85403],[3.72725,47.85455],[3.72672,47.85404],[3.72665,47.85408],[3.72632,47.85395],[3.72555,47.85333],[3.72426,47.85403],[3.72416,47.8542],[3.72454,47.85427]]],[[[3.73118,47.85474],[3.72997,47.85493],[3.72919,47.8552],[3.72924,47.85528],[3.73127,47.85488],[3.73118,47.85474]]],[[[3.72811,47.85147],[3.72703,47.85051],[3.72694,47.85052],[3.7266,47.85084],[3.72791,47.85159],[3.72811,47.85147]]],[[[3.73135,47.86936],[3.73017,47.86771],[3.73035,47.86727],[3.72943,47.866],[3.72775,47.86585],[3.7281,47.8665],[3.72733,47.86741],[3.72734,47.86755],[3.72783,47.86838],[3.72934,47.8698],[3.72948,47.87012],[3.7295,47.87046],[3.7299,47.87084],[3.73055,47.87172],[3.73231,47.87098],[3.73135,47.86936]]],[[[3.73196,47.85129],[3.72829,47.84905],[3.72795,47.84931],[3.72777,47.8497],[3.72781,47.8498],[3.72912,47.85145],[3.73062,47.8524],[3.73072,47.85239],[3.73196,47.85138],[3.73196,47.85129]]],[[[3.73127,47.86057],[3.73096,47.86048],[3.73069,47.86047],[3.72944,47.86119],[3.73,47.86168],[3.73039,47.86154],[3.73107,47.8616],[3.73139,47.86168],[3.73206,47.86103],[3.73127,47.86057]]],[[[3.73042,47.86156],[3.72951,47.86205],[3.72963,47.86215],[3.72935,47.86234],[3.72943,47.86239],[3.7291,47.86267],[3.73015,47.86295],[3.73131,47.86176],[3.73103,47.86163],[3.73042,47.86156]]],[[[3.72907,47.82444],[3.73061,47.82311],[3.73059,47.82306],[3.73,47.82306],[3.72839,47.8236],[3.72789,47.82391],[3.7279,47.82397],[3.72896,47.82444],[3.72907,47.82444]]],[[[3.72373,47.85544],[3.72474,47.85709],[3.72492,47.85771],[3.72671,47.85917],[3.72859,47.86053],[3.72879,47.86072],[3.72897,47.86107],[3.72938,47.86112],[3.72956,47.86104],[3.73054,47.8604],[3.73071,47.85936],[3.73057,47.85883],[3.73089,47.85826],[3.73077,47.85803],[3.72993,47.85734],[3.72955,47.85692],[3.72917,47.85711],[3.72905,47.85707],[3.72874,47.85678],[3.728,47.8563],[3.72746,47.85623],[3.72608,47.85584],[3.72588,47.85568],[3.72565,47.85528],[3.72515,47.85472],[3.72454,47.85433],[3.72432,47.85426],[3.72382,47.85447],[3.72388,47.85504],[3.72373,47.85544]]],[[[3.72958,47.86403],[3.72907,47.86419],[3.7292,47.86435],[3.72852,47.8645],[3.72854,47.86481],[3.72837,47.86486],[3.7285,47.86515],[3.72905,47.86506],[3.7291,47.86514],[3.73036,47.86463],[3.73006,47.86439],[3.72947,47.86458],[3.7293,47.86437],[3.7298,47.86419],[3.72958,47.86403]]],[[[3.72897,47.86305],[3.72967,47.86341],[3.73014,47.86296],[3.72917,47.8627],[3.72897,47.86305]]],[[[3.72782,47.86158],[3.72866,47.86243],[3.72922,47.86214],[3.72881,47.86161],[3.72894,47.86158],[3.72927,47.86211],[3.72996,47.86171],[3.72939,47.86119],[3.72903,47.86115],[3.72782,47.86158]]],[[[3.72144,47.82494],[3.72166,47.82654],[3.72171,47.82654],[3.72259,47.82565],[3.72144,47.82494]]],[[[3.72485,47.82325],[3.72325,47.82464],[3.72281,47.82553],[3.72161,47.82676],[3.72135,47.82514],[3.72105,47.82589],[3.72117,47.82679],[3.72128,47.82701],[3.72144,47.82714],[3.72233,47.82765],[3.72264,47.82776],[3.72472,47.82812],[3.72536,47.82836],[3.72621,47.82834],[3.72627,47.82829],[3.72651,47.82666],[3.72851,47.82492],[3.72549,47.82363],[3.72485,47.82325]]],[[[3.72901,47.85154],[3.72787,47.85005],[3.72766,47.84992],[3.72707,47.85041],[3.72707,47.85048],[3.72832,47.85158],[3.72858,47.85189],[3.72901,47.85154]]],[[[3.72576,47.86066],[3.72588,47.86087],[3.72621,47.86076],[3.72617,47.86071],[3.72678,47.8605],[3.72697,47.86078],[3.72655,47.8609],[3.72674,47.86118],[3.72693,47.86112],[3.72666,47.8612],[3.72621,47.86132],[3.72651,47.86164],[3.72698,47.86144],[3.72719,47.86157],[3.72771,47.8613],[3.72792,47.86128],[3.72797,47.86147],[3.72893,47.86107],[3.72885,47.86086],[3.72858,47.86055],[3.72693,47.8594],[3.72518,47.85797],[3.72487,47.85809],[3.72496,47.8585],[3.72458,47.85935],[3.72576,47.86066]]],[[[3.72752,47.85619],[3.728,47.85625],[3.72838,47.85608],[3.72833,47.85599],[3.72848,47.85589],[3.72849,47.85575],[3.72836,47.85536],[3.728,47.85535],[3.72755,47.85542],[3.72731,47.85539],[3.72636,47.85588],[3.72752,47.85619]]],[[[3.7279,47.86555],[3.72779,47.86581],[3.72827,47.86588],[3.72861,47.86575],[3.72838,47.86543],[3.7279,47.86555]]],[[[3.72782,47.86245],[3.72798,47.86258],[3.72851,47.86232],[3.72791,47.86172],[3.72766,47.86181],[3.72782,47.86202],[3.72763,47.86209],[3.7278,47.86233],[3.72794,47.86238],[3.72782,47.86245]]],[[[3.72577,47.86594],[3.72668,47.86663],[3.72732,47.86724],[3.72782,47.86666],[3.72788,47.86647],[3.72765,47.86601],[3.72769,47.86573],[3.72715,47.86581],[3.72713,47.86533],[3.72699,47.8654],[3.72666,47.86504],[3.72715,47.86484],[3.72675,47.86449],[3.72521,47.86524],[3.72577,47.86594]]],[[[3.72469,47.85293],[3.72385,47.85358],[3.72382,47.85443],[3.72402,47.85431],[3.72425,47.85399],[3.72557,47.85328],[3.72469,47.85293]]],[[[3.72292,47.82792],[3.72238,47.82777],[3.72212,47.82851],[3.72028,47.82813],[3.72109,47.82691],[3.72028,47.82813],[3.71854,47.8277],[3.71755,47.82731],[3.71683,47.8269],[3.71645,47.82646],[3.7171,47.82598],[3.7176,47.82655],[3.71801,47.82636],[3.71877,47.82577],[3.72089,47.82565],[3.72116,47.82527],[3.72105,47.82473],[3.71854,47.82494],[3.71849,47.82489],[3.72091,47.82469],[3.72099,47.82463],[3.72097,47.82402],[3.72106,47.82402],[3.72103,47.82347],[3.72113,47.82285],[3.72093,47.82236],[3.72086,47.82233],[3.7188,47.82311],[3.71748,47.82373],[3.71558,47.82504],[3.71536,47.82528],[3.71527,47.82555],[3.715,47.82678],[3.71504,47.82686],[3.72057,47.82965],[3.72523,47.83057],[3.72532,47.82869],[3.72513,47.82837],[3.72467,47.82822],[3.72292,47.82792]]],[[[3.71403,47.85065],[3.7193,47.85528],[3.72226,47.85726],[3.72323,47.85806],[3.72441,47.85921],[3.72464,47.85893],[3.72488,47.85843],[3.72464,47.85787],[3.72475,47.85737],[3.72359,47.85541],[3.72279,47.85482],[3.72174,47.85425],[3.7208,47.85345],[3.71988,47.85278],[3.71943,47.85256],[3.71909,47.85222],[3.71819,47.85175],[3.71589,47.85007],[3.71567,47.85],[3.71403,47.85065]]],[[[3.7183,47.85173],[3.71913,47.85217],[3.71961,47.8526],[3.71997,47.85277],[3.72173,47.85418],[3.72271,47.85471],[3.72362,47.85537],[3.72375,47.85501],[3.72374,47.8536],[3.72438,47.853],[3.72394,47.85206],[3.72329,47.85142],[3.7229,47.85123],[3.72228,47.85198],[3.72218,47.85202],[3.72133,47.85164],[3.72039,47.85137],[3.72013,47.85151],[3.72021,47.85131],[3.71946,47.85119],[3.71825,47.85073],[3.71712,47.85017],[3.7167,47.85059],[3.7183,47.85173]]],[[[3.72241,47.84182],[3.72397,47.8388],[3.72407,47.8384],[3.72414,47.83715],[3.72378,47.83705],[3.72339,47.83752],[3.72313,47.83745],[3.72222,47.83911],[3.72042,47.84133],[3.71985,47.84215],[3.72043,47.84235],[3.71963,47.84315],[3.72015,47.84342],[3.7216,47.84212],[3.72196,47.84231],[3.72241,47.84182]]],[[[3.72043,47.8224],[3.72081,47.82222],[3.72096,47.82201],[3.72027,47.8222],[3.72043,47.8224]]],[[[3.71713,47.82093],[3.71639,47.82106],[3.71578,47.82128],[3.71423,47.82222],[3.7135,47.82248],[3.71371,47.8228],[3.71439,47.82254],[3.71509,47.82217],[3.71606,47.82148],[3.71694,47.8214],[3.7172,47.82145],[3.71713,47.82093]]],[[[3.71177,47.82522],[3.71224,47.8262],[3.71285,47.82681],[3.71293,47.82742],[3.71325,47.82801],[3.71343,47.82811],[3.71401,47.82808],[3.71487,47.82687],[3.71511,47.82584],[3.71504,47.82579],[3.71281,47.82578],[3.71278,47.82573],[3.71505,47.82574],[3.71514,47.8257],[3.71528,47.82528],[3.7155,47.825],[3.7175,47.82364],[3.71726,47.82256],[3.71719,47.82253],[3.71692,47.82257],[3.71493,47.82317],[3.71419,47.8235],[3.71333,47.82407],[3.71205,47.82433],[3.71215,47.82457],[3.71141,47.82471],[3.71177,47.82522]]],[[[3.71759,47.82355],[3.72043,47.8224],[3.72026,47.8222],[3.71939,47.82256],[3.71741,47.82284],[3.71759,47.82355]]],[[[3.71626,47.80726],[3.71534,47.80669],[3.71379,47.80784],[3.71381,47.8079],[3.71543,47.80894],[3.71561,47.80913],[3.71556,47.80929],[3.71745,47.81025],[3.72016,47.81151],[3.72023,47.81149],[3.72049,47.81036],[3.72106,47.80991],[3.72149,47.80949],[3.72145,47.80943],[3.72018,47.80916],[3.71835,47.80816],[3.71626,47.80726]]],[[[3.71993,47.80706],[3.71995,47.80554],[3.71861,47.80464],[3.71704,47.80569],[3.71566,47.80672],[3.71566,47.80678],[3.71632,47.80722],[3.7184,47.80811],[3.72018,47.80909],[3.72014,47.80763],[3.71993,47.80706]]],[[[3.71361,47.80784],[3.7118,47.8067],[3.7117,47.80671],[3.71079,47.80728],[3.70987,47.80756],[3.70969,47.80771],[3.7098,47.80789],[3.7105,47.8085],[3.71204,47.80898],[3.71236,47.8092],[3.7128,47.80859],[3.71361,47.80784]]],[[[3.71846,47.80316],[3.71776,47.80253],[3.71646,47.80165],[3.71651,47.80161],[3.71583,47.80117],[3.71529,47.80105],[3.71436,47.80158],[3.71495,47.80189],[3.71366,47.80291],[3.71367,47.80299],[3.71698,47.80564],[3.71855,47.8046],[3.7177,47.804],[3.71775,47.80397],[3.71994,47.80545],[3.71978,47.80416],[3.71846,47.80316]]],[[[3.71829,47.81911],[3.71723,47.81904],[3.71661,47.8193],[3.71418,47.82034],[3.7133,47.82097],[3.71334,47.82103],[3.71476,47.82128],[3.71554,47.82075],[3.71586,47.82068],[3.71634,47.82065],[3.71743,47.82076],[3.71776,47.82071],[3.71743,47.8202],[3.7178,47.82006],[3.71776,47.82],[3.71819,47.81981],[3.71865,47.8194],[3.71829,47.81911]]],[[[3.71432,47.81063],[3.71445,47.8105],[3.71294,47.80973],[3.71201,47.80914],[3.71049,47.80863],[3.71004,47.80834],[3.71006,47.80828],[3.70962,47.80789],[3.70956,47.80764],[3.70981,47.80747],[3.71058,47.80723],[3.70941,47.80743],[3.70915,47.80757],[3.70892,47.80784],[3.70833,47.80913],[3.7089,47.80779],[3.70909,47.80756],[3.70936,47.80742],[3.71066,47.80719],[3.71115,47.80702],[3.71201,47.80629],[3.71205,47.80592],[3.71176,47.80479],[3.71167,47.80468],[3.7109,47.80618],[3.71073,47.80643],[3.71066,47.8064],[3.71161,47.80455],[3.70895,47.8033],[3.70887,47.80331],[3.70878,47.8037],[3.70923,47.80486],[3.70907,47.80541],[3.70861,47.80626],[3.70863,47.80689],[3.7085,47.80717],[3.70817,47.80755],[3.70795,47.8081],[3.70815,47.8101],[3.71089,47.80984],[3.71107,47.81004],[3.7116,47.81029],[3.7125,47.81048],[3.7126,47.81014],[3.71432,47.81063]]],[[[3.71487,47.81844],[3.71024,47.82145],[3.71024,47.82151],[3.7108,47.82181],[3.71111,47.8219],[3.7116,47.8219],[3.71254,47.82176],[3.71274,47.82164],[3.71297,47.82114],[3.71414,47.82029],[3.71714,47.819],[3.71672,47.81899],[3.71671,47.81893],[3.71606,47.81872],[3.71498,47.81843],[3.71487,47.81844]]],[[[3.71629,47.82074],[3.71593,47.82076],[3.71561,47.82087],[3.71483,47.82139],[3.71455,47.82138],[3.71318,47.82113],[3.71308,47.82119],[3.71285,47.8217],[3.71257,47.82185],[3.71215,47.82246],[3.71341,47.82244],[3.71426,47.82211],[3.71465,47.82182],[3.71443,47.82173],[3.71447,47.82169],[3.71473,47.82177],[3.71609,47.82107],[3.71715,47.82084],[3.71629,47.82074]]],[[[3.7049,47.8226],[3.70485,47.82265],[3.70552,47.82416],[3.70582,47.8243],[3.70575,47.82432],[3.70544,47.82418],[3.70473,47.82257],[3.70585,47.8224],[3.70592,47.82235],[3.70594,47.82136],[3.70588,47.82133],[3.7024,47.82265],[3.70158,47.82349],[3.7016,47.82357],[3.70349,47.82495],[3.70604,47.82599],[3.70613,47.82598],[3.70838,47.8247],[3.70829,47.82459],[3.70779,47.82432],[3.70678,47.82391],[3.70655,47.82388],[3.70644,47.82377],[3.70643,47.82353],[3.70631,47.82327],[3.7066,47.82265],[3.70651,47.82244],[3.70599,47.82245],[3.7049,47.8226]]],[[[3.71353,47.80302],[3.71174,47.80455],[3.71181,47.80465],[3.71363,47.80539],[3.71552,47.80668],[3.71561,47.80668],[3.71688,47.80572],[3.71688,47.80565],[3.71362,47.80303],[3.71353,47.80302]]],[[[3.71212,47.80636],[3.71183,47.8066],[3.71185,47.80666],[3.71217,47.80684],[3.71254,47.80656],[3.71221,47.80689],[3.71366,47.80781],[3.71374,47.8078],[3.7153,47.80664],[3.71357,47.80544],[3.71195,47.80477],[3.71188,47.8048],[3.71216,47.80589],[3.71212,47.80636]]],[[[3.71048,47.81833],[3.71262,47.81977],[3.71478,47.81842],[3.71478,47.81837],[3.71301,47.8179],[3.71234,47.81749],[3.71048,47.81833]]],[[[3.71182,47.82796],[3.71192,47.82797],[3.7127,47.82766],[3.71188,47.82675],[3.71156,47.82687],[3.71103,47.82649],[3.71044,47.82666],[3.71027,47.8265],[3.71182,47.82796]]],[[[3.71166,47.80446],[3.71259,47.8037],[3.71258,47.80364],[3.70945,47.80231],[3.70902,47.803],[3.70898,47.80319],[3.71166,47.80446]]],[[[3.70875,47.81958],[3.70803,47.82033],[3.70806,47.82039],[3.70868,47.82061],[3.71008,47.82141],[3.71018,47.82141],[3.71258,47.8198],[3.71033,47.8184],[3.70875,47.81958]]],[[[3.71191,47.81634],[3.70762,47.8135],[3.70599,47.81493],[3.70606,47.81538],[3.70625,47.81585],[3.71024,47.81833],[3.71033,47.81833],[3.71231,47.81744],[3.71223,47.81723],[3.71229,47.81696],[3.71223,47.81667],[3.71191,47.81634]]],[[[3.70617,47.82603],[3.70616,47.8261],[3.70669,47.82657],[3.70712,47.82683],[3.70793,47.82756],[3.70867,47.82793],[3.70992,47.82875],[3.71002,47.82875],[3.71029,47.82855],[3.71175,47.82805],[3.71176,47.82799],[3.70945,47.82581],[3.70872,47.82531],[3.70838,47.82483],[3.7083,47.82482],[3.70617,47.82603]]],[[[3.71018,47.81837],[3.70594,47.81573],[3.70435,47.8163],[3.70497,47.81807],[3.70522,47.81912],[3.70521,47.81959],[3.70574,47.8196],[3.70734,47.82018],[3.70786,47.82033],[3.70797,47.82031],[3.70855,47.81965],[3.71019,47.81844],[3.71018,47.81837]]],[[[3.70565,47.80002],[3.70561,47.80018],[3.70648,47.80047],[3.70627,47.80079],[3.70684,47.80117],[3.70631,47.80155],[3.70603,47.80139],[3.7058,47.80158],[3.70555,47.80151],[3.70488,47.80252],[3.70394,47.80367],[3.70331,47.8034],[3.70283,47.80396],[3.70248,47.80466],[3.70199,47.80461],[3.70174,47.80489],[3.70145,47.80481],[3.70117,47.80517],[3.70107,47.80558],[3.70129,47.80714],[3.70224,47.80832],[3.70301,47.80911],[3.70366,47.80932],[3.70519,47.80944],[3.70552,47.80954],[3.70734,47.81058],[3.70863,47.8107],[3.70828,47.81046],[3.7081,47.8101],[3.70795,47.80949],[3.70789,47.80816],[3.70816,47.80748],[3.70848,47.80715],[3.7086,47.80684],[3.70858,47.80622],[3.70864,47.806],[3.70894,47.80551],[3.70918,47.80486],[3.70896,47.80444],[3.70873,47.8037],[3.7089,47.80297],[3.70937,47.80219],[3.7092,47.80196],[3.70594,47.79976],[3.70565,47.80002]]],[[[3.702,47.82056],[3.70261,47.82134],[3.7029,47.82131],[3.70309,47.81956],[3.70208,47.8197],[3.702,47.82056]]],[[[3.70279,47.8224],[3.70622,47.82113],[3.70642,47.82101],[3.70678,47.82035],[3.707,47.82012],[3.70574,47.81966],[3.70309,47.81956],[3.70279,47.8224]]],[[[3.70406,47.81069],[3.70341,47.81028],[3.7031,47.81028],[3.70234,47.80978],[3.70037,47.80886],[3.70067,47.80856],[3.70022,47.80793],[3.69997,47.80772],[3.69906,47.80742],[3.69912,47.8072],[3.69703,47.80714],[3.69746,47.80765],[3.69688,47.80876],[3.69853,47.80921],[3.70171,47.81047],[3.70167,47.81052],[3.69941,47.80963],[3.69867,47.81084],[3.6987,47.8109],[3.70247,47.81185],[3.70324,47.81248],[3.70332,47.81248],[3.70494,47.81203],[3.70449,47.81181],[3.70512,47.81125],[3.70468,47.81096],[3.70406,47.81069]]],[[[3.70324,47.81626],[3.70373,47.8151],[3.70253,47.81494],[3.70239,47.81436],[3.70118,47.81471],[3.69997,47.81518],[3.70024,47.81543],[3.69863,47.8162],[3.69898,47.81646],[3.69873,47.8166],[3.69927,47.81701],[3.69956,47.81749],[3.70345,47.81705],[3.70325,47.81656],[3.70324,47.81626]]],[[[3.70344,47.8171],[3.70252,47.81723],[3.70322,47.81947],[3.7033,47.81952],[3.70515,47.81959],[3.70501,47.81883],[3.70464,47.81787],[3.70469,47.81758],[3.70447,47.8169],[3.70424,47.81683],[3.70345,47.81705],[3.70344,47.8171]]],[[[3.70072,47.81873],[3.70071,47.81922],[3.70078,47.8194],[3.70067,47.81951],[3.7007,47.81963],[3.70099,47.81978],[3.70317,47.81948],[3.7024,47.81721],[3.69959,47.81753],[3.70015,47.81833],[3.70034,47.81828],[3.70072,47.81873]]],[[[3.6993,47.81298],[3.69948,47.81267],[3.69765,47.81243],[3.69609,47.81204],[3.69476,47.81184],[3.69382,47.81146],[3.69247,47.81272],[3.69323,47.81292],[3.69359,47.81319],[3.69355,47.81323],[3.69418,47.81341],[3.69435,47.81321],[3.69504,47.81345],[3.6942,47.81514],[3.69416,47.81521],[3.69405,47.81516],[3.69341,47.81613],[3.69336,47.81639],[3.6936,47.81705],[3.69376,47.81722],[3.69402,47.81708],[3.69444,47.81708],[3.69485,47.81695],[3.69515,47.81676],[3.69566,47.81684],[3.69596,47.81673],[3.69615,47.81675],[3.69638,47.81609],[3.69695,47.81548],[3.69775,47.81481],[3.69831,47.81442],[3.69837,47.81447],[3.69888,47.81419],[3.69899,47.81432],[3.69967,47.81401],[3.70024,47.81371],[3.70067,47.81338],[3.70027,47.81321],[3.6993,47.81298]]],[[[3.69631,47.81128],[3.69668,47.81126],[3.69781,47.81066],[3.6986,47.81082],[3.69929,47.80958],[3.69848,47.80925],[3.69664,47.80876],[3.69542,47.81093],[3.69631,47.81128]]],[[[3.69761,47.81083],[3.69669,47.81132],[3.69728,47.81145],[3.69761,47.81083]]]]}},{"type":"Feature","properties":{"id":"appellation-chablis","kind":"appellation","level":"village","name":"Chablis","full":"Chablis","app":"Chablis","region":"chablis","communes":["Beine","Béru","Chablis","La Chapelle-Vaupelteigne","Chemilly-sur-Serein","Chichée","Collan","Courgis","Fleys","Fontenay-près-Chablis","Lignorelles","Ligny-le-Châtel","Maligny","Poilly-sur-Serein","Préhy","Villy","Viviers"],"area_ha":5282.4,"elev":[118.8,210.2,326.7],"slope":7.7,"slope_pct":13.7,"aspect":169,"aspect_label":"S","aspect_hist":[0.106,0.063,0.096,0.204,0.133,0.093,0.121,0.184],"village":"chablis","pc_area_ha":932.16,"n_climats":10,"white":true},"geometry":{"type":"MultiPolygon","coordinates":[[[[3.92292,47.80651],[3.92168,47.80764],[3.9243,47.80936],[3.9244,47.80935],[3.92543,47.80864],[3.9257,47.8084],[3.92569,47.80831],[3.92292,47.80651]]],[[[3.92411,47.80067],[3.92296,47.80004],[3.9232,47.79982],[3.92265,47.79953],[3.92199,47.79904],[3.9216,47.79889],[3.92124,47.79914],[3.92092,47.79899],[3.92141,47.79843],[3.92072,47.79808],[3.91992,47.79782],[3.91967,47.79765],[3.91979,47.79755],[3.91911,47.79722],[3.9188,47.79711],[3.91863,47.79731],[3.91762,47.7969],[3.91718,47.7968],[3.91641,47.7965],[3.91635,47.79647],[3.91651,47.79631],[3.91617,47.7962],[3.91626,47.79612],[3.91605,47.79604],[3.91621,47.79589],[3.91562,47.79553],[3.91578,47.79672],[3.91614,47.79725],[3.91673,47.79846],[3.9173,47.79943],[3.91791,47.8],[3.91798,47.7999],[3.91842,47.7997],[3.91853,47.79931],[3.91767,47.79907],[3.9177,47.79903],[3.91967,47.79949],[3.91963,47.79953],[3.91866,47.7993],[3.91859,47.79933],[3.91848,47.79972],[3.91804,47.79993],[3.91791,47.80117],[3.91845,47.80132],[3.91902,47.80168],[3.91953,47.80185],[3.91977,47.80186],[3.92148,47.80165],[3.92321,47.80117],[3.92375,47.80112],[3.92411,47.80067]]],[[[3.92159,47.80773],[3.9178,47.81117],[3.91821,47.81123],[3.91862,47.81131],[3.91933,47.81158],[3.91861,47.81132],[3.91776,47.81119],[3.9175,47.81104],[3.91754,47.81096],[3.91717,47.81075],[3.91677,47.81042],[3.91673,47.8103],[3.91584,47.80939],[3.91493,47.80868],[3.91481,47.80874],[3.91484,47.8088],[3.91436,47.80918],[3.91355,47.81007],[3.91342,47.81034],[3.91436,47.81322],[3.91504,47.81278],[3.91551,47.81267],[3.91757,47.813],[3.91993,47.81303],[3.92026,47.8128],[3.92313,47.81026],[3.92422,47.80947],[3.92424,47.8094],[3.92169,47.80772],[3.92159,47.80773]]],[[[3.92152,47.80169],[3.91981,47.80191],[3.92104,47.8026],[3.92109,47.80253],[3.92218,47.80289],[3.92318,47.80128],[3.92313,47.80124],[3.92152,47.80169]]],[[[3.92152,47.80576],[3.92031,47.80535],[3.91884,47.80509],[3.91841,47.80523],[3.91693,47.80541],[3.91644,47.80609],[3.9186,47.8065],[3.92085,47.80709],[3.92163,47.8076],[3.92287,47.80647],[3.92152,47.80576]]],[[[3.92081,47.80714],[3.91764,47.80634],[3.91635,47.80619],[3.91513,47.80747],[3.91503,47.80779],[3.91511,47.8082],[3.91496,47.80865],[3.91581,47.80932],[3.91675,47.81029],[3.9168,47.81041],[3.91759,47.81096],[3.91753,47.81104],[3.91774,47.81116],[3.92153,47.80769],[3.92152,47.80761],[3.92081,47.80714]]],[[[3.91842,47.80135],[3.91784,47.80123],[3.91766,47.80223],[3.91866,47.80179],[3.91916,47.80179],[3.91842,47.80135]]],[[[3.91862,47.80513],[3.91472,47.80421],[3.91308,47.80428],[3.91231,47.80451],[3.9116,47.8048],[3.90987,47.80603],[3.90975,47.80608],[3.90949,47.80602],[3.90938,47.80609],[3.90909,47.80645],[3.90894,47.80691],[3.90825,47.80732],[3.90946,47.80851],[3.90987,47.80916],[3.9113,47.81029],[3.91182,47.81042],[3.91362,47.80902],[3.914,47.80884],[3.91475,47.80873],[3.9149,47.80863],[3.91503,47.80818],[3.91494,47.8078],[3.91506,47.80744],[3.91629,47.80615],[3.91682,47.80538],[3.91492,47.8051],[3.91495,47.80506],[3.917,47.80535],[3.91798,47.80526],[3.91862,47.80513]]],[[[3.91689,47.79985],[3.91439,47.79877],[3.91327,47.79794],[3.91252,47.79706],[3.91213,47.79614],[3.91056,47.79643],[3.90943,47.79672],[3.90939,47.79679],[3.90961,47.79732],[3.91002,47.79793],[3.91168,47.79913],[3.91312,47.79993],[3.91439,47.80054],[3.9145,47.80076],[3.91462,47.8008],[3.91476,47.80061],[3.91693,47.80103],[3.91772,47.80115],[3.9178,47.80112],[3.91792,47.80015],[3.91689,47.79985]]],[[[3.91723,47.79944],[3.91567,47.7966],[3.91422,47.79622],[3.91394,47.79602],[3.91304,47.79598],[3.91219,47.79612],[3.91258,47.79704],[3.91333,47.79792],[3.91441,47.79871],[3.91691,47.79981],[3.9178,47.80005],[3.91723,47.79944]]],[[[3.91771,47.80119],[3.91486,47.80068],[3.91465,47.80086],[3.91444,47.80078],[3.91434,47.80058],[3.91163,47.79916],[3.90996,47.79795],[3.90954,47.79732],[3.90929,47.79671],[3.91055,47.79639],[3.91303,47.79594],[3.91396,47.79598],[3.91424,47.79618],[3.91545,47.79649],[3.91551,47.79478],[3.91507,47.79469],[3.91466,47.79471],[3.91282,47.7952],[3.91155,47.79527],[3.91128,47.79523],[3.90999,47.79536],[3.90932,47.79561],[3.9086,47.79613],[3.90776,47.79651],[3.90712,47.79667],[3.90544,47.79681],[3.90622,47.79779],[3.90731,47.79871],[3.9107,47.80055],[3.91126,47.80157],[3.91109,47.8019],[3.9111,47.802],[3.91125,47.80206],[3.91266,47.80226],[3.91275,47.80223],[3.91309,47.80173],[3.91395,47.80194],[3.9167,47.802],[3.91758,47.80213],[3.91777,47.80125],[3.91771,47.80119]]],[[[3.91403,47.80885],[3.91366,47.80904],[3.91183,47.81047],[3.91125,47.81032],[3.90979,47.80918],[3.90938,47.80851],[3.90818,47.80736],[3.90677,47.80801],[3.90641,47.80827],[3.90572,47.80951],[3.90508,47.8101],[3.90436,47.81092],[3.90402,47.81175],[3.9036,47.81219],[3.90292,47.81271],[3.90268,47.81281],[3.90274,47.81287],[3.90322,47.81273],[3.90481,47.81351],[3.90522,47.81381],[3.90539,47.81406],[3.90617,47.81379],[3.90755,47.81389],[3.90774,47.81343],[3.90821,47.81301],[3.90813,47.81296],[3.90874,47.81277],[3.9089,47.8129],[3.90912,47.81281],[3.90906,47.81274],[3.90919,47.81267],[3.90915,47.81262],[3.90996,47.81238],[3.91025,47.81287],[3.91081,47.81278],[3.91164,47.81279],[3.91284,47.81292],[3.91318,47.81317],[3.91428,47.81323],[3.91334,47.81038],[3.91351,47.81001],[3.91431,47.80913],[3.91474,47.80879],[3.91403,47.80885]]],[[[3.91368,47.8025],[3.91425,47.80254],[3.91446,47.80196],[3.91393,47.80199],[3.91316,47.80179],[3.9128,47.80225],[3.91285,47.80231],[3.91368,47.8025]]],[[[3.90779,47.80356],[3.9076,47.80339],[3.90755,47.8032],[3.90704,47.80297],[3.90656,47.80281],[3.90517,47.8022],[3.90432,47.80197],[3.90264,47.80136],[3.90515,47.80216],[3.90675,47.80285],[3.90753,47.80228],[3.90702,47.80197],[3.90511,47.80127],[3.90494,47.80146],[3.90265,47.8003],[3.90226,47.80018],[3.90176,47.80027],[3.90113,47.80099],[3.90101,47.80135],[3.90119,47.80295],[3.90101,47.80301],[3.90115,47.80331],[3.90149,47.80351],[3.90162,47.80384],[3.90203,47.8043],[3.90303,47.80586],[3.90579,47.80488],[3.90676,47.80615],[3.90733,47.80575],[3.90784,47.80564],[3.90793,47.80515],[3.90827,47.805],[3.90831,47.80487],[3.90779,47.80356]]],[[[3.90682,47.78469],[3.90521,47.7842],[3.9042,47.78448],[3.90398,47.7844],[3.90338,47.78503],[3.90492,47.78544],[3.90327,47.78502],[3.90271,47.78467],[3.90164,47.78379],[3.90043,47.78244],[3.89958,47.78172],[3.89946,47.78133],[3.89971,47.7807],[3.89918,47.77983],[3.89709,47.78083],[3.89675,47.78052],[3.89652,47.78067],[3.89611,47.78029],[3.89603,47.78038],[3.89563,47.78016],[3.89549,47.78015],[3.89581,47.78032],[3.89594,47.78048],[3.89682,47.78219],[3.8969,47.78258],[3.89686,47.78282],[3.89643,47.78374],[3.89648,47.7838],[3.89816,47.78412],[3.89915,47.78438],[3.90162,47.78519],[3.9033,47.78589],[3.9043,47.78614],[3.90629,47.78648],[3.90657,47.78517],[3.90663,47.78518],[3.90682,47.78469]]],[[[3.90201,47.80615],[3.90208,47.80625],[3.90181,47.80635],[3.90179,47.80642],[3.90323,47.8083],[3.9033,47.8083],[3.90348,47.80814],[3.90434,47.80766],[3.90363,47.80675],[3.90313,47.80691],[3.90307,47.80683],[3.90294,47.80686],[3.90219,47.80607],[3.90201,47.80615]]],[[[3.90058,47.8123],[3.90114,47.81202],[3.90332,47.80997],[3.90225,47.80923],[3.90196,47.80957],[3.90043,47.8106],[3.90032,47.81059],[3.89941,47.81119],[3.89839,47.81158],[3.89911,47.81222],[3.89951,47.81268],[3.89972,47.81256],[3.90058,47.8123]]],[[[3.90318,47.80841],[3.90167,47.80636],[3.90199,47.80623],[3.90155,47.80569],[3.90161,47.80566],[3.90145,47.80545],[3.89972,47.80331],[3.89884,47.8014],[3.89868,47.8008],[3.8987,47.80037],[3.89879,47.80008],[3.89912,47.79969],[3.89726,47.79878],[3.89714,47.79888],[3.89729,47.79896],[3.89643,47.79975],[3.89607,47.80061],[3.89464,47.80058],[3.89512,47.80187],[3.89538,47.80185],[3.8954,47.80191],[3.89547,47.80224],[3.8953,47.80346],[3.8954,47.80365],[3.8954,47.804],[3.89556,47.80462],[3.8957,47.80485],[3.89603,47.80485],[3.89646,47.80462],[3.89655,47.80358],[3.89692,47.80357],[3.89699,47.80348],[3.89714,47.80054],[3.89723,47.80022],[3.89744,47.79979],[3.89769,47.79951],[3.8974,47.79994],[3.89718,47.80053],[3.89702,47.80351],[3.89697,47.80359],[3.89658,47.80361],[3.89647,47.80465],[3.89614,47.80486],[3.89571,47.80492],[3.89578,47.80601],[3.89564,47.80669],[3.89619,47.80658],[3.89691,47.80652],[3.89803,47.80655],[3.89831,47.80637],[3.89945,47.8065],[3.89967,47.80606],[3.89993,47.80582],[3.8997,47.80609],[3.89947,47.80662],[3.89929,47.80843],[3.8989,47.80851],[3.89878,47.80865],[3.89708,47.80859],[3.89676,47.80875],[3.89664,47.80875],[3.89714,47.80933],[3.89727,47.80956],[3.89652,47.80868],[3.89629,47.80849],[3.89618,47.80857],[3.89527,47.808],[3.89491,47.80759],[3.8948,47.8073],[3.89483,47.80668],[3.89492,47.80664],[3.89469,47.80652],[3.89457,47.806],[3.89441,47.80579],[3.8939,47.80548],[3.89273,47.80539],[3.89294,47.80568],[3.89304,47.80604],[3.8929,47.80719],[3.89294,47.80846],[3.89321,47.80872],[3.89584,47.8105],[3.89649,47.80992],[3.89685,47.80972],[3.89729,47.8096],[3.89762,47.81027],[3.89883,47.81091],[3.89828,47.81156],[3.89923,47.81122],[3.90081,47.81028],[3.90156,47.80978],[3.90236,47.80902],[3.90318,47.80841]]],[[[3.89801,47.80656],[3.89694,47.80653],[3.89618,47.80659],[3.8958,47.80671],[3.89547,47.80669],[3.89537,47.80706],[3.89551,47.80765],[3.89574,47.80791],[3.89639,47.80841],[3.89631,47.80847],[3.89663,47.80873],[3.89707,47.80857],[3.89867,47.80861],[3.89899,47.80845],[3.89925,47.80841],[3.89944,47.80652],[3.89833,47.80639],[3.89801,47.80656]]],[[[3.89677,47.78246],[3.89503,47.7818],[3.89391,47.78152],[3.8921,47.78077],[3.89176,47.78055],[3.89144,47.77974],[3.89131,47.77949],[3.89123,47.77951],[3.89066,47.78118],[3.88989,47.78271],[3.88994,47.78276],[3.89126,47.7828],[3.89372,47.78336],[3.89542,47.78358],[3.89624,47.78375],[3.89632,47.78373],[3.89677,47.7828],[3.89677,47.78246]]],[[[3.89672,47.7822],[3.89584,47.78051],[3.89558,47.78028],[3.89516,47.78015],[3.89489,47.78036],[3.89418,47.78052],[3.89348,47.78039],[3.89297,47.78013],[3.89248,47.7796],[3.8922,47.77873],[3.8914,47.77886],[3.89134,47.77939],[3.89167,47.78003],[3.89182,47.78053],[3.89214,47.78074],[3.89393,47.78148],[3.89507,47.78176],[3.89669,47.78234],[3.89675,47.78231],[3.89672,47.7822]]],[[[3.89585,47.81061],[3.895,47.81002],[3.89639,47.81145],[3.89657,47.81158],[3.89709,47.81165],[3.89585,47.81061]]],[[[3.89496,47.81007],[3.89403,47.80937],[3.89287,47.80886],[3.8928,47.80889],[3.89281,47.81052],[3.89388,47.81066],[3.89442,47.8108],[3.89437,47.81088],[3.89496,47.81112],[3.89584,47.81162],[3.89646,47.81158],[3.89496,47.81007]]],[[[3.89477,47.8045],[3.89469,47.80393],[3.89474,47.80343],[3.89433,47.80228],[3.8936,47.80115],[3.89326,47.80007],[3.89306,47.7999],[3.89261,47.7997],[3.89157,47.79968],[3.89122,47.80001],[3.89151,47.80027],[3.89218,47.80142],[3.89218,47.80172],[3.89256,47.80222],[3.89251,47.80304],[3.89355,47.80311],[3.89257,47.80306],[3.89255,47.80346],[3.89219,47.8036],[3.89219,47.80456],[3.89225,47.80483],[3.89267,47.80534],[3.89383,47.80543],[3.89425,47.8056],[3.89462,47.806],[3.89473,47.80644],[3.8949,47.80646],[3.89508,47.80607],[3.89503,47.80536],[3.89521,47.80533],[3.89496,47.80448],[3.89477,47.8045]]],[[[3.89499,47.80342],[3.89491,47.80197],[3.89435,47.80082],[3.8942,47.80073],[3.89397,47.80035],[3.89388,47.79998],[3.89331,47.79997],[3.8937,47.80113],[3.89446,47.80232],[3.89489,47.80343],[3.89499,47.80342]]],[[[3.89305,47.80875],[3.89242,47.80893],[3.89175,47.80956],[3.8914,47.8097],[3.88996,47.80965],[3.88903,47.80985],[3.88873,47.81013],[3.888,47.81143],[3.88904,47.81003],[3.89016,47.81034],[3.891,47.81048],[3.89277,47.81029],[3.89269,47.80898],[3.89276,47.80887],[3.89305,47.80875]]],[[[3.89284,47.80572],[3.89236,47.80515],[3.89207,47.80494],[3.89206,47.80484],[3.88952,47.80438],[3.88913,47.80426],[3.88861,47.80423],[3.88784,47.8043],[3.88766,47.80436],[3.88737,47.8057],[3.88698,47.80643],[3.88821,47.8067],[3.8887,47.80686],[3.88905,47.80712],[3.88987,47.80818],[3.89026,47.80856],[3.89099,47.80906],[3.89175,47.80943],[3.89219,47.809],[3.89266,47.80876],[3.89271,47.80868],[3.89293,47.80609],[3.89284,47.80572]]],[[[3.89253,47.80225],[3.89215,47.8017],[3.89215,47.8016],[3.8905,47.80065],[3.89045,47.80132],[3.88999,47.8017],[3.89026,47.80188],[3.88986,47.8022],[3.89222,47.80352],[3.89249,47.80346],[3.89252,47.80328],[3.89247,47.80304],[3.89253,47.80225]]],[[[3.89215,47.80158],[3.89211,47.80135],[3.89153,47.80035],[3.89113,47.80006],[3.8907,47.80044],[3.89086,47.80053],[3.89063,47.80071],[3.89215,47.80158]]],[[[3.89056,47.80291],[3.88939,47.80221],[3.88926,47.80233],[3.88913,47.80225],[3.88866,47.80265],[3.88842,47.80327],[3.88809,47.80343],[3.88786,47.80363],[3.88773,47.80389],[3.88767,47.80432],[3.88859,47.8042],[3.88899,47.80422],[3.89206,47.80481],[3.89202,47.80356],[3.89067,47.80282],[3.89056,47.80291]]],[[[3.88982,47.80817],[3.88906,47.80718],[3.88869,47.80688],[3.88703,47.80647],[3.88666,47.80631],[3.88626,47.80604],[3.88598,47.8057],[3.88575,47.80534],[3.88522,47.80431],[3.88514,47.80431],[3.88486,47.80415],[3.88466,47.80413],[3.88393,47.8046],[3.88392,47.80468],[3.88407,47.80482],[3.8838,47.80501],[3.88426,47.80536],[3.88372,47.80563],[3.88354,47.80582],[3.88317,47.80642],[3.88309,47.80667],[3.88286,47.80686],[3.88265,47.80693],[3.88132,47.8071],[3.88275,47.80862],[3.8829,47.80854],[3.88369,47.80898],[3.88424,47.80911],[3.88479,47.80933],[3.88423,47.80913],[3.88372,47.80902],[3.88325,47.80882],[3.8829,47.80858],[3.88273,47.80866],[3.8824,47.80834],[3.88112,47.80921],[3.88125,47.80934],[3.8812,47.80939],[3.88211,47.80995],[3.88294,47.81029],[3.88298,47.81022],[3.88351,47.81031],[3.88355,47.81026],[3.8844,47.8105],[3.88435,47.81055],[3.88487,47.81086],[3.88462,47.81111],[3.88504,47.81133],[3.88494,47.81143],[3.88537,47.81164],[3.88762,47.81201],[3.88841,47.81049],[3.88889,47.80985],[3.89002,47.80957],[3.89136,47.80964],[3.89064,47.80955],[3.88854,47.80851],[3.8875,47.80818],[3.88667,47.80803],[3.8867,47.80799],[3.88751,47.80813],[3.88859,47.80849],[3.89066,47.80952],[3.89103,47.80959],[3.8915,47.80961],[3.89162,47.80955],[3.89174,47.80946],[3.89067,47.8089],[3.89028,47.80862],[3.88982,47.80817]]],[[[3.8914,47.79864],[3.88843,47.79816],[3.88693,47.79729],[3.88681,47.79692],[3.88666,47.79693],[3.886,47.79659],[3.88572,47.79653],[3.88562,47.79699],[3.88565,47.7977],[3.88624,47.79773],[3.88631,47.79789],[3.88802,47.79828],[3.88815,47.79964],[3.89048,47.80041],[3.89058,47.79984],[3.89067,47.7997],[3.89094,47.79961],[3.89146,47.79962],[3.89151,47.79937],[3.8914,47.79864]]],[[[3.89095,47.79968],[3.89071,47.79984],[3.8907,47.80031],[3.89112,47.8],[3.89142,47.79969],[3.89095,47.79968]]],[[[3.8891,47.77997],[3.88774,47.77977],[3.88595,47.77964],[3.8864,47.78011],[3.8854,47.78049],[3.88568,47.78067],[3.88552,47.78074],[3.88539,47.78067],[3.88475,47.78154],[3.88274,47.78075],[3.8826,47.7809],[3.88262,47.78096],[3.88431,47.78154],[3.88488,47.78187],[3.88618,47.78227],[3.88776,47.78253],[3.88974,47.78276],[3.89059,47.78119],[3.89095,47.78025],[3.89091,47.78019],[3.88918,47.77983],[3.8891,47.77997]]],[[[3.87086,47.78008],[3.87084,47.78038],[3.87102,47.78065],[3.87214,47.78137],[3.87198,47.78158],[3.87261,47.78178],[3.8721,47.78232],[3.8725,47.78255],[3.87338,47.78279],[3.87394,47.7828],[3.87399,47.78267],[3.87431,47.78258],[3.87439,47.78297],[3.87456,47.78295],[3.87475,47.78345],[3.8742,47.78367],[3.87426,47.78377],[3.87397,47.78383],[3.87404,47.7841],[3.87372,47.78404],[3.87376,47.78397],[3.87342,47.78389],[3.87332,47.78408],[3.87319,47.78406],[3.87314,47.78415],[3.87199,47.78391],[3.87181,47.78381],[3.8719,47.78368],[3.87079,47.78314],[3.8697,47.78321],[3.86965,47.78314],[3.86876,47.78341],[3.86804,47.78415],[3.86791,47.78429],[3.86783,47.78517],[3.86824,47.78611],[3.86857,47.78648],[3.86892,47.78707],[3.8693,47.78745],[3.87001,47.78792],[3.87054,47.78816],[3.87208,47.78855],[3.87241,47.78814],[3.87293,47.78826],[3.87338,47.78731],[3.87517,47.78776],[3.87674,47.78808],[3.87732,47.78671],[3.8788,47.78706],[3.87889,47.78684],[3.88115,47.78723],[3.88275,47.78744],[3.88261,47.78731],[3.88289,47.78669],[3.88415,47.78697],[3.88641,47.78725],[3.88648,47.78677],[3.88676,47.7863],[3.88828,47.78489],[3.88967,47.78313],[3.88979,47.78279],[3.8877,47.78256],[3.88617,47.78232],[3.8848,47.7819],[3.88428,47.7816],[3.88124,47.78051],[3.88039,47.78031],[3.87917,47.78027],[3.87729,47.77999],[3.87467,47.78042],[3.87452,47.78069],[3.87407,47.78057],[3.87409,47.78054],[3.8739,47.78053],[3.87361,47.78039],[3.87307,47.78027],[3.8727,47.7799],[3.87235,47.77985],[3.87119,47.77998],[3.87086,47.78008]]],[[[3.88832,47.80197],[3.88753,47.80131],[3.8874,47.80136],[3.88717,47.8011],[3.88722,47.80102],[3.88699,47.80064],[3.88722,47.80056],[3.88748,47.80019],[3.88797,47.80009],[3.88809,47.79954],[3.88495,47.79903],[3.88419,47.79903],[3.88408,47.80063],[3.88436,47.80152],[3.88486,47.80147],[3.88849,47.80264],[3.88883,47.80229],[3.88873,47.80211],[3.88832,47.80197]]],[[[3.88857,47.80273],[3.88601,47.80188],[3.88574,47.80185],[3.88563,47.80192],[3.88561,47.80206],[3.88631,47.80283],[3.88627,47.80296],[3.88607,47.80304],[3.88462,47.80258],[3.88406,47.80279],[3.88398,47.80355],[3.88516,47.80377],[3.88523,47.80425],[3.88532,47.80411],[3.88551,47.80401],[3.88597,47.804],[3.88615,47.80376],[3.88731,47.80378],[3.88778,47.80365],[3.88801,47.80343],[3.88841,47.80323],[3.88857,47.80273]]],[[[3.88811,47.79949],[3.88795,47.7983],[3.88625,47.7979],[3.88615,47.79877],[3.88607,47.79917],[3.88811,47.79949]]],[[[3.88617,47.80379],[3.88602,47.80403],[3.88554,47.80403],[3.88534,47.80411],[3.88524,47.80429],[3.88596,47.80564],[3.88629,47.80604],[3.88692,47.80641],[3.88729,47.80575],[3.88769,47.80387],[3.8878,47.80367],[3.88731,47.8038],[3.88617,47.80379]]],[[[3.88583,47.79772],[3.88469,47.7978],[3.88484,47.799],[3.88605,47.79917],[3.88622,47.79778],[3.88583,47.79772]]],[[[3.88548,47.80194],[3.88569,47.80176],[3.88497,47.80161],[3.88482,47.80243],[3.88475,47.80254],[3.885,47.80266],[3.88603,47.80295],[3.88608,47.80282],[3.88553,47.80213],[3.88548,47.80194]]],[[[3.88539,47.79649],[3.88389,47.79659],[3.88388,47.79642],[3.88354,47.79634],[3.88313,47.79659],[3.88287,47.79697],[3.88282,47.79716],[3.88291,47.79716],[3.88298,47.79811],[3.88319,47.79908],[3.88437,47.799],[3.88481,47.799],[3.88466,47.79779],[3.88561,47.7977],[3.88558,47.79711],[3.88569,47.79653],[3.88539,47.79649]]],[[[3.88512,47.80379],[3.88325,47.80342],[3.88321,47.80379],[3.88292,47.80409],[3.88251,47.80473],[3.88207,47.8046],[3.88151,47.80514],[3.88135,47.80549],[3.88142,47.80598],[3.88125,47.8066],[3.88131,47.80708],[3.88263,47.80691],[3.88304,47.80667],[3.88319,47.80632],[3.88351,47.80581],[3.88369,47.80563],[3.88416,47.80538],[3.88367,47.80497],[3.884,47.8048],[3.88386,47.80465],[3.8839,47.80457],[3.8846,47.80412],[3.88486,47.80412],[3.88521,47.80428],[3.88512,47.80379]]],[[[3.88472,47.80252],[3.88492,47.8016],[3.8844,47.80159],[3.884,47.80166],[3.88403,47.80215],[3.88472,47.80252]]],[[[3.88406,47.80277],[3.88464,47.80256],[3.88404,47.80225],[3.88406,47.80277]]],[[[3.88404,47.80066],[3.88415,47.79903],[3.88318,47.7991],[3.8832,47.80067],[3.8835,47.80125],[3.88382,47.80165],[3.88433,47.80153],[3.88404,47.80066]]],[[[3.88183,47.80119],[3.8816,47.80064],[3.87998,47.80077],[3.88013,47.80171],[3.88014,47.8023],[3.88082,47.80257],[3.88168,47.80248],[3.88256,47.80211],[3.88183,47.80119]]],[[[3.88218,47.80288],[3.88163,47.80358],[3.88179,47.80392],[3.8817,47.80408],[3.88153,47.80411],[3.8814,47.80399],[3.88129,47.80322],[3.88063,47.80283],[3.8796,47.80335],[3.88017,47.80387],[3.8805,47.80424],[3.87959,47.80336],[3.87854,47.80397],[3.87695,47.80471],[3.8763,47.80517],[3.87595,47.8058],[3.87628,47.80593],[3.87672,47.80626],[3.87762,47.80713],[3.87772,47.80709],[3.87802,47.80731],[3.87952,47.80661],[3.87941,47.80648],[3.87978,47.806],[3.88175,47.80464],[3.88204,47.80418],[3.88207,47.80408],[3.88197,47.80407],[3.88205,47.80387],[3.88244,47.80327],[3.88254,47.80267],[3.88236,47.80227],[3.88218,47.80288]]],[[[3.88102,47.80266],[3.88071,47.80279],[3.8814,47.80322],[3.88146,47.80391],[3.88159,47.80405],[3.88171,47.80392],[3.88154,47.8036],[3.88205,47.8029],[3.88221,47.80231],[3.88168,47.80253],[3.88102,47.80266]]],[[[3.88138,47.81546],[3.88165,47.81509],[3.8813,47.81492],[3.8816,47.81464],[3.88063,47.81425],[3.87967,47.81396],[3.87987,47.81355],[3.87884,47.81337],[3.87904,47.8129],[3.87642,47.81263],[3.87501,47.81281],[3.87357,47.81326],[3.87416,47.81315],[3.87267,47.8135],[3.87189,47.81362],[3.86984,47.81372],[3.86815,47.81401],[3.8646,47.81488],[3.86467,47.81509],[3.86496,47.81509],[3.86496,47.8152],[3.86605,47.81515],[3.86703,47.81501],[3.86786,47.815],[3.87292,47.81564],[3.87344,47.81588],[3.87364,47.8161],[3.87402,47.81686],[3.87425,47.81714],[3.87439,47.81719],[3.87475,47.81717],[3.8766,47.81674],[3.87763,47.81667],[3.87919,47.81679],[3.8813,47.81711],[3.88164,47.8166],[3.88138,47.81658],[3.88216,47.81579],[3.88166,47.81565],[3.8815,47.81549],[3.88138,47.81546]]],[[[3.87764,47.81673],[3.87662,47.81679],[3.87505,47.81717],[3.87442,47.81725],[3.8742,47.8172],[3.87392,47.8169],[3.87355,47.81615],[3.87335,47.81593],[3.87289,47.81571],[3.86783,47.81507],[3.86705,47.81508],[3.86613,47.81522],[3.8646,47.81528],[3.86463,47.8154],[3.86402,47.81544],[3.86396,47.8158],[3.86396,47.8156],[3.86319,47.81566],[3.86242,47.81564],[3.86223,47.81567],[3.8621,47.81578],[3.86118,47.81568],[3.86053,47.81595],[3.86045,47.81593],[3.86129,47.81557],[3.86124,47.81542],[3.86054,47.81551],[3.86007,47.81536],[3.86002,47.81551],[3.85966,47.81544],[3.85977,47.8152],[3.85679,47.81477],[3.85621,47.81619],[3.85524,47.81749],[3.85432,47.81923],[3.85437,47.81967],[3.85471,47.82077],[3.85531,47.82183],[3.85595,47.82241],[3.85804,47.82383],[3.85946,47.82459],[3.85997,47.825],[3.86035,47.82548],[3.86047,47.82578],[3.86047,47.82616],[3.86029,47.82703],[3.86035,47.82706],[3.86141,47.82672],[3.86193,47.82641],[3.86281,47.82605],[3.86374,47.82514],[3.86093,47.82364],[3.85923,47.82234],[3.85846,47.82159],[3.8587,47.8215],[3.85822,47.82069],[3.85812,47.82038],[3.85814,47.81993],[3.85821,47.81958],[3.85873,47.8191],[3.85901,47.819],[3.86035,47.81883],[3.86092,47.81883],[3.86625,47.81844],[3.86763,47.81871],[3.86832,47.81865],[3.86881,47.81896],[3.86956,47.81908],[3.86997,47.81847],[3.87033,47.81829],[3.87064,47.81826],[3.8707,47.81827],[3.8706,47.81875],[3.87142,47.81892],[3.87216,47.81941],[3.87256,47.81978],[3.8737,47.82041],[3.87466,47.82066],[3.87637,47.82077],[3.87772,47.82074],[3.87818,47.82082],[3.87889,47.82117],[3.87925,47.82125],[3.87953,47.82119],[3.87955,47.82108],[3.87902,47.82082],[3.87947,47.82039],[3.87816,47.81928],[3.87771,47.81904],[3.87703,47.81852],[3.876,47.81854],[3.87602,47.81838],[3.87589,47.81832],[3.87625,47.81804],[3.87679,47.81781],[3.87681,47.81789],[3.87806,47.81772],[3.87802,47.81765],[3.87858,47.81758],[3.87885,47.81769],[3.87969,47.81774],[3.87972,47.81763],[3.87999,47.81764],[3.88052,47.81772],[3.8805,47.81776],[3.88063,47.81779],[3.88092,47.8171],[3.87917,47.81684],[3.87764,47.81673]]],[[[3.87849,47.80395],[3.88061,47.80278],[3.87984,47.8023],[3.87965,47.80225],[3.8777,47.80209],[3.87641,47.80208],[3.87583,47.80311],[3.8753,47.80442],[3.87601,47.8046],[3.87657,47.80489],[3.87714,47.80456],[3.87849,47.80395]]],[[[3.87281,47.80032],[3.87476,47.80096],[3.87532,47.8013],[3.87577,47.80183],[3.87611,47.80197],[3.87651,47.80204],[3.87891,47.80213],[3.88009,47.80228],[3.87996,47.80089],[3.87968,47.80076],[3.87872,47.8008],[3.87859,47.79994],[3.87747,47.79988],[3.87604,47.79996],[3.87599,47.79973],[3.87551,47.79978],[3.87553,47.79989],[3.87466,47.80007],[3.87409,47.79924],[3.87338,47.79936],[3.87275,47.79956],[3.87326,47.80011],[3.87281,47.80032]]],[[[3.87323,47.80697],[3.87365,47.80615],[3.87409,47.8056],[3.87428,47.8055],[3.87435,47.80554],[3.87458,47.80537],[3.87493,47.80524],[3.87588,47.80571],[3.87625,47.80517],[3.87651,47.80493],[3.87636,47.8048],[3.87571,47.80453],[3.87517,47.80446],[3.8744,47.80448],[3.874,47.80459],[3.87298,47.80504],[3.87211,47.8056],[3.87149,47.80612],[3.87106,47.80663],[3.87109,47.8067],[3.87229,47.80707],[3.87323,47.80723],[3.874,47.80751],[3.87411,47.80748],[3.87421,47.80726],[3.87323,47.80697]]],[[[3.85845,47.79083],[3.85756,47.79085],[3.85687,47.79079],[3.85667,47.79072],[3.85616,47.79079],[3.85476,47.7911],[3.85413,47.79136],[3.8528,47.79169],[3.85245,47.79183],[3.85234,47.79172],[3.85133,47.79219],[3.85137,47.79225],[3.85011,47.79237],[3.85,47.79236],[3.84989,47.79218],[3.84895,47.79251],[3.84805,47.79295],[3.84799,47.79291],[3.84734,47.79341],[3.84662,47.79436],[3.84647,47.79434],[3.8462,47.79529],[3.84524,47.7951],[3.84477,47.79608],[3.84455,47.79598],[3.84344,47.79669],[3.84277,47.79727],[3.84241,47.79786],[3.84225,47.79783],[3.84219,47.79793],[3.84168,47.79793],[3.84123,47.79781],[3.83981,47.79914],[3.84026,47.79924],[3.8415,47.79924],[3.84145,47.7997],[3.84315,47.79967],[3.84404,47.79941],[3.84427,47.79939],[3.84723,47.79986],[3.84917,47.80055],[3.84912,47.80062],[3.84986,47.80087],[3.84993,47.80077],[3.85077,47.80103],[3.85086,47.80092],[3.85302,47.80199],[3.85279,47.80227],[3.85095,47.80134],[3.84771,47.80012],[3.84612,47.79978],[3.84445,47.79951],[3.84409,47.79954],[3.84295,47.79985],[3.84159,47.80005],[3.84073,47.80003],[3.83952,47.79981],[3.83925,47.80038],[3.84003,47.80059],[3.84078,47.80095],[3.84088,47.80126],[3.83972,47.80113],[3.83976,47.80098],[3.8394,47.8009],[3.83942,47.80085],[3.83721,47.80034],[3.83704,47.80056],[3.83658,47.80162],[3.83658,47.8019],[3.83704,47.80188],[3.83703,47.80234],[3.83677,47.80235],[3.83681,47.8025],[3.83754,47.80247],[3.83782,47.80319],[3.83766,47.80324],[3.8379,47.80364],[3.83758,47.80373],[3.83758,47.80385],[3.8382,47.80481],[3.83919,47.80594],[3.83933,47.80589],[3.84,47.80649],[3.84048,47.80629],[3.84159,47.80713],[3.84209,47.80689],[3.84345,47.8079],[3.84333,47.80798],[3.84349,47.80816],[3.84459,47.80911],[3.84444,47.80923],[3.84643,47.81042],[3.84573,47.81101],[3.84577,47.81108],[3.84718,47.81181],[3.84781,47.81194],[3.85078,47.8131],[3.85459,47.8143],[3.85577,47.81455],[3.85635,47.81458],[3.85662,47.81458],[3.85727,47.8138],[3.85774,47.8134],[3.85816,47.81316],[3.85865,47.813],[3.85738,47.81267],[3.85739,47.81255],[3.85771,47.81209],[3.85792,47.81195],[3.85854,47.81163],[3.85903,47.81159],[3.85904,47.81155],[3.85835,47.81118],[3.85724,47.81073],[3.85922,47.80887],[3.85986,47.80797],[3.86,47.807],[3.8599,47.8065],[3.86197,47.80772],[3.86216,47.80789],[3.86204,47.80783],[3.86171,47.8081],[3.86327,47.80908],[3.8655,47.80974],[3.86547,47.80987],[3.86603,47.80996],[3.86775,47.80998],[3.86767,47.80995],[3.87029,47.8107],[3.87037,47.81065],[3.87015,47.80914],[3.87023,47.80855],[3.87015,47.80915],[3.87359,47.80842],[3.87369,47.80835],[3.87403,47.80765],[3.87398,47.80757],[3.87319,47.80729],[3.87228,47.80714],[3.87091,47.80667],[3.87146,47.80611],[3.87205,47.80561],[3.87304,47.80497],[3.87357,47.80472],[3.8744,47.80446],[3.87522,47.80443],[3.87578,47.80313],[3.87638,47.80207],[3.87498,47.80169],[3.87411,47.80159],[3.87318,47.80162],[3.87266,47.80177],[3.87204,47.80204],[3.87085,47.80291],[3.87024,47.80327],[3.86905,47.80372],[3.86852,47.8037],[3.86807,47.80362],[3.86743,47.8034],[3.86719,47.8034],[3.86713,47.80351],[3.86775,47.80373],[3.87021,47.80607],[3.86772,47.80376],[3.86708,47.80352],[3.86715,47.80341],[3.86685,47.80343],[3.86646,47.80336],[3.86679,47.8034],[3.86743,47.80337],[3.86814,47.8036],[3.86896,47.8037],[3.87013,47.80329],[3.87076,47.80292],[3.87188,47.8021],[3.87229,47.80188],[3.87298,47.80162],[3.87344,47.80155],[3.87412,47.80155],[3.87506,47.80166],[3.87568,47.80181],[3.8753,47.80135],[3.87473,47.801],[3.87335,47.8005],[3.87169,47.80017],[3.87035,47.80003],[3.86836,47.79973],[3.86692,47.79934],[3.86629,47.80015],[3.8669,47.79935],[3.86434,47.79874],[3.86461,47.79758],[3.86661,47.79491],[3.86683,47.79491],[3.86783,47.79222],[3.86556,47.79173],[3.86394,47.79168],[3.86427,47.79281],[3.86436,47.79349],[3.86397,47.79363],[3.86404,47.79377],[3.86372,47.7939],[3.86359,47.79342],[3.86383,47.79294],[3.86376,47.79267],[3.8635,47.79266],[3.8631,47.79215],[3.86298,47.79172],[3.86306,47.79117],[3.86207,47.79105],[3.85986,47.79103],[3.86019,47.79169],[3.86062,47.79223],[3.86075,47.79219],[3.86138,47.79266],[3.86164,47.79295],[3.86178,47.79322],[3.86174,47.79369],[3.86138,47.79359],[3.8614,47.79315],[3.86125,47.79289],[3.86064,47.79242],[3.86019,47.79195],[3.8594,47.79059],[3.85838,47.79065],[3.85845,47.79083]],[[3.86641,47.80282],[3.86631,47.80111],[3.86615,47.80111],[3.86616,47.80074],[3.86624,47.80031],[3.86616,47.8011],[3.86632,47.8011],[3.86643,47.80197],[3.86645,47.8029],[3.86636,47.80334],[3.86641,47.80282]]],[[[3.86966,47.82443],[3.87577,47.82437],[3.8758,47.8242],[3.87254,47.824],[3.87057,47.82374],[3.86953,47.82368],[3.86858,47.82377],[3.86804,47.82395],[3.86745,47.82427],[3.86646,47.82504],[3.8658,47.82592],[3.86553,47.82602],[3.86411,47.82632],[3.86184,47.82669],[3.8603,47.82715],[3.86018,47.8274],[3.86022,47.8277],[3.86007,47.82771],[3.85971,47.82838],[3.85807,47.82961],[3.85724,47.83015],[3.85579,47.83182],[3.85596,47.83189],[3.85562,47.83225],[3.85608,47.83241],[3.85679,47.83254],[3.85703,47.83223],[3.85739,47.83235],[3.85781,47.83192],[3.85804,47.8318],[3.85819,47.83185],[3.85869,47.83126],[3.86038,47.83203],[3.86048,47.83189],[3.86157,47.83226],[3.86178,47.83189],[3.86362,47.83231],[3.86414,47.83143],[3.86504,47.83141],[3.8652,47.83103],[3.86447,47.83087],[3.86365,47.83051],[3.86351,47.8306],[3.86292,47.83045],[3.86242,47.83016],[3.86234,47.83018],[3.86184,47.82979],[3.86194,47.82972],[3.86169,47.82921],[3.86163,47.82881],[3.86172,47.82846],[3.86166,47.82844],[3.86196,47.82798],[3.8624,47.82766],[3.86294,47.82743],[3.86642,47.82675],[3.86684,47.8266],[3.86713,47.82636],[3.86809,47.82506],[3.86845,47.82478],[3.86892,47.82457],[3.86966,47.82443]]],[[[3.86847,47.79971],[3.8704,47.80001],[3.87119,47.80005],[3.8727,47.80033],[3.87319,47.8001],[3.87261,47.79946],[3.872,47.799],[3.87178,47.79809],[3.87166,47.79789],[3.87056,47.79719],[3.87009,47.79697],[3.86942,47.79769],[3.86911,47.79838],[3.86822,47.79835],[3.86805,47.79874],[3.86745,47.79947],[3.86847,47.79971]]],[[[3.87229,47.79888],[3.87207,47.79851],[3.87181,47.79809],[3.87204,47.799],[3.87229,47.79888]]],[[[3.85743,47.81074],[3.85898,47.81142],[3.85916,47.81152],[3.85918,47.81161],[3.85912,47.81166],[3.85859,47.81171],[3.85799,47.812],[3.85763,47.81234],[3.85753,47.81262],[3.85816,47.81283],[3.85863,47.81292],[3.85872,47.81268],[3.859,47.81256],[3.8592,47.81263],[3.85921,47.8127],[3.85936,47.81266],[3.85968,47.81278],[3.86025,47.81324],[3.86084,47.81334],[3.86148,47.81368],[3.86241,47.81402],[3.86357,47.8143],[3.86458,47.81439],[3.86522,47.81436],[3.86575,47.8145],[3.86745,47.81403],[3.86896,47.8137],[3.87001,47.81354],[3.87105,47.8135],[3.87105,47.81243],[3.86966,47.81235],[3.8694,47.81228],[3.86784,47.81214],[3.86587,47.81204],[3.86405,47.8118],[3.86409,47.81171],[3.86171,47.81117],[3.85969,47.81049],[3.85899,47.81022],[3.85913,47.81003],[3.85844,47.80976],[3.85741,47.81067],[3.85743,47.81074]]],[[[3.86306,47.81424],[3.86198,47.81392],[3.86176,47.81418],[3.86216,47.81432],[3.86209,47.81442],[3.86246,47.81453],[3.86259,47.81454],[3.86267,47.8144],[3.86297,47.81446],[3.86297,47.81451],[3.86313,47.81455],[3.86339,47.81451],[3.86341,47.81457],[3.86357,47.81456],[3.86362,47.8145],[3.86376,47.81449],[3.86377,47.81438],[3.86306,47.81424]]],[[[3.8613,47.81446],[3.86017,47.81404],[3.85987,47.81439],[3.85943,47.81421],[3.85918,47.81439],[3.8594,47.81419],[3.85927,47.81413],[3.85941,47.81396],[3.85928,47.81389],[3.859,47.81415],[3.85864,47.81397],[3.8588,47.81381],[3.85864,47.81372],[3.85869,47.81359],[3.85927,47.81323],[3.85892,47.81304],[3.85824,47.81323],[3.85785,47.81345],[3.85734,47.81386],[3.85684,47.81456],[3.85685,47.81461],[3.85936,47.81507],[3.86045,47.8152],[3.86048,47.81508],[3.86094,47.81508],[3.86096,47.81502],[3.86106,47.81504],[3.86111,47.81487],[3.86122,47.81489],[3.86125,47.8148],[3.86099,47.81476],[3.86104,47.81465],[3.86119,47.81469],[3.8613,47.81446]]],[[[3.85585,47.82373],[3.85552,47.82396],[3.85518,47.82417],[3.85427,47.82456],[3.85487,47.82482],[3.85402,47.8257],[3.85398,47.82638],[3.85406,47.82638],[3.85416,47.82666],[3.85437,47.82651],[3.85473,47.82638],[3.85544,47.82624],[3.85629,47.82647],[3.85685,47.82693],[3.85717,47.8268],[3.85771,47.82743],[3.85801,47.82808],[3.85776,47.82858],[3.85609,47.83006],[3.85517,47.83129],[3.85507,47.83154],[3.85565,47.83179],[3.85665,47.83051],[3.85719,47.82999],[3.858,47.82951],[3.85917,47.82869],[3.85965,47.82833],[3.85979,47.82805],[3.85977,47.82769],[3.85956,47.82687],[3.85959,47.82593],[3.8594,47.82552],[3.85858,47.82494],[3.85701,47.82429],[3.85585,47.82373]]],[[[3.85461,47.81443],[3.84983,47.81294],[3.84787,47.81217],[3.84629,47.81186],[3.84607,47.81184],[3.84603,47.81188],[3.84658,47.81261],[3.84772,47.81366],[3.851,47.81575],[3.85391,47.81814],[3.8546,47.81849],[3.8551,47.81755],[3.85605,47.81628],[3.8563,47.81579],[3.85666,47.81473],[3.85551,47.81463],[3.85461,47.81443]]],[[[3.85483,47.8227],[3.85414,47.82168],[3.85347,47.82031],[3.85261,47.81923],[3.85247,47.8192],[3.85257,47.81919],[3.85079,47.81834],[3.84989,47.81809],[3.84996,47.81788],[3.84832,47.81697],[3.84823,47.81699],[3.84848,47.81713],[3.84818,47.81699],[3.84776,47.81727],[3.84777,47.81754],[3.84842,47.81737],[3.84768,47.81757],[3.8471,47.81793],[3.84579,47.81913],[3.84559,47.81964],[3.8455,47.82012],[3.84555,47.82048],[3.84547,47.82048],[3.84542,47.82013],[3.84565,47.81919],[3.84587,47.81892],[3.84703,47.81789],[3.84769,47.81751],[3.84763,47.81728],[3.84802,47.81702],[3.84756,47.81653],[3.84711,47.81584],[3.84447,47.81367],[3.84303,47.81263],[3.84124,47.81348],[3.84046,47.81392],[3.83978,47.81467],[3.83945,47.81461],[3.83958,47.8144],[3.83933,47.81437],[3.83944,47.81413],[3.83893,47.814],[3.83981,47.81337],[3.84015,47.81328],[3.84076,47.81296],[3.84104,47.8127],[3.84209,47.81207],[3.84058,47.8116],[3.84017,47.81109],[3.8399,47.81097],[3.83774,47.81027],[3.83546,47.80986],[3.83485,47.80978],[3.83472,47.81086],[3.83484,47.80974],[3.83173,47.80942],[3.83028,47.80951],[3.82563,47.80995],[3.82446,47.81021],[3.8238,47.81028],[3.82101,47.81034],[3.82042,47.81041],[3.8197,47.81062],[3.81881,47.81113],[3.81838,47.81126],[3.81671,47.8112],[3.81584,47.81124],[3.81335,47.81163],[3.81281,47.81181],[3.81246,47.81213],[3.81032,47.81506],[3.81038,47.81509],[3.81001,47.81549],[3.81091,47.81553],[3.81213,47.8155],[3.81217,47.8156],[3.81413,47.81668],[3.81697,47.81808],[3.81775,47.8187],[3.82099,47.82347],[3.8216,47.82484],[3.82217,47.82583],[3.82241,47.82683],[3.82277,47.82693],[3.82297,47.82726],[3.82368,47.82795],[3.82465,47.82884],[3.8248,47.8289],[3.82481,47.82951],[3.82511,47.83002],[3.82522,47.83114],[3.82586,47.8322],[3.82746,47.83407],[3.82839,47.83461],[3.82926,47.83555],[3.8297,47.83587],[3.83011,47.83608],[3.83025,47.83603],[3.83079,47.83526],[3.83079,47.83511],[3.82972,47.83348],[3.8295,47.83342],[3.83018,47.83305],[3.83078,47.83302],[3.83097,47.8322],[3.83142,47.83108],[3.83183,47.8306],[3.83202,47.83065],[3.83342,47.82966],[3.83394,47.8294],[3.83473,47.82912],[3.8348,47.8291],[3.83482,47.82916],[3.83471,47.82919],[3.83479,47.82934],[3.83514,47.82944],[3.83627,47.82915],[3.83633,47.82908],[3.83594,47.82784],[3.83452,47.82821],[3.83442,47.82797],[3.83391,47.82813],[3.83346,47.82743],[3.83229,47.82778],[3.83135,47.82784],[3.82999,47.82772],[3.82865,47.82783],[3.8272,47.82809],[3.82617,47.82835],[3.82596,47.82811],[3.82547,47.82812],[3.82547,47.82799],[3.82663,47.82676],[3.82619,47.82677],[3.82609,47.82685],[3.82588,47.82668],[3.82529,47.82594],[3.82499,47.82496],[3.82509,47.82494],[3.82502,47.82453],[3.82466,47.82319],[3.82417,47.82186],[3.82424,47.82184],[3.82371,47.82077],[3.82375,47.82061],[3.82346,47.81981],[3.82334,47.81873],[3.82344,47.81871],[3.8236,47.81777],[3.82443,47.8181],[3.82615,47.81974],[3.82758,47.82078],[3.82827,47.8212],[3.82942,47.82221],[3.83209,47.82412],[3.83333,47.82479],[3.83484,47.82543],[3.83668,47.82611],[3.83757,47.8254],[3.83855,47.82442],[3.83797,47.82423],[3.83617,47.82385],[3.83749,47.82326],[3.83771,47.82299],[3.83464,47.82237],[3.834,47.82214],[3.83326,47.8216],[3.83269,47.82128],[3.83237,47.82145],[3.83221,47.82133],[3.83203,47.82143],[3.83154,47.82016],[3.83165,47.82014],[3.83169,47.81974],[3.83192,47.81933],[3.83201,47.81937],[3.8322,47.81918],[3.83239,47.81923],[3.83219,47.81881],[3.83232,47.8188],[3.83231,47.81852],[3.83133,47.8186],[3.83068,47.81779],[3.83052,47.81786],[3.83042,47.81775],[3.83032,47.81779],[3.83016,47.81762],[3.83065,47.81735],[3.83043,47.81692],[3.83011,47.81702],[3.83001,47.8167],[3.82982,47.81674],[3.82976,47.81665],[3.83035,47.81653],[3.83009,47.81595],[3.83024,47.81565],[3.83007,47.81473],[3.82998,47.81473],[3.82976,47.81399],[3.82985,47.81383],[3.8297,47.81381],[3.82973,47.81372],[3.82955,47.81368],[3.82969,47.81349],[3.83043,47.81374],[3.83052,47.81364],[3.83027,47.81351],[3.83079,47.81329],[3.83137,47.81319],[3.83139,47.81326],[3.83216,47.81323],[3.83217,47.81331],[3.83249,47.81331],[3.83255,47.81315],[3.83289,47.81316],[3.83367,47.81327],[3.83366,47.81336],[3.8339,47.8134],[3.8342,47.81342],[3.83423,47.81335],[3.83461,47.81342],[3.83465,47.81335],[3.83522,47.81356],[3.83562,47.8136],[3.83559,47.81365],[3.83577,47.8137],[3.83569,47.81381],[3.83642,47.81403],[3.83632,47.81414],[3.8374,47.8148],[3.83775,47.8152],[3.83767,47.81525],[3.83778,47.81543],[3.83803,47.81533],[3.83822,47.81572],[3.8378,47.8158],[3.83806,47.81628],[3.83847,47.81679],[3.83862,47.81681],[3.83957,47.81757],[3.83967,47.81753],[3.83997,47.81787],[3.84012,47.81792],[3.84064,47.81835],[3.84095,47.81824],[3.84109,47.81841],[3.84117,47.81839],[3.84117,47.81846],[3.84148,47.81876],[3.84138,47.8188],[3.84196,47.81957],[3.84207,47.81988],[3.84243,47.81982],[3.84259,47.81974],[3.84291,47.82002],[3.84305,47.82024],[3.84306,47.82048],[3.84285,47.82055],[3.84302,47.82099],[3.84032,47.82178],[3.84052,47.82227],[3.84107,47.82219],[3.84102,47.82208],[3.84263,47.82188],[3.84362,47.82191],[3.84453,47.82209],[3.84476,47.82263],[3.84378,47.82271],[3.84387,47.82306],[3.8438,47.82365],[3.84327,47.82446],[3.84315,47.82481],[3.84305,47.8248],[3.84278,47.82561],[3.84298,47.82565],[3.84276,47.82601],[3.8432,47.82614],[3.84255,47.82665],[3.84294,47.82713],[3.8434,47.82669],[3.84414,47.82613],[3.84432,47.82571],[3.8444,47.82573],[3.84425,47.82609],[3.84343,47.82671],[3.84374,47.82693],[3.84424,47.8266],[3.84463,47.82618],[3.84504,47.82632],[3.84553,47.82536],[3.84561,47.82537],[3.84719,47.82337],[3.84755,47.82249],[3.84842,47.82084],[3.84852,47.82086],[3.8488,47.82071],[3.84912,47.82068],[3.84947,47.82077],[3.84989,47.82097],[3.85296,47.82335],[3.85372,47.82404],[3.85415,47.8246],[3.85519,47.82415],[3.85587,47.8237],[3.85586,47.82363],[3.85483,47.8227]]],[[[3.85063,47.82217],[3.85043,47.82179],[3.85015,47.82155],[3.85023,47.82148],[3.85008,47.82136],[3.84985,47.82146],[3.84952,47.82123],[3.84876,47.82208],[3.84826,47.82301],[3.8491,47.82332],[3.84923,47.82315],[3.85001,47.82353],[3.8512,47.82263],[3.85093,47.82253],[3.85099,47.82246],[3.85063,47.82217]]],[[[3.84039,47.77378],[3.83986,47.77417],[3.83874,47.77375],[3.83904,47.77254],[3.83904,47.77218],[3.83882,47.77216],[3.83881,47.77142],[3.83698,47.77113],[3.83507,47.77056],[3.83488,47.77099],[3.83253,47.77041],[3.83086,47.76994],[3.83077,47.76976],[3.83093,47.76956],[3.83002,47.76917],[3.82847,47.76872],[3.82729,47.76849],[3.82669,47.7684],[3.8259,47.76936],[3.82598,47.7694],[3.82426,47.77104],[3.82479,47.77152],[3.82613,47.77307],[3.82639,47.7736],[3.82651,47.77415],[3.82663,47.77435],[3.82812,47.77542],[3.82872,47.77576],[3.83002,47.77603],[3.83115,47.77637],[3.83119,47.77632],[3.83233,47.77656],[3.83391,47.7767],[3.83368,47.77747],[3.83511,47.77759],[3.83496,47.77794],[3.83622,47.77805],[3.83788,47.77796],[3.83796,47.77835],[3.8382,47.77838],[3.83847,47.77835],[3.83896,47.77817],[3.83878,47.77798],[3.83968,47.77752],[3.8395,47.77736],[3.8397,47.77726],[3.83902,47.7766],[3.84042,47.77597],[3.84004,47.77555],[3.84094,47.77504],[3.84166,47.77446],[3.84039,47.77378]]],[[[3.82698,47.80969],[3.83111,47.80932],[3.83212,47.80933],[3.83544,47.8097],[3.83775,47.8101],[3.84042,47.81091],[3.84142,47.8102],[3.84008,47.80915],[3.84022,47.80906],[3.84014,47.80898],[3.84024,47.8089],[3.83909,47.80833],[3.83843,47.80816],[3.83836,47.8082],[3.83817,47.80817],[3.83714,47.80775],[3.83673,47.80815],[3.83579,47.8078],[3.83554,47.80764],[3.83527,47.80761],[3.83423,47.8076],[3.83315,47.80779],[3.83318,47.80784],[3.83348,47.80879],[3.83304,47.80758],[3.83231,47.80769],[3.83129,47.80626],[3.82934,47.80705],[3.82841,47.80768],[3.82782,47.80792],[3.82506,47.8087],[3.82398,47.80922],[3.82082,47.81018],[3.82304,47.81004],[3.82301,47.80997],[3.825,47.80978],[3.82504,47.80993],[3.82698,47.80969]]],[[[3.82962,47.83679],[3.8309,47.83703],[3.8312,47.83713],[3.83246,47.83806],[3.83267,47.83791],[3.83275,47.83796],[3.83288,47.83787],[3.83178,47.83698],[3.83155,47.83714],[3.83084,47.83678],[3.83005,47.83663],[3.8301,47.83654],[3.82935,47.8363],[3.8285,47.8358],[3.8282,47.83608],[3.82899,47.83654],[3.82962,47.83679]]],[[[3.82974,47.83699],[3.82797,47.83633],[3.82782,47.83647],[3.82879,47.837],[3.8295,47.83726],[3.82958,47.83717],[3.83091,47.83758],[3.83097,47.83755],[3.83219,47.83825],[3.83229,47.83818],[3.83097,47.83721],[3.82974,47.83699]]],[[[3.82176,47.79293],[3.82153,47.79219],[3.82155,47.79143],[3.82183,47.79137],[3.82185,47.79141],[3.82257,47.79122],[3.82254,47.79118],[3.82425,47.79015],[3.82447,47.79035],[3.82466,47.79022],[3.82411,47.78982],[3.82532,47.78905],[3.82568,47.78862],[3.82692,47.78891],[3.82709,47.78869],[3.82794,47.78899],[3.82808,47.78884],[3.82838,47.78903],[3.82896,47.7886],[3.82845,47.78796],[3.82814,47.78743],[3.82917,47.78716],[3.82886,47.78679],[3.82952,47.78652],[3.82847,47.78579],[3.82798,47.78489],[3.82741,47.7842],[3.82535,47.78293],[3.8254,47.78281],[3.82433,47.78246],[3.82446,47.78231],[3.82338,47.7819],[3.82289,47.78215],[3.82345,47.78233],[3.82302,47.78293],[3.82227,47.78268],[3.82182,47.78247],[3.82179,47.7825],[3.82118,47.78215],[3.82064,47.78165],[3.82017,47.78144],[3.82031,47.78126],[3.81948,47.78103],[3.81897,47.78098],[3.81769,47.7809],[3.81695,47.78096],[3.81692,47.78061],[3.81621,47.7806],[3.81567,47.78067],[3.8144,47.78105],[3.81355,47.78144],[3.81229,47.78285],[3.81225,47.78303],[3.81253,47.78331],[3.81317,47.78344],[3.81315,47.78403],[3.81403,47.78405],[3.81476,47.78417],[3.81561,47.78446],[3.8164,47.78489],[3.81627,47.78497],[3.81516,47.78454],[3.81453,47.78436],[3.81307,47.78437],[3.81307,47.78431],[3.81185,47.78441],[3.81193,47.78477],[3.81204,47.78485],[3.81174,47.78514],[3.81152,47.7855],[3.81101,47.78545],[3.8109,47.786],[3.81113,47.78608],[3.81089,47.78641],[3.81015,47.78695],[3.80998,47.78689],[3.8098,47.78723],[3.80962,47.7872],[3.80949,47.7877],[3.80936,47.78789],[3.80956,47.78868],[3.8096,47.78947],[3.80924,47.78942],[3.80919,47.78962],[3.80816,47.78941],[3.80798,47.78976],[3.80835,47.78983],[3.80758,47.79037],[3.80706,47.79085],[3.80602,47.79238],[3.80594,47.79256],[3.80681,47.79272],[3.80681,47.79286],[3.8072,47.79366],[3.8069,47.79379],[3.80792,47.79425],[3.80701,47.79497],[3.80693,47.79515],[3.80695,47.7953],[3.80724,47.79548],[3.8075,47.79555],[3.80801,47.79605],[3.80799,47.79623],[3.80761,47.79666],[3.80776,47.79714],[3.8082,47.79754],[3.80875,47.79706],[3.80952,47.79739],[3.81123,47.79777],[3.81254,47.79765],[3.81409,47.79735],[3.81404,47.79723],[3.81596,47.79662],[3.81771,47.79646],[3.81769,47.79632],[3.81858,47.79623],[3.81857,47.79616],[3.81918,47.79613],[3.81919,47.79627],[3.82064,47.79627],[3.82068,47.79661],[3.8216,47.79665],[3.82161,47.79673],[3.82268,47.79656],[3.82244,47.79595],[3.82205,47.7953],[3.82205,47.79513],[3.82212,47.79511],[3.82202,47.79498],[3.82234,47.79487],[3.82198,47.79432],[3.82245,47.79418],[3.82176,47.79293]]],[[[3.82429,47.85131],[3.82475,47.85154],[3.8247,47.85159],[3.82426,47.85136],[3.82159,47.85049],[3.82024,47.84998],[3.81897,47.84934],[3.81782,47.8485],[3.81693,47.84819],[3.81634,47.84812],[3.81516,47.84813],[3.81517,47.84818],[3.81456,47.84839],[3.81451,47.84833],[3.81426,47.84852],[3.81361,47.84876],[3.81321,47.84905],[3.81294,47.8491],[3.81298,47.84934],[3.81283,47.84934],[3.81284,47.84943],[3.81414,47.8496],[3.81417,47.84946],[3.81439,47.8495],[3.82144,47.85294],[3.82172,47.85258],[3.82414,47.85331],[3.82515,47.85366],[3.82571,47.8539],[3.82569,47.85395],[3.82667,47.8538],[3.82958,47.85299],[3.82937,47.85249],[3.82914,47.85242],[3.82879,47.85167],[3.82881,47.85089],[3.82746,47.85086],[3.82518,47.8506],[3.82355,47.85007],[3.82108,47.84916],[3.81961,47.84879],[3.81854,47.84812],[3.81806,47.84793],[3.81719,47.84776],[3.81647,47.84775],[3.81577,47.84781],[3.81584,47.84804],[3.81696,47.84811],[3.81746,47.84824],[3.8179,47.84844],[3.81904,47.84931],[3.82025,47.84991],[3.8216,47.85043],[3.82429,47.85131]]],[[[3.80846,47.82751],[3.80801,47.82684],[3.80754,47.82569],[3.80686,47.8248],[3.80653,47.82451],[3.80686,47.82454],[3.80749,47.82435],[3.80816,47.82425],[3.8098,47.82434],[3.80986,47.824],[3.81021,47.82416],[3.80975,47.82326],[3.80981,47.82324],[3.80919,47.8224],[3.80906,47.82244],[3.80902,47.8224],[3.8088,47.82209],[3.80875,47.82187],[3.80895,47.82184],[3.80914,47.82143],[3.80951,47.8212],[3.80949,47.82116],[3.81009,47.82091],[3.81026,47.82111],[3.81243,47.82048],[3.81296,47.82038],[3.81301,47.82047],[3.8135,47.82043],[3.8143,47.82059],[3.81472,47.82073],[3.81477,47.82069],[3.81555,47.82129],[3.81562,47.82125],[3.81606,47.82155],[3.8161,47.82152],[3.81659,47.82201],[3.81671,47.822],[3.81688,47.82216],[3.81682,47.82221],[3.81693,47.82245],[3.81684,47.82248],[3.81725,47.82309],[3.81712,47.82317],[3.81718,47.82328],[3.81665,47.8234],[3.81674,47.82361],[3.81601,47.82377],[3.81626,47.82683],[3.81642,47.82735],[3.81758,47.82964],[3.81808,47.83028],[3.81915,47.83127],[3.82112,47.83029],[3.8234,47.82961],[3.82322,47.8291],[3.82222,47.82815],[3.82187,47.82746],[3.82172,47.82752],[3.82164,47.82745],[3.82145,47.82751],[3.82125,47.82739],[3.82118,47.82741],[3.82108,47.82722],[3.82122,47.82713],[3.82093,47.82686],[3.82101,47.82682],[3.82088,47.82671],[3.82055,47.82681],[3.82047,47.82671],[3.82036,47.82674],[3.82037,47.82688],[3.82056,47.82701],[3.81946,47.82765],[3.8191,47.82794],[3.81889,47.82779],[3.81871,47.82794],[3.81857,47.82788],[3.81843,47.82802],[3.81764,47.82769],[3.81728,47.82787],[3.81681,47.82745],[3.81661,47.82713],[3.81639,47.82625],[3.8167,47.82623],[3.817,47.8259],[3.81773,47.82536],[3.8177,47.82525],[3.81965,47.82601],[3.81991,47.82602],[3.8199,47.82578],[3.82017,47.8258],[3.82019,47.82599],[3.82081,47.82593],[3.82079,47.82587],[3.82067,47.82588],[3.82062,47.82561],[3.82092,47.82561],[3.8209,47.82468],[3.82075,47.82383],[3.82057,47.82342],[3.81771,47.81957],[3.81671,47.8187],[3.81598,47.81827],[3.81414,47.81756],[3.81206,47.81648],[3.81008,47.81566],[3.80977,47.81569],[3.80972,47.81578],[3.80777,47.8167],[3.80723,47.8173],[3.80386,47.82021],[3.80315,47.82074],[3.80111,47.82192],[3.79926,47.82274],[3.79862,47.82291],[3.79426,47.82342],[3.79272,47.82357],[3.78987,47.82373],[3.78905,47.82409],[3.78789,47.82493],[3.79032,47.82594],[3.79342,47.82682],[3.79379,47.82704],[3.79429,47.8284],[3.79409,47.82883],[3.79411,47.82901],[3.79435,47.82954],[3.79448,47.8303],[3.79468,47.8306],[3.79581,47.83141],[3.79629,47.83204],[3.79691,47.83233],[3.79629,47.83204],[3.79692,47.83275],[3.79886,47.83391],[3.80081,47.8354],[3.80244,47.83641],[3.80441,47.83782],[3.80448,47.83782],[3.80501,47.83673],[3.80509,47.83648],[3.8049,47.83595],[3.80409,47.83569],[3.80282,47.83487],[3.80255,47.83457],[3.80187,47.83405],[3.79943,47.8323],[3.79809,47.83095],[3.7979,47.83069],[3.79787,47.83035],[3.79807,47.83013],[3.79866,47.83],[3.7991,47.82999],[3.79946,47.83001],[3.80076,47.83027],[3.80133,47.83049],[3.80161,47.83018],[3.80229,47.8297],[3.8016,47.82905],[3.80133,47.8289],[3.80074,47.82867],[3.79978,47.82843],[3.79997,47.82826],[3.79993,47.82803],[3.79942,47.82788],[3.79951,47.82772],[3.79929,47.82766],[3.79947,47.82726],[3.79949,47.82689],[3.79936,47.82683],[3.79955,47.82651],[3.79988,47.82632],[3.80061,47.82627],[3.80119,47.82615],[3.80241,47.8261],[3.80241,47.82604],[3.80338,47.82606],[3.80337,47.82614],[3.80417,47.82608],[3.80485,47.82627],[3.8054,47.82648],[3.80598,47.82706],[3.80593,47.82708],[3.80617,47.82736],[3.80715,47.82801],[3.80694,47.82817],[3.80733,47.82838],[3.80711,47.82858],[3.80903,47.82919],[3.80971,47.8293],[3.80982,47.82872],[3.80874,47.8283],[3.80833,47.82805],[3.80847,47.82794],[3.80816,47.82764],[3.80846,47.82751]]],[[[3.81073,47.8459],[3.81217,47.84701],[3.81244,47.84687],[3.8131,47.84727],[3.81316,47.84725],[3.81367,47.84753],[3.81375,47.84747],[3.81355,47.84731],[3.81358,47.84728],[3.81447,47.84703],[3.81497,47.84681],[3.81552,47.84642],[3.81682,47.84579],[3.81874,47.84454],[3.82068,47.84381],[3.82162,47.84326],[3.82208,47.84317],[3.82253,47.8432],[3.82178,47.84223],[3.82077,47.84133],[3.82033,47.84104],[3.82014,47.841],[3.82101,47.84012],[3.81847,47.83962],[3.81801,47.84026],[3.81777,47.84047],[3.81712,47.84059],[3.81659,47.84062],[3.81623,47.84057],[3.81556,47.84062],[3.81289,47.84118],[3.81176,47.84166],[3.80918,47.84309],[3.80915,47.84317],[3.80963,47.84419],[3.81073,47.8459]]],[[[3.82005,47.82665],[3.82072,47.82646],[3.82061,47.82629],[3.8205,47.8263],[3.82031,47.82619],[3.82029,47.82605],[3.81995,47.82606],[3.81995,47.82616],[3.82008,47.82616],[3.82021,47.82649],[3.82001,47.82653],[3.82005,47.82665]]],[[[3.81372,47.84736],[3.81451,47.84796],[3.81462,47.84798],[3.81518,47.84784],[3.81612,47.8477],[3.81669,47.84767],[3.81778,47.84776],[3.81816,47.84766],[3.8177,47.84751],[3.81768,47.84755],[3.81713,47.84748],[3.81627,47.84747],[3.81625,47.84708],[3.81596,47.84708],[3.81591,47.84664],[3.81543,47.84656],[3.81475,47.84699],[3.81373,47.84728],[3.81372,47.84736]]],[[[3.80903,47.84303],[3.80914,47.84304],[3.81171,47.84161],[3.81285,47.84113],[3.81557,47.84056],[3.81619,47.84051],[3.81713,47.84053],[3.8177,47.84041],[3.81796,47.84016],[3.81786,47.84012],[3.81738,47.84038],[3.81714,47.84039],[3.81699,47.84024],[3.81616,47.83983],[3.8151,47.83949],[3.81323,47.83982],[3.81217,47.84016],[3.81242,47.84049],[3.81221,47.84055],[3.81227,47.84062],[3.81212,47.84068],[3.81206,47.84062],[3.81189,47.84069],[3.81156,47.8403],[3.81115,47.8406],[3.81084,47.84109],[3.81092,47.84116],[3.80961,47.84223],[3.80879,47.84263],[3.80876,47.84272],[3.80903,47.84303]]],[[[3.81273,47.84963],[3.81272,47.84929],[3.81216,47.84927],[3.81213,47.84955],[3.81273,47.84963]]],[[[3.80923,47.84839],[3.8095,47.84859],[3.80908,47.84901],[3.80896,47.84902],[3.80595,47.84779],[3.80587,47.84783],[3.80582,47.84814],[3.80517,47.84869],[3.80516,47.84877],[3.80922,47.85078],[3.81,47.8511],[3.81099,47.85169],[3.81138,47.85135],[3.81126,47.85078],[3.81139,47.85038],[3.81137,47.84915],[3.81151,47.84909],[3.81189,47.84906],[3.81218,47.84916],[3.81221,47.84893],[3.81228,47.84893],[3.81225,47.84872],[3.81243,47.84872],[3.8123,47.84861],[3.81223,47.84812],[3.81201,47.84806],[3.81194,47.84798],[3.81202,47.84794],[3.81174,47.84773],[3.81181,47.84769],[3.81151,47.84748],[3.81119,47.84739],[3.81125,47.84732],[3.81112,47.84727],[3.81098,47.84738],[3.81076,47.84733],[3.81068,47.84729],[3.81069,47.84722],[3.81035,47.84706],[3.8102,47.84718],[3.81003,47.84711],[3.81006,47.84703],[3.80989,47.84689],[3.80974,47.84721],[3.80958,47.84721],[3.80959,47.84737],[3.80932,47.84739],[3.80918,47.84821],[3.80923,47.84839]]],[[[3.80687,47.83626],[3.80503,47.83788],[3.80482,47.83817],[3.80482,47.83875],[3.80493,47.83908],[3.80516,47.83935],[3.80615,47.84008],[3.80726,47.84105],[3.80788,47.84166],[3.8084,47.84231],[3.80867,47.84235],[3.80885,47.84252],[3.80979,47.842],[3.81061,47.84128],[3.81105,47.84056],[3.81032,47.84021],[3.80988,47.83986],[3.80946,47.83943],[3.80832,47.83855],[3.80826,47.83831],[3.80841,47.83762],[3.80868,47.83723],[3.80935,47.83681],[3.80918,47.83656],[3.80944,47.83647],[3.8093,47.83616],[3.80984,47.8361],[3.80986,47.83545],[3.80949,47.83537],[3.80866,47.83541],[3.80743,47.83594],[3.80687,47.83626]]],[[[3.80969,47.84469],[3.81013,47.84533],[3.8102,47.84532],[3.81032,47.84541],[3.80955,47.8442],[3.80926,47.8436],[3.80969,47.84469]]],[[[3.80411,47.84662],[3.80568,47.8476],[3.80879,47.84888],[3.80917,47.8488],[3.80934,47.84864],[3.8091,47.84821],[3.80924,47.84767],[3.80926,47.84716],[3.80946,47.84684],[3.80903,47.84669],[3.80906,47.84657],[3.80927,47.84644],[3.80921,47.84637],[3.80944,47.84628],[3.80927,47.84598],[3.8091,47.84604],[3.80897,47.84583],[3.80914,47.84579],[3.80878,47.84544],[3.80885,47.84541],[3.80875,47.84523],[3.80856,47.84529],[3.80822,47.84506],[3.80834,47.84492],[3.80727,47.84489],[3.80725,47.8448],[3.80671,47.84487],[3.80669,47.84479],[3.80583,47.84509],[3.80504,47.84552],[3.80408,47.84653],[3.80411,47.84662]]],[[[3.79304,47.83358],[3.78737,47.83311],[3.78713,47.83363],[3.7861,47.8336],[3.7832,47.83387],[3.78319,47.83398],[3.78016,47.83347],[3.77898,47.83718],[3.77777,47.84309],[3.77665,47.84486],[3.77616,47.84586],[3.77686,47.8454],[3.7774,47.84526],[3.77884,47.84531],[3.7806,47.84522],[3.78424,47.84539],[3.7847,47.84536],[3.78437,47.84421],[3.78409,47.8438],[3.78384,47.8432],[3.78387,47.84282],[3.78425,47.84228],[3.78488,47.84192],[3.7854,47.84142],[3.78567,47.84111],[3.78643,47.83988],[3.78686,47.83948],[3.78764,47.83898],[3.7883,47.83869],[3.78895,47.83913],[3.78942,47.83878],[3.78875,47.83839],[3.78912,47.83768],[3.78945,47.83735],[3.78924,47.83724],[3.79024,47.83673],[3.79083,47.83659],[3.79147,47.83666],[3.79209,47.83708],[3.79341,47.83907],[3.79415,47.83999],[3.7951,47.83968],[3.79575,47.84149],[3.79614,47.84209],[3.79677,47.84236],[3.79769,47.84264],[3.79776,47.84259],[3.79818,47.84277],[3.80041,47.84409],[3.80077,47.84436],[3.80118,47.8448],[3.80165,47.84564],[3.80335,47.84517],[3.80372,47.84503],[3.80419,47.84462],[3.80514,47.84425],[3.80625,47.84393],[3.80658,47.8439],[3.80685,47.84394],[3.80726,47.84405],[3.80748,47.84419],[3.80749,47.84417],[3.80748,47.84403],[3.80712,47.8438],[3.80553,47.84305],[3.80489,47.84313],[3.80429,47.84338],[3.80384,47.8437],[3.80302,47.84351],[3.8028,47.84339],[3.80216,47.84229],[3.80142,47.8414],[3.8001,47.84042],[3.79756,47.83877],[3.79826,47.83839],[3.79827,47.83832],[3.79791,47.83808],[3.79726,47.83779],[3.79583,47.83681],[3.79545,47.83664],[3.79535,47.83643],[3.79544,47.83638],[3.79552,47.8366],[3.79587,47.83675],[3.79731,47.83774],[3.79798,47.83805],[3.79845,47.83836],[3.79774,47.83874],[3.79774,47.8388],[3.80017,47.84038],[3.8015,47.84137],[3.80224,47.84227],[3.80253,47.84287],[3.80287,47.84336],[3.80368,47.8436],[3.80386,47.84357],[3.80485,47.84306],[3.80555,47.84297],[3.80718,47.84376],[3.80757,47.844],[3.80757,47.84436],[3.80828,47.84464],[3.80852,47.84468],[3.80843,47.84435],[3.80822,47.84437],[3.80805,47.84432],[3.80793,47.84398],[3.80828,47.84389],[3.80802,47.8431],[3.80758,47.8423],[3.80723,47.84191],[3.80573,47.84094],[3.80451,47.84033],[3.80411,47.84005],[3.80346,47.8394],[3.80256,47.83888],[3.80227,47.83862],[3.80184,47.83781],[3.8,47.83638],[3.79846,47.83547],[3.79698,47.83427],[3.79373,47.83368],[3.79304,47.83525],[3.79299,47.8352],[3.79365,47.8337],[3.79304,47.83358]],[[3.79458,47.83662],[3.79609,47.83872],[3.79626,47.83901],[3.79635,47.83939],[3.79578,47.83837],[3.79458,47.83662]]],[[[3.79362,47.82722],[3.79171,47.82968],[3.79327,47.83039],[3.79441,47.83137],[3.79455,47.83142],[3.79463,47.83157],[3.79489,47.83144],[3.7949,47.83145],[3.79413,47.83187],[3.79412,47.83198],[3.79668,47.83304],[3.79822,47.83397],[3.80034,47.83612],[3.8008,47.83645],[3.80259,47.83741],[3.80267,47.83782],[3.803,47.83843],[3.80398,47.83943],[3.80513,47.84027],[3.80698,47.84121],[3.80713,47.84111],[3.80604,47.84015],[3.80489,47.83929],[3.80469,47.83891],[3.80467,47.83831],[3.80439,47.83794],[3.80234,47.83648],[3.80072,47.83546],[3.79926,47.83431],[3.79705,47.833],[3.79659,47.8326],[3.79603,47.83192],[3.7949,47.83145],[3.79603,47.83192],[3.79558,47.83138],[3.7948,47.83086],[3.7944,47.83042],[3.79421,47.82952],[3.79397,47.829],[3.79408,47.82838],[3.79404,47.82808],[3.79369,47.82722],[3.79362,47.82722]]],[[[3.80474,47.84715],[3.80374,47.84795],[3.80491,47.84867],[3.80505,47.84868],[3.80575,47.84812],[3.80578,47.84785],[3.80561,47.84764],[3.80474,47.84715]]],[[[3.79576,47.86883],[3.79469,47.86867],[3.79479,47.86846],[3.79463,47.86848],[3.79439,47.86841],[3.7936,47.86838],[3.79212,47.86854],[3.79054,47.86908],[3.79079,47.86956],[3.79037,47.86968],[3.78992,47.8695],[3.78976,47.86953],[3.78964,47.86956],[3.78957,47.86974],[3.7894,47.86984],[3.78893,47.86984],[3.78885,47.86995],[3.78858,47.86998],[3.78857,47.87004],[3.78885,47.87021],[3.78877,47.87016],[3.78869,47.8702],[3.78876,47.87027],[3.78909,47.87051],[3.78897,47.87071],[3.78877,47.87078],[3.78825,47.87055],[3.78751,47.87008],[3.78721,47.8698],[3.78667,47.86999],[3.78655,47.87006],[3.78669,47.87004],[3.78607,47.87031],[3.78562,47.87063],[3.78447,47.87115],[3.78434,47.87119],[3.78376,47.87107],[3.78388,47.87138],[3.78416,47.87168],[3.78397,47.87177],[3.78438,47.87216],[3.78664,47.87277],[3.7863,47.87331],[3.78612,47.87401],[3.78691,47.87414],[3.78847,47.87458],[3.78931,47.87475],[3.78955,47.87448],[3.7888,47.87384],[3.78865,47.87385],[3.78886,47.87399],[3.78863,47.87383],[3.7885,47.87373],[3.78762,47.87337],[3.78717,47.87302],[3.78667,47.87278],[3.78803,47.87165],[3.78835,47.87185],[3.78851,47.87179],[3.79079,47.87342],[3.7912,47.87315],[3.79097,47.87291],[3.79306,47.87149],[3.79314,47.87153],[3.79113,47.87288],[3.79157,47.87332],[3.79211,47.87357],[3.79316,47.87295],[3.79407,47.8723],[3.79422,47.87198],[3.79435,47.87191],[3.79531,47.87167],[3.79682,47.8717],[3.79713,47.87069],[3.79795,47.86952],[3.79663,47.86904],[3.79576,47.86883]]],[[[3.77256,47.76905],[3.77172,47.76861],[3.77057,47.76787],[3.76898,47.76661],[3.76608,47.76468],[3.76228,47.76289],[3.76072,47.76159],[3.7606,47.76199],[3.76031,47.76245],[3.75986,47.76297],[3.75971,47.76307],[3.76028,47.76244],[3.76056,47.76199],[3.76069,47.76155],[3.76029,47.76127],[3.75949,47.7609],[3.75925,47.76102],[3.75912,47.76101],[3.75829,47.76059],[3.75816,47.76063],[3.75824,47.76083],[3.75789,47.7609],[3.75796,47.76114],[3.75773,47.76116],[3.75749,47.76315],[3.75744,47.76408],[3.75753,47.76436],[3.75738,47.76408],[3.75766,47.76143],[3.75745,47.76142],[3.75738,47.76108],[3.75626,47.7611],[3.75541,47.76102],[3.75498,47.76154],[3.7536,47.76261],[3.75315,47.7632],[3.75307,47.76339],[3.75366,47.76365],[3.75586,47.76465],[3.75307,47.76339],[3.75298,47.76363],[3.75292,47.76461],[3.75372,47.76558],[3.7547,47.76597],[3.7557,47.76628],[3.75742,47.76666],[3.75745,47.76656],[3.75919,47.7666],[3.76032,47.76655],[3.76049,47.76684],[3.76062,47.76679],[3.76141,47.76733],[3.76242,47.76778],[3.76408,47.76834],[3.76467,47.76787],[3.76397,47.76856],[3.76515,47.76899],[3.76609,47.76946],[3.76709,47.77039],[3.76778,47.7709],[3.76918,47.77227],[3.76893,47.77255],[3.76779,47.77273],[3.76706,47.77268],[3.76709,47.77189],[3.76818,47.77159],[3.76774,47.7711],[3.76655,47.77015],[3.76576,47.76942],[3.76525,47.76915],[3.76293,47.76828],[3.76118,47.76775],[3.76001,47.7672],[3.758,47.76705],[3.75683,47.7668],[3.75524,47.76666],[3.75381,47.76641],[3.75284,47.76646],[3.75365,47.76838],[3.75391,47.76878],[3.75473,47.76979],[3.75563,47.77115],[3.75583,47.771],[3.75608,47.77114],[3.75577,47.77133],[3.75609,47.77172],[3.75616,47.77216],[3.75668,47.77233],[3.75832,47.77329],[3.75767,47.77367],[3.75718,47.77385],[3.75779,47.77452],[3.75884,47.77629],[3.76099,47.77673],[3.76103,47.77661],[3.76129,47.77666],[3.76192,47.77492],[3.76272,47.77499],[3.76407,47.77545],[3.76862,47.77584],[3.77099,47.77634],[3.77119,47.77618],[3.77207,47.77668],[3.7733,47.77716],[3.77436,47.7768],[3.77371,47.7758],[3.77389,47.77572],[3.77534,47.77779],[3.77574,47.77822],[3.77641,47.77878],[3.77616,47.7789],[3.77739,47.77993],[3.7784,47.78057],[3.7784,47.7805],[3.77911,47.78003],[3.7789,47.7797],[3.77841,47.77823],[3.77827,47.77731],[3.7769,47.7756],[3.77575,47.77401],[3.77322,47.76998],[3.77345,47.77022],[3.77446,47.77173],[3.77583,47.77399],[3.77699,47.77558],[3.77827,47.77717],[3.77847,47.77821],[3.77895,47.77968],[3.77927,47.78015],[3.7804,47.78025],[3.7807,47.78034],[3.78145,47.78073],[3.78207,47.78118],[3.78255,47.7817],[3.78382,47.78361],[3.78381,47.78365],[3.78367,47.78363],[3.78428,47.78468],[3.78457,47.7846],[3.78484,47.78498],[3.78521,47.78585],[3.78502,47.78592],[3.78527,47.78648],[3.78599,47.78874],[3.786,47.78925],[3.78655,47.79025],[3.78698,47.79138],[3.78691,47.79139],[3.78706,47.79172],[3.78693,47.79177],[3.78761,47.79275],[3.78771,47.79271],[3.78787,47.79294],[3.78762,47.79303],[3.78799,47.79356],[3.78776,47.79362],[3.78783,47.79382],[3.78769,47.79388],[3.78797,47.79435],[3.78798,47.79467],[3.78811,47.79502],[3.78869,47.79489],[3.7891,47.79557],[3.78989,47.7954],[3.79005,47.79586],[3.79016,47.79669],[3.79064,47.7973],[3.79088,47.79754],[3.79177,47.79782],[3.7922,47.79857],[3.79303,47.79909],[3.79292,47.7988],[3.79289,47.79828],[3.79279,47.79794],[3.79213,47.79623],[3.79357,47.79566],[3.79282,47.79509],[3.79209,47.79436],[3.7922,47.7943],[3.79161,47.79376],[3.79246,47.79333],[3.79296,47.79317],[3.79301,47.79322],[3.79354,47.79311],[3.7944,47.79284],[3.7941,47.79215],[3.79345,47.79003],[3.79338,47.78956],[3.79343,47.7894],[3.79386,47.78905],[3.79511,47.78669],[3.79449,47.78664],[3.79454,47.78635],[3.79445,47.78633],[3.79463,47.7851],[3.7944,47.78491],[3.79593,47.78414],[3.79545,47.78382],[3.79418,47.78273],[3.79413,47.78265],[3.79426,47.78257],[3.7942,47.78252],[3.79403,47.78259],[3.79365,47.78236],[3.79329,47.78202],[3.79339,47.78198],[3.79327,47.78187],[3.79337,47.78182],[3.79331,47.78175],[3.79305,47.78161],[3.79274,47.78173],[3.79265,47.78171],[3.79243,47.78156],[3.7925,47.78146],[3.79144,47.7803],[3.79147,47.78012],[3.79063,47.77928],[3.78973,47.7786],[3.78981,47.77852],[3.78798,47.77691],[3.78468,47.77369],[3.78393,47.77404],[3.78273,47.77268],[3.78278,47.77265],[3.78025,47.77043],[3.78043,47.7703],[3.77894,47.76937],[3.77767,47.76868],[3.77745,47.76852],[3.77756,47.76846],[3.77713,47.76818],[3.77705,47.76822],[3.77675,47.76802],[3.77635,47.76829],[3.77395,47.76956],[3.77381,47.76958],[3.77256,47.76905]],[[3.76128,47.7662],[3.76251,47.76532],[3.76241,47.76548],[3.76149,47.76619],[3.7655,47.76798],[3.76637,47.76846],[3.76402,47.76741],[3.76277,47.76694],[3.7617,47.76645],[3.76053,47.76606],[3.76128,47.7662]],[[3.75934,47.76465],[3.75962,47.76565],[3.75966,47.76578],[3.75957,47.76575],[3.75925,47.76464],[3.75934,47.76465]]],[[[3.76428,47.79292],[3.76372,47.79289],[3.76379,47.79251],[3.76324,47.79245],[3.76315,47.79299],[3.76308,47.79303],[3.76242,47.79299],[3.76239,47.79314],[3.76212,47.79314],[3.76211,47.79319],[3.76115,47.79319],[3.76092,47.79314],[3.76083,47.79279],[3.75877,47.79286],[3.75953,47.79338],[3.75992,47.79354],[3.75902,47.79406],[3.75998,47.79471],[3.76087,47.7951],[3.76038,47.79553],[3.76053,47.79559],[3.76048,47.79566],[3.75959,47.79541],[3.75878,47.79636],[3.75779,47.79696],[3.75863,47.79763],[3.75948,47.79709],[3.75993,47.79668],[3.76233,47.79763],[3.76431,47.79865],[3.76639,47.79984],[3.76676,47.80013],[3.76718,47.80058],[3.76711,47.80065],[3.76739,47.80086],[3.76748,47.80081],[3.76779,47.80101],[3.76789,47.80095],[3.76794,47.80099],[3.76724,47.8014],[3.76808,47.802],[3.7679,47.8021],[3.76958,47.80324],[3.77044,47.80386],[3.77056,47.80402],[3.77394,47.80627],[3.77346,47.80674],[3.77326,47.8067],[3.77307,47.80676],[3.773,47.80665],[3.7713,47.80717],[3.77103,47.8072],[3.77081,47.80712],[3.77066,47.80716],[3.77026,47.80708],[3.7703,47.807],[3.77013,47.80695],[3.77019,47.80683],[3.76955,47.80668],[3.76939,47.80695],[3.76851,47.80657],[3.76819,47.80687],[3.76758,47.80656],[3.76779,47.80637],[3.76752,47.80621],[3.76738,47.80633],[3.76658,47.80591],[3.76568,47.80528],[3.76561,47.80532],[3.76556,47.80528],[3.76585,47.80511],[3.76573,47.80499],[3.76581,47.80493],[3.76563,47.80462],[3.76516,47.80434],[3.76497,47.80444],[3.76447,47.80418],[3.76385,47.80457],[3.7638,47.80445],[3.76465,47.80369],[3.7642,47.80337],[3.76408,47.80347],[3.76396,47.80342],[3.7634,47.80388],[3.76264,47.80301],[3.76248,47.80272],[3.76233,47.80288],[3.76214,47.80281],[3.76209,47.80286],[3.76185,47.80274],[3.76147,47.8032],[3.76136,47.80305],[3.76112,47.80299],[3.76126,47.8028],[3.76106,47.80273],[3.7609,47.80293],[3.76057,47.80284],[3.75976,47.80377],[3.75862,47.80459],[3.75865,47.80485],[3.76029,47.80653],[3.76146,47.80761],[3.76214,47.80858],[3.76266,47.80954],[3.76275,47.80998],[3.76273,47.81075],[3.76284,47.81116],[3.76272,47.81129],[3.7598,47.81106],[3.75948,47.81096],[3.75728,47.81073],[3.75562,47.81041],[3.7548,47.81034],[3.75436,47.8104],[3.75405,47.81053],[3.75396,47.81068],[3.754,47.81103],[3.75443,47.81138],[3.75526,47.81181],[3.75686,47.81247],[3.75891,47.81343],[3.75984,47.81403],[3.75853,47.81512],[3.75982,47.81589],[3.76142,47.81696],[3.76193,47.81817],[3.76528,47.8175],[3.76538,47.81753],[3.76624,47.81837],[3.76648,47.8185],[3.76705,47.81925],[3.76724,47.8199],[3.76704,47.82057],[3.76704,47.82071],[3.76715,47.82082],[3.76984,47.82146],[3.77065,47.82157],[3.7717,47.82162],[3.77257,47.82155],[3.77246,47.82069],[3.7721,47.81998],[3.77285,47.81981],[3.77292,47.81974],[3.77241,47.81878],[3.77183,47.81827],[3.77148,47.81813],[3.77101,47.81781],[3.77026,47.81714],[3.77012,47.81687],[3.76941,47.81636],[3.76954,47.81627],[3.76904,47.81602],[3.76955,47.81569],[3.76997,47.81524],[3.76982,47.81518],[3.77007,47.81476],[3.77026,47.81481],[3.77023,47.81437],[3.77137,47.81409],[3.77152,47.81433],[3.77356,47.81326],[3.77418,47.81358],[3.7753,47.81445],[3.77541,47.81446],[3.77634,47.81401],[3.77698,47.81363],[3.77775,47.813],[3.78019,47.81328],[3.77904,47.81217],[3.78132,47.81141],[3.78146,47.81168],[3.78178,47.81156],[3.78272,47.81145],[3.78288,47.81182],[3.78322,47.81227],[3.78471,47.81203],[3.78484,47.81232],[3.78601,47.81225],[3.78756,47.81204],[3.78777,47.81206],[3.78779,47.812],[3.78694,47.81118],[3.7877,47.81094],[3.78778,47.81101],[3.78954,47.8104],[3.78977,47.81059],[3.79089,47.81008],[3.79008,47.80901],[3.78949,47.80886],[3.78937,47.80869],[3.79089,47.80775],[3.78972,47.80705],[3.78993,47.80682],[3.78581,47.80509],[3.78593,47.80498],[3.78541,47.80484],[3.78544,47.80476],[3.78592,47.80423],[3.78787,47.80513],[3.7906,47.80626],[3.79081,47.80612],[3.79133,47.80644],[3.7921,47.8059],[3.79188,47.80574],[3.79349,47.80511],[3.79337,47.80494],[3.79384,47.80473],[3.79322,47.80388],[3.79196,47.80262],[3.79123,47.80165],[3.79002,47.80073],[3.78874,47.79965],[3.78809,47.79924],[3.7869,47.79831],[3.78631,47.79743],[3.78591,47.79662],[3.78599,47.79658],[3.78567,47.7958],[3.7851,47.79595],[3.78507,47.79572],[3.78434,47.79433],[3.78455,47.79416],[3.784,47.79305],[3.78353,47.79257],[3.78257,47.79213],[3.78171,47.79152],[3.78179,47.79148],[3.78124,47.79112],[3.78126,47.79104],[3.78182,47.79054],[3.7814,47.79033],[3.78169,47.79024],[3.78134,47.78959],[3.7817,47.78946],[3.7812,47.78847],[3.7794,47.78697],[3.7793,47.78697],[3.7792,47.78706],[3.77914,47.78703],[3.77877,47.78673],[3.77896,47.78663],[3.77831,47.78626],[3.778,47.78596],[3.7776,47.78582],[3.77745,47.78592],[3.77731,47.78585],[3.77735,47.78574],[3.77672,47.78542],[3.77659,47.78549],[3.77625,47.78533],[3.77608,47.78532],[3.77609,47.78526],[3.77559,47.78526],[3.77503,47.78388],[3.77382,47.78441],[3.77376,47.78451],[3.7727,47.78504],[3.77195,47.78518],[3.77116,47.78521],[3.77116,47.78533],[3.77074,47.78532],[3.76931,47.78508],[3.76744,47.78488],[3.76659,47.78467],[3.76639,47.78456],[3.76431,47.78449],[3.76418,47.78455],[3.7642,47.78481],[3.76295,47.78494],[3.76271,47.78503],[3.76201,47.78491],[3.76057,47.78505],[3.76043,47.78477],[3.75964,47.78472],[3.75913,47.7846],[3.75826,47.78428],[3.7571,47.78403],[3.75427,47.7829],[3.75195,47.78183],[3.75044,47.78132],[3.74901,47.78111],[3.74756,47.78081],[3.74655,47.78073],[3.74605,47.78085],[3.74597,47.78106],[3.74617,47.7811],[3.74615,47.78121],[3.74889,47.78176],[3.74886,47.78182],[3.74963,47.78213],[3.74957,47.78219],[3.74965,47.78223],[3.74969,47.78219],[3.75001,47.7823],[3.75018,47.78227],[3.75043,47.78234],[3.75054,47.78238],[3.7505,47.78244],[3.75093,47.78266],[3.75178,47.78297],[3.75203,47.78314],[3.75195,47.78322],[3.752,47.78326],[3.75209,47.7832],[3.75238,47.78337],[3.75205,47.78361],[3.7522,47.7837],[3.75236,47.78359],[3.75244,47.78365],[3.75231,47.78374],[3.75247,47.78379],[3.75256,47.78373],[3.7527,47.78384],[3.75265,47.78388],[3.75276,47.78403],[3.75309,47.78424],[3.75308,47.7843],[3.75349,47.78451],[3.75374,47.78438],[3.7539,47.78451],[3.75405,47.78448],[3.75407,47.78479],[3.75386,47.7848],[3.75389,47.78508],[3.75365,47.78514],[3.7537,47.78533],[3.75402,47.78587],[3.75482,47.78665],[3.75549,47.78673],[3.75548,47.78644],[3.7556,47.78645],[3.7556,47.78635],[3.75664,47.78628],[3.75652,47.78652],[3.75713,47.78664],[3.75711,47.78668],[3.75755,47.78682],[3.75753,47.78686],[3.75861,47.78717],[3.75865,47.7871],[3.75887,47.78716],[3.75884,47.78722],[3.75945,47.78737],[3.76018,47.78766],[3.75997,47.78791],[3.76046,47.78821],[3.76042,47.78825],[3.761,47.7885],[3.76074,47.78868],[3.76096,47.78882],[3.76107,47.78901],[3.76124,47.7889],[3.76263,47.78989],[3.76252,47.79001],[3.76297,47.79027],[3.76287,47.7904],[3.76354,47.79079],[3.76364,47.79069],[3.7643,47.79104],[3.76497,47.79149],[3.76491,47.79155],[3.7653,47.79173],[3.76545,47.7916],[3.76603,47.7919],[3.76559,47.7923],[3.76427,47.79189],[3.76422,47.79246],[3.76428,47.79292]],[[3.7799,47.79095],[3.77903,47.7903],[3.7792,47.79015],[3.77993,47.79039],[3.78097,47.79088],[3.78062,47.79117],[3.78026,47.79132],[3.7799,47.79095]]],[[[3.79114,47.86105],[3.78849,47.86013],[3.78769,47.86155],[3.78696,47.86136],[3.78571,47.86132],[3.78339,47.86068],[3.78279,47.86195],[3.78226,47.86411],[3.7828,47.86594],[3.78319,47.8658],[3.78442,47.86499],[3.78705,47.86355],[3.78741,47.86342],[3.78916,47.86309],[3.79163,47.86291],[3.79168,47.86243],[3.79204,47.86126],[3.79114,47.86105]]],[[[3.78675,47.87576],[3.78676,47.87593],[3.78719,47.87576],[3.78754,47.87552],[3.78815,47.87533],[3.78842,47.87466],[3.78759,47.87442],[3.78715,47.87494],[3.78675,47.87576]]],[[[3.78581,47.88377],[3.78506,47.88392],[3.78537,47.88397],[3.78563,47.88411],[3.78624,47.88482],[3.78671,47.88501],[3.78737,47.88511],[3.78726,47.88386],[3.78675,47.88389],[3.78685,47.88348],[3.78756,47.88264],[3.7885,47.88174],[3.78828,47.88163],[3.78746,47.88081],[3.78674,47.87992],[3.78594,47.88052],[3.78484,47.88162],[3.78573,47.88199],[3.78548,47.88229],[3.78627,47.88256],[3.78589,47.88328],[3.78581,47.88377]]],[[[3.78554,47.88416],[3.78534,47.88404],[3.78381,47.88385],[3.78289,47.88394],[3.78226,47.88387],[3.78163,47.88389],[3.78148,47.88381],[3.78114,47.88382],[3.78089,47.8839],[3.78061,47.88364],[3.78036,47.88371],[3.7801,47.88352],[3.7797,47.88356],[3.77882,47.88347],[3.7788,47.8835],[3.77874,47.88392],[3.77927,47.88395],[3.77925,47.8841],[3.78041,47.88416],[3.78046,47.88487],[3.78351,47.88503],[3.78423,47.88514],[3.78609,47.88491],[3.78613,47.88485],[3.78554,47.88416]]],[[[3.78427,47.84554],[3.78104,47.84534],[3.77894,47.84544],[3.77869,47.84639],[3.77889,47.84543],[3.77737,47.84539],[3.77702,47.84551],[3.7754,47.84945],[3.77662,47.84966],[3.77539,47.84948],[3.77266,47.8552],[3.77071,47.85898],[3.77058,47.85935],[3.77055,47.85977],[3.77066,47.86089],[3.77188,47.85977],[3.77265,47.85893],[3.77387,47.85729],[3.77442,47.85669],[3.77502,47.85627],[3.77582,47.85554],[3.77654,47.85514],[3.77714,47.8546],[3.77823,47.85414],[3.78018,47.85316],[3.78068,47.8527],[3.78182,47.85186],[3.78213,47.85171],[3.78188,47.85134],[3.78233,47.85079],[3.781,47.85019],[3.78105,47.85013],[3.78077,47.85001],[3.78102,47.84959],[3.78034,47.84937],[3.78032,47.849],[3.77997,47.84875],[3.77997,47.84858],[3.78035,47.84736],[3.78056,47.84713],[3.78129,47.8466],[3.78181,47.84649],[3.78223,47.8465],[3.78475,47.84723],[3.78457,47.84643],[3.78474,47.84546],[3.78427,47.84554]]],[[[3.78245,47.87423],[3.78241,47.87432],[3.782,47.8742],[3.77837,47.87255],[3.77614,47.87202],[3.77569,47.87198],[3.77498,47.87202],[3.77331,47.87222],[3.77242,47.87244],[3.77135,47.87283],[3.77283,47.87377],[3.77346,47.874],[3.77705,47.87563],[3.77842,47.87433],[3.7756,47.87299],[3.77419,47.87267],[3.77421,47.87261],[3.77564,47.87295],[3.77858,47.87433],[3.77713,47.87564],[3.77761,47.87596],[3.77754,47.87602],[3.77856,47.87669],[3.77959,47.87576],[3.78056,47.87526],[3.7814,47.87567],[3.78175,47.87576],[3.78211,47.87494],[3.78359,47.87538],[3.78399,47.87456],[3.78245,47.87423]]],[[[3.78228,47.85889],[3.78221,47.85886],[3.78226,47.8587],[3.78104,47.85858],[3.78109,47.85847],[3.78029,47.85831],[3.77795,47.85764],[3.77765,47.85761],[3.7772,47.85769],[3.77625,47.8581],[3.77561,47.85889],[3.77534,47.85943],[3.77994,47.85977],[3.78076,47.86003],[3.78187,47.86018],[3.78054,47.86363],[3.78058,47.86369],[3.78233,47.86355],[3.78271,47.86194],[3.78347,47.86031],[3.78183,47.86004],[3.78213,47.85912],[3.78228,47.85889]]],[[[3.7823,47.86368],[3.78223,47.86364],[3.7805,47.86374],[3.77746,47.86427],[3.77717,47.86437],[3.77663,47.86489],[3.77572,47.86534],[3.77727,47.86789],[3.77822,47.86748],[3.78082,47.86676],[3.78267,47.86603],[3.78216,47.86412],[3.7823,47.86368]]],[[[3.77992,47.85981],[3.77547,47.8595],[3.77537,47.85955],[3.77533,47.85978],[3.77549,47.86045],[3.77556,47.86048],[3.77628,47.86042],[3.77783,47.86044],[3.77931,47.86037],[3.78058,47.86072],[3.78098,47.86113],[3.7814,47.86117],[3.78165,47.86061],[3.78172,47.86021],[3.78073,47.86008],[3.77992,47.85981]]],[[[3.7793,47.86043],[3.77783,47.8605],[3.77621,47.86047],[3.77544,47.86054],[3.77518,47.86039],[3.77482,47.86046],[3.77423,47.86047],[3.77411,47.86074],[3.77238,47.86153],[3.77127,47.86216],[3.77036,47.86287],[3.76972,47.86383],[3.76938,47.86408],[3.76827,47.86543],[3.7687,47.86555],[3.76854,47.86592],[3.76881,47.86599],[3.76869,47.8662],[3.76922,47.86633],[3.76912,47.86657],[3.77092,47.86672],[3.77131,47.86559],[3.77204,47.86493],[3.77258,47.86374],[3.77266,47.86375],[3.77211,47.86495],[3.77138,47.86562],[3.771,47.86672],[3.77104,47.86676],[3.77232,47.86666],[3.77403,47.86627],[3.77481,47.86591],[3.77556,47.86536],[3.77657,47.86485],[3.77712,47.86433],[3.77744,47.86422],[3.78044,47.86366],[3.78135,47.86129],[3.78092,47.86116],[3.7806,47.86079],[3.7793,47.86043]]],[[[3.77931,47.78169],[3.77748,47.78055],[3.77734,47.78048],[3.77721,47.78054],[3.77537,47.77911],[3.77482,47.77886],[3.77509,47.77819],[3.77477,47.7781],[3.77402,47.77808],[3.77167,47.77837],[3.76962,47.77854],[3.76753,47.77829],[3.76546,47.7779],[3.76317,47.77782],[3.76009,47.778],[3.75973,47.77797],[3.75919,47.77775],[3.7586,47.77763],[3.75724,47.77741],[3.75457,47.77742],[3.75414,47.77734],[3.75396,47.77725],[3.75379,47.77696],[3.75305,47.77686],[3.75176,47.77626],[3.75115,47.77576],[3.75059,47.77542],[3.74932,47.77493],[3.74976,47.77471],[3.75064,47.7745],[3.75106,47.77477],[3.75128,47.77484],[3.75096,47.77461],[3.75124,47.77417],[3.75201,47.77334],[3.75394,47.77225],[3.75393,47.77209],[3.75113,47.77133],[3.75036,47.77117],[3.74905,47.77102],[3.74802,47.77055],[3.74689,47.77115],[3.7461,47.77141],[3.74455,47.77169],[3.74317,47.77178],[3.74304,47.77319],[3.74267,47.77439],[3.74328,47.77454],[3.74302,47.77526],[3.74335,47.77532],[3.74333,47.77539],[3.74347,47.77542],[3.74349,47.77536],[3.74384,47.77544],[3.74382,47.77551],[3.74405,47.77556],[3.74407,47.77549],[3.74476,47.77563],[3.7448,47.77556],[3.74495,47.77559],[3.74488,47.77575],[3.74559,47.77583],[3.74556,47.77591],[3.746,47.7761],[3.74593,47.77623],[3.74615,47.77644],[3.74576,47.77643],[3.74484,47.77682],[3.7449,47.7774],[3.7459,47.77791],[3.74647,47.77836],[3.74687,47.77878],[3.74742,47.77915],[3.74726,47.77942],[3.74764,47.7799],[3.74768,47.7808],[3.75045,47.78126],[3.75135,47.78153],[3.75431,47.78286],[3.7572,47.784],[3.75848,47.78426],[3.75888,47.78362],[3.75968,47.78374],[3.75971,47.78365],[3.76084,47.78373],[3.76085,47.78368],[3.76098,47.78367],[3.76099,47.78355],[3.7618,47.78353],[3.76321,47.78361],[3.76319,47.78379],[3.76446,47.78382],[3.76446,47.7839],[3.76484,47.78392],[3.76596,47.78387],[3.76902,47.78424],[3.77004,47.78425],[3.77,47.78361],[3.77133,47.7835],[3.77296,47.78315],[3.77571,47.78276],[3.77724,47.78264],[3.77764,47.78272],[3.77764,47.78214],[3.77858,47.78244],[3.77961,47.78201],[3.77931,47.78169]]],[[[3.77897,47.83309],[3.77819,47.83508],[3.77938,47.83525],[3.78003,47.83323],[3.77897,47.83309]]],[[[3.7753,47.76637],[3.77473,47.76549],[3.77386,47.76503],[3.77256,47.76472],[3.7716,47.7646],[3.7683,47.76365],[3.76683,47.76348],[3.76576,47.76323],[3.76504,47.76288],[3.76345,47.76181],[3.76507,47.76286],[3.76578,47.76321],[3.76684,47.76345],[3.76829,47.76362],[3.77159,47.76457],[3.77258,47.76469],[3.77388,47.765],[3.77466,47.76539],[3.77378,47.7645],[3.77263,47.76386],[3.77109,47.76321],[3.76924,47.76269],[3.76857,47.76264],[3.7668,47.76271],[3.76604,47.7626],[3.76574,47.76248],[3.76508,47.76215],[3.76426,47.76153],[3.76267,47.75989],[3.76257,47.75987],[3.76131,47.76065],[3.76107,47.76089],[3.76182,47.76136],[3.76201,47.76141],[3.76181,47.76139],[3.76109,47.76095],[3.76098,47.76098],[3.76067,47.76141],[3.76233,47.76281],[3.76601,47.76453],[3.76925,47.76667],[3.77047,47.76768],[3.77151,47.76837],[3.77251,47.76893],[3.7739,47.76952],[3.77726,47.76768],[3.77644,47.76734],[3.77608,47.76712],[3.7753,47.76637]]],[[[3.77591,47.87985],[3.77519,47.87947],[3.77435,47.87881],[3.77432,47.87868],[3.77637,47.8769],[3.77546,47.8763],[3.77404,47.87556],[3.77309,47.87519],[3.77301,47.8752],[3.77228,47.87615],[3.77204,47.87658],[3.77212,47.877],[3.77184,47.87782],[3.77179,47.87831],[3.77258,47.87847],[3.77299,47.87869],[3.77348,47.87878],[3.77345,47.87883],[3.77295,47.87874],[3.77255,47.87852],[3.77184,47.87841],[3.77159,47.87991],[3.76961,47.87964],[3.76962,47.87959],[3.77147,47.87984],[3.77154,47.87981],[3.77169,47.87906],[3.77177,47.8778],[3.77203,47.87701],[3.77196,47.87657],[3.77221,47.87613],[3.77294,47.87518],[3.77036,47.8742],[3.76986,47.8741],[3.76935,47.87407],[3.76813,47.87779],[3.76781,47.87838],[3.76766,47.8796],[3.76785,47.88083],[3.76791,47.88087],[3.77421,47.88125],[3.77471,47.88132],[3.77467,47.88146],[3.77473,47.88148],[3.77512,47.88151],[3.77519,47.88142],[3.77696,47.88159],[3.77773,47.88026],[3.7766,47.87947],[3.77653,47.87948],[3.77625,47.87996],[3.77591,47.87985]]],[[[3.777,47.87568],[3.77342,47.87405],[3.77271,47.87378],[3.77127,47.87289],[3.77031,47.87288],[3.76988,47.87402],[3.77041,47.87414],[3.77366,47.87531],[3.77554,47.87624],[3.77645,47.87682],[3.77745,47.876],[3.77744,47.87595],[3.777,47.87568]]],[[[3.7766,47.89321],[3.77539,47.89305],[3.7736,47.89309],[3.77245,47.89282],[3.77167,47.89275],[3.77096,47.89282],[3.76978,47.89324],[3.7715,47.89391],[3.77254,47.89446],[3.77566,47.89539],[3.77593,47.89552],[3.77637,47.89608],[3.77769,47.89324],[3.77743,47.89316],[3.7766,47.89321]]],[[[3.7748,47.86598],[3.7742,47.86626],[3.77448,47.86682],[3.77528,47.86807],[3.77572,47.86796],[3.77599,47.86835],[3.77693,47.8681],[3.77719,47.86798],[3.77565,47.86543],[3.7748,47.86598]]],[[[3.77451,47.89295],[3.77664,47.89315],[3.77739,47.8931],[3.77514,47.89228],[3.77451,47.89295]]],[[[3.77505,47.87812],[3.7744,47.8787],[3.77442,47.87878],[3.77535,47.87951],[3.77576,47.87975],[3.77623,47.87986],[3.77654,47.87935],[3.77505,47.87812]]],[[[3.7721,47.89134],[3.77142,47.89127],[3.77028,47.8913],[3.76717,47.8916],[3.76665,47.89214],[3.76616,47.89304],[3.76593,47.89331],[3.76429,47.89447],[3.76426,47.89469],[3.76452,47.89532],[3.76439,47.89573],[3.76507,47.89551],[3.7658,47.89493],[3.76681,47.89447],[3.76855,47.89404],[3.76961,47.89325],[3.76817,47.89231],[3.76768,47.8922],[3.76768,47.89216],[3.76821,47.8923],[3.76967,47.89323],[3.77059,47.89282],[3.77128,47.89267],[3.77223,47.8927],[3.77346,47.89297],[3.77432,47.89299],[3.77442,47.89295],[3.775,47.89222],[3.77332,47.8916],[3.7721,47.89134]]],[[[3.75999,47.82746],[3.75778,47.82726],[3.75541,47.82685],[3.75482,47.82682],[3.75283,47.82643],[3.75038,47.82579],[3.74882,47.82509],[3.7483,47.825],[3.74753,47.82505],[3.74718,47.82492],[3.74648,47.82547],[3.74646,47.8257],[3.7457,47.82709],[3.74571,47.82721],[3.74544,47.82802],[3.74484,47.82876],[3.74513,47.82909],[3.74673,47.83027],[3.74727,47.83096],[3.74758,47.8316],[3.74912,47.83017],[3.75022,47.8305],[3.75147,47.83129],[3.75155,47.83129],[3.75253,47.83071],[3.75452,47.82993],[3.75554,47.83007],[3.75641,47.83005],[3.75719,47.83014],[3.75801,47.82999],[3.75746,47.82964],[3.75567,47.8294],[3.75432,47.82902],[3.7529,47.82988],[3.75167,47.82905],[3.75294,47.82982],[3.75418,47.82898],[3.75225,47.82854],[3.75096,47.82817],[3.74933,47.82761],[3.74937,47.82757],[3.75228,47.82849],[3.75394,47.82885],[3.75571,47.82935],[3.7575,47.82959],[3.75818,47.83002],[3.75865,47.82983],[3.7588,47.83009],[3.75984,47.82979],[3.7588,47.83011],[3.75921,47.83098],[3.75931,47.83096],[3.75929,47.83116],[3.75663,47.83168],[3.75646,47.83156],[3.7565,47.83149],[3.75595,47.83166],[3.7552,47.832],[3.75404,47.83292],[3.75334,47.8336],[3.75331,47.8337],[3.75392,47.83407],[3.75589,47.8328],[3.75668,47.83249],[3.75735,47.83232],[3.75731,47.83219],[3.75804,47.83203],[3.75895,47.83194],[3.75985,47.83194],[3.76064,47.83206],[3.76187,47.83242],[3.76195,47.83263],[3.76248,47.833],[3.76373,47.83361],[3.76428,47.83321],[3.76495,47.83325],[3.76598,47.83357],[3.76598,47.83366],[3.76612,47.83367],[3.76591,47.83477],[3.76574,47.83522],[3.76576,47.8358],[3.76494,47.83724],[3.76491,47.83754],[3.76483,47.83756],[3.7647,47.838],[3.75911,47.83702],[3.75803,47.83778],[3.75763,47.83765],[3.75643,47.83706],[3.7552,47.83639],[3.75504,47.83624],[3.75425,47.83591],[3.75307,47.8356],[3.75252,47.83523],[3.75212,47.83583],[3.75191,47.83662],[3.75065,47.83831],[3.75091,47.83846],[3.75278,47.83914],[3.75341,47.83946],[3.75529,47.8407],[3.75515,47.84107],[3.75387,47.84152],[3.75362,47.84156],[3.7545,47.84266],[3.75338,47.84294],[3.75349,47.84313],[3.75381,47.84426],[3.7542,47.8442],[3.7544,47.84452],[3.7545,47.8449],[3.75436,47.84497],[3.75454,47.84536],[3.75445,47.84538],[3.75452,47.84553],[3.75484,47.84546],[3.75497,47.84578],[3.75476,47.84582],[3.75484,47.84609],[3.75476,47.8461],[3.75505,47.8465],[3.75522,47.84659],[3.75507,47.84664],[3.75634,47.84857],[3.75642,47.84854],[3.75646,47.84861],[3.75641,47.84864],[3.75646,47.84874],[3.75591,47.84893],[3.75633,47.84953],[3.75613,47.84973],[3.75747,47.85043],[3.75814,47.85063],[3.75857,47.85067],[3.75872,47.85078],[3.75897,47.85151],[3.75901,47.85203],[3.75951,47.85252],[3.75914,47.85302],[3.75979,47.85332],[3.75999,47.85336],[3.76081,47.85327],[3.76127,47.85272],[3.76199,47.85216],[3.76264,47.85126],[3.76325,47.85069],[3.76365,47.84999],[3.76405,47.84904],[3.76522,47.84751],[3.76521,47.8474],[3.76465,47.84726],[3.76471,47.84669],[3.76466,47.84643],[3.76461,47.84643],[3.76467,47.84631],[3.7646,47.84631],[3.76462,47.8462],[3.76489,47.84601],[3.76492,47.84581],[3.76441,47.84568],[3.76444,47.84562],[3.76407,47.84557],[3.76407,47.8455],[3.76335,47.84522],[3.76328,47.84514],[3.76353,47.84491],[3.76388,47.84502],[3.764,47.84476],[3.76438,47.84483],[3.76442,47.8446],[3.76464,47.84461],[3.76468,47.84432],[3.76484,47.84434],[3.76498,47.84373],[3.7653,47.84316],[3.7655,47.84228],[3.76559,47.84229],[3.76586,47.84146],[3.76592,47.84004],[3.76653,47.83838],[3.76754,47.83466],[3.76841,47.83229],[3.76967,47.8296],[3.77088,47.82782],[3.77055,47.82772],[3.77101,47.82691],[3.77013,47.8265],[3.77026,47.82638],[3.76946,47.82594],[3.76809,47.82595],[3.76699,47.82587],[3.76398,47.82588],[3.76354,47.82592],[3.76261,47.82614],[3.76131,47.82624],[3.75821,47.82623],[3.75586,47.82614],[3.7519,47.82558],[3.7506,47.82553],[3.7495,47.8253],[3.7506,47.82582],[3.75243,47.82629],[3.75469,47.82673],[3.75751,47.82715],[3.76134,47.82762],[3.76094,47.82834],[3.76075,47.82872],[3.76052,47.82914],[3.76027,47.82907],[3.76011,47.8293],[3.75977,47.82963],[3.76028,47.82903],[3.76052,47.8291],[3.76125,47.82765],[3.75999,47.82746]],[[3.76536,47.83244],[3.76349,47.83157],[3.76365,47.83126],[3.76438,47.83097],[3.76489,47.8315],[3.76575,47.83211],[3.76536,47.83244]],[[3.75967,47.82975],[3.75887,47.8293],[3.75819,47.82902],[3.75474,47.82842],[3.75476,47.82838],[3.75827,47.829],[3.75986,47.82976],[3.75967,47.82975]]],[[[3.76967,47.89331],[3.76856,47.89412],[3.76797,47.89428],[3.76805,47.89434],[3.76756,47.89438],[3.76684,47.89453],[3.76632,47.89476],[3.76637,47.89481],[3.76592,47.89497],[3.76531,47.89548],[3.76489,47.89569],[3.76522,47.89628],[3.7657,47.89685],[3.76589,47.89721],[3.76605,47.89725],[3.76623,47.89704],[3.76686,47.89587],[3.76723,47.89545],[3.76728,47.89547],[3.76691,47.89588],[3.76644,47.89678],[3.76786,47.89718],[3.76823,47.8969],[3.76877,47.89668],[3.76958,47.89617],[3.77066,47.8952],[3.77195,47.89424],[3.77146,47.89396],[3.76967,47.89331]]],[[[3.75868,47.81973],[3.75712,47.82001],[3.75715,47.82006],[3.7564,47.8203],[3.75464,47.81993],[3.75414,47.82003],[3.75269,47.82052],[3.75337,47.82106],[3.75449,47.8216],[3.75591,47.82184],[3.75693,47.82192],[3.75695,47.82251],[3.75753,47.82252],[3.75928,47.82228],[3.75902,47.82158],[3.7591,47.82157],[3.75937,47.82227],[3.75944,47.82316],[3.75952,47.82321],[3.76045,47.82321],[3.76063,47.82307],[3.76094,47.82301],[3.76096,47.82335],[3.76369,47.8233],[3.77066,47.82349],[3.77063,47.82177],[3.77056,47.82158],[3.76938,47.82142],[3.76697,47.82086],[3.76627,47.82094],[3.7661,47.82109],[3.76184,47.82016],[3.76184,47.82011],[3.76032,47.8198],[3.76031,47.81983],[3.75982,47.81971],[3.75982,47.81967],[3.75908,47.81962],[3.75889,47.81974],[3.75936,47.82039],[3.7593,47.82043],[3.75879,47.81977],[3.75868,47.81973]]],[[[3.76679,47.87365],[3.7661,47.87576],[3.76616,47.8762],[3.76593,47.87725],[3.76577,47.87883],[3.76577,47.87995],[3.76583,47.88084],[3.76589,47.88088],[3.76772,47.88087],[3.76777,47.88083],[3.76758,47.8796],[3.76773,47.87837],[3.76805,47.87777],[3.76927,47.87408],[3.76921,47.87401],[3.7679,47.8737],[3.76696,47.87339],[3.76679,47.87365]]],[[[3.7648,47.75426],[3.76133,47.75643],[3.76127,47.75665],[3.76249,47.75663],[3.76255,47.75611],[3.76373,47.75615],[3.7637,47.75631],[3.76379,47.75632],[3.76378,47.75639],[3.76392,47.7564],[3.76391,47.75647],[3.76367,47.75646],[3.76366,47.75653],[3.76379,47.75655],[3.76376,47.75662],[3.76438,47.75663],[3.7648,47.75426]]],[[[3.76257,47.75672],[3.76151,47.75673],[3.76158,47.75718],[3.76024,47.75732],[3.75982,47.75735],[3.7597,47.75694],[3.75946,47.75696],[3.75959,47.75736],[3.7598,47.75738],[3.75953,47.75741],[3.75823,47.75839],[3.75855,47.75883],[3.75888,47.75874],[3.75913,47.75919],[3.75886,47.75927],[3.75918,47.75957],[3.76014,47.76043],[3.7609,47.76089],[3.761,47.76088],[3.76127,47.76061],[3.76276,47.75841],[3.76296,47.75789],[3.76292,47.75741],[3.76265,47.75677],[3.76257,47.75672]]],[[[3.76139,47.76054],[3.76295,47.75964],[3.76232,47.75918],[3.76139,47.76054]]],[[[3.76009,47.76046],[3.75939,47.75979],[3.75895,47.75974],[3.759,47.76008],[3.75848,47.76007],[3.75844,47.76043],[3.75853,47.76053],[3.75961,47.76084],[3.76046,47.76127],[3.76061,47.76129],[3.76089,47.76095],[3.76009,47.76046]]],[[[3.75861,47.75707],[3.75869,47.75734],[3.75859,47.75735],[3.75861,47.75743],[3.75829,47.75747],[3.75821,47.75732],[3.75769,47.75752],[3.75819,47.75837],[3.75953,47.75731],[3.75942,47.75696],[3.75861,47.75707]]],[[[3.75993,47.8534],[3.75965,47.85332],[3.75926,47.85373],[3.75819,47.85328],[3.75694,47.85263],[3.7566,47.85294],[3.75633,47.85291],[3.75622,47.85308],[3.75562,47.85312],[3.75546,47.85411],[3.75519,47.85476],[3.75463,47.85567],[3.75389,47.85664],[3.75345,47.85705],[3.75265,47.85818],[3.7525,47.85847],[3.75227,47.85949],[3.75201,47.86009],[3.74878,47.86358],[3.75032,47.86398],[3.75341,47.86438],[3.75416,47.85985],[3.75409,47.85985],[3.75413,47.85937],[3.75433,47.85939],[3.75461,47.85908],[3.75396,47.85855],[3.75418,47.85825],[3.75425,47.85822],[3.75437,47.85829],[3.75483,47.85793],[3.75546,47.85845],[3.75659,47.85902],[3.75631,47.85943],[3.75668,47.85953],[3.75649,47.85991],[3.75684,47.85999],[3.75777,47.85864],[3.75833,47.85758],[3.75875,47.85709],[3.76005,47.85515],[3.76045,47.85437],[3.76084,47.85338],[3.76078,47.85334],[3.75993,47.8534]]],[[[3.75844,47.75901],[3.75823,47.75897],[3.75838,47.75936],[3.75879,47.75928],[3.75844,47.75901]]],[[[3.75681,47.8226],[3.75676,47.82199],[3.75669,47.82194],[3.75519,47.82179],[3.75452,47.82166],[3.75385,47.82144],[3.75328,47.8211],[3.75266,47.82061],[3.75257,47.8206],[3.75054,47.82175],[3.75054,47.82181],[3.75158,47.82235],[3.75315,47.82288],[3.75441,47.82314],[3.75599,47.82328],[3.75928,47.82322],[3.75935,47.82317],[3.75929,47.82234],[3.75756,47.82258],[3.75681,47.8226]]],[[[3.75777,47.75973],[3.75834,47.75958],[3.75823,47.75926],[3.75776,47.75938],[3.75764,47.75926],[3.75755,47.75929],[3.75745,47.75911],[3.75785,47.759],[3.75773,47.75897],[3.75773,47.75888],[3.75705,47.75909],[3.75632,47.75957],[3.75702,47.75908],[3.758,47.75878],[3.75785,47.75853],[3.75751,47.75861],[3.75732,47.75837],[3.75738,47.75833],[3.75701,47.75775],[3.75729,47.75768],[3.75702,47.75731],[3.75585,47.75747],[3.7557,47.75769],[3.75564,47.7581],[3.75611,47.7592],[3.75605,47.75983],[3.75646,47.75981],[3.75668,47.76038],[3.75794,47.76024],[3.75797,47.76035],[3.75786,47.76037],[3.75789,47.76043],[3.758,47.76044],[3.75829,47.76035],[3.75836,47.76009],[3.75789,47.7601],[3.75777,47.75973]]],[[[3.75776,47.77468],[3.75708,47.77388],[3.75637,47.77396],[3.75632,47.77409],[3.75622,47.77407],[3.75573,47.77534],[3.75501,47.77586],[3.75582,47.77602],[3.75654,47.77607],[3.75721,47.77593],[3.75767,47.77571],[3.75795,47.77566],[3.75825,47.77572],[3.75833,47.77566],[3.75776,47.77468]]],[[[3.75616,47.7722],[3.75601,47.77237],[3.75605,47.77248],[3.7571,47.77376],[3.75763,47.77362],[3.75816,47.77332],[3.75816,47.77327],[3.75662,47.77237],[3.75616,47.7722]]],[[[3.75564,47.75853],[3.7555,47.75804],[3.75561,47.75749],[3.74963,47.75821],[3.74815,47.75827],[3.74821,47.75883],[3.74814,47.75932],[3.74878,47.75942],[3.74975,47.75947],[3.75481,47.76028],[3.75487,47.76005],[3.75583,47.76011],[3.75603,47.7593],[3.75564,47.75853]]],[[[3.75591,47.77188],[3.75544,47.77176],[3.75437,47.77168],[3.75421,47.7721],[3.75582,47.77243],[3.75602,47.77211],[3.75591,47.77188]]],[[[3.74542,47.76834],[3.74484,47.7681],[3.74458,47.76811],[3.74438,47.76792],[3.74348,47.76768],[3.74285,47.76768],[3.74252,47.76755],[3.74197,47.76748],[3.74192,47.76754],[3.74146,47.76737],[3.73995,47.76663],[3.73959,47.76615],[3.73846,47.76651],[3.73836,47.76643],[3.73839,47.76659],[3.73844,47.76657],[3.73872,47.76689],[3.73939,47.76734],[3.74098,47.76813],[3.74211,47.76855],[3.7446,47.76912],[3.74715,47.76937],[3.74542,47.76834]]],[[[3.74715,47.76937],[3.74865,47.76964],[3.75089,47.77034],[3.75325,47.77118],[3.75392,47.77152],[3.75539,47.77165],[3.756,47.77179],[3.75459,47.76984],[3.75434,47.76963],[3.75374,47.76941],[3.75348,47.7692],[3.75232,47.76746],[3.75191,47.76709],[3.75155,47.7669],[3.75001,47.7665],[3.74898,47.76659],[3.74854,47.76653],[3.74858,47.76677],[3.74816,47.76677],[3.74678,47.76654],[3.74667,47.76667],[3.74644,47.76659],[3.74655,47.76645],[3.74533,47.76575],[3.7445,47.76587],[3.74347,47.76616],[3.74221,47.7663],[3.74206,47.76612],[3.74296,47.76558],[3.74323,47.76585],[3.74397,47.76545],[3.74411,47.76569],[3.74511,47.76539],[3.74492,47.76496],[3.74475,47.76419],[3.74403,47.76312],[3.74191,47.76148],[3.7414,47.76103],[3.74126,47.76081],[3.74035,47.7604],[3.73993,47.76057],[3.74044,47.76161],[3.74046,47.76178],[3.74086,47.76181],[3.74119,47.76217],[3.73994,47.7629],[3.74055,47.7634],[3.74023,47.76357],[3.7404,47.76378],[3.74052,47.76388],[3.74066,47.76385],[3.741,47.76416],[3.7409,47.76422],[3.74112,47.7644],[3.7412,47.76437],[3.7421,47.76513],[3.74145,47.76546],[3.7406,47.76568],[3.74014,47.76589],[3.73983,47.76609],[3.73998,47.76631],[3.74023,47.76652],[3.7403,47.76665],[3.74062,47.76676],[3.7417,47.76712],[3.74173,47.76706],[3.74317,47.76738],[3.74484,47.76787],[3.74481,47.76792],[3.7458,47.76823],[3.74579,47.76829],[3.74604,47.76847],[3.746,47.76852],[3.74613,47.76858],[3.7461,47.76862],[3.74653,47.76884],[3.74657,47.76892],[3.74663,47.76889],[3.74731,47.76921],[3.74715,47.76937]]],[[[3.75461,47.77235],[3.75546,47.77255],[3.75552,47.77241],[3.75465,47.77225],[3.75461,47.77235]]],[[[3.75255,47.76172],[3.75231,47.76172],[3.75128,47.76135],[3.75127,47.76154],[3.75161,47.76182],[3.75171,47.76213],[3.753,47.76336],[3.75353,47.76258],[3.75492,47.76152],[3.7553,47.76108],[3.7551,47.76102],[3.75389,47.76128],[3.75255,47.76172]]],[[[3.75508,47.76039],[3.74974,47.75949],[3.74771,47.75935],[3.74595,47.75934],[3.74591,47.75928],[3.74542,47.75927],[3.74497,47.76024],[3.74392,47.75999],[3.74259,47.75983],[3.74245,47.76023],[3.74185,47.76112],[3.74202,47.76125],[3.74279,47.76155],[3.744,47.76216],[3.74377,47.7624],[3.74464,47.7632],[3.74514,47.7638],[3.74508,47.76385],[3.74537,47.76447],[3.74552,47.76502],[3.74577,47.76541],[3.74547,47.76565],[3.74645,47.76618],[3.74703,47.76637],[3.74802,47.76645],[3.74807,47.7664],[3.74834,47.76648],[3.74841,47.7662],[3.74916,47.76608],[3.74913,47.76591],[3.75026,47.76563],[3.75231,47.76549],[3.75258,47.76541],[3.75272,47.76526],[3.75278,47.76501],[3.75254,47.76463],[3.75104,47.7629],[3.751,47.76256],[3.75125,47.76168],[3.75115,47.76158],[3.75112,47.76155],[3.75111,47.76141],[3.75119,47.76127],[3.75151,47.76114],[3.7518,47.7612],[3.75196,47.76134],[3.7527,47.76159],[3.75387,47.7612],[3.75508,47.76094],[3.75487,47.76088],[3.75508,47.76039]]],[[[3.75046,47.81875],[3.74941,47.81906],[3.75043,47.82175],[3.75168,47.82103],[3.7517,47.82097],[3.75046,47.81875]]],[[[3.75046,47.81875],[3.75053,47.81874],[3.75175,47.82094],[3.75182,47.82096],[3.75269,47.82046],[3.75357,47.82012],[3.75361,47.82007],[3.75321,47.81969],[3.75328,47.81966],[3.75379,47.82011],[3.7543,47.81995],[3.75467,47.81991],[3.75567,47.82009],[3.7551,47.81977],[3.75456,47.81936],[3.75461,47.81935],[3.75403,47.81861],[3.75339,47.8176],[3.75329,47.81762],[3.75287,47.81682],[3.75297,47.81679],[3.75296,47.81664],[3.75211,47.81547],[3.75216,47.81546],[3.75143,47.81454],[3.75149,47.81446],[3.75049,47.81316],[3.74983,47.81242],[3.74938,47.81205],[3.74952,47.812],[3.74885,47.81146],[3.74863,47.81136],[3.74819,47.81091],[3.74815,47.81076],[3.74829,47.81055],[3.74907,47.81001],[3.74802,47.80919],[3.7467,47.80953],[3.74502,47.81015],[3.74432,47.81087],[3.74451,47.81195],[3.74503,47.81268],[3.7457,47.81323],[3.74768,47.81443],[3.75,47.81362],[3.74921,47.81278],[3.74856,47.81235],[3.74757,47.81091],[3.74747,47.81061],[3.7475,47.81047],[3.74781,47.8101],[3.7479,47.81015],[3.74757,47.81062],[3.74786,47.81118],[3.74865,47.81231],[3.74911,47.81259],[3.74962,47.81303],[3.74979,47.81329],[3.7502,47.81361],[3.74774,47.81447],[3.74907,47.81601],[3.75038,47.81835],[3.74975,47.81853],[3.74996,47.8189],[3.75046,47.81875]]],[[[3.75531,47.85337],[3.7541,47.85317],[3.75368,47.85329],[3.75243,47.85343],[3.752,47.85411],[3.75072,47.85382],[3.75099,47.85339],[3.7506,47.85327],[3.74977,47.85315],[3.74967,47.85331],[3.74939,47.85324],[3.74948,47.85311],[3.7471,47.85214],[3.74596,47.85137],[3.74483,47.85075],[3.74481,47.85041],[3.74378,47.85068],[3.74263,47.8508],[3.74247,47.85152],[3.74301,47.85335],[3.74325,47.85532],[3.74345,47.85628],[3.74454,47.85867],[3.74538,47.85826],[3.74698,47.85767],[3.74809,47.85706],[3.74942,47.85656],[3.74808,47.8571],[3.74708,47.85766],[3.74552,47.85829],[3.74461,47.85872],[3.74503,47.86001],[3.74517,47.86023],[3.74527,47.86024],[3.7479,47.85843],[3.74832,47.85822],[3.749,47.85805],[3.75028,47.85755],[3.75177,47.85616],[3.75184,47.85618],[3.75034,47.85759],[3.74904,47.8581],[3.74835,47.85827],[3.74794,47.85848],[3.74531,47.86028],[3.74545,47.86063],[3.7455,47.86101],[3.74544,47.86121],[3.74629,47.86134],[3.74575,47.86225],[3.74667,47.86321],[3.7483,47.86391],[3.74839,47.8639],[3.75193,47.86007],[3.75218,47.85945],[3.75243,47.85846],[3.75269,47.85797],[3.75347,47.85689],[3.75385,47.8566],[3.75512,47.85473],[3.75538,47.85409],[3.75554,47.85312],[3.75542,47.85313],[3.75531,47.85337]]],[[[3.75355,47.76837],[3.75297,47.76689],[3.75266,47.7665],[3.75216,47.76631],[3.75216,47.76625],[3.75106,47.7663],[3.7501,47.76641],[3.75148,47.76677],[3.75201,47.76706],[3.75244,47.76742],[3.75358,47.76917],[3.75381,47.76934],[3.75431,47.76952],[3.75355,47.76837]]],[[[3.75328,47.77131],[3.75091,47.77044],[3.74812,47.7696],[3.74738,47.77012],[3.74826,47.7706],[3.74909,47.77096],[3.75038,47.7711],[3.75405,47.77204],[3.75412,47.77202],[3.75425,47.7717],[3.75363,47.7715],[3.75328,47.77131]]],[[[3.75354,47.77258],[3.75208,47.7734],[3.75221,47.77345],[3.75308,47.77372],[3.75327,47.77346],[3.75375,47.77332],[3.75364,47.77261],[3.75354,47.77258]]],[[[3.7507,47.86994],[3.74999,47.87063],[3.74973,47.87078],[3.75048,47.8711],[3.75026,47.87135],[3.75,47.87122],[3.75025,47.87131],[3.75042,47.87111],[3.74825,47.87022],[3.74812,47.87024],[3.74705,47.87144],[3.74707,47.87202],[3.74698,47.87218],[3.74654,47.87265],[3.74576,47.87322],[3.74573,47.87347],[3.74597,47.87469],[3.74587,47.87576],[3.74604,47.87801],[3.74598,47.87921],[3.74863,47.87941],[3.74855,47.8791],[3.74861,47.87774],[3.7491,47.87741],[3.74885,47.87731],[3.74965,47.87545],[3.74988,47.8746],[3.75009,47.87429],[3.75016,47.87397],[3.75037,47.87403],[3.75072,47.87331],[3.75065,47.87329],[3.75112,47.87248],[3.75125,47.87229],[3.75132,47.8723],[3.75183,47.87147],[3.75201,47.87153],[3.75221,47.87125],[3.75208,47.87119],[3.75243,47.87078],[3.7507,47.86994]]],[[[3.74884,47.8096],[3.74876,47.80954],[3.75,47.80907],[3.74983,47.80872],[3.7494,47.80878],[3.74939,47.80838],[3.7481,47.80823],[3.74817,47.80814],[3.74438,47.80605],[3.74437,47.80591],[3.74432,47.80595],[3.7437,47.80563],[3.74876,47.80965],[3.74884,47.8096]]],[[[3.74844,47.81687],[3.74803,47.81645],[3.74586,47.81467],[3.74406,47.81278],[3.74374,47.81237],[3.74338,47.81168],[3.74293,47.80997],[3.74242,47.80934],[3.74046,47.80749],[3.73901,47.80599],[3.73827,47.80489],[3.73815,47.80443],[3.73818,47.80209],[3.73798,47.80181],[3.73751,47.80148],[3.73784,47.80121],[3.73843,47.80109],[3.73876,47.80095],[3.73906,47.80072],[3.7391,47.80052],[3.739,47.80025],[3.73881,47.80022],[3.73775,47.79977],[3.73744,47.79914],[3.73721,47.79839],[3.73718,47.7982],[3.73779,47.79809],[3.73783,47.79747],[3.73824,47.79675],[3.73815,47.79675],[3.73824,47.79669],[3.73822,47.79637],[3.73727,47.79516],[3.73669,47.79462],[3.73626,47.79432],[3.73559,47.79466],[3.73524,47.79469],[3.73557,47.79671],[3.73499,47.79678],[3.73484,47.79739],[3.73526,47.79813],[3.73562,47.79835],[3.73565,47.79843],[3.73579,47.79844],[3.73618,47.79897],[3.73683,47.79883],[3.73687,47.79988],[3.73649,47.80039],[3.73645,47.80092],[3.73629,47.80145],[3.73576,47.80253],[3.73627,47.80303],[3.73643,47.80346],[3.73638,47.80378],[3.73617,47.80429],[3.73599,47.80452],[3.73647,47.80449],[3.73642,47.80479],[3.73622,47.80516],[3.73628,47.80539],[3.73691,47.80641],[3.73719,47.80632],[3.73716,47.80648],[3.73722,47.80654],[3.73731,47.80651],[3.73743,47.80669],[3.73707,47.8068],[3.73755,47.80727],[3.73749,47.8073],[3.73798,47.80791],[3.73785,47.80796],[3.73852,47.80861],[3.73859,47.80879],[3.73958,47.80966],[3.74061,47.8111],[3.74055,47.81112],[3.7407,47.81139],[3.74061,47.81148],[3.74137,47.81245],[3.74111,47.81256],[3.74244,47.81392],[3.74279,47.81375],[3.74363,47.81468],[3.74334,47.81481],[3.74348,47.81524],[3.744,47.8159],[3.74443,47.81603],[3.74483,47.81654],[3.74472,47.81677],[3.74516,47.81717],[3.74583,47.81755],[3.74649,47.8182],[3.74616,47.81823],[3.74648,47.81869],[3.7465,47.81907],[3.74625,47.81954],[3.74518,47.81962],[3.74397,47.81952],[3.74099,47.81883],[3.74087,47.81896],[3.74019,47.81858],[3.73963,47.81813],[3.73923,47.81755],[3.73889,47.8161],[3.73805,47.81754],[3.73783,47.81776],[3.73614,47.81796],[3.73649,47.81914],[3.73783,47.82],[3.7385,47.82026],[3.73918,47.8204],[3.74762,47.82146],[3.74875,47.82142],[3.74882,47.82103],[3.74785,47.82078],[3.74882,47.82102],[3.74908,47.81952],[3.74881,47.81755],[3.74844,47.81687]]],[[[3.7459,47.87922],[3.74621,47.88],[3.74508,47.88276],[3.74847,47.88334],[3.74846,47.88278],[3.74862,47.88281],[3.74856,47.88339],[3.74943,47.88344],[3.74941,47.8829],[3.74968,47.88291],[3.74986,47.87972],[3.74876,47.87967],[3.74874,47.87943],[3.7459,47.87922]]],[[[3.74631,47.80788],[3.74433,47.80901],[3.74431,47.80911],[3.74522,47.80993],[3.74538,47.80996],[3.74665,47.80949],[3.74797,47.80915],[3.74631,47.80788]]],[[[3.73695,47.86687],[3.7377,47.86758],[3.73843,47.86697],[3.73816,47.86728],[3.73773,47.86759],[3.73905,47.86896],[3.73943,47.86957],[3.74005,47.87025],[3.7403,47.87069],[3.74066,47.87111],[3.74141,47.87087],[3.74188,47.87162],[3.74245,47.87224],[3.74322,47.87191],[3.74418,47.8713],[3.74569,47.8705],[3.74736,47.86979],[3.74831,47.8695],[3.74828,47.86918],[3.74552,47.86968],[3.74503,47.86997],[3.74454,47.87006],[3.74424,47.86981],[3.74285,47.8705],[3.74235,47.87067],[3.74181,47.87076],[3.74265,47.87055],[3.74416,47.86981],[3.7428,47.8686],[3.74297,47.8684],[3.74263,47.86846],[3.74186,47.86911],[3.74134,47.86936],[3.7418,47.86912],[3.74258,47.86842],[3.74299,47.86837],[3.74322,47.86809],[3.74239,47.86795],[3.7415,47.86798],[3.74104,47.86793],[3.74097,47.86798],[3.74052,47.86764],[3.74017,47.86717],[3.73986,47.8669],[3.73954,47.86673],[3.73908,47.86662],[3.7367,47.86647],[3.73695,47.86687]]],[[[3.74795,47.86786],[3.74805,47.86749],[3.74665,47.86724],[3.74538,47.86708],[3.74332,47.86698],[3.73957,47.86664],[3.74002,47.86688],[3.74061,47.86756],[3.74096,47.8678],[3.74149,47.86789],[3.74246,47.86787],[3.74328,47.86801],[3.74394,47.86819],[3.74529,47.86876],[3.74591,47.86892],[3.74625,47.86894],[3.74794,47.8688],[3.74811,47.8683],[3.74795,47.86786]]],[[[3.74723,47.86995],[3.74561,47.87061],[3.74407,47.87143],[3.74327,47.87195],[3.74249,47.87225],[3.74327,47.87319],[3.74274,47.87345],[3.74346,47.87405],[3.74434,47.87462],[3.74307,47.87589],[3.74276,47.87653],[3.74266,47.87692],[3.74342,47.87707],[3.7433,47.8778],[3.74592,47.87801],[3.74584,47.87571],[3.74593,47.87467],[3.74569,47.8733],[3.74577,47.87315],[3.74651,47.87263],[3.74694,47.87217],[3.74703,47.872],[3.74698,47.87148],[3.74798,47.87034],[3.74723,47.86995]]],[[[3.7467,47.83028],[3.74499,47.82902],[3.74482,47.8288],[3.74368,47.82967],[3.74396,47.82976],[3.74411,47.82958],[3.74539,47.83018],[3.74685,47.83115],[3.74725,47.831],[3.7467,47.83028]]],[[[3.74476,47.82394],[3.74402,47.82379],[3.74193,47.82375],[3.74057,47.8236],[3.7379,47.82284],[3.737,47.82245],[3.73663,47.82222],[3.73547,47.82132],[3.73452,47.82066],[3.73384,47.82028],[3.73217,47.81948],[3.73073,47.81917],[3.7297,47.81914],[3.72837,47.81941],[3.72856,47.81984],[3.72869,47.81978],[3.72871,47.81982],[3.72784,47.82049],[3.7275,47.82069],[3.72719,47.82073],[3.72658,47.82104],[3.72619,47.82075],[3.72556,47.82124],[3.72554,47.82142],[3.7258,47.82211],[3.72592,47.82213],[3.72735,47.82162],[3.72915,47.8218],[3.72972,47.82167],[3.72944,47.82137],[3.72975,47.82167],[3.73119,47.82144],[3.73098,47.82223],[3.73209,47.82271],[3.73205,47.82275],[3.73095,47.82234],[3.73078,47.823],[3.73083,47.82305],[3.73273,47.8234],[3.73444,47.82459],[3.73505,47.82494],[3.73571,47.82522],[3.73707,47.82536],[3.73794,47.82556],[3.73855,47.82582],[3.73935,47.82627],[3.73996,47.82593],[3.74016,47.8261],[3.74132,47.82569],[3.7414,47.82562],[3.74178,47.82629],[3.74184,47.82674],[3.74141,47.82691],[3.74159,47.82694],[3.74161,47.827],[3.74031,47.82739],[3.7391,47.82764],[3.73927,47.82809],[3.74081,47.82786],[3.74166,47.82765],[3.74397,47.82666],[3.74645,47.82542],[3.74715,47.82487],[3.74639,47.82443],[3.74476,47.82394]]],[[[3.74623,47.80782],[3.74191,47.80436],[3.74075,47.80231],[3.74064,47.80255],[3.74047,47.80345],[3.73991,47.80345],[3.73983,47.80376],[3.73983,47.80421],[3.74012,47.80519],[3.7408,47.806],[3.74218,47.80716],[3.74412,47.80894],[3.74426,47.80896],[3.74623,47.80782]]],[[[3.74169,47.8277],[3.74057,47.82793],[3.73928,47.82811],[3.73932,47.82826],[3.73987,47.82818],[3.74,47.82832],[3.74182,47.82821],[3.74249,47.82805],[3.74304,47.82833],[3.74338,47.82837],[3.7438,47.82871],[3.74323,47.8291],[3.74294,47.8294],[3.74281,47.82972],[3.74345,47.82983],[3.74444,47.82908],[3.74504,47.82851],[3.74541,47.82801],[3.74565,47.82712],[3.74644,47.82554],[3.74419,47.82662],[3.74169,47.8277]]],[[[3.73775,47.86501],[3.73598,47.86468],[3.73596,47.86475],[3.73599,47.86465],[3.73601,47.86456],[3.73603,47.86451],[3.73589,47.86447],[3.73591,47.8644],[3.73515,47.86422],[3.73501,47.86439],[3.73495,47.86436],[3.73439,47.86409],[3.73463,47.86384],[3.73397,47.86378],[3.73335,47.86433],[3.73357,47.86444],[3.73399,47.86496],[3.73445,47.86512],[3.7346,47.86488],[3.73535,47.86506],[3.73673,47.86527],[3.73707,47.86535],[3.73782,47.86543],[3.73894,47.86541],[3.7378,47.86545],[3.73704,47.86537],[3.73614,47.86521],[3.7356,47.86631],[3.73608,47.86634],[3.73601,47.86627],[3.73651,47.86632],[3.7375,47.86623],[3.73877,47.86623],[3.739,47.86548],[3.73879,47.86627],[3.73914,47.8663],[3.73946,47.86638],[3.74011,47.8666],[3.74157,47.8667],[3.74158,47.86664],[3.74242,47.86667],[3.74491,47.86687],[3.74511,47.86685],[3.74558,47.86629],[3.74462,47.86583],[3.74469,47.86576],[3.74417,47.86538],[3.74427,47.86531],[3.74259,47.86406],[3.74166,47.86469],[3.74144,47.8645],[3.74081,47.86531],[3.74004,47.86529],[3.73909,47.86515],[3.73902,47.86513],[3.73911,47.86514],[3.73914,47.86499],[3.73838,47.86483],[3.73772,47.86483],[3.73775,47.86501]]],[[[3.74238,47.85347],[3.74123,47.8514],[3.74002,47.85008],[3.73994,47.85007],[3.73975,47.85017],[3.73971,47.85013],[3.73886,47.85078],[3.73856,47.85115],[3.73689,47.85372],[3.73752,47.85438],[3.73877,47.8548],[3.7398,47.8556],[3.74133,47.85662],[3.74204,47.85724],[3.74237,47.85703],[3.74203,47.85725],[3.74213,47.85735],[3.74116,47.85789],[3.74079,47.85809],[3.74207,47.85737],[3.74131,47.85669],[3.73971,47.85561],[3.73872,47.85485],[3.73749,47.85444],[3.73728,47.85422],[3.73635,47.85478],[3.73758,47.85598],[3.7389,47.85689],[3.7405,47.85824],[3.74018,47.85841],[3.74063,47.85886],[3.74164,47.85832],[3.743,47.85913],[3.74386,47.85904],[3.74388,47.86021],[3.74399,47.86029],[3.74496,47.86012],[3.74473,47.85941],[3.74341,47.85636],[3.74312,47.855],[3.74301,47.85407],[3.74238,47.85347]]],[[[3.74316,47.80523],[3.74407,47.80469],[3.7434,47.80415],[3.74263,47.80376],[3.7418,47.80385],[3.7418,47.804],[3.74206,47.80433],[3.74316,47.80523]]],[[[3.74227,47.84932],[3.74056,47.84973],[3.74009,47.84998],[3.74008,47.85005],[3.74128,47.85138],[3.74232,47.85329],[3.74257,47.85364],[3.743,47.85399],[3.74293,47.85336],[3.74238,47.8515],[3.74271,47.85001],[3.7428,47.84908],[3.7428,47.84877],[3.74264,47.84841],[3.74254,47.84837],[3.74169,47.84857],[3.74227,47.84932]]],[[[3.74048,47.8465],[3.74001,47.84623],[3.73987,47.84623],[3.73686,47.8475],[3.73684,47.84757],[3.73824,47.84857],[3.73888,47.84853],[3.74114,47.84783],[3.74165,47.84852],[3.74251,47.84832],[3.74255,47.84825],[3.74224,47.84781],[3.74048,47.8465]]],[[[3.73886,47.79135],[3.73785,47.79022],[3.73738,47.79041],[3.7371,47.79041],[3.73787,47.79157],[3.73633,47.79194],[3.73663,47.79233],[3.73572,47.79261],[3.73618,47.79281],[3.73592,47.79308],[3.73927,47.79471],[3.74055,47.7938],[3.74064,47.79339],[3.74079,47.79323],[3.74022,47.79245],[3.73886,47.79135]]],[[[3.73823,47.84492],[3.73688,47.8441],[3.73626,47.8444],[3.73377,47.84527],[3.73376,47.84534],[3.73668,47.84745],[3.73681,47.84746],[3.7398,47.84619],[3.73983,47.84612],[3.73945,47.84581],[3.73823,47.84492]]],[[[3.73912,47.86631],[3.73872,47.86626],[3.73867,47.8665],[3.73999,47.8666],[3.73912,47.86631]]],[[[3.73892,47.81565],[3.73834,47.81453],[3.73798,47.8131],[3.73697,47.81133],[3.73703,47.81132],[3.73637,47.81026],[3.73629,47.81028],[3.73549,47.80927],[3.73543,47.80862],[3.7348,47.80769],[3.7346,47.80751],[3.73472,47.80745],[3.73414,47.8068],[3.73422,47.80677],[3.73402,47.80665],[3.73371,47.80629],[3.73506,47.80582],[3.73371,47.80629],[3.7332,47.80577],[3.73535,47.80984],[3.73532,47.81023],[3.73601,47.81015],[3.737,47.81213],[3.73732,47.81298],[3.73762,47.81413],[3.73752,47.81414],[3.7369,47.81215],[3.73599,47.81031],[3.73584,47.81025],[3.7353,47.81031],[3.73519,47.81084],[3.73539,47.81173],[3.73506,47.81269],[3.73535,47.81344],[3.73477,47.81357],[3.73504,47.8141],[3.7351,47.81441],[3.73509,47.8161],[3.73578,47.81612],[3.73575,47.81603],[3.73582,47.81602],[3.73648,47.81789],[3.7378,47.81771],[3.73791,47.81761],[3.73824,47.81709],[3.73775,47.81605],[3.73774,47.8158],[3.73783,47.81578],[3.73833,47.817],[3.7389,47.816],[3.73892,47.81565]]],[[[3.73817,47.8603],[3.7374,47.85961],[3.73679,47.85918],[3.73658,47.85914],[3.736,47.8588],[3.73531,47.85851],[3.73527,47.85854],[3.73424,47.85787],[3.73388,47.85839],[3.73363,47.85861],[3.7341,47.85886],[3.73434,47.85913],[3.73441,47.85943],[3.73421,47.85966],[3.73556,47.86031],[3.73624,47.86085],[3.73647,47.86114],[3.73686,47.86136],[3.73794,47.86161],[3.73816,47.86154],[3.73832,47.86156],[3.73866,47.86172],[3.73887,47.8619],[3.73934,47.86157],[3.73862,47.86116],[3.73856,47.86074],[3.73817,47.8603]]],[[[3.73628,47.86635],[3.73866,47.86651],[3.73872,47.86626],[3.73748,47.86626],[3.7365,47.86634],[3.73609,47.86631],[3.73628,47.86635]]],[[[3.73681,47.8498],[3.73697,47.84965],[3.7369,47.84962],[3.73822,47.84865],[3.73676,47.8476],[3.73666,47.8476],[3.73438,47.84947],[3.73438,47.84955],[3.73602,47.85069],[3.73691,47.84986],[3.73681,47.8498]]],[[[3.73639,47.86117],[3.73619,47.86087],[3.73537,47.86027],[3.73495,47.86059],[3.73476,47.86084],[3.73381,47.86144],[3.73453,47.86164],[3.73586,47.86213],[3.7365,47.86219],[3.73781,47.86208],[3.73805,47.86172],[3.73798,47.86175],[3.73691,47.86149],[3.73662,47.86137],[3.73639,47.86117]]],[[[3.73624,47.86223],[3.73581,47.86216],[3.73452,47.86169],[3.73367,47.86146],[3.73264,47.86272],[3.73383,47.86299],[3.7357,47.86302],[3.73574,47.86296],[3.73687,47.86311],[3.73732,47.86309],[3.73747,47.86217],[3.73624,47.86223]]],[[[3.73661,47.84748],[3.73369,47.84536],[3.73356,47.84535],[3.732,47.84606],[3.7307,47.8469],[3.73069,47.84698],[3.73422,47.84944],[3.73432,47.84944],[3.73661,47.84756],[3.73661,47.84748]]],[[[3.73218,47.85136],[3.73426,47.85262],[3.73599,47.85074],[3.73434,47.84959],[3.73423,47.8496],[3.73218,47.85128],[3.73218,47.85136]]],[[[3.73545,47.8651],[3.73466,47.86492],[3.73446,47.86516],[3.73397,47.86499],[3.73354,47.86446],[3.7333,47.86433],[3.73202,47.86544],[3.73397,47.86614],[3.73442,47.86623],[3.7354,47.86629],[3.73563,47.8661],[3.73609,47.8652],[3.73545,47.8651]]],[[[3.73528,47.80984],[3.73416,47.80805],[3.73422,47.80804],[3.73457,47.80857],[3.73304,47.80548],[3.732,47.80409],[3.73267,47.80597],[3.73192,47.80399],[3.73109,47.80285],[3.73064,47.80247],[3.7293,47.80186],[3.72824,47.80147],[3.72624,47.80028],[3.72556,47.79973],[3.7255,47.79976],[3.72535,47.79968],[3.72491,47.79935],[3.72485,47.79917],[3.72475,47.79911],[3.72432,47.79811],[3.72441,47.79809],[3.72433,47.79783],[3.72434,47.79713],[3.72428,47.79713],[3.72438,47.79687],[3.72276,47.79657],[3.72211,47.79792],[3.72198,47.79838],[3.72222,47.79937],[3.72288,47.8007],[3.72379,47.80187],[3.72418,47.80218],[3.72712,47.80358],[3.72811,47.80412],[3.72878,47.80467],[3.72961,47.80551],[3.7306,47.8071],[3.73163,47.80805],[3.73249,47.80986],[3.73469,47.81323],[3.73509,47.81246],[3.73531,47.81172],[3.73511,47.81083],[3.73528,47.80984]],[[3.72941,47.80269],[3.72845,47.80217],[3.72653,47.80111],[3.72661,47.80106],[3.729,47.80242],[3.7299,47.80277],[3.73083,47.80347],[3.73075,47.80352],[3.72984,47.80283],[3.72941,47.80269]],[[3.72393,47.79747],[3.72392,47.79818],[3.72425,47.79891],[3.72482,47.79971],[3.72472,47.79975],[3.72415,47.79894],[3.72382,47.79819],[3.72383,47.79745],[3.72393,47.79747]]],[[[3.735,47.81702],[3.73494,47.81412],[3.73476,47.81376],[3.73442,47.8147],[3.73432,47.81547],[3.73407,47.81633],[3.73391,47.81661],[3.73241,47.81727],[3.73182,47.8174],[3.73125,47.81748],[3.73017,47.81754],[3.72938,47.81774],[3.73052,47.81769],[3.73218,47.81773],[3.73281,47.81779],[3.73434,47.81819],[3.73531,47.81813],[3.7354,47.81801],[3.735,47.81702]]],[[[3.73216,47.80949],[3.73155,47.80808],[3.73047,47.80705],[3.72961,47.80568],[3.72857,47.80461],[3.72773,47.80399],[3.72545,47.80289],[3.72535,47.80291],[3.72473,47.80363],[3.72371,47.80428],[3.72369,47.80437],[3.72385,47.80442],[3.72484,47.80436],[3.72566,47.80448],[3.72606,47.80464],[3.72681,47.80518],[3.72841,47.80672],[3.72832,47.80676],[3.72675,47.80525],[3.72599,47.8047],[3.72561,47.80455],[3.72466,47.80444],[3.72411,47.80482],[3.72367,47.80487],[3.72315,47.80503],[3.72292,47.80542],[3.72277,47.80575],[3.72339,47.80638],[3.72339,47.80647],[3.72306,47.80712],[3.72305,47.80745],[3.72286,47.80812],[3.72222,47.80892],[3.72441,47.80973],[3.7255,47.81067],[3.72622,47.8111],[3.72748,47.81218],[3.72821,47.81338],[3.73012,47.81517],[3.73021,47.81519],[3.73124,47.81497],[3.7325,47.81559],[3.73291,47.81634],[3.73333,47.81641],[3.73364,47.81667],[3.73387,47.81658],[3.73399,47.8163],[3.73427,47.81529],[3.73432,47.81469],[3.73467,47.81359],[3.73447,47.81309],[3.73216,47.80949]]],[[[3.7282,47.84892],[3.732,47.85125],[3.73211,47.85125],[3.73417,47.84956],[3.73417,47.84947],[3.73063,47.84702],[3.73051,47.84701],[3.72941,47.84754],[3.72869,47.84818],[3.72817,47.84884],[3.7282,47.84892]]],[[[3.73386,47.85882],[3.73339,47.8586],[3.73234,47.85827],[3.73217,47.85815],[3.73206,47.85785],[3.73212,47.85759],[3.73238,47.8573],[3.73232,47.85705],[3.73239,47.85689],[3.73259,47.85679],[3.73372,47.85654],[3.73392,47.85641],[3.73396,47.85617],[3.73355,47.85548],[3.73304,47.85561],[3.73274,47.85594],[3.73193,47.85619],[3.7312,47.85692],[3.73061,47.85779],[3.73137,47.85842],[3.73199,47.8588],[3.73398,47.85962],[3.73423,47.85951],[3.73426,47.8593],[3.73414,47.85904],[3.73386,47.85882]]],[[[3.73286,47.8164],[3.73243,47.81562],[3.73123,47.81504],[3.7302,47.81525],[3.73008,47.81522],[3.72908,47.81424],[3.72883,47.81407],[3.72826,47.81495],[3.7264,47.81452],[3.72475,47.81404],[3.72328,47.81333],[3.72281,47.8132],[3.72203,47.81304],[3.7209,47.81294],[3.72022,47.81278],[3.72015,47.81283],[3.72006,47.81329],[3.71971,47.81384],[3.71987,47.81493],[3.7194,47.81587],[3.71943,47.81594],[3.72002,47.81619],[3.72221,47.81687],[3.72238,47.81649],[3.72142,47.81606],[3.72128,47.81607],[3.72114,47.81623],[3.72093,47.81616],[3.7212,47.81585],[3.72173,47.81615],[3.72181,47.81588],[3.72101,47.81545],[3.72189,47.81584],[3.72182,47.81618],[3.72254,47.81648],[3.72236,47.81682],[3.72242,47.81692],[3.72429,47.8176],[3.72461,47.8172],[3.7251,47.81719],[3.72753,47.81746],[3.7276,47.81743],[3.72779,47.81708],[3.72766,47.8162],[3.72779,47.81603],[3.7277,47.81626],[3.72784,47.81708],[3.72743,47.81797],[3.72923,47.81775],[3.72994,47.81754],[3.73183,47.81738],[3.73253,47.81716],[3.73359,47.8167],[3.73325,47.81643],[3.73286,47.8164]]],[[[3.73251,47.86393],[3.73331,47.86431],[3.73374,47.86395],[3.7329,47.86358],[3.73251,47.86393]]],[[[3.73204,47.85612],[3.73266,47.85587],[3.73317,47.85529],[3.73274,47.85489],[3.73007,47.85597],[3.73043,47.85653],[3.73165,47.85614],[3.73204,47.85612]]],[[[3.73157,47.83122],[3.73042,47.83121],[3.72984,47.8311],[3.7298,47.83119],[3.72646,47.83031],[3.7254,47.8306],[3.72584,47.8312],[3.72686,47.83204],[3.72773,47.83256],[3.72848,47.83247],[3.72898,47.83255],[3.73008,47.83287],[3.73211,47.83334],[3.73262,47.83231],[3.73139,47.832],[3.73145,47.83185],[3.73171,47.83166],[3.73157,47.83122]]],[[[3.7296,47.85674],[3.73035,47.85652],[3.72996,47.85596],[3.73249,47.85495],[3.73229,47.85461],[3.73182,47.8547],[3.73117,47.85472],[3.73127,47.85488],[3.72924,47.85528],[3.72919,47.8552],[3.72854,47.85533],[3.72853,47.85562],[3.72864,47.85592],[3.72843,47.856],[3.72849,47.85613],[3.72802,47.85626],[3.72917,47.85706],[3.7296,47.85674]]],[[[3.72976,47.85708],[3.73058,47.85777],[3.7312,47.8569],[3.73191,47.85619],[3.73198,47.85616],[3.73169,47.85616],[3.72965,47.85678],[3.72961,47.85685],[3.72976,47.85708]]],[[[3.72739,47.82172],[3.72593,47.82223],[3.7259,47.8223],[3.72614,47.8229],[3.72639,47.82317],[3.7277,47.82389],[3.72781,47.82388],[3.72834,47.82356],[3.7301,47.82298],[3.7307,47.82298],[3.73108,47.82155],[3.73102,47.82152],[3.72975,47.82172],[3.72915,47.82185],[3.72916,47.8219],[3.72739,47.82172]]],[[[3.72585,47.85313],[3.7256,47.85331],[3.72636,47.85392],[3.72665,47.85403],[3.7274,47.85364],[3.72745,47.85366],[3.72672,47.85404],[3.72725,47.85455],[3.7284,47.85403],[3.72935,47.85346],[3.72895,47.85328],[3.72753,47.85242],[3.7285,47.85189],[3.72826,47.8516],[3.72811,47.85147],[3.72791,47.85159],[3.72672,47.85092],[3.7257,47.85175],[3.72556,47.85194],[3.72538,47.85201],[3.72506,47.85248],[3.72585,47.85313]]],[[[3.72569,47.82201],[3.7251,47.8221],[3.72563,47.82196],[3.72543,47.82138],[3.72536,47.82137],[3.72463,47.82178],[3.72355,47.82218],[3.72275,47.82266],[3.72223,47.82313],[3.72213,47.82349],[3.72205,47.82348],[3.72214,47.82312],[3.72235,47.82289],[3.72318,47.82231],[3.72206,47.82307],[3.72186,47.82339],[3.72174,47.82446],[3.72163,47.82478],[3.72144,47.82494],[3.72259,47.82565],[3.72317,47.82462],[3.72405,47.82391],[3.72479,47.82321],[3.72549,47.82363],[3.72851,47.82492],[3.72893,47.82456],[3.7289,47.82449],[3.72725,47.82374],[3.72634,47.82321],[3.72606,47.82293],[3.72569,47.82201]]],[[[3.72806,47.8133],[3.72742,47.81225],[3.72624,47.8112],[3.72545,47.81071],[3.72434,47.80977],[3.72211,47.80897],[3.72112,47.80994],[3.72065,47.81026],[3.72057,47.81037],[3.72018,47.81205],[3.72019,47.81271],[3.72091,47.81288],[3.72234,47.81302],[3.72285,47.81314],[3.72323,47.81325],[3.7248,47.81399],[3.72651,47.81449],[3.72815,47.81487],[3.72876,47.81401],[3.72806,47.8133]]],[[[3.72754,47.81957],[3.72768,47.81969],[3.72738,47.81957],[3.7266,47.81948],[3.72694,47.81972],[3.72711,47.82001],[3.7274,47.81979],[3.7281,47.82019],[3.72847,47.81988],[3.72825,47.81947],[3.72754,47.81957]]],[[[3.72509,47.81727],[3.72468,47.81734],[3.7244,47.81762],[3.7261,47.81801],[3.72659,47.81806],[3.72732,47.81802],[3.7274,47.8179],[3.72743,47.81753],[3.72509,47.81727]]],[[[3.72714,47.82067],[3.72742,47.82064],[3.72681,47.82028],[3.7263,47.82072],[3.72663,47.82092],[3.72714,47.82067]]],[[[3.72638,47.79],[3.72621,47.78914],[3.72326,47.79148],[3.72345,47.7928],[3.72302,47.79464],[3.72296,47.79511],[3.72302,47.79599],[3.72477,47.79573],[3.7246,47.79529],[3.72454,47.79477],[3.72484,47.79477],[3.72486,47.79487],[3.72506,47.7949],[3.72652,47.79497],[3.7258,47.79327],[3.72577,47.79289],[3.72661,47.79237],[3.72645,47.79188],[3.72659,47.79189],[3.72638,47.79]]],[[[3.72358,47.85152],[3.72354,47.85159],[3.72405,47.85216],[3.72442,47.85301],[3.7249,47.85239],[3.72491,47.85197],[3.72505,47.85166],[3.72526,47.85147],[3.72603,47.85109],[3.72619,47.85093],[3.72574,47.85054],[3.72662,47.84952],[3.72638,47.8494],[3.72631,47.84957],[3.72555,47.8494],[3.72533,47.84966],[3.72362,47.84933],[3.72265,47.85104],[3.72358,47.85152]]],[[[3.72575,47.82095],[3.72607,47.82065],[3.72569,47.82036],[3.72575,47.82095]]],[[[3.72482,47.82079],[3.72387,47.82083],[3.72222,47.82134],[3.72123,47.8218],[3.72108,47.822],[3.721,47.82232],[3.72121,47.82283],[3.72111,47.82347],[3.72117,47.82447],[3.72129,47.82489],[3.72156,47.8244],[3.72165,47.82351],[3.72189,47.82305],[3.72254,47.82251],[3.72291,47.82231],[3.72503,47.8215],[3.72566,47.82096],[3.7256,47.82037],[3.72511,47.8207],[3.72482,47.82079]]],[[[3.72225,47.84461],[3.72587,47.84164],[3.72559,47.84046],[3.72542,47.84004],[3.72489,47.83922],[3.72421,47.83849],[3.72205,47.84269],[3.72198,47.84298],[3.72212,47.84425],[3.72225,47.84461]]],[[[3.72499,47.82],[3.72374,47.81989],[3.723,47.82002],[3.72222,47.82029],[3.72205,47.82048],[3.72191,47.82117],[3.72148,47.82161],[3.72215,47.82132],[3.72384,47.82081],[3.72412,47.82076],[3.72469,47.82079],[3.72506,47.82068],[3.72552,47.82032],[3.72499,47.82]]],[[[3.72386,47.80206],[3.72261,47.80046],[3.72094,47.79952],[3.72034,47.80048],[3.71992,47.80089],[3.72012,47.80116],[3.7199,47.80145],[3.72034,47.80186],[3.72035,47.80204],[3.72046,47.80211],[3.72165,47.80222],[3.72242,47.80251],[3.7235,47.80316],[3.72393,47.80348],[3.72394,47.80359],[3.72344,47.80397],[3.72344,47.80407],[3.72357,47.80422],[3.72367,47.80423],[3.72467,47.80359],[3.72528,47.80288],[3.72526,47.80279],[3.72438,47.80239],[3.72386,47.80206]]],[[[3.72441,47.81947],[3.72311,47.81967],[3.72275,47.81988],[3.7231,47.81988],[3.72373,47.81977],[3.72411,47.81978],[3.72506,47.81991],[3.72548,47.82009],[3.72546,47.81975],[3.72463,47.81952],[3.72441,47.81947]]],[[[3.72579,47.85312],[3.72551,47.85285],[3.72501,47.85254],[3.72469,47.85293],[3.72557,47.85328],[3.72579,47.85312]]],[[[3.72253,47.79207],[3.72146,47.7968],[3.72244,47.79706],[3.72294,47.79597],[3.72295,47.79465],[3.72337,47.79282],[3.7232,47.79153],[3.72253,47.79207]]],[[[3.72086,47.817],[3.71934,47.81639],[3.71937,47.8169],[3.72013,47.81769],[3.72072,47.81751],[3.72301,47.81753],[3.7219,47.81714],[3.72086,47.817]]],[[[3.72301,47.81759],[3.72078,47.81757],[3.72041,47.81767],[3.72049,47.81779],[3.7206,47.81775],[3.72078,47.81796],[3.72092,47.81787],[3.72115,47.81795],[3.72132,47.8178],[3.72147,47.81789],[3.72139,47.81794],[3.72151,47.81806],[3.72167,47.818],[3.72147,47.81808],[3.72166,47.81829],[3.72219,47.81795],[3.72235,47.81803],[3.72244,47.81797],[3.72251,47.818],[3.72301,47.81759]]],[[[3.7226,47.85104],[3.72319,47.85001],[3.72175,47.84964],[3.72152,47.85043],[3.72142,47.85047],[3.72116,47.85038],[3.72099,47.85045],[3.72095,47.8508],[3.7208,47.85086],[3.72066,47.85119],[3.72052,47.8512],[3.72037,47.85132],[3.72039,47.85137],[3.72133,47.85164],[3.72218,47.85202],[3.72228,47.85198],[3.7229,47.85123],[3.7226,47.85104]]],[[[3.7225,47.80025],[3.72205,47.79923],[3.721,47.79949],[3.72245,47.8003],[3.7225,47.80025]]],[[[3.72166,47.82023],[3.72018,47.82122],[3.7202,47.82124],[3.72113,47.82095],[3.72174,47.82068],[3.72207,47.82027],[3.72271,47.82001],[3.72257,47.81985],[3.72166,47.82023]]],[[[3.71881,47.82583],[3.71805,47.8264],[3.7176,47.82662],[3.71754,47.82658],[3.7176,47.82655],[3.7171,47.82598],[3.71645,47.82646],[3.71683,47.8269],[3.71755,47.82731],[3.71854,47.8277],[3.72028,47.82813],[3.72109,47.82691],[3.72088,47.82578],[3.7208,47.82574],[3.71881,47.82583]]],[[[3.72109,47.82691],[3.72028,47.82813],[3.72212,47.82851],[3.72238,47.82777],[3.72135,47.82721],[3.72109,47.82691]]],[[[3.71797,47.8216],[3.71768,47.82085],[3.71713,47.82093],[3.7172,47.82145],[3.71694,47.8214],[3.71606,47.82148],[3.71509,47.82217],[3.71439,47.82254],[3.71371,47.8228],[3.7135,47.82248],[3.71193,47.82305],[3.71155,47.82324],[3.7113,47.82344],[3.7111,47.82406],[3.71141,47.82471],[3.71215,47.82457],[3.71203,47.82428],[3.71329,47.82402],[3.71413,47.82346],[3.7149,47.82313],[3.71689,47.82253],[3.71732,47.82247],[3.71741,47.82284],[3.71939,47.82256],[3.72026,47.8222],[3.71964,47.82146],[3.71823,47.82172],[3.71797,47.8216]]],[[[3.72027,47.8222],[3.72096,47.82201],[3.72113,47.82175],[3.72174,47.82123],[3.72189,47.82074],[3.72143,47.82092],[3.72133,47.82121],[3.72097,47.82143],[3.72092,47.82136],[3.72114,47.8213],[3.72128,47.82118],[3.72116,47.82102],[3.71964,47.82146],[3.72027,47.8222]]],[[[3.7174,47.8103],[3.71535,47.8092],[3.71551,47.80909],[3.71531,47.80893],[3.71361,47.80784],[3.7128,47.80859],[3.71236,47.8092],[3.71313,47.8097],[3.71477,47.81052],[3.71645,47.81118],[3.71752,47.81171],[3.71756,47.81168],[3.71834,47.81215],[3.71955,47.81265],[3.72006,47.8127],[3.7202,47.81164],[3.72015,47.81157],[3.7174,47.8103]]],[[[3.71709,47.8502],[3.71825,47.85073],[3.71946,47.85119],[3.72021,47.85131],[3.72051,47.85091],[3.72068,47.85032],[3.71871,47.84999],[3.71776,47.84961],[3.71728,47.84954],[3.71696,47.84938],[3.71595,47.85004],[3.7167,47.85059],[3.71709,47.8502]]],[[[3.71834,47.81219],[3.71641,47.81121],[3.71527,47.81079],[3.71523,47.81083],[3.71626,47.8116],[3.71678,47.81212],[3.71804,47.81489],[3.71882,47.81543],[3.7189,47.81567],[3.71931,47.81587],[3.71981,47.81492],[3.71968,47.81383],[3.72004,47.81322],[3.72011,47.81276],[3.71946,47.81268],[3.71834,47.81219]]],[[[3.71856,47.81667],[3.71814,47.81626],[3.71696,47.81533],[3.71569,47.81385],[3.71425,47.81266],[3.71337,47.81227],[3.71278,47.81217],[3.71008,47.81203],[3.70825,47.8126],[3.70872,47.81312],[3.70767,47.81345],[3.712,47.81632],[3.71229,47.81665],[3.71237,47.81696],[3.71231,47.81722],[3.71245,47.81744],[3.71308,47.81787],[3.71679,47.8189],[3.71688,47.81889],[3.71765,47.81821],[3.71531,47.8169],[3.715,47.81663],[3.71504,47.8166],[3.71536,47.81687],[3.71778,47.81822],[3.71694,47.81893],[3.71864,47.81908],[3.71935,47.8186],[3.71955,47.81837],[3.7196,47.81804],[3.72002,47.81775],[3.71959,47.8173],[3.71856,47.81667]]],[[[3.71954,47.81852],[3.71879,47.81909],[3.71855,47.81914],[3.71829,47.81911],[3.71865,47.8194],[3.71819,47.81981],[3.71776,47.82],[3.71792,47.82029],[3.71831,47.8202],[3.7182,47.82009],[3.71839,47.82],[3.71831,47.81991],[3.71861,47.81978],[3.71868,47.81982],[3.71901,47.81952],[3.71885,47.81942],[3.7191,47.81957],[3.71982,47.81887],[3.71971,47.81884],[3.71971,47.81876],[3.71958,47.81875],[3.71954,47.81852]]],[[[3.71931,47.81686],[3.71934,47.81606],[3.7187,47.8158],[3.71836,47.81617],[3.71839,47.81633],[3.71888,47.81672],[3.71938,47.81696],[3.71931,47.81686]]],[[[3.71814,47.82071],[3.71835,47.82098],[3.71887,47.82083],[3.71898,47.82072],[3.71823,47.82068],[3.71814,47.82071]]],[[[3.71784,47.81534],[3.71694,47.81451],[3.71598,47.81345],[3.7147,47.81238],[3.7141,47.81202],[3.71387,47.81199],[3.71317,47.81201],[3.71279,47.81215],[3.71354,47.81226],[3.7143,47.81262],[3.71577,47.81383],[3.71704,47.81531],[3.71818,47.81619],[3.71825,47.81619],[3.71858,47.81575],[3.71784,47.81534]]],[[[3.71781,47.8208],[3.71781,47.82085],[3.71793,47.82121],[3.71804,47.82108],[3.7183,47.82099],[3.7181,47.82072],[3.71781,47.8208]]],[[[3.71478,47.81082],[3.71337,47.81033],[3.7126,47.81014],[3.7125,47.81048],[3.7116,47.81029],[3.71107,47.81004],[3.71089,47.80984],[3.70815,47.8101],[3.70832,47.81045],[3.70878,47.81073],[3.71108,47.81092],[3.71269,47.8112],[3.71391,47.81154],[3.71489,47.81206],[3.71632,47.81327],[3.71756,47.81456],[3.7178,47.81467],[3.71665,47.81211],[3.7161,47.81163],[3.71485,47.81075],[3.71478,47.81082]]],[[[3.71257,47.82185],[3.71141,47.82201],[3.71088,47.82194],[3.7086,47.82068],[3.7073,47.82024],[3.70701,47.82026],[3.70657,47.82105],[3.70602,47.82133],[3.70599,47.82245],[3.70651,47.82244],[3.7066,47.82265],[3.70631,47.82327],[3.70643,47.82353],[3.70644,47.82377],[3.70655,47.82388],[3.70678,47.82391],[3.70779,47.82432],[3.70829,47.82459],[3.70869,47.82506],[3.71113,47.82366],[3.71116,47.82346],[3.71115,47.8234],[3.71083,47.8233],[3.71002,47.8234],[3.70884,47.82316],[3.70801,47.82319],[3.70886,47.82312],[3.70927,47.8232],[3.70952,47.82273],[3.70976,47.82259],[3.7091,47.82208],[3.70918,47.82206],[3.70991,47.82264],[3.70957,47.82278],[3.70941,47.8232],[3.71004,47.82335],[3.71085,47.82325],[3.7112,47.82336],[3.71188,47.823],[3.71341,47.82244],[3.71215,47.82246],[3.71257,47.82185]]],[[[3.71199,47.8116],[3.71164,47.81152],[3.70917,47.8113],[3.7083,47.81132],[3.70821,47.81209],[3.70941,47.8117],[3.71092,47.81175],[3.71215,47.81189],[3.71302,47.81176],[3.71244,47.81159],[3.71199,47.8116]]],[[[3.71228,47.82635],[3.71118,47.82442],[3.71098,47.82379],[3.70871,47.8251],[3.7088,47.82529],[3.7095,47.82578],[3.71044,47.82666],[3.71103,47.82649],[3.71156,47.82687],[3.71188,47.82675],[3.7127,47.82766],[3.71292,47.82753],[3.71276,47.82683],[3.71228,47.82635]]],[[[3.70934,47.81175],[3.70807,47.81221],[3.70817,47.81233],[3.70962,47.81183],[3.71002,47.81176],[3.70934,47.81175]]],[[[3.70058,47.81873],[3.70038,47.81854],[3.70023,47.8186],[3.69998,47.81846],[3.7,47.81836],[3.69989,47.81827],[3.69934,47.81798],[3.6986,47.81837],[3.70043,47.81984],[3.70062,47.81982],[3.70036,47.81946],[3.70057,47.81936],[3.70058,47.81873]]],[[[3.69783,47.81873],[3.69928,47.81796],[3.6987,47.81772],[3.69796,47.81729],[3.69728,47.81671],[3.69698,47.81666],[3.69679,47.81683],[3.69604,47.81676],[3.69567,47.81687],[3.69522,47.81678],[3.69448,47.8171],[3.69402,47.81715],[3.69402,47.8172],[3.69402,47.81715],[3.69347,47.81746],[3.6932,47.81752],[3.69287,47.81748],[3.69268,47.81759],[3.69239,47.81766],[3.69142,47.81895],[3.69291,47.81928],[3.69342,47.8195],[3.69518,47.81947],[3.69547,47.81953],[3.69556,47.81917],[3.6956,47.81752],[3.69577,47.81757],[3.69564,47.81758],[3.69557,47.81955],[3.6974,47.81991],[3.6985,47.81998],[3.69934,47.81996],[3.70029,47.81985],[3.69855,47.81843],[3.69784,47.81878],[3.69783,47.81873]]]]}},{"type":"Feature","properties":{"id":"climat-chablis-premier-cru-fourchaume","kind":"climat","level":"premier-cru","name":"Fourchaume","full":"Chablis premier cru Fourchaume","app":"Chablis","region":"chablis","communes":["La Chapelle-Vaupelteigne","Fontenay-près-Chablis","Maligny"],"area_ha":99.43,"elev":[127.2,158.8,199.5],"slope":8.8,"slope_pct":15.6,"aspect":235,"aspect_label":"SW","aspect_hist":[0.006,0.001,0.001,0.091,0.102,0.293,0.453,0.054],"village":"chablis","white":true},"geometry":{"type":"MultiPolygon","coordinates":[[[[3.80184,47.83781],[3.80156,47.83755],[3.8,47.83638],[3.79846,47.83547],[3.79744,47.8346],[3.79702,47.83429],[3.79686,47.83423],[3.79659,47.83417],[3.79373,47.83368],[3.79355,47.83417],[3.79304,47.83525],[3.79458,47.83662],[3.79503,47.83662],[3.79501,47.83641],[3.79509,47.8364],[3.79509,47.83631],[3.79518,47.83603],[3.79571,47.83607],[3.79598,47.83612],[3.79655,47.83636],[3.79694,47.83645],[3.79754,47.83667],[3.7975,47.83671],[3.79846,47.8371],[3.79843,47.83714],[3.79865,47.83725],[3.79871,47.83721],[3.7989,47.83731],[3.79884,47.83738],[3.79939,47.83767],[3.79944,47.83764],[3.80037,47.83821],[3.80084,47.83853],[3.80191,47.83794],[3.80184,47.83781]]],[[[3.797,47.83237],[3.79693,47.83234],[3.79629,47.83204],[3.79671,47.83253],[3.797,47.83237]]],[[[3.79363,47.83366],[3.79226,47.83348],[3.79093,47.83338],[3.79299,47.8352],[3.79348,47.83416],[3.79365,47.8337],[3.79363,47.83366]]],[[[3.78536,47.83637],[3.7814,47.8394],[3.78103,47.83974],[3.77955,47.84135],[3.77937,47.84158],[3.77738,47.84523],[3.7774,47.84526],[3.77884,47.84531],[3.77951,47.84529],[3.7806,47.84522],[3.78171,47.84525],[3.78298,47.84533],[3.78312,47.84451],[3.78292,47.84448],[3.78294,47.84437],[3.78355,47.84433],[3.78437,47.84421],[3.78409,47.8438],[3.78396,47.84353],[3.78384,47.8432],[3.78382,47.84301],[3.78387,47.84282],[3.78425,47.84228],[3.78488,47.84192],[3.7854,47.84142],[3.78567,47.84111],[3.78621,47.8403],[3.78643,47.83988],[3.78662,47.83967],[3.78713,47.83928],[3.78764,47.83898],[3.78841,47.83865],[3.78873,47.83841],[3.78912,47.83768],[3.78945,47.83735],[3.78894,47.8371],[3.78768,47.83682],[3.7876,47.83682],[3.78536,47.83637]]],[[[3.78474,47.84546],[3.78435,47.84554],[3.78413,47.84554],[3.78104,47.84534],[3.77894,47.84544],[3.77879,47.8461],[3.77869,47.84639],[3.77864,47.84638],[3.77889,47.84543],[3.77737,47.84539],[3.77702,47.84551],[3.7754,47.84945],[3.77663,47.84964],[3.77662,47.84966],[3.77539,47.84948],[3.77491,47.85051],[3.77273,47.85497],[3.77266,47.8552],[3.77201,47.8564],[3.77088,47.85864],[3.77126,47.85875],[3.7713,47.85871],[3.77175,47.85884],[3.77248,47.8591],[3.77307,47.85839],[3.77393,47.85722],[3.77442,47.85669],[3.77467,47.85649],[3.77502,47.85627],[3.77561,47.85573],[3.77505,47.85548],[3.77526,47.85512],[3.77526,47.8551],[3.77517,47.85508],[3.77534,47.85475],[3.77552,47.85451],[3.77596,47.85381],[3.77599,47.85382],[3.77612,47.85369],[3.77605,47.85366],[3.77602,47.85359],[3.77618,47.85339],[3.77647,47.85277],[3.77694,47.85286],[3.77696,47.85282],[3.77714,47.85254],[3.77708,47.85242],[3.77724,47.85182],[3.77746,47.8515],[3.77765,47.85113],[3.77773,47.85107],[3.77783,47.85103],[3.77804,47.85103],[3.7795,47.85135],[3.77954,47.8513],[3.77961,47.85129],[3.78138,47.8514],[3.78165,47.8514],[3.78167,47.85135],[3.78188,47.85134],[3.78233,47.85079],[3.781,47.85019],[3.78105,47.85013],[3.78077,47.85001],[3.78102,47.84959],[3.78034,47.84937],[3.78032,47.849],[3.77997,47.84875],[3.77998,47.84852],[3.7802,47.84774],[3.78035,47.84736],[3.78056,47.84713],[3.78129,47.8466],[3.78162,47.84652],[3.78197,47.84648],[3.78232,47.84652],[3.78318,47.84678],[3.78396,47.84697],[3.78475,47.84723],[3.78457,47.84643],[3.78466,47.8461],[3.78474,47.84546]]]]}},{"type":"Feature","properties":{"id":"climat-chablis-premier-cru-vaucoupin","kind":"climat","level":"premier-cru","name":"Vaucoupin","full":"Chablis premier cru Vaucoupin","app":"Chablis","region":"chablis","communes":["Chichée"],"area_ha":47.36,"elev":[152.0,218.7,270.5],"slope":9.6,"slope_pct":17.1,"aspect":191,"aspect_label":"SSW","aspect_hist":[0.0,0.0,0.005,0.085,0.442,0.231,0.187,0.05],"village":"chablis","white":true},"geometry":{"type":"Polygon","coordinates":[[[3.84088,47.80126],[3.84118,47.80174],[3.84099,47.80226],[3.84088,47.80281],[3.8424,47.80285],[3.84282,47.80284],[3.84303,47.80281],[3.84328,47.80272],[3.84392,47.80256],[3.84487,47.80256],[3.84506,47.80266],[3.84523,47.80297],[3.84563,47.80355],[3.84644,47.8039],[3.84665,47.80412],[3.84844,47.80406],[3.84925,47.80406],[3.84924,47.8041],[3.85082,47.80435],[3.85084,47.80432],[3.85283,47.805],[3.8532,47.80464],[3.85366,47.80431],[3.85402,47.80438],[3.85432,47.80439],[3.85612,47.80424],[3.85785,47.80416],[3.8582,47.80412],[3.85866,47.80401],[3.85932,47.80404],[3.8601,47.80411],[3.86018,47.80407],[3.86028,47.80364],[3.86109,47.80361],[3.86186,47.80276],[3.86085,47.80233],[3.86031,47.80226],[3.8597,47.80212],[3.8582,47.80186],[3.85817,47.80201],[3.85576,47.8019],[3.85571,47.80221],[3.85573,47.80266],[3.85483,47.80272],[3.85481,47.80242],[3.85371,47.80237],[3.85371,47.80246],[3.85282,47.80224],[3.85279,47.80227],[3.85157,47.80163],[3.85095,47.80134],[3.85044,47.80115],[3.84987,47.80091],[3.84835,47.80038],[3.84759,47.80008],[3.84612,47.79978],[3.84445,47.79951],[3.84409,47.79954],[3.84295,47.79985],[3.84207,47.79999],[3.84159,47.80005],[3.84117,47.80006],[3.84073,47.80003],[3.84011,47.79995],[3.83952,47.79981],[3.83925,47.80038],[3.83953,47.80047],[3.84003,47.80059],[3.84078,47.80095],[3.84088,47.80126]]]}},{"type":"Feature","properties":{"id":"climat-chablis-premier-cru-les-fourneaux","kind":"climat","level":"premier-cru","name":"Les Fourneaux","full":"Chablis premier cru Les Fourneaux","app":"Chablis","region":"chablis","communes":["Fleys"],"area_ha":35.78,"elev":[178.7,209.9,239.6],"slope":13.1,"slope_pct":23.4,"aspect":166,"aspect_label":"SSE","aspect_hist":[0.0,0.0,0.052,0.361,0.437,0.128,0.022,0.0],"village":"chablis","white":true},"geometry":{"type":"MultiPolygon","coordinates":[[[[3.87387,47.81832],[3.87379,47.81753],[3.87297,47.81635],[3.87283,47.8162],[3.87262,47.81608],[3.87225,47.81598],[3.87145,47.81586],[3.87079,47.81583],[3.87007,47.81582],[3.86809,47.81588],[3.86813,47.81604],[3.86782,47.8161],[3.86726,47.81627],[3.86727,47.81629],[3.86693,47.81643],[3.86699,47.8165],[3.86622,47.81673],[3.86619,47.81669],[3.86614,47.81667],[3.86578,47.81673],[3.86423,47.8172],[3.86319,47.81726],[3.86225,47.81726],[3.86149,47.81724],[3.8609,47.81728],[3.86054,47.81738],[3.86019,47.81743],[3.85744,47.81771],[3.85822,47.81887],[3.85843,47.81908],[3.85857,47.81906],[3.8586,47.81911],[3.85907,47.81898],[3.86035,47.81883],[3.86095,47.81883],[3.8613,47.81877],[3.862,47.81875],[3.86623,47.81845],[3.86658,47.81854],[3.86695,47.81858],[3.86758,47.8187],[3.86789,47.81872],[3.86808,47.8187],[3.86832,47.81865],[3.86838,47.81858],[3.86851,47.81841],[3.86861,47.81813],[3.86871,47.81805],[3.86886,47.81773],[3.86896,47.81762],[3.86949,47.81743],[3.86998,47.81735],[3.87052,47.81735],[3.87098,47.81741],[3.87155,47.81758],[3.87207,47.81776],[3.87246,47.81798],[3.8728,47.81824],[3.87283,47.81853],[3.87387,47.81832]]],[[[3.85587,47.8237],[3.85586,47.82363],[3.8547,47.82256],[3.85446,47.82222],[3.85413,47.82166],[3.8538,47.82091],[3.85335,47.82104],[3.85305,47.82052],[3.85221,47.81973],[3.85189,47.8195],[3.85157,47.81933],[3.85154,47.81927],[3.85093,47.81937],[3.85042,47.81942],[3.84875,47.8195],[3.84838,47.8196],[3.84811,47.81973],[3.84792,47.8199],[3.84777,47.8201],[3.84839,47.82092],[3.8488,47.82071],[3.84912,47.82068],[3.84947,47.82077],[3.84989,47.82097],[3.85158,47.82225],[3.85187,47.82254],[3.85296,47.82335],[3.85369,47.82406],[3.85372,47.82404],[3.85383,47.82416],[3.85379,47.82418],[3.85415,47.8246],[3.85519,47.82415],[3.85587,47.8237]]]]}},{"type":"Feature","properties":{"id":"climat-chablis-premier-cru-vosgros","kind":"climat","level":"premier-cru","name":"Vosgros","full":"Chablis premier cru Vosgros","app":"Chablis","region":"chablis","communes":["Chichée"],"area_ha":22.57,"elev":[176.8,200.8,217.1],"slope":5.3,"slope_pct":9.3,"aspect":238,"aspect_label":"WSW","aspect_hist":[0.009,0.001,0.0,0.014,0.242,0.206,0.322,0.206],"village":"chablis","white":true},"geometry":{"type":"Polygon","coordinates":[[[3.80713,47.79541],[3.80841,47.79518],[3.80891,47.79511],[3.80948,47.79507],[3.80952,47.79497],[3.80968,47.79476],[3.80985,47.79462],[3.80993,47.79464],[3.81012,47.79448],[3.81035,47.79459],[3.81056,47.7944],[3.811,47.79461],[3.81116,47.79447],[3.8115,47.79427],[3.81196,47.79394],[3.81244,47.79347],[3.81321,47.79381],[3.81359,47.79388],[3.81462,47.79388],[3.81502,47.79382],[3.81547,47.7937],[3.81582,47.79354],[3.81668,47.79294],[3.81748,47.7923],[3.81788,47.79183],[3.818,47.79161],[3.81803,47.79133],[3.81786,47.79063],[3.81786,47.7903],[3.81796,47.79005],[3.81794,47.78989],[3.81768,47.7895],[3.8175,47.78932],[3.81679,47.78896],[3.81627,47.78923],[3.81573,47.78946],[3.81491,47.78973],[3.81419,47.79002],[3.81449,47.79023],[3.81403,47.79039],[3.81415,47.79044],[3.81409,47.79058],[3.81393,47.79053],[3.81376,47.79077],[3.81384,47.79079],[3.8137,47.7911],[3.81421,47.7913],[3.81452,47.79138],[3.81415,47.79177],[3.81388,47.79217],[3.81355,47.79207],[3.81308,47.79198],[3.8126,47.79174],[3.81231,47.79154],[3.81172,47.79202],[3.81113,47.79258],[3.81037,47.79212],[3.81027,47.79221],[3.8101,47.79214],[3.80973,47.79246],[3.80947,47.79232],[3.80922,47.79259],[3.80957,47.79275],[3.80924,47.79306],[3.80929,47.79308],[3.80902,47.79329],[3.80918,47.79338],[3.80909,47.79342],[3.80896,47.79335],[3.80881,47.79351],[3.80833,47.79329],[3.8083,47.79342],[3.80832,47.79364],[3.80824,47.79402],[3.80778,47.79435],[3.8074,47.79469],[3.80701,47.79497],[3.80696,47.79504],[3.80695,47.7953],[3.80713,47.79541]]]}},{"type":"Feature","properties":{"id":"climat-chablis-premier-cru-les-beauregards","kind":"climat","level":"premier-cru","name":"Les Beauregards","full":"Chablis premier cru Les Beauregards","app":"Chablis","region":"chablis","communes":["Courgis"],"area_ha":21.31,"elev":[226.6,265.8,300.3],"slope":12.4,"slope_pct":22.1,"aspect":154,"aspect_label":"SSE","aspect_hist":[0.01,0.022,0.017,0.57,0.381,0.0,0.0,0.0],"village":"chablis","white":true},"geometry":{"type":"Polygon","coordinates":[[[3.752,47.76822],[3.75264,47.7679],[3.75232,47.76746],[3.75191,47.76709],[3.75155,47.7669],[3.7512,47.76678],[3.75012,47.76655],[3.74966,47.7666],[3.74899,47.76664],[3.74862,47.76661],[3.74858,47.76677],[3.74815,47.76677],[3.74741,47.76667],[3.7468,47.76652],[3.74666,47.76668],[3.74644,47.7666],[3.74657,47.76643],[3.74525,47.76578],[3.74477,47.76586],[3.74401,47.76603],[3.74402,47.76601],[3.74347,47.76616],[3.74221,47.7663],[3.74219,47.76625],[3.74168,47.76571],[3.74157,47.76574],[3.74152,47.76568],[3.74137,47.76568],[3.74123,47.76553],[3.7406,47.76568],[3.74038,47.76577],[3.73983,47.76609],[3.74002,47.76628],[3.73998,47.76631],[3.74023,47.76652],[3.7403,47.76665],[3.7417,47.76712],[3.74173,47.76706],[3.74208,47.76712],[3.74282,47.76732],[3.74317,47.76738],[3.74411,47.76767],[3.74484,47.76787],[3.74481,47.76792],[3.74561,47.7682],[3.7458,47.76823],[3.74579,47.76829],[3.74594,47.76837],[3.74592,47.76841],[3.74604,47.76847],[3.746,47.76852],[3.74613,47.76858],[3.7461,47.76862],[3.74652,47.76881],[3.74654,47.76891],[3.74669,47.76888],[3.74731,47.76921],[3.7472,47.76937],[3.74762,47.76942],[3.74865,47.76964],[3.75026,47.77017],[3.75093,47.76952],[3.75094,47.76946],[3.75127,47.76912],[3.75213,47.76834],[3.752,47.76822]]]}},{"type":"Feature","properties":{"id":"climat-chablis-premier-cru-mont-de-milieu","kind":"climat","level":"premier-cru","name":"Mont de Milieu","full":"Chablis premier cru Mont de Milieu","app":"Chablis","region":"chablis","communes":["Fleys"],"area_ha":18.16,"elev":[171.6,202.7,236.8],"slope":7.5,"slope_pct":13.2,"aspect":139,"aspect_label":"SE","aspect_hist":[0.0,0.001,0.061,0.728,0.21,0.0,0.0,0.0],"village":"chablis","white":true},"geometry":{"type":"Polygon","coordinates":[[[3.84164,47.81234],[3.8422,47.81203],[3.84188,47.81194],[3.84132,47.81183],[3.84075,47.81168],[3.84058,47.8116],[3.84048,47.81151],[3.84017,47.81109],[3.84007,47.81103],[3.83774,47.81027],[3.83674,47.81011],[3.83546,47.80986],[3.83485,47.80978],[3.83479,47.81012],[3.83473,47.81087],[3.83513,47.81089],[3.83479,47.81215],[3.83528,47.81225],[3.83513,47.81265],[3.83517,47.81265],[3.83485,47.81344],[3.83541,47.81361],[3.83543,47.81357],[3.83562,47.8136],[3.83559,47.81365],[3.83577,47.8137],[3.83569,47.81381],[3.8361,47.81397],[3.83613,47.81395],[3.83623,47.81399],[3.83626,47.81397],[3.83642,47.81403],[3.83632,47.81414],[3.8374,47.8148],[3.83775,47.8152],[3.83877,47.81466],[3.83875,47.81452],[3.83861,47.81425],[3.83893,47.814],[3.83958,47.81359],[3.83989,47.81335],[3.8402,47.81315],[3.84063,47.81291],[3.84079,47.81286],[3.84105,47.81271],[3.84155,47.81242],[3.84164,47.81234]]]}},{"type":"Feature","properties":{"id":"climat-chablis-premier-cru-cote-de-jouan","kind":"climat","level":"premier-cru","name":"Côte de Jouan","full":"Chablis premier cru Côte de Jouan","app":"Chablis","region":"chablis","communes":["Courgis"],"area_ha":12.58,"elev":[215.2,251.1,296.9],"slope":12.0,"slope_pct":21.4,"aspect":140,"aspect_label":"SE","aspect_hist":[0.0,0.021,0.124,0.713,0.142,0.0,0.0,0.0],"village":"chablis","white":true},"geometry":{"type":"Polygon","coordinates":[[[3.75272,47.77719],[3.75305,47.77686],[3.75176,47.77626],[3.75115,47.77576],[3.75059,47.77542],[3.74987,47.77515],[3.7494,47.77492],[3.74932,47.77493],[3.74788,47.77617],[3.74748,47.77657],[3.74743,47.77658],[3.74739,47.77665],[3.74743,47.77669],[3.7474,47.77673],[3.74746,47.77676],[3.74738,47.77694],[3.74654,47.77783],[3.74714,47.77803],[3.74743,47.77777],[3.74762,47.77785],[3.74795,47.77756],[3.74815,47.77767],[3.74807,47.77777],[3.74813,47.77781],[3.7481,47.77786],[3.74819,47.77791],[3.74825,47.77789],[3.7486,47.7781],[3.74846,47.77831],[3.74871,47.77846],[3.74891,47.77852],[3.74903,47.77841],[3.7494,47.77852],[3.74946,47.77851],[3.74968,47.77859],[3.74976,47.77854],[3.74985,47.77856],[3.74993,47.7786],[3.7499,47.77867],[3.74998,47.77872],[3.75028,47.77879],[3.75038,47.7787],[3.75046,47.77873],[3.7503,47.77893],[3.75041,47.77897],[3.7504,47.77904],[3.75052,47.7791],[3.75064,47.77894],[3.75077,47.77899],[3.75074,47.77905],[3.75084,47.7791],[3.75082,47.77915],[3.751,47.77921],[3.75099,47.77924],[3.75163,47.77943],[3.75234,47.77807],[3.75272,47.77719]]]}},{"type":"Feature","properties":{"id":"climat-chablis-premier-cru-vaugiraut","kind":"climat","level":"premier-cru","name":"Vaugiraut","full":"Chablis premier cru Vaugiraut","app":"Chablis","region":"chablis","communes":["Chichée"],"area_ha":7.01,"elev":[179.9,195.1,206.1],"slope":5.2,"slope_pct":9.2,"aspect":241,"aspect_label":"WSW","aspect_hist":[0.0,0.0,0.0,0.002,0.096,0.42,0.421,0.061],"village":"chablis","white":true},"geometry":{"type":"Polygon","coordinates":[[[3.81242,47.79349],[3.8122,47.79336],[3.81218,47.79322],[3.81214,47.79317],[3.81154,47.79286],[3.81107,47.79254],[3.81037,47.79212],[3.81027,47.79221],[3.8101,47.79214],[3.80973,47.79246],[3.80947,47.79232],[3.80922,47.79259],[3.80957,47.79275],[3.80924,47.79306],[3.80929,47.79308],[3.80902,47.79329],[3.80918,47.79338],[3.80909,47.79342],[3.80896,47.79335],[3.80881,47.79351],[3.80833,47.79329],[3.8083,47.79342],[3.80832,47.79364],[3.80824,47.79402],[3.80778,47.79435],[3.8074,47.79469],[3.80701,47.79497],[3.80696,47.79504],[3.80693,47.79515],[3.80695,47.7953],[3.80713,47.79541],[3.80841,47.79518],[3.80891,47.79511],[3.80948,47.79507],[3.80952,47.79497],[3.80968,47.79476],[3.80985,47.79462],[3.80993,47.79464],[3.81012,47.79448],[3.81035,47.79459],[3.81056,47.7944],[3.811,47.79461],[3.81116,47.79447],[3.8115,47.79427],[3.81196,47.79394],[3.81242,47.79349]]]}},{"type":"Feature","properties":{"id":"climat-chablis-premier-cru-vaupulent","kind":"climat","level":"premier-cru","name":"Vaupulent","full":"Chablis premier cru Vaupulent","app":"Chablis","region":"chablis","communes":["La Chapelle-Vaupelteigne"],"area_ha":2.63,"elev":[157.7,179.1,199.5],"slope":8.3,"slope_pct":14.7,"aspect":243,"aspect_label":"WSW","aspect_hist":[0.0,0.0,0.0,0.0,0.004,0.773,0.223,0.0],"village":"chablis","white":true},"geometry":{"type":"Polygon","coordinates":[[[3.7851,47.83657],[3.78706,47.83742],[3.78702,47.83745],[3.78705,47.83747],[3.7884,47.83826],[3.78873,47.83841],[3.78912,47.83768],[3.78945,47.83735],[3.78894,47.8371],[3.78768,47.83682],[3.7876,47.83682],[3.78536,47.83637],[3.7851,47.83657]]]}},{"type":"Feature","properties":{"id":"climat-chablis-premier-cru-chaume-de-talvat","kind":"climat","level":"premier-cru","name":"Chaume de Talvat","full":"Chablis premier cru Chaume de Talvat","app":"Chablis","region":"chablis","communes":["Courgis"],"area_ha":1.14,"elev":[278.3,287.6,294.6],"slope":8.1,"slope_pct":14.4,"aspect":136,"aspect_label":"SE","aspect_hist":[0.0,0.009,0.119,0.87,0.002,0.0,0.0,0.0],"village":"chablis","white":true},"geometry":{"type":"Polygon","coordinates":[[[3.75159,47.7795],[3.75163,47.77943],[3.75099,47.77924],[3.751,47.77921],[3.75082,47.77915],[3.75084,47.7791],[3.75074,47.77905],[3.75077,47.77899],[3.75064,47.77894],[3.75052,47.7791],[3.7504,47.77904],[3.75041,47.77897],[3.7503,47.77893],[3.75046,47.77873],[3.75038,47.7787],[3.75028,47.77879],[3.74998,47.77872],[3.7499,47.77867],[3.74993,47.7786],[3.74985,47.77856],[3.74976,47.77854],[3.74968,47.77859],[3.74946,47.77851],[3.7494,47.77852],[3.74903,47.77841],[3.74891,47.77852],[3.74871,47.77846],[3.74846,47.77831],[3.7486,47.7781],[3.74825,47.77789],[3.74819,47.77791],[3.7481,47.77786],[3.74813,47.77781],[3.74807,47.77777],[3.74815,47.77767],[3.74795,47.77756],[3.74762,47.77785],[3.74743,47.77777],[3.74714,47.77803],[3.74828,47.77847],[3.74895,47.77869],[3.74974,47.7789],[3.75124,47.77946],[3.75159,47.7795]]]}},{"type":"Feature","properties":{"id":"grand-cru-chablis-grand-cru-les-clos","kind":"grand_cru","level":"grand-cru","name":"Les Clos","full":"Chablis Grand Cru Les Clos","app":"Chablis Grand Cru","region":"chablis","communes":["Chablis"],"area_ha":29.36,"elev":[133.5,170.8,221.3],"slope":9.8,"slope_pct":17.3,"aspect":220,"aspect_label":"SW","aspect_hist":[0.0,0.0,0.0,0.011,0.181,0.712,0.091,0.005],"village":"chablis","white":true},"geometry":{"type":"MultiPolygon","coordinates":[[[[3.81235,47.81815],[3.81166,47.81838],[3.81119,47.81846],[3.81091,47.81855],[3.81056,47.81871],[3.81039,47.81884],[3.81091,47.81921],[3.81146,47.81975],[3.81158,47.82032],[3.81165,47.82048],[3.81176,47.82066],[3.81243,47.82048],[3.81296,47.82038],[3.81301,47.82047],[3.81334,47.82047],[3.81336,47.82044],[3.8135,47.82043],[3.8143,47.82059],[3.8146,47.82067],[3.81472,47.82073],[3.81463,47.8206],[3.81432,47.8199],[3.81402,47.81968],[3.8136,47.81921],[3.81303,47.8188],[3.81235,47.81815]]],[[[3.80998,47.81601],[3.80961,47.81589],[3.80946,47.8159],[3.80789,47.81663],[3.8082,47.81683],[3.80916,47.81724],[3.81006,47.8177],[3.81035,47.8179],[3.81098,47.81849],[3.81126,47.81842],[3.81165,47.81836],[3.81192,47.81825],[3.81232,47.81812],[3.81142,47.81725],[3.81113,47.81689],[3.811,47.81678],[3.80998,47.81601]]],[[[3.81001,47.81931],[3.80993,47.81937],[3.80927,47.81975],[3.80852,47.82013],[3.8081,47.82037],[3.80779,47.82058],[3.80706,47.82116],[3.80694,47.82134],[3.8069,47.82147],[3.8069,47.82158],[3.80694,47.82175],[3.80712,47.82205],[3.80768,47.82195],[3.80875,47.82187],[3.80895,47.82184],[3.80897,47.82169],[3.80914,47.82143],[3.80951,47.8212],[3.80949,47.82116],[3.8097,47.82105],[3.81,47.82093],[3.80993,47.82086],[3.81003,47.82083],[3.81013,47.82097],[3.81026,47.82111],[3.81173,47.82066],[3.8116,47.82044],[3.81154,47.82024],[3.81145,47.81976],[3.81086,47.81919],[3.81037,47.81885],[3.81001,47.81931]]],[[[3.80821,47.81686],[3.80787,47.81664],[3.80768,47.81678],[3.80745,47.81702],[3.80825,47.81762],[3.80841,47.81772],[3.80899,47.81799],[3.80976,47.81841],[3.81035,47.81881],[3.81051,47.81871],[3.81073,47.81859],[3.81097,47.8185],[3.81033,47.81791],[3.80995,47.81766],[3.80911,47.81724],[3.80821,47.81686]]],[[[3.80833,47.81769],[3.80745,47.81705],[3.80723,47.8173],[3.80614,47.81823],[3.80675,47.81858],[3.80744,47.81905],[3.80743,47.81906],[3.80675,47.8186],[3.80613,47.81824],[3.80533,47.81894],[3.80714,47.82007],[3.80714,47.82013],[3.80709,47.82021],[3.80771,47.82059],[3.8081,47.82033],[3.80839,47.82016],[3.80906,47.81983],[3.8099,47.81935],[3.80997,47.8193],[3.81033,47.81883],[3.80975,47.81843],[3.80891,47.81796],[3.8086,47.81783],[3.80833,47.81769]]],[[[3.80531,47.81895],[3.80392,47.82014],[3.80382,47.82046],[3.80388,47.82086],[3.80398,47.82107],[3.80412,47.82123],[3.80431,47.82136],[3.8047,47.82155],[3.80512,47.8217],[3.80553,47.82148],[3.80588,47.82138],[3.80596,47.82122],[3.80687,47.82155],[3.80691,47.82133],[3.80704,47.82113],[3.8077,47.82059],[3.80707,47.82021],[3.80712,47.82007],[3.8058,47.81923],[3.80531,47.81895]]]]}},{"type":"Feature","properties":{"id":"grand-cru-chablis-grand-cru-vaudesir","kind":"grand_cru","level":"grand-cru","name":"Vaudésir","full":"Chablis Grand Cru Vaudésir","app":"Chablis Grand Cru","region":"chablis","communes":["Chablis"],"area_ha":16.42,"elev":[136.3,174.6,207.3],"slope":13.1,"slope_pct":23.6,"aspect":192,"aspect_label":"SSW","aspect_hist":[0.084,0.0,0.0,0.11,0.516,0.077,0.069,0.144],"village":"chablis","white":true},"geometry":{"type":"MultiPolygon","coordinates":[[[[3.79898,47.82455],[3.7988,47.82446],[3.79851,47.82426],[3.79764,47.82473],[3.79779,47.82482],[3.79737,47.82501],[3.79825,47.82582],[3.79838,47.82579],[3.79995,47.82581],[3.79996,47.82582],[3.79839,47.8258],[3.798,47.82592],[3.79833,47.82617],[3.79866,47.82638],[3.79936,47.82676],[3.7995,47.8265],[3.79972,47.82635],[3.79984,47.82631],[3.80002,47.82629],[3.80012,47.82631],[3.80057,47.82626],[3.80115,47.82614],[3.80239,47.82609],[3.80239,47.82603],[3.80336,47.82605],[3.80336,47.82613],[3.80385,47.82607],[3.80416,47.82608],[3.80513,47.82635],[3.8054,47.82648],[3.80563,47.82667],[3.80659,47.82625],[3.8059,47.82538],[3.80571,47.82519],[3.8054,47.825],[3.80522,47.82491],[3.80504,47.82485],[3.80477,47.82478],[3.80415,47.82466],[3.8039,47.82464],[3.80283,47.82459],[3.80222,47.82453],[3.80145,47.82455],[3.80096,47.82456],[3.79945,47.82465],[3.79925,47.82463],[3.79898,47.82455]]],[[[3.79901,47.82284],[3.79884,47.82297],[3.79875,47.82307],[3.79847,47.82348],[3.79836,47.8237],[3.79835,47.82388],[3.7984,47.82406],[3.79854,47.82422],[3.79872,47.82436],[3.79887,47.82445],[3.79917,47.82457],[3.79937,47.82461],[3.7996,47.82461],[3.80073,47.82453],[3.80222,47.8245],[3.80283,47.82455],[3.80381,47.82459],[3.80408,47.82462],[3.80443,47.82468],[3.80449,47.82454],[3.80461,47.82457],[3.80463,47.82453],[3.80485,47.82459],[3.80538,47.82483],[3.80569,47.82499],[3.8056,47.82487],[3.80545,47.82473],[3.80501,47.8244],[3.80486,47.82425],[3.80469,47.82392],[3.8047,47.82375],[3.80448,47.82373],[3.80425,47.8237],[3.80264,47.82361],[3.80182,47.82359],[3.80123,47.82367],[3.80123,47.82361],[3.80111,47.82362],[3.80013,47.82389],[3.8001,47.82381],[3.79949,47.82323],[3.79938,47.82331],[3.79901,47.82284]]]]}},{"type":"Feature","properties":{"id":"grand-cru-chablis-grand-cru-bougros","kind":"grand_cru","level":"grand-cru","name":"Bougros","full":"Chablis Grand Cru Bougros","app":"Chablis Grand Cru","region":"chablis","communes":["Chablis"],"area_ha":15.87,"elev":[131.2,150.9,170.3],"slope":8.1,"slope_pct":14.6,"aspect":214,"aspect_label":"SSW","aspect_hist":[0.007,0.008,0.001,0.006,0.259,0.285,0.293,0.141],"village":"chablis","white":true},"geometry":{"type":"Polygon","coordinates":[[[3.79689,47.82364],[3.79786,47.82354],[3.7981,47.82349],[3.79823,47.82343],[3.79842,47.82329],[3.79879,47.8229],[3.79897,47.82278],[3.79857,47.82289],[3.79423,47.82341],[3.79271,47.82356],[3.79041,47.82367],[3.78987,47.82373],[3.78968,47.82379],[3.78947,47.82387],[3.78906,47.82409],[3.78789,47.82493],[3.78792,47.82495],[3.7896,47.82567],[3.79075,47.82477],[3.79122,47.82439],[3.79137,47.82431],[3.79177,47.82422],[3.79233,47.82416],[3.79327,47.82402],[3.79431,47.82392],[3.79432,47.82393],[3.79324,47.82404],[3.79231,47.82417],[3.79178,47.82423],[3.79139,47.82432],[3.79124,47.82439],[3.78962,47.82567],[3.78996,47.82581],[3.79057,47.82603],[3.79338,47.82681],[3.7936,47.82692],[3.79379,47.82664],[3.79429,47.82601],[3.79461,47.82568],[3.79514,47.82522],[3.79586,47.82469],[3.79592,47.82455],[3.79592,47.82449],[3.79574,47.82423],[3.79571,47.82414],[3.79572,47.82407],[3.79578,47.82399],[3.79595,47.8239],[3.79647,47.82372],[3.79689,47.82364]]]}},{"type":"Feature","properties":{"id":"grand-cru-chablis-grand-cru-blanchot","kind":"grand_cru","level":"grand-cru","name":"Blanchot","full":"Chablis Grand Cru Blanchot","app":"Chablis Grand Cru","region":"chablis","communes":["Chablis"],"area_ha":13.12,"elev":[141.5,176.1,223.1],"slope":14.2,"slope_pct":25.6,"aspect":140,"aspect_label":"SE","aspect_hist":[0.0,0.0,0.056,0.666,0.255,0.02,0.003,0.0],"village":"chablis","white":true},"geometry":{"type":"MultiPolygon","coordinates":[[[[3.81071,47.81604],[3.81012,47.81594],[3.81021,47.81606],[3.81047,47.81628],[3.81114,47.81679],[3.81138,47.81712],[3.81215,47.81783],[3.81291,47.81859],[3.8136,47.81912],[3.81405,47.81958],[3.81441,47.81991],[3.81446,47.81997],[3.8147,47.82056],[3.81477,47.82069],[3.81513,47.82094],[3.81509,47.82097],[3.81555,47.82129],[3.81562,47.82124],[3.81606,47.82155],[3.8161,47.82152],[3.81643,47.82183],[3.81726,47.82142],[3.81726,47.82146],[3.81869,47.82096],[3.81867,47.8209],[3.81781,47.81969],[3.81763,47.81948],[3.81724,47.8191],[3.81671,47.8187],[3.81642,47.8185],[3.81579,47.81819],[3.81426,47.81761],[3.81399,47.81749],[3.81261,47.81675],[3.81206,47.81648],[3.81146,47.81623],[3.81071,47.81604]]],[[[3.81028,47.81572],[3.81014,47.81588],[3.81123,47.81613],[3.81046,47.8158],[3.81028,47.81572]]]]}},{"type":"Feature","properties":{"id":"grand-cru-chablis-grand-cru-preuses","kind":"grand_cru","level":"grand-cru","name":"Preuses","full":"Chablis Grand Cru Preuses","app":"Chablis Grand Cru","region":"chablis","communes":["Chablis"],"area_ha":11.67,"elev":[137.7,178.3,207.9],"slope":7.4,"slope_pct":13.2,"aspect":243,"aspect_label":"WSW","aspect_hist":[0.0,0.005,0.015,0.098,0.086,0.166,0.556,0.074],"village":"chablis","white":true},"geometry":{"type":"MultiPolygon","coordinates":[[[[3.79608,47.82522],[3.79552,47.82504],[3.7951,47.82535],[3.79477,47.82564],[3.79436,47.82605],[3.7938,47.82679],[3.79496,47.8272],[3.79706,47.82809],[3.79714,47.82811],[3.79721,47.82809],[3.79728,47.82803],[3.79755,47.8277],[3.79759,47.82769],[3.79777,47.82772],[3.79816,47.82783],[3.79938,47.82827],[3.79978,47.82839],[3.79991,47.82825],[3.79994,47.82825],[3.7999,47.82802],[3.79938,47.82787],[3.79947,47.82771],[3.79925,47.82765],[3.79943,47.82725],[3.79945,47.82688],[3.79931,47.82682],[3.79936,47.82676],[3.79878,47.82647],[3.79819,47.82609],[3.79776,47.82573],[3.79712,47.82514],[3.79688,47.82524],[3.79669,47.82503],[3.79657,47.82495],[3.79608,47.82522]]],[[[3.79838,47.82351],[3.79851,47.82331],[3.79827,47.8235],[3.79813,47.82355],[3.79773,47.82362],[3.79688,47.82371],[3.7964,47.82381],[3.79603,47.82394],[3.79591,47.824],[3.79585,47.82404],[3.79581,47.82411],[3.79584,47.82422],[3.79598,47.8244],[3.79603,47.82455],[3.79596,47.82469],[3.79583,47.82482],[3.79591,47.82485],[3.79624,47.82478],[3.79642,47.8248],[3.79665,47.82493],[3.79687,47.82519],[3.79695,47.82519],[3.79712,47.82512],[3.79799,47.82591],[3.79825,47.82582],[3.79737,47.82501],[3.79779,47.82482],[3.79764,47.82473],[3.79851,47.82426],[3.79837,47.8241],[3.7983,47.82393],[3.79829,47.82375],[3.79838,47.82351]]]]}},{"type":"Feature","properties":{"id":"grand-cru-chablis-grand-cru-valmur","kind":"grand_cru","level":"grand-cru","name":"Valmur","full":"Chablis Grand Cru Valmur","app":"Chablis Grand Cru","region":"chablis","communes":["Chablis"],"area_ha":10.78,"elev":[152.9,185.2,219.0],"slope":13.1,"slope_pct":23.5,"aspect":251,"aspect_label":"WSW","aspect_hist":[0.0,0.0,0.0,0.055,0.292,0.116,0.302,0.235],"village":"chablis","white":true},"geometry":{"type":"MultiPolygon","coordinates":[[[[3.80687,47.82155],[3.80596,47.82122],[3.80588,47.82138],[3.80553,47.82148],[3.80512,47.8217],[3.80526,47.82177],[3.80627,47.82239],[3.80703,47.82314],[3.80719,47.82321],[3.80755,47.82332],[3.80952,47.82388],[3.80983,47.82399],[3.81021,47.82416],[3.81011,47.82388],[3.80975,47.82326],[3.80981,47.82324],[3.80948,47.82284],[3.80919,47.8224],[3.80906,47.82244],[3.80902,47.8224],[3.8088,47.82209],[3.80875,47.82187],[3.80768,47.82195],[3.80712,47.82205],[3.80744,47.82242],[3.80791,47.82282],[3.80795,47.82284],[3.80804,47.82282],[3.80815,47.82287],[3.80834,47.82305],[3.80831,47.82306],[3.80813,47.82289],[3.80803,47.82284],[3.80795,47.82286],[3.8079,47.82285],[3.80775,47.8227],[3.80742,47.82243],[3.80705,47.822],[3.80691,47.82174],[3.80687,47.82155]]],[[[3.80513,47.82175],[3.80502,47.82171],[3.80503,47.82205],[3.80473,47.82391],[3.805,47.82392],[3.80658,47.82449],[3.80686,47.82454],[3.80749,47.82435],[3.80783,47.82429],[3.80816,47.82425],[3.8098,47.82434],[3.80985,47.82403],[3.80957,47.82393],[3.80861,47.82365],[3.8072,47.82325],[3.807,47.82317],[3.80623,47.8224],[3.80513,47.82175]]],[[[3.80485,47.82417],[3.80498,47.82435],[3.80542,47.82467],[3.80565,47.82489],[3.80575,47.82503],[3.80576,47.82519],[3.80588,47.82531],[3.80694,47.82493],[3.80684,47.82482],[3.80686,47.8248],[3.80653,47.82451],[3.80559,47.82415],[3.80499,47.82395],[3.80474,47.82394],[3.80485,47.82417]]]]}},{"type":"Feature","properties":{"id":"grand-cru-chablis-grand-cru-grenouilles","kind":"grand_cru","level":"grand-cru","name":"Grenouilles","full":"Chablis Grand Cru Grenouilles","app":"Chablis Grand Cru","region":"chablis","communes":["Chablis"],"area_ha":9.43,"elev":[132.6,155.8,182.6],"slope":10.2,"slope_pct":18.2,"aspect":205,"aspect_label":"SSW","aspect_hist":[0.0,0.001,0.0,0.0,0.444,0.45,0.094,0.01],"village":"chablis","white":true},"geometry":{"type":"Polygon","coordinates":[[[3.80314,47.82126],[3.80277,47.82098],[3.80176,47.82154],[3.80224,47.82202],[3.80236,47.82217],[3.80231,47.82245],[3.80229,47.82245],[3.80233,47.82215],[3.80226,47.82206],[3.80175,47.82156],[3.80099,47.82196],[3.79943,47.82262],[3.7992,47.82273],[3.79901,47.82284],[3.79938,47.82331],[3.79949,47.82323],[3.8001,47.82381],[3.80013,47.82389],[3.80111,47.82362],[3.80123,47.82361],[3.80123,47.82367],[3.80182,47.82359],[3.80264,47.82361],[3.80425,47.8237],[3.80448,47.82373],[3.8047,47.82375],[3.80497,47.82223],[3.805,47.82202],[3.80499,47.82178],[3.80456,47.82179],[3.80461,47.82156],[3.80423,47.82137],[3.80411,47.82128],[3.80397,47.82113],[3.80384,47.82088],[3.80379,47.82065],[3.80378,47.82046],[3.80386,47.82022],[3.80368,47.82036],[3.80328,47.82065],[3.80359,47.82089],[3.80351,47.82094],[3.80358,47.82099],[3.80314,47.82126]]]}}]}